page,statement,row_label,actuals_2018_19_revenue,actuals_2018_19_capital,actuals_2018_19_total,be_2019_20_revenue,be_2019_20_capital,be_2019_20_total,re_2019_20_revenue,re_2019_20_capital,re_2019_20_total,be_2020_21_revenue,be_2020_21_capital,be_2020_21_total,fiscal_year,data_source,actuals_2019_20_revenue,actuals_2019_20_capital,actuals_2019_20_total,re_2020_21_revenue,re_2020_21_capital,re_2020_21_total,be_2021_22_revenue,be_2021_22_capital,be_2021_22_total,pdf_page,ministry_department,expenditure_category,category_number,actuals_2020_2021_revenue,actuals_2020_2021_capital,actuals_2020_2021_total,be_2021_2022_revenue,be_2021_2022_capital,be_2021_2022_total,re_2021_2022_revenue,re_2021_2022_capital,re_2021_2022_total,be_2022_2023_revenue,be_2022_2023_capital,be_2022_2023_total,demand_no,actuals_2021_2022_revenue,actuals_2021_2022_capital,actuals_2021_2022_total,re_2022_2023_revenue,re_2022_2023_capital,re_2022_2023_total,be_2023_2024_revenue,be_2023_2024_capital,be_2023_2024_total,row_type,actuals_2022_23_revenue,actuals_2022_23_capital,actuals_2022_23_total,be_2023_24_revenue,be_2023_24_capital,be_2023_24_total,re_2023_24_revenue,re_2023_24_capital,re_2023_24_total,be_2024_25_revenue,be_2024_25_capital,be_2024_25_total
8,Statement 3,"1. Department of Agriculture, Cooperation and Farmers' Welfare",46065.41,10.78,46076.19,130450.51,34.7,130485.21,101870.15,33.85,101904.0,134349.45,50.32,134399.77,2020-21,Expenditure Profile,0.0,0.0,0.0,0.0,0.0,0.0,0.0,0.0,0.0,0.0,,,0.0,0.0,0.0,0.0,0.0,0.0,0.0,0.0,0.0,0.0,0.0,0.0,0.0,0.0,0.0,0.0,0.0,0.0,0.0,0.0,0.0,0.0,0.0,,0.0,0.0,0.0,0.0,0.0,0.0,0.0,0.0,0.0,0.0,0.0,0.0
8,Statement 3,1. Central Sector Schemes/Projects,31379.26,0.0,31379.26,113800.0,0.0,113800.0,89369.92,0.0,89369.92,116490.0,0.0,116490.0,2020-21,Expenditure Profile,0.0,0.0,0.0,0.0,0.0,0.0,0.0,0.0,0.0,0.0,,,0.0,0.0,0.0,0.0,0.0,0.0,0.0,0.0,0.0,0.0,0.0,0.0,0.0,0.0,0.0,0.0,0.0,0.0,0.0,0.0,0.0,0.0,0.0,,0.0,0.0,0.0,0.0,0.0,0.0,0.0,0.0,0.0,0.0,0.0,0.0
8,Statement 3,2.   Centrally Sponsored Schemes,14158.81,9.88,14168.69,16025.85,34.7,16060.55,11963.25,33.85,11997.1,17269.45,50.32,17319.77,2020-21,Expenditure Profile,0.0,0.0,0.0,0.0,0.0,0.0,0.0,0.0,0.0,0.0,,,0.0,0.0,0.0,0.0,0.0,0.0,0.0,0.0,0.0,0.0,0.0,0.0,0.0,0.0,0.0,0.0,0.0,0.0,0.0,0.0,0.0,0.0,0.0,,0.0,0.0,0.0,0.0,0.0,0.0,0.0,0.0,0.0,0.0,0.0,0.0
8,Statement 3,3.   Establishment Expenditure of the Centre,509.14,0.9,510.04,552.34,0.0,552.34,506.51,0.0,506.51,556.07,0.0,556.07,2020-21,Expenditure Profile,0.0,0.0,0.0,0.0,0.0,0.0,0.0,0.0,0.0,0.0,,,0.0,0.0,0.0,0.0,0.0,0.0,0.0,0.0,0.0,0.0,0.0,0.0,0.0,0.0,0.0,0.0,0.0,0.0,0.0,0.0,0.0,0.0,0.0,,0.0,0.0,0.0,0.0,0.0,0.0,0.0,0.0,0.0,0.0,0.0,0.0
8,Statement 3,4.   Other Central Sector Expenditure,18.2,0.0,18.2,72.32,0.0,72.32,30.47,0.0,30.47,33.93,0.0,33.93,2020-21,Expenditure Profile,0.0,0.0,0.0,0.0,0.0,0.0,0.0,0.0,0.0,0.0,,,0.0,0.0,0.0,0.0,0.0,0.0,0.0,0.0,0.0,0.0,0.0,0.0,0.0,0.0,0.0,0.0,0.0,0.0,0.0,0.0,0.0,0.0,0.0,,0.0,0.0,0.0,0.0,0.0,0.0,0.0,0.0,0.0,0.0,0.0,0.0
8,Statement 3,2. Department of Agricultural Research and Education,7544.25,0.0,7544.25,8078.76,0.0,8078.76,7846.17,0.0,7846.17,8362.58,0.0,8362.58,2020-21,Expenditure Profile,0.0,0.0,0.0,0.0,0.0,0.0,0.0,0.0,0.0,0.0,,,0.0,0.0,0.0,0.0,0.0,0.0,0.0,0.0,0.0,0.0,0.0,0.0,0.0,0.0,0.0,0.0,0.0,0.0,0.0,0.0,0.0,0.0,0.0,,0.0,0.0,0.0,0.0,0.0,0.0,0.0,0.0,0.0,0.0,0.0,0.0
8,Statement 3,1. Central Sector Schemes/Projects,2508.72,0.0,2508.72,2699.0,0.0,2699.0,2488.61,0.0,2488.61,2729.0,0.0,2729.0,2020-21,Expenditure Profile,0.0,0.0,0.0,0.0,0.0,0.0,0.0,0.0,0.0,0.0,,,0.0,0.0,0.0,0.0,0.0,0.0,0.0,0.0,0.0,0.0,0.0,0.0,0.0,0.0,0.0,0.0,0.0,0.0,0.0,0.0,0.0,0.0,0.0,,0.0,0.0,0.0,0.0,0.0,0.0,0.0,0.0,0.0,0.0,0.0,0.0
8,Statement 3,2.   Establishment Expenditure of the Centre,12.89,0.0,12.89,14.8,0.0,14.8,13.18,0.0,13.18,13.85,0.0,13.85,2020-21,Expenditure Profile,0.0,0.0,0.0,0.0,0.0,0.0,0.0,0.0,0.0,0.0,,,0.0,0.0,0.0,0.0,0.0,0.0,0.0,0.0,0.0,0.0,0.0,0.0,0.0,0.0,0.0,0.0,0.0,0.0,0.0,0.0,0.0,0.0,0.0,,0.0,0.0,0.0,0.0,0.0,0.0,0.0,0.0,0.0,0.0,0.0,0.0
8,Statement 3,3.   Other Central Sector Expenditure,5022.64,0.0,5022.64,5364.96,0.0,5364.96,5344.38,0.0,5344.38,5619.73,0.0,5619.73,2020-21,Expenditure Profile,0.0,0.0,0.0,0.0,0.0,0.0,0.0,0.0,0.0,0.0,,,0.0,0.0,0.0,0.0,0.0,0.0,0.0,0.0,0.0,0.0,0.0,0.0,0.0,0.0,0.0,0.0,0.0,0.0,0.0,0.0,0.0,0.0,0.0,,0.0,0.0,0.0,0.0,0.0,0.0,0.0,0.0,0.0,0.0,0.0,0.0
8,Statement 3,3. Atomic Energy,8676.77,8741.59,17418.36,8818.95,8106.56,16925.51,9350.9,8074.61,17425.51,8884.44,9344.5,18228.94,2020-21,Expenditure Profile,0.0,0.0,0.0,0.0,0.0,0.0,0.0,0.0,0.0,0.0,,,0.0,0.0,0.0,0.0,0.0,0.0,0.0,0.0,0.0,0.0,0.0,0.0,0.0,0.0,0.0,0.0,0.0,0.0,0.0,0.0,0.0,0.0,0.0,,0.0,0.0,0.0,0.0,0.0,0.0,0.0,0.0,0.0,0.0,0.0,0.0
8,Statement 3,1. Central Sector Schemes/Projects,82.32,4150.62,4232.94,1065.0,4968.61,6033.61,1134.97,5145.61,6280.58,821.05,5465.32,6286.37,2020-21,Expenditure Profile,0.0,0.0,0.0,0.0,0.0,0.0,0.0,0.0,0.0,0.0,,,0.0,0.0,0.0,0.0,0.0,0.0,0.0,0.0,0.0,0.0,0.0,0.0,0.0,0.0,0.0,0.0,0.0,0.0,0.0,0.0,0.0,0.0,0.0,,0.0,0.0,0.0,0.0,0.0,0.0,0.0,0.0,0.0,0.0,0.0,0.0
8,Statement 3,2.   Establishment Expenditure of the Centre,6424.26,-119.03,6305.23,5264.11,-17.05,5247.06,5606.31,-176.0,5430.31,5189.42,-57.82,5131.6,2020-21,Expenditure Profile,0.0,0.0,0.0,0.0,0.0,0.0,0.0,0.0,0.0,0.0,,,0.0,0.0,0.0,0.0,0.0,0.0,0.0,0.0,0.0,0.0,0.0,0.0,0.0,0.0,0.0,0.0,0.0,0.0,0.0,0.0,0.0,0.0,0.0,,0.0,0.0,0.0,0.0,0.0,0.0,0.0,0.0,0.0,0.0,0.0,0.0
8,Statement 3,3.   Other Central Sector Expenditure,2170.19,4710.0,6880.19,2489.84,3155.0,5644.84,2609.62,3105.0,5714.62,2873.97,3937.0,6810.97,2020-21,Expenditure Profile,0.0,0.0,0.0,0.0,0.0,0.0,0.0,0.0,0.0,0.0,,,0.0,0.0,0.0,0.0,0.0,0.0,0.0,0.0,0.0,0.0,0.0,0.0,0.0,0.0,0.0,0.0,0.0,0.0,0.0,0.0,0.0,0.0,0.0,,0.0,0.0,0.0,0.0,0.0,0.0,0.0,0.0,0.0,0.0,0.0,0.0
8,Statement 3,"4. Ministry of Ayurveda, Yoga and Naturopathy, Unani, Siddha",1550.0,3.98,1553.98,1939.55,0.21,1939.76,1856.8,0.2,1857.0,2122.08,0.0,2122.08,2020-21,Expenditure Profile,0.0,0.0,0.0,0.0,0.0,0.0,0.0,0.0,0.0,0.0,,,0.0,0.0,0.0,0.0,0.0,0.0,0.0,0.0,0.0,0.0,0.0,0.0,0.0,0.0,0.0,0.0,0.0,0.0,0.0,0.0,0.0,0.0,0.0,,0.0,0.0,0.0,0.0,0.0,0.0,0.0,0.0,0.0,0.0,0.0,0.0
8,Statement 3,and Homoeopathy (AYUSH) 1. Central Sector Schemes/Projects,98.7,0.0,98.7,142.32,0.0,142.32,89.44,0.0,89.44,136.0,0.0,136.0,2020-21,Expenditure Profile,0.0,0.0,0.0,0.0,0.0,0.0,0.0,0.0,0.0,0.0,,,0.0,0.0,0.0,0.0,0.0,0.0,0.0,0.0,0.0,0.0,0.0,0.0,0.0,0.0,0.0,0.0,0.0,0.0,0.0,0.0,0.0,0.0,0.0,,0.0,0.0,0.0,0.0,0.0,0.0,0.0,0.0,0.0,0.0,0.0,0.0
8,Statement 3,2.   Centrally Sponsored Schemes,457.27,0.0,457.27,656.0,0.0,656.0,500.6,0.0,500.6,705.0,0.0,705.0,2020-21,Expenditure Profile,0.0,0.0,0.0,0.0,0.0,0.0,0.0,0.0,0.0,0.0,,,0.0,0.0,0.0,0.0,0.0,0.0,0.0,0.0,0.0,0.0,0.0,0.0,0.0,0.0,0.0,0.0,0.0,0.0,0.0,0.0,0.0,0.0,0.0,,0.0,0.0,0.0,0.0,0.0,0.0,0.0,0.0,0.0,0.0,0.0,0.0
8,Statement 3,3.   Establishment Expenditure of the Centre,92.56,3.98,96.54,109.84,0.2,110.04,104.01,0.2,104.21,110.5,0.0,110.5,2020-21,Expenditure Profile,0.0,0.0,0.0,0.0,0.0,0.0,0.0,0.0,0.0,0.0,,,0.0,0.0,0.0,0.0,0.0,0.0,0.0,0.0,0.0,0.0,0.0,0.0,0.0,0.0,0.0,0.0,0.0,0.0,0.0,0.0,0.0,0.0,0.0,,0.0,0.0,0.0,0.0,0.0,0.0,0.0,0.0,0.0,0.0,0.0,0.0
8,Statement 3,4.   Other Central Sector Expenditure,901.47,0.0,901.47,1031.39,0.01,1031.4,1162.75,0.0,1162.75,1170.58,0.0,1170.58,2020-21,Expenditure Profile,0.0,0.0,0.0,0.0,0.0,0.0,0.0,0.0,0.0,0.0,,,0.0,0.0,0.0,0.0,0.0,0.0,0.0,0.0,0.0,0.0,0.0,0.0,0.0,0.0,0.0,0.0,0.0,0.0,0.0,0.0,0.0,0.0,0.0,,0.0,0.0,0.0,0.0,0.0,0.0,0.0,0.0,0.0,0.0,0.0,0.0
8,Statement 3,5. Department of Chemicals and Petrochemicals,339.87,0.0,339.87,263.65,0.0,263.65,370.18,0.0,370.18,218.34,0.0,218.34,2020-21,Expenditure Profile,0.0,0.0,0.0,0.0,0.0,0.0,0.0,0.0,0.0,0.0,,,0.0,0.0,0.0,0.0,0.0,0.0,0.0,0.0,0.0,0.0,0.0,0.0,0.0,0.0,0.0,0.0,0.0,0.0,0.0,0.0,0.0,0.0,0.0,,0.0,0.0,0.0,0.0,0.0,0.0,0.0,0.0,0.0,0.0,0.0,0.0
8,Statement 3,1. Central Sector Schemes/Projects,221.39,0.0,221.39,134.65,0.0,134.65,234.65,0.0,234.65,57.3,0.0,57.3,2020-21,Expenditure Profile,0.0,0.0,0.0,0.0,0.0,0.0,0.0,0.0,0.0,0.0,,,0.0,0.0,0.0,0.0,0.0,0.0,0.0,0.0,0.0,0.0,0.0,0.0,0.0,0.0,0.0,0.0,0.0,0.0,0.0,0.0,0.0,0.0,0.0,,0.0,0.0,0.0,0.0,0.0,0.0,0.0,0.0,0.0,0.0,0.0,0.0
8,Statement 3,2.   Establishment Expenditure of the Centre,18.0,0.0,18.0,19.58,0.0,19.58,18.08,0.0,18.08,19.99,0.0,19.99,2020-21,Expenditure Profile,0.0,0.0,0.0,0.0,0.0,0.0,0.0,0.0,0.0,0.0,,,0.0,0.0,0.0,0.0,0.0,0.0,0.0,0.0,0.0,0.0,0.0,0.0,0.0,0.0,0.0,0.0,0.0,0.0,0.0,0.0,0.0,0.0,0.0,,0.0,0.0,0.0,0.0,0.0,0.0,0.0,0.0,0.0,0.0,0.0,0.0
8,Statement 3,3.   Other Central Sector Expenditure,100.48,0.0,100.48,109.42,0.0,109.42,117.45,0.0,117.45,141.05,0.0,141.05,2020-21,Expenditure Profile,0.0,0.0,0.0,0.0,0.0,0.0,0.0,0.0,0.0,0.0,,,0.0,0.0,0.0,0.0,0.0,0.0,0.0,0.0,0.0,0.0,0.0,0.0,0.0,0.0,0.0,0.0,0.0,0.0,0.0,0.0,0.0,0.0,0.0,,0.0,0.0,0.0,0.0,0.0,0.0,0.0,0.0,0.0,0.0,0.0,0.0
8,Statement 3,6. Department of Fertilisers,70550.31,0.0,70550.31,80034.95,0.05,80035.0,80034.95,0.05,80035.0,71344.95,0.05,71345.0,2020-21,Expenditure Profile,0.0,0.0,0.0,0.0,0.0,0.0,0.0,0.0,0.0,0.0,,,0.0,0.0,0.0,0.0,0.0,0.0,0.0,0.0,0.0,0.0,0.0,0.0,0.0,0.0,0.0,0.0,0.0,0.0,0.0,0.0,0.0,0.0,0.0,,0.0,0.0,0.0,0.0,0.0,0.0,0.0,0.0,0.0,0.0,0.0,0.0
8,Statement 3,1. Central Sector Schemes/Projects,70604.8,0.0,70604.8,79996.0,0.0,79996.0,79997.85,0.0,79997.85,71309.0,0.0,71309.0,2020-21,Expenditure Profile,0.0,0.0,0.0,0.0,0.0,0.0,0.0,0.0,0.0,0.0,,,0.0,0.0,0.0,0.0,0.0,0.0,0.0,0.0,0.0,0.0,0.0,0.0,0.0,0.0,0.0,0.0,0.0,0.0,0.0,0.0,0.0,0.0,0.0,,0.0,0.0,0.0,0.0,0.0,0.0,0.0,0.0,0.0,0.0,0.0,0.0
8,Statement 3,2.   Establishment Expenditure of the Centre,35.23,0.0,35.23,38.94,0.0,38.94,37.09,0.0,37.09,35.94,0.0,35.94,2020-21,Expenditure Profile,0.0,0.0,0.0,0.0,0.0,0.0,0.0,0.0,0.0,0.0,,,0.0,0.0,0.0,0.0,0.0,0.0,0.0,0.0,0.0,0.0,0.0,0.0,0.0,0.0,0.0,0.0,0.0,0.0,0.0,0.0,0.0,0.0,0.0,,0.0,0.0,0.0,0.0,0.0,0.0,0.0,0.0,0.0,0.0,0.0,0.0
8,Statement 3,3.   Other Central Sector Expenditure,-89.72,0.0,-89.72,0.01,0.05,0.06,0.01,0.05,0.06,0.01,0.05,0.06,2020-21,Expenditure Profile,0.0,0.0,0.0,0.0,0.0,0.0,0.0,0.0,0.0,0.0,,,0.0,0.0,0.0,0.0,0.0,0.0,0.0,0.0,0.0,0.0,0.0,0.0,0.0,0.0,0.0,0.0,0.0,0.0,0.0,0.0,0.0,0.0,0.0,,0.0,0.0,0.0,0.0,0.0,0.0,0.0,0.0,0.0,0.0,0.0,0.0
8,Statement 3,7. Department of Pharmaceuticals,512.51,10.95,523.46,230.45,5.06,235.51,229.15,333.18,562.33,326.4,7.18,333.58,2020-21,Expenditure Profile,0.0,0.0,0.0,0.0,0.0,0.0,0.0,0.0,0.0,0.0,,,0.0,0.0,0.0,0.0,0.0,0.0,0.0,0.0,0.0,0.0,0.0,0.0,0.0,0.0,0.0,0.0,0.0,0.0,0.0,0.0,0.0,0.0,0.0,,0.0,0.0,0.0,0.0,0.0,0.0,0.0,0.0,0.0,0.0,0.0,0.0
8,Statement 3,1. Central Sector Schemes/Projects,181.45,0.0,181.45,204.3,0.0,204.3,185.4,0.0,185.4,281.0,0.0,281.0,2020-21,Expenditure Profile,0.0,0.0,0.0,0.0,0.0,0.0,0.0,0.0,0.0,0.0,,,0.0,0.0,0.0,0.0,0.0,0.0,0.0,0.0,0.0,0.0,0.0,0.0,0.0,0.0,0.0,0.0,0.0,0.0,0.0,0.0,0.0,0.0,0.0,,0.0,0.0,0.0,0.0,0.0,0.0,0.0,0.0,0.0,0.0,0.0,0.0
9,Statement 3,2.   Establishment Expenditure of the Centre,23.83,0.0,23.83,26.15,0.0,26.15,26.15,0.0,26.15,27.4,0.0,27.4,2020-21,Expenditure Profile,0.0,0.0,0.0,0.0,0.0,0.0,0.0,0.0,0.0,0.0,,,0.0,0.0,0.0,0.0,0.0,0.0,0.0,0.0,0.0,0.0,0.0,0.0,0.0,0.0,0.0,0.0,0.0,0.0,0.0,0.0,0.0,0.0,0.0,,0.0,0.0,0.0,0.0,0.0,0.0,0.0,0.0,0.0,0.0,0.0,0.0
9,Statement 3,3.   Other Central Sector Expenditure,307.23,10.95,318.18,0.0,5.06,5.06,17.6,333.18,350.78,18.0,7.18,25.18,2020-21,Expenditure Profile,0.0,0.0,0.0,0.0,0.0,0.0,0.0,0.0,0.0,0.0,,,0.0,0.0,0.0,0.0,0.0,0.0,0.0,0.0,0.0,0.0,0.0,0.0,0.0,0.0,0.0,0.0,0.0,0.0,0.0,0.0,0.0,0.0,0.0,,0.0,0.0,0.0,0.0,0.0,0.0,0.0,0.0,0.0,0.0,0.0,0.0
9,Statement 3,8. Ministry of Civil Aviation,5623.13,3975.87,9599.0,4474.99,25.01,4500.0,3674.99,25.01,3700.0,3771.74,25.97,3797.71,2020-21,Expenditure Profile,0.0,0.0,0.0,0.0,0.0,0.0,0.0,0.0,0.0,0.0,,,0.0,0.0,0.0,0.0,0.0,0.0,0.0,0.0,0.0,0.0,0.0,0.0,0.0,0.0,0.0,0.0,0.0,0.0,0.0,0.0,0.0,0.0,0.0,,0.0,0.0,0.0,0.0,0.0,0.0,0.0,0.0,0.0,0.0,0.0,0.0
9,Statement 3,1. Central Sector Schemes/Projects,5254.47,3975.0,9229.47,4164.1,0.01,4164.11,3323.87,0.01,3323.88,3480.41,0.01,3480.42,2020-21,Expenditure Profile,0.0,0.0,0.0,0.0,0.0,0.0,0.0,0.0,0.0,0.0,,,0.0,0.0,0.0,0.0,0.0,0.0,0.0,0.0,0.0,0.0,0.0,0.0,0.0,0.0,0.0,0.0,0.0,0.0,0.0,0.0,0.0,0.0,0.0,,0.0,0.0,0.0,0.0,0.0,0.0,0.0,0.0,0.0,0.0,0.0,0.0
9,Statement 3,2.   Establishment Expenditure of the Centre,260.35,0.87,261.22,282.69,24.99,307.68,319.31,24.99,344.3,274.51,25.95,300.46,2020-21,Expenditure Profile,0.0,0.0,0.0,0.0,0.0,0.0,0.0,0.0,0.0,0.0,,,0.0,0.0,0.0,0.0,0.0,0.0,0.0,0.0,0.0,0.0,0.0,0.0,0.0,0.0,0.0,0.0,0.0,0.0,0.0,0.0,0.0,0.0,0.0,,0.0,0.0,0.0,0.0,0.0,0.0,0.0,0.0,0.0,0.0,0.0,0.0
9,Statement 3,3.   Other Central Sector Expenditure,108.31,0.0,108.31,28.2,0.01,28.21,31.81,0.01,31.82,16.82,0.01,16.83,2020-21,Expenditure Profile,0.0,0.0,0.0,0.0,0.0,0.0,0.0,0.0,0.0,0.0,,,0.0,0.0,0.0,0.0,0.0,0.0,0.0,0.0,0.0,0.0,0.0,0.0,0.0,0.0,0.0,0.0,0.0,0.0,0.0,0.0,0.0,0.0,0.0,,0.0,0.0,0.0,0.0,0.0,0.0,0.0,0.0,0.0,0.0,0.0,0.0
9,Statement 3,9. Ministry of Coal,708.34,0.0,708.34,1159.05,0.0,1159.05,933.6,0.0,933.6,882.61,0.0,882.61,2020-21,Expenditure Profile,0.0,0.0,0.0,0.0,0.0,0.0,0.0,0.0,0.0,0.0,,,0.0,0.0,0.0,0.0,0.0,0.0,0.0,0.0,0.0,0.0,0.0,0.0,0.0,0.0,0.0,0.0,0.0,0.0,0.0,0.0,0.0,0.0,0.0,,0.0,0.0,0.0,0.0,0.0,0.0,0.0,0.0,0.0,0.0,0.0,0.0
9,Statement 3,1. Central Sector Schemes/Projects,654.32,0.0,654.32,1097.0,0.0,1097.0,871.55,0.0,871.55,819.98,0.0,819.98,2020-21,Expenditure Profile,0.0,0.0,0.0,0.0,0.0,0.0,0.0,0.0,0.0,0.0,,,0.0,0.0,0.0,0.0,0.0,0.0,0.0,0.0,0.0,0.0,0.0,0.0,0.0,0.0,0.0,0.0,0.0,0.0,0.0,0.0,0.0,0.0,0.0,,0.0,0.0,0.0,0.0,0.0,0.0,0.0,0.0,0.0,0.0,0.0,0.0
9,Statement 3,2.   Establishment Expenditure of the Centre,33.0,0.0,33.0,38.9,0.0,38.9,39.15,0.0,39.15,40.28,0.0,40.28,2020-21,Expenditure Profile,0.0,0.0,0.0,0.0,0.0,0.0,0.0,0.0,0.0,0.0,,,0.0,0.0,0.0,0.0,0.0,0.0,0.0,0.0,0.0,0.0,0.0,0.0,0.0,0.0,0.0,0.0,0.0,0.0,0.0,0.0,0.0,0.0,0.0,,0.0,0.0,0.0,0.0,0.0,0.0,0.0,0.0,0.0,0.0,0.0,0.0
9,Statement 3,3.   Other Central Sector Expenditure,21.02,0.0,21.02,23.15,0.0,23.15,22.9,0.0,22.9,22.35,0.0,22.35,2020-21,Expenditure Profile,0.0,0.0,0.0,0.0,0.0,0.0,0.0,0.0,0.0,0.0,,,0.0,0.0,0.0,0.0,0.0,0.0,0.0,0.0,0.0,0.0,0.0,0.0,0.0,0.0,0.0,0.0,0.0,0.0,0.0,0.0,0.0,0.0,0.0,,0.0,0.0,0.0,0.0,0.0,0.0,0.0,0.0,0.0,0.0,0.0,0.0
9,Statement 3,10. Department of Commerce,5651.12,494.97,6146.09,5709.32,510.0,6219.32,6344.32,875.0,7219.32,5532.32,687.0,6219.32,2020-21,Expenditure Profile,0.0,0.0,0.0,0.0,0.0,0.0,0.0,0.0,0.0,0.0,,,0.0,0.0,0.0,0.0,0.0,0.0,0.0,0.0,0.0,0.0,0.0,0.0,0.0,0.0,0.0,0.0,0.0,0.0,0.0,0.0,0.0,0.0,0.0,,0.0,0.0,0.0,0.0,0.0,0.0,0.0,0.0,0.0,0.0,0.0,0.0
9,Statement 3,1. Central Sector Schemes/Projects,4855.35,500.0,5355.35,4833.0,500.0,5333.0,5384.51,800.0,6184.51,4656.0,650.0,5306.0,2020-21,Expenditure Profile,0.0,0.0,0.0,0.0,0.0,0.0,0.0,0.0,0.0,0.0,,,0.0,0.0,0.0,0.0,0.0,0.0,0.0,0.0,0.0,0.0,0.0,0.0,0.0,0.0,0.0,0.0,0.0,0.0,0.0,0.0,0.0,0.0,0.0,,0.0,0.0,0.0,0.0,0.0,0.0,0.0,0.0,0.0,0.0,0.0,0.0
9,Statement 3,2.   Establishment Expenditure of the Centre,775.98,0.0,775.98,814.0,10.0,824.0,849.5,75.0,924.5,784.0,37.0,821.0,2020-21,Expenditure Profile,0.0,0.0,0.0,0.0,0.0,0.0,0.0,0.0,0.0,0.0,,,0.0,0.0,0.0,0.0,0.0,0.0,0.0,0.0,0.0,0.0,0.0,0.0,0.0,0.0,0.0,0.0,0.0,0.0,0.0,0.0,0.0,0.0,0.0,,0.0,0.0,0.0,0.0,0.0,0.0,0.0,0.0,0.0,0.0,0.0,0.0
9,Statement 3,3.   Other Central Sector Expenditure,19.79,-5.03,14.76,62.32,0.0,62.32,110.31,0.0,110.31,92.32,0.0,92.32,2020-21,Expenditure Profile,0.0,0.0,0.0,0.0,0.0,0.0,0.0,0.0,0.0,0.0,,,0.0,0.0,0.0,0.0,0.0,0.0,0.0,0.0,0.0,0.0,0.0,0.0,0.0,0.0,0.0,0.0,0.0,0.0,0.0,0.0,0.0,0.0,0.0,,0.0,0.0,0.0,0.0,0.0,0.0,0.0,0.0,0.0,0.0,0.0,0.0
9,Statement 3,11. Department for Promotion of Industry and Internal Trade,5300.09,717.55,6017.64,5001.79,672.72,5674.51,5381.79,1108.21,6490.0,5136.55,1469.0,6605.55,2020-21,Expenditure Profile,0.0,0.0,0.0,0.0,0.0,0.0,0.0,0.0,0.0,0.0,,,0.0,0.0,0.0,0.0,0.0,0.0,0.0,0.0,0.0,0.0,0.0,0.0,0.0,0.0,0.0,0.0,0.0,0.0,0.0,0.0,0.0,0.0,0.0,,0.0,0.0,0.0,0.0,0.0,0.0,0.0,0.0,0.0,0.0,0.0,0.0
9,Statement 3,1. Central Sector Schemes/Projects,4666.23,699.99,5366.22,4401.18,600.1,5001.28,4748.78,1085.71,5834.49,4325.01,1402.38,5727.39,2020-21,Expenditure Profile,0.0,0.0,0.0,0.0,0.0,0.0,0.0,0.0,0.0,0.0,,,0.0,0.0,0.0,0.0,0.0,0.0,0.0,0.0,0.0,0.0,0.0,0.0,0.0,0.0,0.0,0.0,0.0,0.0,0.0,0.0,0.0,0.0,0.0,,0.0,0.0,0.0,0.0,0.0,0.0,0.0,0.0,0.0,0.0,0.0,0.0
9,Statement 3,2.   Establishment Expenditure of the Centre,367.24,17.56,384.8,461.94,72.62,534.56,436.34,22.5,458.84,488.37,66.62,554.99,2020-21,Expenditure Profile,0.0,0.0,0.0,0.0,0.0,0.0,0.0,0.0,0.0,0.0,,,0.0,0.0,0.0,0.0,0.0,0.0,0.0,0.0,0.0,0.0,0.0,0.0,0.0,0.0,0.0,0.0,0.0,0.0,0.0,0.0,0.0,0.0,0.0,,0.0,0.0,0.0,0.0,0.0,0.0,0.0,0.0,0.0,0.0,0.0,0.0
9,Statement 3,3.   Other Central Sector Expenditure,266.62,0.0,266.62,138.67,0.0,138.67,196.67,0.0,196.67,323.17,0.0,323.17,2020-21,Expenditure Profile,0.0,0.0,0.0,0.0,0.0,0.0,0.0,0.0,0.0,0.0,,,0.0,0.0,0.0,0.0,0.0,0.0,0.0,0.0,0.0,0.0,0.0,0.0,0.0,0.0,0.0,0.0,0.0,0.0,0.0,0.0,0.0,0.0,0.0,,0.0,0.0,0.0,0.0,0.0,0.0,0.0,0.0,0.0,0.0,0.0,0.0
9,Statement 3,12. Department of Posts,13977.39,811.27,14788.66,10351.36,947.74,11299.1,11655.23,743.26,12398.49,14394.17,1131.21,15525.38,2020-21,Expenditure Profile,0.0,0.0,0.0,0.0,0.0,0.0,0.0,0.0,0.0,0.0,,,0.0,0.0,0.0,0.0,0.0,0.0,0.0,0.0,0.0,0.0,0.0,0.0,0.0,0.0,0.0,0.0,0.0,0.0,0.0,0.0,0.0,0.0,0.0,,0.0,0.0,0.0,0.0,0.0,0.0,0.0,0.0,0.0,0.0,0.0,0.0
9,Statement 3,1. Central Sector Schemes/Projects,206.53,808.55,1015.08,272.89,932.74,1205.63,154.81,728.26,883.07,476.02,1116.21,1592.23,2020-21,Expenditure Profile,0.0,0.0,0.0,0.0,0.0,0.0,0.0,0.0,0.0,0.0,,,0.0,0.0,0.0,0.0,0.0,0.0,0.0,0.0,0.0,0.0,0.0,0.0,0.0,0.0,0.0,0.0,0.0,0.0,0.0,0.0,0.0,0.0,0.0,,0.0,0.0,0.0,0.0,0.0,0.0,0.0,0.0,0.0,0.0,0.0,0.0
9,Statement 3,2.   Establishment Expenditure of the Centre,13770.86,2.72,13773.58,10078.47,15.0,10093.47,11500.42,15.0,11515.42,13918.15,15.0,13933.15,2020-21,Expenditure Profile,0.0,0.0,0.0,0.0,0.0,0.0,0.0,0.0,0.0,0.0,,,0.0,0.0,0.0,0.0,0.0,0.0,0.0,0.0,0.0,0.0,0.0,0.0,0.0,0.0,0.0,0.0,0.0,0.0,0.0,0.0,0.0,0.0,0.0,,0.0,0.0,0.0,0.0,0.0,0.0,0.0,0.0,0.0,0.0,0.0,0.0
9,Statement 3,13. Department of Telecommunications,18492.25,2114.23,20606.48,22343.64,4994.72,27338.36,18435.1,4915.39,23350.49,40756.63,25675.06,66431.69,2020-21,Expenditure Profile,0.0,0.0,0.0,0.0,0.0,0.0,0.0,0.0,0.0,0.0,,,0.0,0.0,0.0,0.0,0.0,0.0,0.0,0.0,0.0,0.0,0.0,0.0,0.0,0.0,0.0,0.0,0.0,0.0,0.0,0.0,0.0,0.0,0.0,,0.0,0.0,0.0,0.0,0.0,0.0,0.0,0.0,0.0,0.0,0.0,0.0
9,Statement 3,1. Central Sector Schemes/Projects,4854.36,2059.23,6913.59,8510.77,4889.72,13400.49,3073.81,4810.39,7884.2,8119.44,5160.06,13279.5,2020-21,Expenditure Profile,0.0,0.0,0.0,0.0,0.0,0.0,0.0,0.0,0.0,0.0,,,0.0,0.0,0.0,0.0,0.0,0.0,0.0,0.0,0.0,0.0,0.0,0.0,0.0,0.0,0.0,0.0,0.0,0.0,0.0,0.0,0.0,0.0,0.0,,0.0,0.0,0.0,0.0,0.0,0.0,0.0,0.0,0.0,0.0,0.0,0.0
9,Statement 3,2.   Establishment Expenditure of the Centre,12971.33,0.0,12971.33,12847.57,0.0,12847.57,13880.83,0.0,13880.83,14751.77,0.0,14751.77,2020-21,Expenditure Profile,0.0,0.0,0.0,0.0,0.0,0.0,0.0,0.0,0.0,0.0,,,0.0,0.0,0.0,0.0,0.0,0.0,0.0,0.0,0.0,0.0,0.0,0.0,0.0,0.0,0.0,0.0,0.0,0.0,0.0,0.0,0.0,0.0,0.0,,0.0,0.0,0.0,0.0,0.0,0.0,0.0,0.0,0.0,0.0,0.0,0.0
9,Statement 3,3.   Other Central Sector Expenditure,666.56,55.0,721.56,985.3,105.0,1090.3,1480.46,105.0,1585.46,17885.42,20515.0,38400.42,2020-21,Expenditure Profile,0.0,0.0,0.0,0.0,0.0,0.0,0.0,0.0,0.0,0.0,,,0.0,0.0,0.0,0.0,0.0,0.0,0.0,0.0,0.0,0.0,0.0,0.0,0.0,0.0,0.0,0.0,0.0,0.0,0.0,0.0,0.0,0.0,0.0,,0.0,0.0,0.0,0.0,0.0,0.0,0.0,0.0,0.0,0.0,0.0,0.0
9,Statement 3,14. Department of Consumer Affairs,1721.35,48.46,1769.81,2220.82,51.5,2272.32,2032.14,17.86,2050.0,2244.6,55.4,2300.0,2020-21,Expenditure Profile,0.0,0.0,0.0,0.0,0.0,0.0,0.0,0.0,0.0,0.0,,,0.0,0.0,0.0,0.0,0.0,0.0,0.0,0.0,0.0,0.0,0.0,0.0,0.0,0.0,0.0,0.0,0.0,0.0,0.0,0.0,0.0,0.0,0.0,,0.0,0.0,0.0,0.0,0.0,0.0,0.0,0.0,0.0,0.0,0.0,0.0
9,Statement 3,1. Central Sector Schemes/Projects,1630.63,48.46,1679.09,2124.5,51.5,2176.0,1932.14,17.86,1950.0,2139.6,55.4,2195.0,2020-21,Expenditure Profile,0.0,0.0,0.0,0.0,0.0,0.0,0.0,0.0,0.0,0.0,,,0.0,0.0,0.0,0.0,0.0,0.0,0.0,0.0,0.0,0.0,0.0,0.0,0.0,0.0,0.0,0.0,0.0,0.0,0.0,0.0,0.0,0.0,0.0,,0.0,0.0,0.0,0.0,0.0,0.0,0.0,0.0,0.0,0.0,0.0,0.0
9,Statement 3,2.   Establishment Expenditure of the Centre,90.72,0.0,90.72,96.32,0.0,96.32,100.0,0.0,100.0,105.0,0.0,105.0,2020-21,Expenditure Profile,0.0,0.0,0.0,0.0,0.0,0.0,0.0,0.0,0.0,0.0,,,0.0,0.0,0.0,0.0,0.0,0.0,0.0,0.0,0.0,0.0,0.0,0.0,0.0,0.0,0.0,0.0,0.0,0.0,0.0,0.0,0.0,0.0,0.0,,0.0,0.0,0.0,0.0,0.0,0.0,0.0,0.0,0.0,0.0,0.0,0.0
9,Statement 3,15. Department of Food and Public Distribution,106224.75,853.23,107077.98,190914.27,1326.12,192240.39,113989.47,1250.92,115240.39,121038.41,1197.02,122235.43,2020-21,Expenditure Profile,0.0,0.0,0.0,0.0,0.0,0.0,0.0,0.0,0.0,0.0,,,0.0,0.0,0.0,0.0,0.0,0.0,0.0,0.0,0.0,0.0,0.0,0.0,0.0,0.0,0.0,0.0,0.0,0.0,0.0,0.0,0.0,0.0,0.0,,0.0,0.0,0.0,0.0,0.0,0.0,0.0,0.0,0.0,0.0,0.0,0.0
9,Statement 3,1. Central Sector Schemes/Projects,106007.31,347.95,106355.26,190754.84,319.0,191073.84,113864.76,244.0,114108.76,120887.92,190.0,121077.92,2020-21,Expenditure Profile,0.0,0.0,0.0,0.0,0.0,0.0,0.0,0.0,0.0,0.0,,,0.0,0.0,0.0,0.0,0.0,0.0,0.0,0.0,0.0,0.0,0.0,0.0,0.0,0.0,0.0,0.0,0.0,0.0,0.0,0.0,0.0,0.0,0.0,,0.0,0.0,0.0,0.0,0.0,0.0,0.0,0.0,0.0,0.0,0.0,0.0
10,Statement 3,2.   Centrally Sponsored Schemes,0.0,0.0,0.0,42.65,0.0,42.65,1.0,0.0,1.0,20.0,0.0,20.0,2020-21,Expenditure Profile,0.0,0.0,0.0,0.0,0.0,0.0,0.0,0.0,0.0,0.0,,,0.0,0.0,0.0,0.0,0.0,0.0,0.0,0.0,0.0,0.0,0.0,0.0,0.0,0.0,0.0,0.0,0.0,0.0,0.0,0.0,0.0,0.0,0.0,,0.0,0.0,0.0,0.0,0.0,0.0,0.0,0.0,0.0,0.0,0.0,0.0
10,Statement 3,3.   Establishment Expenditure of the Centre,98.83,5.28,104.11,107.78,7.12,114.9,109.56,6.92,116.48,114.13,7.02,121.15,2020-21,Expenditure Profile,0.0,0.0,0.0,0.0,0.0,0.0,0.0,0.0,0.0,0.0,,,0.0,0.0,0.0,0.0,0.0,0.0,0.0,0.0,0.0,0.0,0.0,0.0,0.0,0.0,0.0,0.0,0.0,0.0,0.0,0.0,0.0,0.0,0.0,,0.0,0.0,0.0,0.0,0.0,0.0,0.0,0.0,0.0,0.0,0.0,0.0
10,Statement 3,4.   Other Central Sector Expenditure,118.61,500.0,618.61,9.0,1000.0,1009.0,14.15,1000.0,1014.15,16.36,1000.0,1016.36,2020-21,Expenditure Profile,0.0,0.0,0.0,0.0,0.0,0.0,0.0,0.0,0.0,0.0,,,0.0,0.0,0.0,0.0,0.0,0.0,0.0,0.0,0.0,0.0,0.0,0.0,0.0,0.0,0.0,0.0,0.0,0.0,0.0,0.0,0.0,0.0,0.0,,0.0,0.0,0.0,0.0,0.0,0.0,0.0,0.0,0.0,0.0,0.0,0.0
10,Statement 3,16. Ministry of Corporate Affairs,555.53,35.97,591.5,545.34,41.0,586.34,563.5,12.5,576.0,675.62,52.0,727.62,2020-21,Expenditure Profile,0.0,0.0,0.0,0.0,0.0,0.0,0.0,0.0,0.0,0.0,,,0.0,0.0,0.0,0.0,0.0,0.0,0.0,0.0,0.0,0.0,0.0,0.0,0.0,0.0,0.0,0.0,0.0,0.0,0.0,0.0,0.0,0.0,0.0,,0.0,0.0,0.0,0.0,0.0,0.0,0.0,0.0,0.0,0.0,0.0,0.0
10,Statement 3,1. Central Sector Schemes/Projects,4.52,0.97,5.49,9.95,1.0,10.95,12.75,0.2,12.95,10.5,1.0,11.5,2020-21,Expenditure Profile,0.0,0.0,0.0,0.0,0.0,0.0,0.0,0.0,0.0,0.0,,,0.0,0.0,0.0,0.0,0.0,0.0,0.0,0.0,0.0,0.0,0.0,0.0,0.0,0.0,0.0,0.0,0.0,0.0,0.0,0.0,0.0,0.0,0.0,,0.0,0.0,0.0,0.0,0.0,0.0,0.0,0.0,0.0,0.0,0.0,0.0
10,Statement 3,2.   Establishment Expenditure of the Centre,360.33,0.0,360.33,429.85,0.0,429.85,470.01,0.0,470.01,554.52,0.0,554.52,2020-21,Expenditure Profile,0.0,0.0,0.0,0.0,0.0,0.0,0.0,0.0,0.0,0.0,,,0.0,0.0,0.0,0.0,0.0,0.0,0.0,0.0,0.0,0.0,0.0,0.0,0.0,0.0,0.0,0.0,0.0,0.0,0.0,0.0,0.0,0.0,0.0,,0.0,0.0,0.0,0.0,0.0,0.0,0.0,0.0,0.0,0.0,0.0,0.0
10,Statement 3,3.   Other Central Sector Expenditure,190.68,35.0,225.68,105.54,40.0,145.54,80.74,12.3,93.04,110.6,51.0,161.6,2020-21,Expenditure Profile,0.0,0.0,0.0,0.0,0.0,0.0,0.0,0.0,0.0,0.0,,,0.0,0.0,0.0,0.0,0.0,0.0,0.0,0.0,0.0,0.0,0.0,0.0,0.0,0.0,0.0,0.0,0.0,0.0,0.0,0.0,0.0,0.0,0.0,,0.0,0.0,0.0,0.0,0.0,0.0,0.0,0.0,0.0,0.0,0.0,0.0
10,Statement 3,17. Ministry of Culture,2497.38,94.82,2592.2,2953.21,89.14,3042.35,2476.87,70.13,2547.0,3057.57,92.29,3149.86,2020-21,Expenditure Profile,0.0,0.0,0.0,0.0,0.0,0.0,0.0,0.0,0.0,0.0,,,0.0,0.0,0.0,0.0,0.0,0.0,0.0,0.0,0.0,0.0,0.0,0.0,0.0,0.0,0.0,0.0,0.0,0.0,0.0,0.0,0.0,0.0,0.0,,0.0,0.0,0.0,0.0,0.0,0.0,0.0,0.0,0.0,0.0,0.0,0.0
10,Statement 3,1. Central Sector Schemes/Projects,440.45,42.84,483.29,746.23,32.0,778.23,380.47,46.45,426.92,576.32,2.0,578.32,2020-21,Expenditure Profile,0.0,0.0,0.0,0.0,0.0,0.0,0.0,0.0,0.0,0.0,,,0.0,0.0,0.0,0.0,0.0,0.0,0.0,0.0,0.0,0.0,0.0,0.0,0.0,0.0,0.0,0.0,0.0,0.0,0.0,0.0,0.0,0.0,0.0,,0.0,0.0,0.0,0.0,0.0,0.0,0.0,0.0,0.0,0.0,0.0,0.0
10,Statement 3,2.   Establishment Expenditure of the Centre,1175.06,51.98,1227.04,1262.47,57.14,1319.61,1235.85,23.68,1259.53,1469.43,90.29,1559.72,2020-21,Expenditure Profile,0.0,0.0,0.0,0.0,0.0,0.0,0.0,0.0,0.0,0.0,,,0.0,0.0,0.0,0.0,0.0,0.0,0.0,0.0,0.0,0.0,0.0,0.0,0.0,0.0,0.0,0.0,0.0,0.0,0.0,0.0,0.0,0.0,0.0,,0.0,0.0,0.0,0.0,0.0,0.0,0.0,0.0,0.0,0.0,0.0,0.0
10,Statement 3,3.   Other Central Sector Expenditure,881.87,0.0,881.87,944.51,0.0,944.51,860.55,0.0,860.55,1011.82,0.0,1011.82,2020-21,Expenditure Profile,0.0,0.0,0.0,0.0,0.0,0.0,0.0,0.0,0.0,0.0,,,0.0,0.0,0.0,0.0,0.0,0.0,0.0,0.0,0.0,0.0,0.0,0.0,0.0,0.0,0.0,0.0,0.0,0.0,0.0,0.0,0.0,0.0,0.0,,0.0,0.0,0.0,0.0,0.0,0.0,0.0,0.0,0.0,0.0,0.0,0.0
10,Statement 3,18. Ministry of Defence (Civil),6309.89,4570.61,10880.5,8780.66,4854.49,13635.15,9736.54,4977.05,14713.59,9679.0,4821.0,14500.0,2020-21,Expenditure Profile,0.0,0.0,0.0,0.0,0.0,0.0,0.0,0.0,0.0,0.0,,,0.0,0.0,0.0,0.0,0.0,0.0,0.0,0.0,0.0,0.0,0.0,0.0,0.0,0.0,0.0,0.0,0.0,0.0,0.0,0.0,0.0,0.0,0.0,,0.0,0.0,0.0,0.0,0.0,0.0,0.0,0.0,0.0,0.0,0.0,0.0
10,Statement 3,1. Central Sector Schemes/Projects,667.88,2120.53,2788.41,740.0,2321.0,3061.0,785.0,2356.0,3141.0,750.0,2300.0,3050.0,2020-21,Expenditure Profile,0.0,0.0,0.0,0.0,0.0,0.0,0.0,0.0,0.0,0.0,,,0.0,0.0,0.0,0.0,0.0,0.0,0.0,0.0,0.0,0.0,0.0,0.0,0.0,0.0,0.0,0.0,0.0,0.0,0.0,0.0,0.0,0.0,0.0,,0.0,0.0,0.0,0.0,0.0,0.0,0.0,0.0,0.0,0.0,0.0,0.0
10,Statement 3,2.   Establishment Expenditure of the Centre,8812.3,2260.49,11072.79,8130.82,2500.0,10630.82,9045.04,2600.0,11645.04,8978.83,2500.0,11478.83,2020-21,Expenditure Profile,0.0,0.0,0.0,0.0,0.0,0.0,0.0,0.0,0.0,0.0,,,0.0,0.0,0.0,0.0,0.0,0.0,0.0,0.0,0.0,0.0,0.0,0.0,0.0,0.0,0.0,0.0,0.0,0.0,0.0,0.0,0.0,0.0,0.0,,0.0,0.0,0.0,0.0,0.0,0.0,0.0,0.0,0.0,0.0,0.0,0.0
10,Statement 3,3.   Other Central Sector Expenditure,-3170.29,189.59,-2980.7,-90.16,33.49,-56.67,-93.5,21.05,-72.45,-49.83,21.0,-28.83,2020-21,Expenditure Profile,0.0,0.0,0.0,0.0,0.0,0.0,0.0,0.0,0.0,0.0,,,0.0,0.0,0.0,0.0,0.0,0.0,0.0,0.0,0.0,0.0,0.0,0.0,0.0,0.0,0.0,0.0,0.0,0.0,0.0,0.0,0.0,0.0,0.0,,0.0,0.0,0.0,0.0,0.0,0.0,0.0,0.0,0.0,0.0,0.0,0.0
10,Statement 3,19. Defence Services (Revenue),195571.57,0.0,195571.57,201901.76,0.0,201901.76,205901.76,0.0,205901.76,209319.0,0.0,209319.0,2020-21,Expenditure Profile,0.0,0.0,0.0,0.0,0.0,0.0,0.0,0.0,0.0,0.0,,,0.0,0.0,0.0,0.0,0.0,0.0,0.0,0.0,0.0,0.0,0.0,0.0,0.0,0.0,0.0,0.0,0.0,0.0,0.0,0.0,0.0,0.0,0.0,,0.0,0.0,0.0,0.0,0.0,0.0,0.0,0.0,0.0,0.0,0.0,0.0
10,Statement 3,1. Establishment Expenditure of the Centre,195571.57,0.0,195571.57,201901.76,0.0,201901.76,205901.76,0.0,205901.76,209319.0,0.0,209319.0,2020-21,Expenditure Profile,0.0,0.0,0.0,0.0,0.0,0.0,0.0,0.0,0.0,0.0,,,0.0,0.0,0.0,0.0,0.0,0.0,0.0,0.0,0.0,0.0,0.0,0.0,0.0,0.0,0.0,0.0,0.0,0.0,0.0,0.0,0.0,0.0,0.0,,0.0,0.0,0.0,0.0,0.0,0.0,0.0,0.0,0.0,0.0,0.0,0.0
10,Statement 3,20. Capital Outlay on Defence Services,0.0,95230.59,95230.59,0.0,103394.31,103394.31,0.0,110394.31,110394.31,0.0,113734.0,113734.0,2020-21,Expenditure Profile,0.0,0.0,0.0,0.0,0.0,0.0,0.0,0.0,0.0,0.0,,,0.0,0.0,0.0,0.0,0.0,0.0,0.0,0.0,0.0,0.0,0.0,0.0,0.0,0.0,0.0,0.0,0.0,0.0,0.0,0.0,0.0,0.0,0.0,,0.0,0.0,0.0,0.0,0.0,0.0,0.0,0.0,0.0,0.0,0.0,0.0
10,Statement 3,1. Central Sector Schemes/Projects,0.0,95230.59,95230.59,0.0,103394.31,103394.31,0.0,110394.31,110394.31,0.0,113734.0,113734.0,2020-21,Expenditure Profile,0.0,0.0,0.0,0.0,0.0,0.0,0.0,0.0,0.0,0.0,,,0.0,0.0,0.0,0.0,0.0,0.0,0.0,0.0,0.0,0.0,0.0,0.0,0.0,0.0,0.0,0.0,0.0,0.0,0.0,0.0,0.0,0.0,0.0,,0.0,0.0,0.0,0.0,0.0,0.0,0.0,0.0,0.0,0.0,0.0,0.0
10,Statement 3,21. Defence Pensions,101774.61,0.0,101774.61,112079.57,0.0,112079.57,117810.44,0.0,117810.44,133825.0,0.0,133825.0,2020-21,Expenditure Profile,0.0,0.0,0.0,0.0,0.0,0.0,0.0,0.0,0.0,0.0,,,0.0,0.0,0.0,0.0,0.0,0.0,0.0,0.0,0.0,0.0,0.0,0.0,0.0,0.0,0.0,0.0,0.0,0.0,0.0,0.0,0.0,0.0,0.0,,0.0,0.0,0.0,0.0,0.0,0.0,0.0,0.0,0.0,0.0,0.0,0.0
10,Statement 3,1. Establishment Expenditure of the Centre,101774.61,0.0,101774.61,112079.57,0.0,112079.57,117810.44,0.0,117810.44,133825.0,0.0,133825.0,2020-21,Expenditure Profile,0.0,0.0,0.0,0.0,0.0,0.0,0.0,0.0,0.0,0.0,,,0.0,0.0,0.0,0.0,0.0,0.0,0.0,0.0,0.0,0.0,0.0,0.0,0.0,0.0,0.0,0.0,0.0,0.0,0.0,0.0,0.0,0.0,0.0,,0.0,0.0,0.0,0.0,0.0,0.0,0.0,0.0,0.0,0.0,0.0,0.0
10,Statement 3,22. Ministry of Development of North Eastern Region,1867.11,93.51,1960.62,2292.8,707.2,3000.0,2026.3,643.7,2670.0,2330.14,718.59,3048.73,2020-21,Expenditure Profile,0.0,0.0,0.0,0.0,0.0,0.0,0.0,0.0,0.0,0.0,,,0.0,0.0,0.0,0.0,0.0,0.0,0.0,0.0,0.0,0.0,0.0,0.0,0.0,0.0,0.0,0.0,0.0,0.0,0.0,0.0,0.0,0.0,0.0,,0.0,0.0,0.0,0.0,0.0,0.0,0.0,0.0,0.0,0.0,0.0,0.0
10,Statement 3,1. Central Sector Schemes/Projects,1852.92,91.51,1944.43,2277.0,701.1,2978.1,2010.5,637.6,2648.1,2313.06,714.59,3027.65,2020-21,Expenditure Profile,0.0,0.0,0.0,0.0,0.0,0.0,0.0,0.0,0.0,0.0,,,0.0,0.0,0.0,0.0,0.0,0.0,0.0,0.0,0.0,0.0,0.0,0.0,0.0,0.0,0.0,0.0,0.0,0.0,0.0,0.0,0.0,0.0,0.0,,0.0,0.0,0.0,0.0,0.0,0.0,0.0,0.0,0.0,0.0,0.0,0.0
10,Statement 3,2.   Establishment Expenditure of the Centre,14.19,0.0,14.19,15.8,0.0,15.8,15.8,0.0,15.8,17.08,0.0,17.08,2020-21,Expenditure Profile,0.0,0.0,0.0,0.0,0.0,0.0,0.0,0.0,0.0,0.0,,,0.0,0.0,0.0,0.0,0.0,0.0,0.0,0.0,0.0,0.0,0.0,0.0,0.0,0.0,0.0,0.0,0.0,0.0,0.0,0.0,0.0,0.0,0.0,,0.0,0.0,0.0,0.0,0.0,0.0,0.0,0.0,0.0,0.0,0.0,0.0
10,Statement 3,3.   Other Central Sector Expenditure,0.0,2.0,2.0,0.0,6.1,6.1,0.0,6.1,6.1,0.0,4.0,4.0,2020-21,Expenditure Profile,0.0,0.0,0.0,0.0,0.0,0.0,0.0,0.0,0.0,0.0,,,0.0,0.0,0.0,0.0,0.0,0.0,0.0,0.0,0.0,0.0,0.0,0.0,0.0,0.0,0.0,0.0,0.0,0.0,0.0,0.0,0.0,0.0,0.0,,0.0,0.0,0.0,0.0,0.0,0.0,0.0,0.0,0.0,0.0,0.0,0.0
10,Statement 3,23. Ministry of Earth Sciences,1641.7,84.4,1726.1,1760.76,141.0,1901.76,1691.74,118.0,1809.74,1898.0,172.0,2070.0,2020-21,Expenditure Profile,0.0,0.0,0.0,0.0,0.0,0.0,0.0,0.0,0.0,0.0,,,0.0,0.0,0.0,0.0,0.0,0.0,0.0,0.0,0.0,0.0,0.0,0.0,0.0,0.0,0.0,0.0,0.0,0.0,0.0,0.0,0.0,0.0,0.0,,0.0,0.0,0.0,0.0,0.0,0.0,0.0,0.0,0.0,0.0,0.0,0.0
10,Statement 3,1. Central Sector Schemes/Projects,1011.42,86.23,1097.65,1080.0,141.0,1221.0,1012.0,118.0,1130.0,1165.0,172.0,1337.0,2020-21,Expenditure Profile,0.0,0.0,0.0,0.0,0.0,0.0,0.0,0.0,0.0,0.0,,,0.0,0.0,0.0,0.0,0.0,0.0,0.0,0.0,0.0,0.0,0.0,0.0,0.0,0.0,0.0,0.0,0.0,0.0,0.0,0.0,0.0,0.0,0.0,,0.0,0.0,0.0,0.0,0.0,0.0,0.0,0.0,0.0,0.0,0.0,0.0
10,Statement 3,2.   Establishment Expenditure of the Centre,441.1,0.0,441.1,502.76,0.0,502.76,499.96,0.0,499.96,531.2,0.0,531.2,2020-21,Expenditure Profile,0.0,0.0,0.0,0.0,0.0,0.0,0.0,0.0,0.0,0.0,,,0.0,0.0,0.0,0.0,0.0,0.0,0.0,0.0,0.0,0.0,0.0,0.0,0.0,0.0,0.0,0.0,0.0,0.0,0.0,0.0,0.0,0.0,0.0,,0.0,0.0,0.0,0.0,0.0,0.0,0.0,0.0,0.0,0.0,0.0,0.0
10,Statement 3,3.   Other Central Sector Expenditure,189.18,-1.83,187.35,178.0,0.0,178.0,179.78,0.0,179.78,201.8,0.0,201.8,2020-21,Expenditure Profile,0.0,0.0,0.0,0.0,0.0,0.0,0.0,0.0,0.0,0.0,,,0.0,0.0,0.0,0.0,0.0,0.0,0.0,0.0,0.0,0.0,0.0,0.0,0.0,0.0,0.0,0.0,0.0,0.0,0.0,0.0,0.0,0.0,0.0,,0.0,0.0,0.0,0.0,0.0,0.0,0.0,0.0,0.0,0.0,0.0,0.0
10,Statement 3,24. Ministry of Electronics and Information Technology,5944.34,307.6,6251.94,6306.0,348.0,6654.0,5561.46,278.0,5839.46,6524.03,375.0,6899.03,2020-21,Expenditure Profile,0.0,0.0,0.0,0.0,0.0,0.0,0.0,0.0,0.0,0.0,,,0.0,0.0,0.0,0.0,0.0,0.0,0.0,0.0,0.0,0.0,0.0,0.0,0.0,0.0,0.0,0.0,0.0,0.0,0.0,0.0,0.0,0.0,0.0,,0.0,0.0,0.0,0.0,0.0,0.0,0.0,0.0,0.0,0.0,0.0,0.0
11,Statement 3,1.   Central Sector Schemes/Projects,3216.38,112.16,3328.54,3592.76,158.0,3750.76,3134.52,78.0,3212.52,3898.0,60.0,3958.0,2020-21,Expenditure Profile,0.0,0.0,0.0,0.0,0.0,0.0,0.0,0.0,0.0,0.0,,,0.0,0.0,0.0,0.0,0.0,0.0,0.0,0.0,0.0,0.0,0.0,0.0,0.0,0.0,0.0,0.0,0.0,0.0,0.0,0.0,0.0,0.0,0.0,,0.0,0.0,0.0,0.0,0.0,0.0,0.0,0.0,0.0,0.0,0.0,0.0
11,Statement 3,2.   Establishment Expenditure of the Centre,1261.45,195.44,1456.89,1240.24,190.0,1430.24,1330.91,200.0,1530.91,1360.03,315.0,1675.03,2020-21,Expenditure Profile,0.0,0.0,0.0,0.0,0.0,0.0,0.0,0.0,0.0,0.0,,,0.0,0.0,0.0,0.0,0.0,0.0,0.0,0.0,0.0,0.0,0.0,0.0,0.0,0.0,0.0,0.0,0.0,0.0,0.0,0.0,0.0,0.0,0.0,,0.0,0.0,0.0,0.0,0.0,0.0,0.0,0.0,0.0,0.0,0.0,0.0
11,Statement 3,3.   Other Central Sector Expenditure,1466.51,0.0,1466.51,1473.0,0.0,1473.0,1096.03,0.0,1096.03,1266.0,0.0,1266.0,2020-21,Expenditure Profile,0.0,0.0,0.0,0.0,0.0,0.0,0.0,0.0,0.0,0.0,,,0.0,0.0,0.0,0.0,0.0,0.0,0.0,0.0,0.0,0.0,0.0,0.0,0.0,0.0,0.0,0.0,0.0,0.0,0.0,0.0,0.0,0.0,0.0,,0.0,0.0,0.0,0.0,0.0,0.0,0.0,0.0,0.0,0.0,0.0,0.0
11,Statement 3,"25. Ministry of Environment, Forests and Climate Change",2539.9,45.67,2585.57,2890.2,64.52,2954.72,2611.39,46.55,2657.94,2942.45,157.55,3100.0,2020-21,Expenditure Profile,0.0,0.0,0.0,0.0,0.0,0.0,0.0,0.0,0.0,0.0,,,0.0,0.0,0.0,0.0,0.0,0.0,0.0,0.0,0.0,0.0,0.0,0.0,0.0,0.0,0.0,0.0,0.0,0.0,0.0,0.0,0.0,0.0,0.0,,0.0,0.0,0.0,0.0,0.0,0.0,0.0,0.0,0.0,0.0,0.0,0.0
11,Statement 3,1. Central Sector Schemes/Projects,610.41,0.0,610.41,1008.8,0.0,1008.8,859.05,0.0,859.05,1017.23,0.0,1017.23,2020-21,Expenditure Profile,0.0,0.0,0.0,0.0,0.0,0.0,0.0,0.0,0.0,0.0,,,0.0,0.0,0.0,0.0,0.0,0.0,0.0,0.0,0.0,0.0,0.0,0.0,0.0,0.0,0.0,0.0,0.0,0.0,0.0,0.0,0.0,0.0,0.0,,0.0,0.0,0.0,0.0,0.0,0.0,0.0,0.0,0.0,0.0,0.0,0.0
11,Statement 3,2.   Centrally Sponsored Schemes,978.11,0.0,978.11,886.0,0.0,886.0,786.57,0.0,786.57,926.0,0.0,926.0,2020-21,Expenditure Profile,0.0,0.0,0.0,0.0,0.0,0.0,0.0,0.0,0.0,0.0,,,0.0,0.0,0.0,0.0,0.0,0.0,0.0,0.0,0.0,0.0,0.0,0.0,0.0,0.0,0.0,0.0,0.0,0.0,0.0,0.0,0.0,0.0,0.0,,0.0,0.0,0.0,0.0,0.0,0.0,0.0,0.0,0.0,0.0,0.0,0.0
11,Statement 3,3.   Establishment Expenditure of the Centre,492.21,45.67,537.88,523.5,64.52,588.02,501.27,46.55,547.82,513.72,157.55,671.27,2020-21,Expenditure Profile,0.0,0.0,0.0,0.0,0.0,0.0,0.0,0.0,0.0,0.0,,,0.0,0.0,0.0,0.0,0.0,0.0,0.0,0.0,0.0,0.0,0.0,0.0,0.0,0.0,0.0,0.0,0.0,0.0,0.0,0.0,0.0,0.0,0.0,,0.0,0.0,0.0,0.0,0.0,0.0,0.0,0.0,0.0,0.0,0.0,0.0
11,Statement 3,4.   Other Central Sector Expenditure,459.17,0.0,459.17,471.9,0.0,471.9,464.5,0.0,464.5,485.5,0.0,485.5,2020-21,Expenditure Profile,0.0,0.0,0.0,0.0,0.0,0.0,0.0,0.0,0.0,0.0,,,0.0,0.0,0.0,0.0,0.0,0.0,0.0,0.0,0.0,0.0,0.0,0.0,0.0,0.0,0.0,0.0,0.0,0.0,0.0,0.0,0.0,0.0,0.0,,0.0,0.0,0.0,0.0,0.0,0.0,0.0,0.0,0.0,0.0,0.0,0.0
11,Statement 3,26. Ministry of External Affairs,14612.94,901.53,15514.47,16511.23,1373.55,17884.78,16239.59,1132.68,17372.27,16014.43,1332.28,17346.71,2020-21,Expenditure Profile,0.0,0.0,0.0,0.0,0.0,0.0,0.0,0.0,0.0,0.0,,,0.0,0.0,0.0,0.0,0.0,0.0,0.0,0.0,0.0,0.0,0.0,0.0,0.0,0.0,0.0,0.0,0.0,0.0,0.0,0.0,0.0,0.0,0.0,,0.0,0.0,0.0,0.0,0.0,0.0,0.0,0.0,0.0,0.0,0.0,0.0
11,Statement 3,1. Central Sector Schemes/Projects,5962.88,494.62,6457.5,7333.79,842.0,8175.79,6619.78,802.68,7422.46,6617.37,832.28,7449.65,2020-21,Expenditure Profile,0.0,0.0,0.0,0.0,0.0,0.0,0.0,0.0,0.0,0.0,,,0.0,0.0,0.0,0.0,0.0,0.0,0.0,0.0,0.0,0.0,0.0,0.0,0.0,0.0,0.0,0.0,0.0,0.0,0.0,0.0,0.0,0.0,0.0,,0.0,0.0,0.0,0.0,0.0,0.0,0.0,0.0,0.0,0.0,0.0,0.0
11,Statement 3,2.   Establishment Expenditure of the Centre,4459.47,407.23,4866.7,4955.71,531.55,5487.26,5122.66,330.0,5452.66,5008.81,500.0,5508.81,2020-21,Expenditure Profile,0.0,0.0,0.0,0.0,0.0,0.0,0.0,0.0,0.0,0.0,,,0.0,0.0,0.0,0.0,0.0,0.0,0.0,0.0,0.0,0.0,0.0,0.0,0.0,0.0,0.0,0.0,0.0,0.0,0.0,0.0,0.0,0.0,0.0,,0.0,0.0,0.0,0.0,0.0,0.0,0.0,0.0,0.0,0.0,0.0,0.0
11,Statement 3,3.   Other Central Sector Expenditure,4190.59,-0.32,4190.27,4221.73,0.0,4221.73,4497.15,0.0,4497.15,4388.25,0.0,4388.25,2020-21,Expenditure Profile,0.0,0.0,0.0,0.0,0.0,0.0,0.0,0.0,0.0,0.0,,,0.0,0.0,0.0,0.0,0.0,0.0,0.0,0.0,0.0,0.0,0.0,0.0,0.0,0.0,0.0,0.0,0.0,0.0,0.0,0.0,0.0,0.0,0.0,,0.0,0.0,0.0,0.0,0.0,0.0,0.0,0.0,0.0,0.0,0.0,0.0
11,Statement 3,27. Department of Economic Affairs,2214.39,6201.32,8415.71,2727.69,11583.96,14311.65,3308.53,12643.62,15952.15,3262.57,26045.7,29308.27,2020-21,Expenditure Profile,0.0,0.0,0.0,0.0,0.0,0.0,0.0,0.0,0.0,0.0,,,0.0,0.0,0.0,0.0,0.0,0.0,0.0,0.0,0.0,0.0,0.0,0.0,0.0,0.0,0.0,0.0,0.0,0.0,0.0,0.0,0.0,0.0,0.0,,0.0,0.0,0.0,0.0,0.0,0.0,0.0,0.0,0.0,0.0,0.0,0.0
11,Statement 3,1. Central Sector Schemes/Projects,770.27,1202.1,1972.37,1027.5,1037.0,2064.5,1378.75,2040.01,3418.76,1013.95,530.01,1543.96,2020-21,Expenditure Profile,0.0,0.0,0.0,0.0,0.0,0.0,0.0,0.0,0.0,0.0,,,0.0,0.0,0.0,0.0,0.0,0.0,0.0,0.0,0.0,0.0,0.0,0.0,0.0,0.0,0.0,0.0,0.0,0.0,0.0,0.0,0.0,0.0,0.0,,0.0,0.0,0.0,0.0,0.0,0.0,0.0,0.0,0.0,0.0,0.0,0.0
11,Statement 3,2.   Establishment Expenditure of the Centre,172.85,0.0,172.85,230.42,0.0,230.42,202.07,0.0,202.07,304.48,0.0,304.48,2020-21,Expenditure Profile,0.0,0.0,0.0,0.0,0.0,0.0,0.0,0.0,0.0,0.0,,,0.0,0.0,0.0,0.0,0.0,0.0,0.0,0.0,0.0,0.0,0.0,0.0,0.0,0.0,0.0,0.0,0.0,0.0,0.0,0.0,0.0,0.0,0.0,,0.0,0.0,0.0,0.0,0.0,0.0,0.0,0.0,0.0,0.0,0.0,0.0
11,Statement 3,3.   Other Central Sector Expenditure,1271.27,4999.22,6270.49,1469.77,10546.96,12016.73,1727.71,10603.61,12331.32,1944.14,25515.69,27459.83,2020-21,Expenditure Profile,0.0,0.0,0.0,0.0,0.0,0.0,0.0,0.0,0.0,0.0,,,0.0,0.0,0.0,0.0,0.0,0.0,0.0,0.0,0.0,0.0,0.0,0.0,0.0,0.0,0.0,0.0,0.0,0.0,0.0,0.0,0.0,0.0,0.0,,0.0,0.0,0.0,0.0,0.0,0.0,0.0,0.0,0.0,0.0,0.0,0.0
11,Statement 3,28. Department of Expenditure,288.58,0.0,288.58,400.55,0.0,400.55,485.55,0.0,485.55,535.55,0.0,535.55,2020-21,Expenditure Profile,0.0,0.0,0.0,0.0,0.0,0.0,0.0,0.0,0.0,0.0,,,0.0,0.0,0.0,0.0,0.0,0.0,0.0,0.0,0.0,0.0,0.0,0.0,0.0,0.0,0.0,0.0,0.0,0.0,0.0,0.0,0.0,0.0,0.0,,0.0,0.0,0.0,0.0,0.0,0.0,0.0,0.0,0.0,0.0,0.0,0.0
11,Statement 3,1. Central Sector Schemes/Projects,107.46,0.0,107.46,210.0,0.0,210.0,263.24,0.0,263.24,0.0,0.0,0.0,2020-21,Expenditure Profile,0.0,0.0,0.0,0.0,0.0,0.0,0.0,0.0,0.0,0.0,,,0.0,0.0,0.0,0.0,0.0,0.0,0.0,0.0,0.0,0.0,0.0,0.0,0.0,0.0,0.0,0.0,0.0,0.0,0.0,0.0,0.0,0.0,0.0,,0.0,0.0,0.0,0.0,0.0,0.0,0.0,0.0,0.0,0.0,0.0,0.0
11,Statement 3,2.   Establishment Expenditure of the Centre,168.56,0.0,168.56,176.0,0.0,176.0,206.95,0.0,206.95,516.34,0.0,516.34,2020-21,Expenditure Profile,0.0,0.0,0.0,0.0,0.0,0.0,0.0,0.0,0.0,0.0,,,0.0,0.0,0.0,0.0,0.0,0.0,0.0,0.0,0.0,0.0,0.0,0.0,0.0,0.0,0.0,0.0,0.0,0.0,0.0,0.0,0.0,0.0,0.0,,0.0,0.0,0.0,0.0,0.0,0.0,0.0,0.0,0.0,0.0,0.0,0.0
11,Statement 3,3.   Other Central Sector Expenditure,12.56,0.0,12.56,14.55,0.0,14.55,15.36,0.0,15.36,19.21,0.0,19.21,2020-21,Expenditure Profile,0.0,0.0,0.0,0.0,0.0,0.0,0.0,0.0,0.0,0.0,,,0.0,0.0,0.0,0.0,0.0,0.0,0.0,0.0,0.0,0.0,0.0,0.0,0.0,0.0,0.0,0.0,0.0,0.0,0.0,0.0,0.0,0.0,0.0,,0.0,0.0,0.0,0.0,0.0,0.0,0.0,0.0,0.0,0.0,0.0,0.0
11,Statement 3,29. Department of Financial Services,1207.38,4271.19,5478.57,1305.15,3385.04,4690.19,1378.99,6355.01,7734.0,1474.96,9650.04,11125.0,2020-21,Expenditure Profile,0.0,0.0,0.0,0.0,0.0,0.0,0.0,0.0,0.0,0.0,,,0.0,0.0,0.0,0.0,0.0,0.0,0.0,0.0,0.0,0.0,0.0,0.0,0.0,0.0,0.0,0.0,0.0,0.0,0.0,0.0,0.0,0.0,0.0,,0.0,0.0,0.0,0.0,0.0,0.0,0.0,0.0,0.0,0.0,0.0,0.0
11,Statement 3,1. Central Sector Schemes/Projects,1018.64,4271.19,5289.83,1087.81,3385.04,4472.85,1145.89,6355.01,7500.9,1240.0,9650.04,10890.04,2020-21,Expenditure Profile,0.0,0.0,0.0,0.0,0.0,0.0,0.0,0.0,0.0,0.0,,,0.0,0.0,0.0,0.0,0.0,0.0,0.0,0.0,0.0,0.0,0.0,0.0,0.0,0.0,0.0,0.0,0.0,0.0,0.0,0.0,0.0,0.0,0.0,,0.0,0.0,0.0,0.0,0.0,0.0,0.0,0.0,0.0,0.0,0.0,0.0
11,Statement 3,2.   Establishment Expenditure of the Centre,176.14,0.0,176.14,204.11,0.0,204.11,209.3,0.0,209.3,226.07,0.0,226.07,2020-21,Expenditure Profile,0.0,0.0,0.0,0.0,0.0,0.0,0.0,0.0,0.0,0.0,,,0.0,0.0,0.0,0.0,0.0,0.0,0.0,0.0,0.0,0.0,0.0,0.0,0.0,0.0,0.0,0.0,0.0,0.0,0.0,0.0,0.0,0.0,0.0,,0.0,0.0,0.0,0.0,0.0,0.0,0.0,0.0,0.0,0.0,0.0,0.0
11,Statement 3,3.   Other Central Sector Expenditure,12.6,0.0,12.6,13.23,0.0,13.23,23.8,0.0,23.8,8.89,0.0,8.89,2020-21,Expenditure Profile,0.0,0.0,0.0,0.0,0.0,0.0,0.0,0.0,0.0,0.0,,,0.0,0.0,0.0,0.0,0.0,0.0,0.0,0.0,0.0,0.0,0.0,0.0,0.0,0.0,0.0,0.0,0.0,0.0,0.0,0.0,0.0,0.0,0.0,,0.0,0.0,0.0,0.0,0.0,0.0,0.0,0.0,0.0,0.0,0.0,0.0
11,Statement 3,30. Department of Investment and Public Asset Management,145.15,0.0,145.15,132.08,0.0,132.08,132.08,0.0,132.08,132.11,0.0,132.11,2020-21,Expenditure Profile,0.0,0.0,0.0,0.0,0.0,0.0,0.0,0.0,0.0,0.0,,,0.0,0.0,0.0,0.0,0.0,0.0,0.0,0.0,0.0,0.0,0.0,0.0,0.0,0.0,0.0,0.0,0.0,0.0,0.0,0.0,0.0,0.0,0.0,,0.0,0.0,0.0,0.0,0.0,0.0,0.0,0.0,0.0,0.0,0.0,0.0
11,Statement 3,(DIPAM) 1. Establishment Expenditure of the Centre,145.15,0.0,145.15,132.08,0.0,132.08,132.08,0.0,132.08,132.11,0.0,132.11,2020-21,Expenditure Profile,0.0,0.0,0.0,0.0,0.0,0.0,0.0,0.0,0.0,0.0,,,0.0,0.0,0.0,0.0,0.0,0.0,0.0,0.0,0.0,0.0,0.0,0.0,0.0,0.0,0.0,0.0,0.0,0.0,0.0,0.0,0.0,0.0,0.0,,0.0,0.0,0.0,0.0,0.0,0.0,0.0,0.0,0.0,0.0,0.0,0.0
11,Statement 3,31. Department of Revenue,54927.81,2.72,54930.53,102039.61,8.73,102048.34,122049.01,16.99,122066.0,136549.12,91.21,136640.33,2020-21,Expenditure Profile,0.0,0.0,0.0,0.0,0.0,0.0,0.0,0.0,0.0,0.0,,,0.0,0.0,0.0,0.0,0.0,0.0,0.0,0.0,0.0,0.0,0.0,0.0,0.0,0.0,0.0,0.0,0.0,0.0,0.0,0.0,0.0,0.0,0.0,,0.0,0.0,0.0,0.0,0.0,0.0,0.0,0.0,0.0,0.0,0.0,0.0
11,Statement 3,1. Establishment Expenditure of the Centre,504.89,0.0,504.89,640.28,0.0,640.28,673.76,0.0,673.76,735.07,0.0,735.07,2020-21,Expenditure Profile,0.0,0.0,0.0,0.0,0.0,0.0,0.0,0.0,0.0,0.0,,,0.0,0.0,0.0,0.0,0.0,0.0,0.0,0.0,0.0,0.0,0.0,0.0,0.0,0.0,0.0,0.0,0.0,0.0,0.0,0.0,0.0,0.0,0.0,,0.0,0.0,0.0,0.0,0.0,0.0,0.0,0.0,0.0,0.0,0.0,0.0
11,Statement 3,2.   Other Central Sector Expenditure,147.92,2.72,150.64,199.31,8.73,208.04,175.23,16.99,192.22,446.0,91.21,537.21,2020-21,Expenditure Profile,0.0,0.0,0.0,0.0,0.0,0.0,0.0,0.0,0.0,0.0,,,0.0,0.0,0.0,0.0,0.0,0.0,0.0,0.0,0.0,0.0,0.0,0.0,0.0,0.0,0.0,0.0,0.0,0.0,0.0,0.0,0.0,0.0,0.0,,0.0,0.0,0.0,0.0,0.0,0.0,0.0,0.0,0.0,0.0,0.0,0.0
12,Statement 3,3.   Other Grants/Loans/Transfers,54275.0,0.0,54275.0,101200.02,0.0,101200.02,121200.02,0.0,121200.02,135368.05,0.0,135368.05,2020-21,Expenditure Profile,0.0,0.0,0.0,0.0,0.0,0.0,0.0,0.0,0.0,0.0,,,0.0,0.0,0.0,0.0,0.0,0.0,0.0,0.0,0.0,0.0,0.0,0.0,0.0,0.0,0.0,0.0,0.0,0.0,0.0,0.0,0.0,0.0,0.0,,0.0,0.0,0.0,0.0,0.0,0.0,0.0,0.0,0.0,0.0,0.0,0.0
12,Statement 3,32. Direct Taxes,7073.9,231.93,7305.83,7036.44,300.0,7336.44,7041.42,300.02,7341.44,7733.39,330.0,8063.39,2020-21,Expenditure Profile,0.0,0.0,0.0,0.0,0.0,0.0,0.0,0.0,0.0,0.0,,,0.0,0.0,0.0,0.0,0.0,0.0,0.0,0.0,0.0,0.0,0.0,0.0,0.0,0.0,0.0,0.0,0.0,0.0,0.0,0.0,0.0,0.0,0.0,,0.0,0.0,0.0,0.0,0.0,0.0,0.0,0.0,0.0,0.0,0.0,0.0
12,Statement 3,1. Establishment Expenditure of the Centre,7073.9,242.82,7316.72,7036.44,300.0,7336.44,7041.42,300.02,7341.44,7733.39,330.0,8063.39,2020-21,Expenditure Profile,0.0,0.0,0.0,0.0,0.0,0.0,0.0,0.0,0.0,0.0,,,0.0,0.0,0.0,0.0,0.0,0.0,0.0,0.0,0.0,0.0,0.0,0.0,0.0,0.0,0.0,0.0,0.0,0.0,0.0,0.0,0.0,0.0,0.0,,0.0,0.0,0.0,0.0,0.0,0.0,0.0,0.0,0.0,0.0,0.0,0.0
12,Statement 3,2.   Other Central Sector Expenditure,0.0,-10.89,-10.89,0.0,0.0,0.0,0.0,0.0,0.0,0.0,0.0,0.0,2020-21,Expenditure Profile,0.0,0.0,0.0,0.0,0.0,0.0,0.0,0.0,0.0,0.0,,,0.0,0.0,0.0,0.0,0.0,0.0,0.0,0.0,0.0,0.0,0.0,0.0,0.0,0.0,0.0,0.0,0.0,0.0,0.0,0.0,0.0,0.0,0.0,,0.0,0.0,0.0,0.0,0.0,0.0,0.0,0.0,0.0,0.0,0.0,0.0
12,Statement 3,33. Indirect Taxes,6927.7,252.16,7179.86,7493.15,406.85,7900.0,7493.15,406.85,7900.0,7820.0,438.0,8258.0,2020-21,Expenditure Profile,0.0,0.0,0.0,0.0,0.0,0.0,0.0,0.0,0.0,0.0,,,0.0,0.0,0.0,0.0,0.0,0.0,0.0,0.0,0.0,0.0,0.0,0.0,0.0,0.0,0.0,0.0,0.0,0.0,0.0,0.0,0.0,0.0,0.0,,0.0,0.0,0.0,0.0,0.0,0.0,0.0,0.0,0.0,0.0,0.0,0.0
12,Statement 3,1. Establishment Expenditure of the Centre,6927.7,252.16,7179.86,7493.15,406.85,7900.0,7493.15,406.85,7900.0,7820.0,438.0,8258.0,2020-21,Expenditure Profile,0.0,0.0,0.0,0.0,0.0,0.0,0.0,0.0,0.0,0.0,,,0.0,0.0,0.0,0.0,0.0,0.0,0.0,0.0,0.0,0.0,0.0,0.0,0.0,0.0,0.0,0.0,0.0,0.0,0.0,0.0,0.0,0.0,0.0,,0.0,0.0,0.0,0.0,0.0,0.0,0.0,0.0,0.0,0.0,0.0,0.0
12,Statement 3,34. Indian Audit and Accounts Department,4483.53,34.12,4517.65,4666.78,16.0,4682.78,4774.0,16.0,4790.0,5036.73,18.0,5054.73,2020-21,Expenditure Profile,0.0,0.0,0.0,0.0,0.0,0.0,0.0,0.0,0.0,0.0,,,0.0,0.0,0.0,0.0,0.0,0.0,0.0,0.0,0.0,0.0,0.0,0.0,0.0,0.0,0.0,0.0,0.0,0.0,0.0,0.0,0.0,0.0,0.0,,0.0,0.0,0.0,0.0,0.0,0.0,0.0,0.0,0.0,0.0,0.0,0.0
12,Statement 3,1. Establishment Expenditure of the Centre,4483.53,34.12,4517.65,4666.78,16.0,4682.78,4774.0,16.0,4790.0,5036.73,18.0,5054.73,2020-21,Expenditure Profile,0.0,0.0,0.0,0.0,0.0,0.0,0.0,0.0,0.0,0.0,,,0.0,0.0,0.0,0.0,0.0,0.0,0.0,0.0,0.0,0.0,0.0,0.0,0.0,0.0,0.0,0.0,0.0,0.0,0.0,0.0,0.0,0.0,0.0,,0.0,0.0,0.0,0.0,0.0,0.0,0.0,0.0,0.0,0.0,0.0,0.0
12,Statement 3,35. Interest Payments,582648.45,0.0,582648.45,660470.6,0.0,660470.6,625105.23,0.0,625105.23,708203.16,0.0,708203.16,2020-21,Expenditure Profile,0.0,0.0,0.0,0.0,0.0,0.0,0.0,0.0,0.0,0.0,,,0.0,0.0,0.0,0.0,0.0,0.0,0.0,0.0,0.0,0.0,0.0,0.0,0.0,0.0,0.0,0.0,0.0,0.0,0.0,0.0,0.0,0.0,0.0,,0.0,0.0,0.0,0.0,0.0,0.0,0.0,0.0,0.0,0.0,0.0,0.0
12,Statement 3,1. Other Central Sector Expenditure,582648.45,0.0,582648.45,660470.6,0.0,660470.6,625105.23,0.0,625105.23,708203.16,0.0,708203.16,2020-21,Expenditure Profile,0.0,0.0,0.0,0.0,0.0,0.0,0.0,0.0,0.0,0.0,,,0.0,0.0,0.0,0.0,0.0,0.0,0.0,0.0,0.0,0.0,0.0,0.0,0.0,0.0,0.0,0.0,0.0,0.0,0.0,0.0,0.0,0.0,0.0,,0.0,0.0,0.0,0.0,0.0,0.0,0.0,0.0,0.0,0.0,0.0,0.0
12,Statement 3,36. Repayment of Debt,0.0,0.0,0.0,0.0,0.0,0.0,0.0,0.0,0.0,0.0,0.0,0.0,2020-21,Expenditure Profile,0.0,0.0,0.0,0.0,0.0,0.0,0.0,0.0,0.0,0.0,,,0.0,0.0,0.0,0.0,0.0,0.0,0.0,0.0,0.0,0.0,0.0,0.0,0.0,0.0,0.0,0.0,0.0,0.0,0.0,0.0,0.0,0.0,0.0,,0.0,0.0,0.0,0.0,0.0,0.0,0.0,0.0,0.0,0.0,0.0,0.0
12,Statement 3,1. Other Central Sector Expenditure,0.0,0.0,0.0,0.0,0.0,0.0,0.0,0.0,0.0,0.0,0.0,0.0,2020-21,Expenditure Profile,0.0,0.0,0.0,0.0,0.0,0.0,0.0,0.0,0.0,0.0,,,0.0,0.0,0.0,0.0,0.0,0.0,0.0,0.0,0.0,0.0,0.0,0.0,0.0,0.0,0.0,0.0,0.0,0.0,0.0,0.0,0.0,0.0,0.0,,0.0,0.0,0.0,0.0,0.0,0.0,0.0,0.0,0.0,0.0,0.0,0.0
12,Statement 3,37. Pensions,44726.63,0.0,44726.63,48565.0,0.0,48565.0,50565.0,0.0,50565.0,61169.35,0.0,61169.35,2020-21,Expenditure Profile,0.0,0.0,0.0,0.0,0.0,0.0,0.0,0.0,0.0,0.0,,,0.0,0.0,0.0,0.0,0.0,0.0,0.0,0.0,0.0,0.0,0.0,0.0,0.0,0.0,0.0,0.0,0.0,0.0,0.0,0.0,0.0,0.0,0.0,,0.0,0.0,0.0,0.0,0.0,0.0,0.0,0.0,0.0,0.0,0.0,0.0
12,Statement 3,1. Establishment Expenditure of the Centre,44726.63,0.0,44726.63,48565.0,0.0,48565.0,50565.0,0.0,50565.0,61169.35,0.0,61169.35,2020-21,Expenditure Profile,0.0,0.0,0.0,0.0,0.0,0.0,0.0,0.0,0.0,0.0,,,0.0,0.0,0.0,0.0,0.0,0.0,0.0,0.0,0.0,0.0,0.0,0.0,0.0,0.0,0.0,0.0,0.0,0.0,0.0,0.0,0.0,0.0,0.0,,0.0,0.0,0.0,0.0,0.0,0.0,0.0,0.0,0.0,0.0,0.0,0.0
12,Statement 3,38. Transfers to States,109721.63,9422.69,119144.32,147986.22,7461.23,155447.45,148419.88,7027.12,155447.0,190994.8,9452.65,200447.45,2020-21,Expenditure Profile,0.0,0.0,0.0,0.0,0.0,0.0,0.0,0.0,0.0,0.0,,,0.0,0.0,0.0,0.0,0.0,0.0,0.0,0.0,0.0,0.0,0.0,0.0,0.0,0.0,0.0,0.0,0.0,0.0,0.0,0.0,0.0,0.0,0.0,,0.0,0.0,0.0,0.0,0.0,0.0,0.0,0.0,0.0,0.0,0.0,0.0
12,Statement 3,1. Finance Commission Grants,93703.58,0.0,93703.58,120466.22,0.0,120466.22,123709.88,0.0,123709.88,149924.8,0.0,149924.8,2020-21,Expenditure Profile,0.0,0.0,0.0,0.0,0.0,0.0,0.0,0.0,0.0,0.0,,,0.0,0.0,0.0,0.0,0.0,0.0,0.0,0.0,0.0,0.0,0.0,0.0,0.0,0.0,0.0,0.0,0.0,0.0,0.0,0.0,0.0,0.0,0.0,,0.0,0.0,0.0,0.0,0.0,0.0,0.0,0.0,0.0,0.0,0.0,0.0
12,Statement 3,2.   Other Grants/Loans/Transfers,16018.05,9422.69,25440.74,27520.0,7461.23,34981.23,24710.0,7027.12,31737.12,41070.0,9452.65,50522.65,2020-21,Expenditure Profile,0.0,0.0,0.0,0.0,0.0,0.0,0.0,0.0,0.0,0.0,,,0.0,0.0,0.0,0.0,0.0,0.0,0.0,0.0,0.0,0.0,0.0,0.0,0.0,0.0,0.0,0.0,0.0,0.0,0.0,0.0,0.0,0.0,0.0,,0.0,0.0,0.0,0.0,0.0,0.0,0.0,0.0,0.0,0.0,0.0,0.0
12,Statement 3,39. Department of Fisheries,0.0,0.0,0.0,790.58,14.17,804.75,685.83,14.17,700.0,805.84,19.16,825.0,2020-21,Expenditure Profile,0.0,0.0,0.0,0.0,0.0,0.0,0.0,0.0,0.0,0.0,,,0.0,0.0,0.0,0.0,0.0,0.0,0.0,0.0,0.0,0.0,0.0,0.0,0.0,0.0,0.0,0.0,0.0,0.0,0.0,0.0,0.0,0.0,0.0,,0.0,0.0,0.0,0.0,0.0,0.0,0.0,0.0,0.0,0.0,0.0,0.0
12,Statement 3,1. Centrally Sponsored Schemes,0.0,0.0,0.0,560.0,0.0,560.0,455.25,0.0,455.25,570.0,0.0,570.0,2020-21,Expenditure Profile,0.0,0.0,0.0,0.0,0.0,0.0,0.0,0.0,0.0,0.0,,,0.0,0.0,0.0,0.0,0.0,0.0,0.0,0.0,0.0,0.0,0.0,0.0,0.0,0.0,0.0,0.0,0.0,0.0,0.0,0.0,0.0,0.0,0.0,,0.0,0.0,0.0,0.0,0.0,0.0,0.0,0.0,0.0,0.0,0.0,0.0
12,Statement 3,2.   Establishment Expenditure of the Centre,0.0,0.0,0.0,145.33,14.17,159.5,145.33,14.17,159.5,153.84,19.16,173.0,2020-21,Expenditure Profile,0.0,0.0,0.0,0.0,0.0,0.0,0.0,0.0,0.0,0.0,,,0.0,0.0,0.0,0.0,0.0,0.0,0.0,0.0,0.0,0.0,0.0,0.0,0.0,0.0,0.0,0.0,0.0,0.0,0.0,0.0,0.0,0.0,0.0,,0.0,0.0,0.0,0.0,0.0,0.0,0.0,0.0,0.0,0.0,0.0,0.0
12,Statement 3,3.   Other Central Sector Expenditure,0.0,0.0,0.0,85.25,0.0,85.25,85.25,0.0,85.25,82.0,0.0,82.0,2020-21,Expenditure Profile,0.0,0.0,0.0,0.0,0.0,0.0,0.0,0.0,0.0,0.0,,,0.0,0.0,0.0,0.0,0.0,0.0,0.0,0.0,0.0,0.0,0.0,0.0,0.0,0.0,0.0,0.0,0.0,0.0,0.0,0.0,0.0,0.0,0.0,,0.0,0.0,0.0,0.0,0.0,0.0,0.0,0.0,0.0,0.0,0.0,0.0
12,Statement 3,40. Department of Animal Husbandry and Dairying,3163.06,7.74,3170.8,2890.61,41.64,2932.25,2776.58,13.42,2790.0,3242.42,46.71,3289.13,2020-21,Expenditure Profile,0.0,0.0,0.0,0.0,0.0,0.0,0.0,0.0,0.0,0.0,,,0.0,0.0,0.0,0.0,0.0,0.0,0.0,0.0,0.0,0.0,0.0,0.0,0.0,0.0,0.0,0.0,0.0,0.0,0.0,0.0,0.0,0.0,0.0,,0.0,0.0,0.0,0.0,0.0,0.0,0.0,0.0,0.0,0.0,0.0,0.0
12,Statement 3,1. Central Sector Schemes/Projects,0.0,0.0,0.0,500.0,0.0,500.0,811.07,0.0,811.07,1300.0,0.0,1300.0,2020-21,Expenditure Profile,0.0,0.0,0.0,0.0,0.0,0.0,0.0,0.0,0.0,0.0,,,0.0,0.0,0.0,0.0,0.0,0.0,0.0,0.0,0.0,0.0,0.0,0.0,0.0,0.0,0.0,0.0,0.0,0.0,0.0,0.0,0.0,0.0,0.0,,0.0,0.0,0.0,0.0,0.0,0.0,0.0,0.0,0.0,0.0,0.0,0.0
12,Statement 3,2.   Centrally Sponsored Schemes,2857.16,0.0,2857.16,2240.0,0.0,2240.0,1798.93,0.0,1798.93,1805.0,0.0,1805.0,2020-21,Expenditure Profile,0.0,0.0,0.0,0.0,0.0,0.0,0.0,0.0,0.0,0.0,,,0.0,0.0,0.0,0.0,0.0,0.0,0.0,0.0,0.0,0.0,0.0,0.0,0.0,0.0,0.0,0.0,0.0,0.0,0.0,0.0,0.0,0.0,0.0,,0.0,0.0,0.0,0.0,0.0,0.0,0.0,0.0,0.0,0.0,0.0,0.0
12,Statement 3,3.   Establishment Expenditure of the Centre,232.99,7.74,240.73,182.37,17.88,200.25,165.58,8.42,174.0,164.95,12.18,177.13,2020-21,Expenditure Profile,0.0,0.0,0.0,0.0,0.0,0.0,0.0,0.0,0.0,0.0,,,0.0,0.0,0.0,0.0,0.0,0.0,0.0,0.0,0.0,0.0,0.0,0.0,0.0,0.0,0.0,0.0,0.0,0.0,0.0,0.0,0.0,0.0,0.0,,0.0,0.0,0.0,0.0,0.0,0.0,0.0,0.0,0.0,0.0,0.0,0.0
12,Statement 3,4.   Other Central Sector Expenditure,72.91,0.0,72.91,-31.76,23.76,-8.0,1.0,5.0,6.0,-27.53,34.53,7.0,2020-21,Expenditure Profile,0.0,0.0,0.0,0.0,0.0,0.0,0.0,0.0,0.0,0.0,,,0.0,0.0,0.0,0.0,0.0,0.0,0.0,0.0,0.0,0.0,0.0,0.0,0.0,0.0,0.0,0.0,0.0,0.0,0.0,0.0,0.0,0.0,0.0,,0.0,0.0,0.0,0.0,0.0,0.0,0.0,0.0,0.0,0.0,0.0,0.0
12,Statement 3,41. Ministry of Food Processing Industries,716.7,0.0,716.7,1196.6,0.0,1196.6,1042.79,0.0,1042.79,1232.94,0.0,1232.94,2020-21,Expenditure Profile,0.0,0.0,0.0,0.0,0.0,0.0,0.0,0.0,0.0,0.0,,,0.0,0.0,0.0,0.0,0.0,0.0,0.0,0.0,0.0,0.0,0.0,0.0,0.0,0.0,0.0,0.0,0.0,0.0,0.0,0.0,0.0,0.0,0.0,,0.0,0.0,0.0,0.0,0.0,0.0,0.0,0.0,0.0,0.0,0.0,0.0
12,Statement 3,1. Central Sector Schemes/Projects,591.63,0.0,591.63,1101.0,0.0,1101.0,889.43,0.0,889.43,1081.41,0.0,1081.41,2020-21,Expenditure Profile,0.0,0.0,0.0,0.0,0.0,0.0,0.0,0.0,0.0,0.0,,,0.0,0.0,0.0,0.0,0.0,0.0,0.0,0.0,0.0,0.0,0.0,0.0,0.0,0.0,0.0,0.0,0.0,0.0,0.0,0.0,0.0,0.0,0.0,,0.0,0.0,0.0,0.0,0.0,0.0,0.0,0.0,0.0,0.0,0.0,0.0
12,Statement 3,2.   Centrally Sponsored Schemes,-2.47,0.0,-2.47,0.0,0.0,0.0,0.0,0.0,0.0,0.0,0.0,0.0,2020-21,Expenditure Profile,0.0,0.0,0.0,0.0,0.0,0.0,0.0,0.0,0.0,0.0,,,0.0,0.0,0.0,0.0,0.0,0.0,0.0,0.0,0.0,0.0,0.0,0.0,0.0,0.0,0.0,0.0,0.0,0.0,0.0,0.0,0.0,0.0,0.0,,0.0,0.0,0.0,0.0,0.0,0.0,0.0,0.0,0.0,0.0,0.0,0.0
12,Statement 3,3.   Establishment Expenditure of the Centre,25.39,0.0,25.39,27.16,0.0,27.16,29.71,0.0,29.71,32.32,0.0,32.32,2020-21,Expenditure Profile,0.0,0.0,0.0,0.0,0.0,0.0,0.0,0.0,0.0,0.0,,,0.0,0.0,0.0,0.0,0.0,0.0,0.0,0.0,0.0,0.0,0.0,0.0,0.0,0.0,0.0,0.0,0.0,0.0,0.0,0.0,0.0,0.0,0.0,,0.0,0.0,0.0,0.0,0.0,0.0,0.0,0.0,0.0,0.0,0.0,0.0
12,Statement 3,4.   Other Central Sector Expenditure,102.15,0.0,102.15,68.44,0.0,68.44,123.65,0.0,123.65,119.21,0.0,119.21,2020-21,Expenditure Profile,0.0,0.0,0.0,0.0,0.0,0.0,0.0,0.0,0.0,0.0,,,0.0,0.0,0.0,0.0,0.0,0.0,0.0,0.0,0.0,0.0,0.0,0.0,0.0,0.0,0.0,0.0,0.0,0.0,0.0,0.0,0.0,0.0,0.0,,0.0,0.0,0.0,0.0,0.0,0.0,0.0,0.0,0.0,0.0,0.0,0.0
13,Statement 3,42. Department of Health and Family Welfare,50592.47,2361.48,52953.95,60908.22,1750.9,62659.12,60810.86,1848.26,62659.12,63946.1,1065.7,65011.8,2020-21,Expenditure Profile,0.0,0.0,0.0,0.0,0.0,0.0,0.0,0.0,0.0,0.0,,,0.0,0.0,0.0,0.0,0.0,0.0,0.0,0.0,0.0,0.0,0.0,0.0,0.0,0.0,0.0,0.0,0.0,0.0,0.0,0.0,0.0,0.0,0.0,,0.0,0.0,0.0,0.0,0.0,0.0,0.0,0.0,0.0,0.0,0.0,0.0
13,Statement 3,1. Central Sector Schemes/Projects,4177.36,2020.29,6197.65,6225.79,1224.21,7450.0,7246.21,1219.05,8465.26,8978.69,782.31,9761.0,2020-21,Expenditure Profile,0.0,0.0,0.0,0.0,0.0,0.0,0.0,0.0,0.0,0.0,,,0.0,0.0,0.0,0.0,0.0,0.0,0.0,0.0,0.0,0.0,0.0,0.0,0.0,0.0,0.0,0.0,0.0,0.0,0.0,0.0,0.0,0.0,0.0,,0.0,0.0,0.0,0.0,0.0,0.0,0.0,0.0,0.0,0.0,0.0,0.0
13,Statement 3,2.   Centrally Sponsored Schemes,32945.54,0.0,32945.54,39550.0,1.0,39551.0,37102.6,1.0,37103.6,39838.0,1.0,39839.0,2020-21,Expenditure Profile,0.0,0.0,0.0,0.0,0.0,0.0,0.0,0.0,0.0,0.0,,,0.0,0.0,0.0,0.0,0.0,0.0,0.0,0.0,0.0,0.0,0.0,0.0,0.0,0.0,0.0,0.0,0.0,0.0,0.0,0.0,0.0,0.0,0.0,,0.0,0.0,0.0,0.0,0.0,0.0,0.0,0.0,0.0,0.0,0.0,0.0
13,Statement 3,3.   Establishment Expenditure of the Centre,4171.17,318.28,4489.45,4636.36,491.57,5127.93,4877.87,511.68,5389.55,4976.21,243.0,5219.21,2020-21,Expenditure Profile,0.0,0.0,0.0,0.0,0.0,0.0,0.0,0.0,0.0,0.0,,,0.0,0.0,0.0,0.0,0.0,0.0,0.0,0.0,0.0,0.0,0.0,0.0,0.0,0.0,0.0,0.0,0.0,0.0,0.0,0.0,0.0,0.0,0.0,,0.0,0.0,0.0,0.0,0.0,0.0,0.0,0.0,0.0,0.0,0.0,0.0
13,Statement 3,4.   Other Central Sector Expenditure,9298.4,22.91,9321.31,10496.07,34.12,10530.19,11584.18,116.53,11700.71,10153.2,39.39,10192.59,2020-21,Expenditure Profile,0.0,0.0,0.0,0.0,0.0,0.0,0.0,0.0,0.0,0.0,,,0.0,0.0,0.0,0.0,0.0,0.0,0.0,0.0,0.0,0.0,0.0,0.0,0.0,0.0,0.0,0.0,0.0,0.0,0.0,0.0,0.0,0.0,0.0,,0.0,0.0,0.0,0.0,0.0,0.0,0.0,0.0,0.0,0.0,0.0,0.0
13,Statement 3,43. Department of Health Research,1727.88,0.0,1727.88,1900.0,0.0,1900.0,1950.0,0.0,1950.0,2100.0,0.0,2100.0,2020-21,Expenditure Profile,0.0,0.0,0.0,0.0,0.0,0.0,0.0,0.0,0.0,0.0,,,0.0,0.0,0.0,0.0,0.0,0.0,0.0,0.0,0.0,0.0,0.0,0.0,0.0,0.0,0.0,0.0,0.0,0.0,0.0,0.0,0.0,0.0,0.0,,0.0,0.0,0.0,0.0,0.0,0.0,0.0,0.0,0.0,0.0,0.0,0.0
13,Statement 3,1. Central Sector Schemes/Projects,126.88,0.0,126.88,247.35,0.0,247.35,230.0,0.0,230.0,262.29,0.0,262.29,2020-21,Expenditure Profile,0.0,0.0,0.0,0.0,0.0,0.0,0.0,0.0,0.0,0.0,,,0.0,0.0,0.0,0.0,0.0,0.0,0.0,0.0,0.0,0.0,0.0,0.0,0.0,0.0,0.0,0.0,0.0,0.0,0.0,0.0,0.0,0.0,0.0,,0.0,0.0,0.0,0.0,0.0,0.0,0.0,0.0,0.0,0.0,0.0,0.0
13,Statement 3,2.   Establishment Expenditure of the Centre,25.43,0.0,25.43,38.0,0.0,38.0,38.0,0.0,38.0,42.0,0.0,42.0,2020-21,Expenditure Profile,0.0,0.0,0.0,0.0,0.0,0.0,0.0,0.0,0.0,0.0,,,0.0,0.0,0.0,0.0,0.0,0.0,0.0,0.0,0.0,0.0,0.0,0.0,0.0,0.0,0.0,0.0,0.0,0.0,0.0,0.0,0.0,0.0,0.0,,0.0,0.0,0.0,0.0,0.0,0.0,0.0,0.0,0.0,0.0,0.0,0.0
13,Statement 3,3.   Other Central Sector Expenditure,1575.57,0.0,1575.57,1614.65,0.0,1614.65,1682.0,0.0,1682.0,1795.71,0.0,1795.71,2020-21,Expenditure Profile,0.0,0.0,0.0,0.0,0.0,0.0,0.0,0.0,0.0,0.0,,,0.0,0.0,0.0,0.0,0.0,0.0,0.0,0.0,0.0,0.0,0.0,0.0,0.0,0.0,0.0,0.0,0.0,0.0,0.0,0.0,0.0,0.0,0.0,,0.0,0.0,0.0,0.0,0.0,0.0,0.0,0.0,0.0,0.0,0.0,0.0
13,Statement 3,44. Department of Heavy Industry,570.26,463.87,1034.13,980.74,386.26,1367.0,956.53,352.08,1308.61,930.35,559.63,1489.98,2020-21,Expenditure Profile,0.0,0.0,0.0,0.0,0.0,0.0,0.0,0.0,0.0,0.0,,,0.0,0.0,0.0,0.0,0.0,0.0,0.0,0.0,0.0,0.0,0.0,0.0,0.0,0.0,0.0,0.0,0.0,0.0,0.0,0.0,0.0,0.0,0.0,,0.0,0.0,0.0,0.0,0.0,0.0,0.0,0.0,0.0,0.0,0.0,0.0
13,Statement 3,1. Central Sector Schemes/Projects,518.38,372.0,890.38,920.38,108.35,1028.73,896.18,108.35,1004.53,881.25,300.0,1181.25,2020-21,Expenditure Profile,0.0,0.0,0.0,0.0,0.0,0.0,0.0,0.0,0.0,0.0,,,0.0,0.0,0.0,0.0,0.0,0.0,0.0,0.0,0.0,0.0,0.0,0.0,0.0,0.0,0.0,0.0,0.0,0.0,0.0,0.0,0.0,0.0,0.0,,0.0,0.0,0.0,0.0,0.0,0.0,0.0,0.0,0.0,0.0,0.0,0.0
13,Statement 3,2.   Establishment Expenditure of the Centre,35.67,0.0,35.67,39.05,0.0,39.05,39.05,0.0,39.05,41.09,0.0,41.09,2020-21,Expenditure Profile,0.0,0.0,0.0,0.0,0.0,0.0,0.0,0.0,0.0,0.0,,,0.0,0.0,0.0,0.0,0.0,0.0,0.0,0.0,0.0,0.0,0.0,0.0,0.0,0.0,0.0,0.0,0.0,0.0,0.0,0.0,0.0,0.0,0.0,,0.0,0.0,0.0,0.0,0.0,0.0,0.0,0.0,0.0,0.0,0.0,0.0
13,Statement 3,3.   Other Central Sector Expenditure,16.21,91.87,108.08,21.31,277.91,299.22,21.3,243.73,265.03,8.01,259.63,267.64,2020-21,Expenditure Profile,0.0,0.0,0.0,0.0,0.0,0.0,0.0,0.0,0.0,0.0,,,0.0,0.0,0.0,0.0,0.0,0.0,0.0,0.0,0.0,0.0,0.0,0.0,0.0,0.0,0.0,0.0,0.0,0.0,0.0,0.0,0.0,0.0,0.0,,0.0,0.0,0.0,0.0,0.0,0.0,0.0,0.0,0.0,0.0,0.0,0.0
13,Statement 3,45. Department of Public Enterprises,21.19,0.0,21.19,22.64,0.0,22.64,22.64,0.0,22.64,24.15,0.0,24.15,2020-21,Expenditure Profile,0.0,0.0,0.0,0.0,0.0,0.0,0.0,0.0,0.0,0.0,,,0.0,0.0,0.0,0.0,0.0,0.0,0.0,0.0,0.0,0.0,0.0,0.0,0.0,0.0,0.0,0.0,0.0,0.0,0.0,0.0,0.0,0.0,0.0,,0.0,0.0,0.0,0.0,0.0,0.0,0.0,0.0,0.0,0.0,0.0,0.0
13,Statement 3,1. Central Sector Schemes/Projects,8.9,0.0,8.9,9.5,0.0,9.5,9.5,0.0,9.5,10.5,0.0,10.5,2020-21,Expenditure Profile,0.0,0.0,0.0,0.0,0.0,0.0,0.0,0.0,0.0,0.0,,,0.0,0.0,0.0,0.0,0.0,0.0,0.0,0.0,0.0,0.0,0.0,0.0,0.0,0.0,0.0,0.0,0.0,0.0,0.0,0.0,0.0,0.0,0.0,,0.0,0.0,0.0,0.0,0.0,0.0,0.0,0.0,0.0,0.0,0.0,0.0
13,Statement 3,2.   Establishment Expenditure of the Centre,12.29,0.0,12.29,13.14,0.0,13.14,13.14,0.0,13.14,13.65,0.0,13.65,2020-21,Expenditure Profile,0.0,0.0,0.0,0.0,0.0,0.0,0.0,0.0,0.0,0.0,,,0.0,0.0,0.0,0.0,0.0,0.0,0.0,0.0,0.0,0.0,0.0,0.0,0.0,0.0,0.0,0.0,0.0,0.0,0.0,0.0,0.0,0.0,0.0,,0.0,0.0,0.0,0.0,0.0,0.0,0.0,0.0,0.0,0.0,0.0,0.0
13,Statement 3,46. Ministry of Home Affairs,4570.36,272.26,4842.62,4584.41,311.4,4895.81,19634.38,320.68,19955.06,7749.52,252.48,8002.0,2020-21,Expenditure Profile,0.0,0.0,0.0,0.0,0.0,0.0,0.0,0.0,0.0,0.0,,,0.0,0.0,0.0,0.0,0.0,0.0,0.0,0.0,0.0,0.0,0.0,0.0,0.0,0.0,0.0,0.0,0.0,0.0,0.0,0.0,0.0,0.0,0.0,,0.0,0.0,0.0,0.0,0.0,0.0,0.0,0.0,0.0,0.0,0.0,0.0
13,Statement 3,1. Central Sector Schemes/Projects,2461.66,198.93,2660.59,2418.25,142.93,2561.18,2290.94,147.34,2438.28,1528.7,72.03,1600.73,2020-21,Expenditure Profile,0.0,0.0,0.0,0.0,0.0,0.0,0.0,0.0,0.0,0.0,,,0.0,0.0,0.0,0.0,0.0,0.0,0.0,0.0,0.0,0.0,0.0,0.0,0.0,0.0,0.0,0.0,0.0,0.0,0.0,0.0,0.0,0.0,0.0,,0.0,0.0,0.0,0.0,0.0,0.0,0.0,0.0,0.0,0.0,0.0,0.0
13,Statement 3,2.   Establishment Expenditure of the Centre,1366.65,64.52,1431.17,1475.29,117.47,1592.76,1549.97,85.34,1635.31,1588.85,85.45,1674.3,2020-21,Expenditure Profile,0.0,0.0,0.0,0.0,0.0,0.0,0.0,0.0,0.0,0.0,,,0.0,0.0,0.0,0.0,0.0,0.0,0.0,0.0,0.0,0.0,0.0,0.0,0.0,0.0,0.0,0.0,0.0,0.0,0.0,0.0,0.0,0.0,0.0,,0.0,0.0,0.0,0.0,0.0,0.0,0.0,0.0,0.0,0.0,0.0,0.0
13,Statement 3,3.   Other Central Sector Expenditure,696.05,8.81,704.86,647.87,51.0,698.87,1141.69,88.0,1229.69,4558.96,95.0,4653.96,2020-21,Expenditure Profile,0.0,0.0,0.0,0.0,0.0,0.0,0.0,0.0,0.0,0.0,,,0.0,0.0,0.0,0.0,0.0,0.0,0.0,0.0,0.0,0.0,0.0,0.0,0.0,0.0,0.0,0.0,0.0,0.0,0.0,0.0,0.0,0.0,0.0,,0.0,0.0,0.0,0.0,0.0,0.0,0.0,0.0,0.0,0.0,0.0,0.0
13,Statement 3,4.   Other Grants/Loans/Transfers,46.0,0.0,46.0,43.0,0.0,43.0,14651.78,0.0,14651.78,73.01,0.0,73.01,2020-21,Expenditure Profile,0.0,0.0,0.0,0.0,0.0,0.0,0.0,0.0,0.0,0.0,,,0.0,0.0,0.0,0.0,0.0,0.0,0.0,0.0,0.0,0.0,0.0,0.0,0.0,0.0,0.0,0.0,0.0,0.0,0.0,0.0,0.0,0.0,0.0,,0.0,0.0,0.0,0.0,0.0,0.0,0.0,0.0,0.0,0.0,0.0,0.0
13,Statement 3,47. Cabinet,864.66,715.89,1580.55,828.85,0.0,828.85,925.28,0.0,925.28,1140.38,0.0,1140.38,2020-21,Expenditure Profile,0.0,0.0,0.0,0.0,0.0,0.0,0.0,0.0,0.0,0.0,,,0.0,0.0,0.0,0.0,0.0,0.0,0.0,0.0,0.0,0.0,0.0,0.0,0.0,0.0,0.0,0.0,0.0,0.0,0.0,0.0,0.0,0.0,0.0,,0.0,0.0,0.0,0.0,0.0,0.0,0.0,0.0,0.0,0.0,0.0,0.0
13,Statement 3,1.      Establishment Expenditure of the Centre,864.66,715.89,1580.55,828.85,0.0,828.85,925.28,0.0,925.28,1140.38,0.0,1140.38,2020-21,Expenditure Profile,0.0,0.0,0.0,0.0,0.0,0.0,0.0,0.0,0.0,0.0,,,0.0,0.0,0.0,0.0,0.0,0.0,0.0,0.0,0.0,0.0,0.0,0.0,0.0,0.0,0.0,0.0,0.0,0.0,0.0,0.0,0.0,0.0,0.0,,0.0,0.0,0.0,0.0,0.0,0.0,0.0,0.0,0.0,0.0,0.0,0.0
13,Statement 3,48. Police,82208.59,9484.48,91693.07,87411.95,10790.28,98202.23,93454.58,9747.65,103202.23,95397.97,9846.37,105244.34,2020-21,Expenditure Profile,0.0,0.0,0.0,0.0,0.0,0.0,0.0,0.0,0.0,0.0,,,0.0,0.0,0.0,0.0,0.0,0.0,0.0,0.0,0.0,0.0,0.0,0.0,0.0,0.0,0.0,0.0,0.0,0.0,0.0,0.0,0.0,0.0,0.0,,0.0,0.0,0.0,0.0,0.0,0.0,0.0,0.0,0.0,0.0,0.0,0.0
13,Statement 3,1.   Central Sector Schemes/Projects,395.43,7038.11,7433.54,522.02,6777.71,7299.73,468.75,6451.59,6920.34,1261.81,6035.64,7297.45,2020-21,Expenditure Profile,0.0,0.0,0.0,0.0,0.0,0.0,0.0,0.0,0.0,0.0,,,0.0,0.0,0.0,0.0,0.0,0.0,0.0,0.0,0.0,0.0,0.0,0.0,0.0,0.0,0.0,0.0,0.0,0.0,0.0,0.0,0.0,0.0,0.0,,0.0,0.0,0.0,0.0,0.0,0.0,0.0,0.0,0.0,0.0,0.0,0.0
13,Statement 3,2.   Centrally Sponsored Schemes,4030.75,0.0,4030.75,4287.24,0.0,4287.24,4979.95,0.0,4979.95,3945.62,0.0,3945.62,2020-21,Expenditure Profile,0.0,0.0,0.0,0.0,0.0,0.0,0.0,0.0,0.0,0.0,,,0.0,0.0,0.0,0.0,0.0,0.0,0.0,0.0,0.0,0.0,0.0,0.0,0.0,0.0,0.0,0.0,0.0,0.0,0.0,0.0,0.0,0.0,0.0,,0.0,0.0,0.0,0.0,0.0,0.0,0.0,0.0,0.0,0.0,0.0,0.0
13,Statement 3,3.   Establishment Expenditure of the Centre,77206.0,1468.19,78674.19,81421.24,2106.35,83527.59,86635.17,1944.32,88579.49,88696.31,2014.73,90711.04,2020-21,Expenditure Profile,0.0,0.0,0.0,0.0,0.0,0.0,0.0,0.0,0.0,0.0,,,0.0,0.0,0.0,0.0,0.0,0.0,0.0,0.0,0.0,0.0,0.0,0.0,0.0,0.0,0.0,0.0,0.0,0.0,0.0,0.0,0.0,0.0,0.0,,0.0,0.0,0.0,0.0,0.0,0.0,0.0,0.0,0.0,0.0,0.0,0.0
13,Statement 3,4.   Other Central Sector Expenditure,1264.54,1056.16,2320.7,1181.45,1906.22,3087.67,1370.71,1351.74,2722.45,1494.23,1796.0,3290.23,2020-21,Expenditure Profile,0.0,0.0,0.0,0.0,0.0,0.0,0.0,0.0,0.0,0.0,,,0.0,0.0,0.0,0.0,0.0,0.0,0.0,0.0,0.0,0.0,0.0,0.0,0.0,0.0,0.0,0.0,0.0,0.0,0.0,0.0,0.0,0.0,0.0,,0.0,0.0,0.0,0.0,0.0,0.0,0.0,0.0,0.0,0.0,0.0,0.0
13,Statement 3,5.   Other Grants/Loans/Transfers,-688.13,-77.98,-766.11,0.0,0.0,0.0,0.0,0.0,0.0,0.0,0.0,0.0,2020-21,Expenditure Profile,0.0,0.0,0.0,0.0,0.0,0.0,0.0,0.0,0.0,0.0,,,0.0,0.0,0.0,0.0,0.0,0.0,0.0,0.0,0.0,0.0,0.0,0.0,0.0,0.0,0.0,0.0,0.0,0.0,0.0,0.0,0.0,0.0,0.0,,0.0,0.0,0.0,0.0,0.0,0.0,0.0,0.0,0.0,0.0,0.0,0.0
13,Statement 3,49. Andaman and Nicobar Islands,4146.58,473.27,4619.85,4215.9,601.58,4817.48,4442.6,516.56,4959.16,4541.9,622.36,5164.26,2020-21,Expenditure Profile,0.0,0.0,0.0,0.0,0.0,0.0,0.0,0.0,0.0,0.0,,,0.0,0.0,0.0,0.0,0.0,0.0,0.0,0.0,0.0,0.0,0.0,0.0,0.0,0.0,0.0,0.0,0.0,0.0,0.0,0.0,0.0,0.0,0.0,,0.0,0.0,0.0,0.0,0.0,0.0,0.0,0.0,0.0,0.0,0.0,0.0
14,Statement 3,1.   Establishment Expenditure of the Centre,2072.68,0.0,2072.68,2191.5,0.0,2191.5,2327.17,0.0,2327.17,2409.6,0.0,2409.6,2020-21,Expenditure Profile,0.0,0.0,0.0,0.0,0.0,0.0,0.0,0.0,0.0,0.0,,,0.0,0.0,0.0,0.0,0.0,0.0,0.0,0.0,0.0,0.0,0.0,0.0,0.0,0.0,0.0,0.0,0.0,0.0,0.0,0.0,0.0,0.0,0.0,,0.0,0.0,0.0,0.0,0.0,0.0,0.0,0.0,0.0,0.0,0.0,0.0
14,Statement 3,2.   Other Central Sector Expenditure,2073.9,473.27,2547.17,2024.4,601.58,2625.98,2115.43,516.56,2631.99,2132.3,622.36,2754.66,2020-21,Expenditure Profile,0.0,0.0,0.0,0.0,0.0,0.0,0.0,0.0,0.0,0.0,,,0.0,0.0,0.0,0.0,0.0,0.0,0.0,0.0,0.0,0.0,0.0,0.0,0.0,0.0,0.0,0.0,0.0,0.0,0.0,0.0,0.0,0.0,0.0,,0.0,0.0,0.0,0.0,0.0,0.0,0.0,0.0,0.0,0.0,0.0,0.0
14,Statement 3,50. Chandigarh,3624.94,390.16,4015.1,4050.07,241.63,4291.7,4061.36,126.63,4187.99,4300.96,334.14,4635.1,2020-21,Expenditure Profile,0.0,0.0,0.0,0.0,0.0,0.0,0.0,0.0,0.0,0.0,,,0.0,0.0,0.0,0.0,0.0,0.0,0.0,0.0,0.0,0.0,0.0,0.0,0.0,0.0,0.0,0.0,0.0,0.0,0.0,0.0,0.0,0.0,0.0,,0.0,0.0,0.0,0.0,0.0,0.0,0.0,0.0,0.0,0.0,0.0,0.0
14,Statement 3,1. Establishment Expenditure of the Centre,2253.32,0.0,2253.32,2431.8,0.0,2431.8,2392.91,0.0,2392.91,2475.56,0.0,2475.56,2020-21,Expenditure Profile,0.0,0.0,0.0,0.0,0.0,0.0,0.0,0.0,0.0,0.0,,,0.0,0.0,0.0,0.0,0.0,0.0,0.0,0.0,0.0,0.0,0.0,0.0,0.0,0.0,0.0,0.0,0.0,0.0,0.0,0.0,0.0,0.0,0.0,,0.0,0.0,0.0,0.0,0.0,0.0,0.0,0.0,0.0,0.0,0.0,0.0
14,Statement 3,2.   Other Central Sector Expenditure,1371.62,390.16,1761.78,1618.27,241.63,1859.9,1668.45,126.63,1795.08,1825.4,334.14,2159.54,2020-21,Expenditure Profile,0.0,0.0,0.0,0.0,0.0,0.0,0.0,0.0,0.0,0.0,,,0.0,0.0,0.0,0.0,0.0,0.0,0.0,0.0,0.0,0.0,0.0,0.0,0.0,0.0,0.0,0.0,0.0,0.0,0.0,0.0,0.0,0.0,0.0,,0.0,0.0,0.0,0.0,0.0,0.0,0.0,0.0,0.0,0.0,0.0,0.0
14,Statement 3,51. Dadra and Nagar Haveli and Daman and Diu,1232.71,584.11,1816.82,1339.93,659.54,1999.47,1278.07,664.54,1942.61,1428.1,752.42,2180.52,2020-21,Expenditure Profile,0.0,0.0,0.0,0.0,0.0,0.0,0.0,0.0,0.0,0.0,,,0.0,0.0,0.0,0.0,0.0,0.0,0.0,0.0,0.0,0.0,0.0,0.0,0.0,0.0,0.0,0.0,0.0,0.0,0.0,0.0,0.0,0.0,0.0,,0.0,0.0,0.0,0.0,0.0,0.0,0.0,0.0,0.0,0.0,0.0,0.0
14,Statement 3,1. Establishment Expenditure of the Centre,511.51,0.0,511.51,555.17,0.0,555.17,542.95,0.0,542.95,612.83,0.0,612.83,2020-21,Expenditure Profile,0.0,0.0,0.0,0.0,0.0,0.0,0.0,0.0,0.0,0.0,,,0.0,0.0,0.0,0.0,0.0,0.0,0.0,0.0,0.0,0.0,0.0,0.0,0.0,0.0,0.0,0.0,0.0,0.0,0.0,0.0,0.0,0.0,0.0,,0.0,0.0,0.0,0.0,0.0,0.0,0.0,0.0,0.0,0.0,0.0,0.0
14,Statement 3,2.   Other Central Sector Expenditure,721.2,584.11,1305.31,784.76,659.54,1444.3,735.12,664.54,1399.66,815.27,752.42,1567.69,2020-21,Expenditure Profile,0.0,0.0,0.0,0.0,0.0,0.0,0.0,0.0,0.0,0.0,,,0.0,0.0,0.0,0.0,0.0,0.0,0.0,0.0,0.0,0.0,0.0,0.0,0.0,0.0,0.0,0.0,0.0,0.0,0.0,0.0,0.0,0.0,0.0,,0.0,0.0,0.0,0.0,0.0,0.0,0.0,0.0,0.0,0.0,0.0,0.0
14,Statement 3,52. Ladakh,0.0,0.0,0.0,0.0,0.0,0.0,0.0,0.0,0.0,2331.72,3626.28,5958.0,2020-21,Expenditure Profile,0.0,0.0,0.0,0.0,0.0,0.0,0.0,0.0,0.0,0.0,,,0.0,0.0,0.0,0.0,0.0,0.0,0.0,0.0,0.0,0.0,0.0,0.0,0.0,0.0,0.0,0.0,0.0,0.0,0.0,0.0,0.0,0.0,0.0,,0.0,0.0,0.0,0.0,0.0,0.0,0.0,0.0,0.0,0.0,0.0,0.0
14,Statement 3,1.   Establishment Expenditure of the Centre,0.0,0.0,0.0,0.0,0.0,0.0,0.0,0.0,0.0,1880.5,0.0,1880.5,2020-21,Expenditure Profile,0.0,0.0,0.0,0.0,0.0,0.0,0.0,0.0,0.0,0.0,,,0.0,0.0,0.0,0.0,0.0,0.0,0.0,0.0,0.0,0.0,0.0,0.0,0.0,0.0,0.0,0.0,0.0,0.0,0.0,0.0,0.0,0.0,0.0,,0.0,0.0,0.0,0.0,0.0,0.0,0.0,0.0,0.0,0.0,0.0,0.0
14,Statement 3,2.   Other Central Sector Expenditure,0.0,0.0,0.0,0.0,0.0,0.0,0.0,0.0,0.0,451.22,3626.28,4077.5,2020-21,Expenditure Profile,0.0,0.0,0.0,0.0,0.0,0.0,0.0,0.0,0.0,0.0,,,0.0,0.0,0.0,0.0,0.0,0.0,0.0,0.0,0.0,0.0,0.0,0.0,0.0,0.0,0.0,0.0,0.0,0.0,0.0,0.0,0.0,0.0,0.0,,0.0,0.0,0.0,0.0,0.0,0.0,0.0,0.0,0.0,0.0,0.0,0.0
14,Statement 3,53. Lakshadweep,1080.49,153.41,1233.9,1090.61,186.13,1276.74,1129.88,167.98,1297.86,1148.34,201.37,1349.71,2020-21,Expenditure Profile,0.0,0.0,0.0,0.0,0.0,0.0,0.0,0.0,0.0,0.0,,,0.0,0.0,0.0,0.0,0.0,0.0,0.0,0.0,0.0,0.0,0.0,0.0,0.0,0.0,0.0,0.0,0.0,0.0,0.0,0.0,0.0,0.0,0.0,,0.0,0.0,0.0,0.0,0.0,0.0,0.0,0.0,0.0,0.0,0.0,0.0
14,Statement 3,1. Establishment Expenditure of the Centre,355.6,0.0,355.6,368.25,0.0,368.25,378.2,0.0,378.2,399.28,0.0,399.28,2020-21,Expenditure Profile,0.0,0.0,0.0,0.0,0.0,0.0,0.0,0.0,0.0,0.0,,,0.0,0.0,0.0,0.0,0.0,0.0,0.0,0.0,0.0,0.0,0.0,0.0,0.0,0.0,0.0,0.0,0.0,0.0,0.0,0.0,0.0,0.0,0.0,,0.0,0.0,0.0,0.0,0.0,0.0,0.0,0.0,0.0,0.0,0.0,0.0
14,Statement 3,2.   Other Central Sector Expenditure,724.89,153.41,878.3,722.36,186.13,908.49,751.68,167.98,919.66,749.06,201.37,950.43,2020-21,Expenditure Profile,0.0,0.0,0.0,0.0,0.0,0.0,0.0,0.0,0.0,0.0,,,0.0,0.0,0.0,0.0,0.0,0.0,0.0,0.0,0.0,0.0,0.0,0.0,0.0,0.0,0.0,0.0,0.0,0.0,0.0,0.0,0.0,0.0,0.0,,0.0,0.0,0.0,0.0,0.0,0.0,0.0,0.0,0.0,0.0,0.0,0.0
14,Statement 3,54. Transfers to Delhi,781.24,80.0,861.24,812.0,300.0,1112.0,812.0,225.0,1037.0,966.0,150.0,1116.0,2020-21,Expenditure Profile,0.0,0.0,0.0,0.0,0.0,0.0,0.0,0.0,0.0,0.0,,,0.0,0.0,0.0,0.0,0.0,0.0,0.0,0.0,0.0,0.0,0.0,0.0,0.0,0.0,0.0,0.0,0.0,0.0,0.0,0.0,0.0,0.0,0.0,,0.0,0.0,0.0,0.0,0.0,0.0,0.0,0.0,0.0,0.0,0.0,0.0
14,Statement 3,1. Other Grants/Loans/Transfers,781.24,80.0,861.24,812.0,300.0,1112.0,812.0,225.0,1037.0,966.0,150.0,1116.0,2020-21,Expenditure Profile,0.0,0.0,0.0,0.0,0.0,0.0,0.0,0.0,0.0,0.0,,,0.0,0.0,0.0,0.0,0.0,0.0,0.0,0.0,0.0,0.0,0.0,0.0,0.0,0.0,0.0,0.0,0.0,0.0,0.0,0.0,0.0,0.0,0.0,,0.0,0.0,0.0,0.0,0.0,0.0,0.0,0.0,0.0,0.0,0.0,0.0
14,Statement 3,55. Transfers to Jammu and Kashmir,0.0,0.0,0.0,0.0,0.0,0.0,0.0,0.0,0.0,30757.0,0.0,30757.0,2020-21,Expenditure Profile,0.0,0.0,0.0,0.0,0.0,0.0,0.0,0.0,0.0,0.0,,,0.0,0.0,0.0,0.0,0.0,0.0,0.0,0.0,0.0,0.0,0.0,0.0,0.0,0.0,0.0,0.0,0.0,0.0,0.0,0.0,0.0,0.0,0.0,,0.0,0.0,0.0,0.0,0.0,0.0,0.0,0.0,0.0,0.0,0.0,0.0
14,Statement 3,1. Other Grants/Loans/Transfers,0.0,0.0,0.0,0.0,0.0,0.0,0.0,0.0,0.0,30757.0,0.0,30757.0,2020-21,Expenditure Profile,0.0,0.0,0.0,0.0,0.0,0.0,0.0,0.0,0.0,0.0,,,0.0,0.0,0.0,0.0,0.0,0.0,0.0,0.0,0.0,0.0,0.0,0.0,0.0,0.0,0.0,0.0,0.0,0.0,0.0,0.0,0.0,0.0,0.0,,0.0,0.0,0.0,0.0,0.0,0.0,0.0,0.0,0.0,0.0,0.0,0.0
14,Statement 3,56. Transfers to Puducherry,1475.99,49.61,1525.6,1600.99,0.01,1601.0,1600.99,0.01,1601.0,1703.01,0.01,1703.02,2020-21,Expenditure Profile,0.0,0.0,0.0,0.0,0.0,0.0,0.0,0.0,0.0,0.0,,,0.0,0.0,0.0,0.0,0.0,0.0,0.0,0.0,0.0,0.0,0.0,0.0,0.0,0.0,0.0,0.0,0.0,0.0,0.0,0.0,0.0,0.0,0.0,,0.0,0.0,0.0,0.0,0.0,0.0,0.0,0.0,0.0,0.0,0.0,0.0
14,Statement 3,1. Other Grants/Loans/Transfers,1475.99,49.61,1525.6,1600.99,0.01,1601.0,1600.99,0.01,1601.0,1703.01,0.01,1703.02,2020-21,Expenditure Profile,0.0,0.0,0.0,0.0,0.0,0.0,0.0,0.0,0.0,0.0,,,0.0,0.0,0.0,0.0,0.0,0.0,0.0,0.0,0.0,0.0,0.0,0.0,0.0,0.0,0.0,0.0,0.0,0.0,0.0,0.0,0.0,0.0,0.0,,0.0,0.0,0.0,0.0,0.0,0.0,0.0,0.0,0.0,0.0,0.0,0.0
14,Statement 3,57. Ministry of Housing and Urban Affairs,24838.43,15773.44,40611.87,28487.84,19544.33,48032.17,23069.28,19197.44,42266.72,28890.89,21149.01,50039.9,2020-21,Expenditure Profile,0.0,0.0,0.0,0.0,0.0,0.0,0.0,0.0,0.0,0.0,,,0.0,0.0,0.0,0.0,0.0,0.0,0.0,0.0,0.0,0.0,0.0,0.0,0.0,0.0,0.0,0.0,0.0,0.0,0.0,0.0,0.0,0.0,0.0,,0.0,0.0,0.0,0.0,0.0,0.0,0.0,0.0,0.0,0.0,0.0,0.0
14,Statement 3,1. Central Sector Schemes/Projects,2252.06,15773.44,18025.5,2926.37,19508.17,22434.54,2824.25,19197.43,22021.68,629.0,20859.01,21488.01,2020-21,Expenditure Profile,0.0,0.0,0.0,0.0,0.0,0.0,0.0,0.0,0.0,0.0,,,0.0,0.0,0.0,0.0,0.0,0.0,0.0,0.0,0.0,0.0,0.0,0.0,0.0,0.0,0.0,0.0,0.0,0.0,0.0,0.0,0.0,0.0,0.0,,0.0,0.0,0.0,0.0,0.0,0.0,0.0,0.0,0.0,0.0,0.0,0.0
14,Statement 3,2.   Centrally Sponsored Schemes,21113.28,0.0,21113.28,24003.26,0.0,24003.26,18745.26,0.0,18745.26,24845.0,0.0,24845.0,2020-21,Expenditure Profile,0.0,0.0,0.0,0.0,0.0,0.0,0.0,0.0,0.0,0.0,,,0.0,0.0,0.0,0.0,0.0,0.0,0.0,0.0,0.0,0.0,0.0,0.0,0.0,0.0,0.0,0.0,0.0,0.0,0.0,0.0,0.0,0.0,0.0,,0.0,0.0,0.0,0.0,0.0,0.0,0.0,0.0,0.0,0.0,0.0,0.0
14,Statement 3,3.   Establishment Expenditure of the Centre,1387.44,0.0,1387.44,1448.36,0.0,1448.36,1417.97,0.0,1417.97,3340.35,0.0,3340.35,2020-21,Expenditure Profile,0.0,0.0,0.0,0.0,0.0,0.0,0.0,0.0,0.0,0.0,,,0.0,0.0,0.0,0.0,0.0,0.0,0.0,0.0,0.0,0.0,0.0,0.0,0.0,0.0,0.0,0.0,0.0,0.0,0.0,0.0,0.0,0.0,0.0,,0.0,0.0,0.0,0.0,0.0,0.0,0.0,0.0,0.0,0.0,0.0,0.0
14,Statement 3,4.   Other Central Sector Expenditure,85.65,0.0,85.65,109.85,36.16,146.01,81.8,0.01,81.81,76.54,290.0,366.54,2020-21,Expenditure Profile,0.0,0.0,0.0,0.0,0.0,0.0,0.0,0.0,0.0,0.0,,,0.0,0.0,0.0,0.0,0.0,0.0,0.0,0.0,0.0,0.0,0.0,0.0,0.0,0.0,0.0,0.0,0.0,0.0,0.0,0.0,0.0,0.0,0.0,,0.0,0.0,0.0,0.0,0.0,0.0,0.0,0.0,0.0,0.0,0.0,0.0
14,Statement 3,58. Department of School Education and Literacy,48440.57,0.0,48440.57,56536.63,0.0,56536.63,56536.63,0.0,56536.63,59845.0,0.0,59845.0,2020-21,Expenditure Profile,0.0,0.0,0.0,0.0,0.0,0.0,0.0,0.0,0.0,0.0,,,0.0,0.0,0.0,0.0,0.0,0.0,0.0,0.0,0.0,0.0,0.0,0.0,0.0,0.0,0.0,0.0,0.0,0.0,0.0,0.0,0.0,0.0,0.0,,0.0,0.0,0.0,0.0,0.0,0.0,0.0,0.0,0.0,0.0,0.0,0.0
14,Statement 3,1. Central Sector Schemes/Projects,484.5,0.0,484.5,471.2,0.0,471.2,424.21,0.0,424.21,519.5,0.0,519.5,2020-21,Expenditure Profile,0.0,0.0,0.0,0.0,0.0,0.0,0.0,0.0,0.0,0.0,,,0.0,0.0,0.0,0.0,0.0,0.0,0.0,0.0,0.0,0.0,0.0,0.0,0.0,0.0,0.0,0.0,0.0,0.0,0.0,0.0,0.0,0.0,0.0,,0.0,0.0,0.0,0.0,0.0,0.0,0.0,0.0,0.0,0.0,0.0,0.0
14,Statement 3,2.   Centrally Sponsored Schemes,39346.55,0.0,39346.55,47567.4,0.0,47567.4,46324.51,0.0,46324.51,50080.5,0.0,50080.5,2020-21,Expenditure Profile,0.0,0.0,0.0,0.0,0.0,0.0,0.0,0.0,0.0,0.0,,,0.0,0.0,0.0,0.0,0.0,0.0,0.0,0.0,0.0,0.0,0.0,0.0,0.0,0.0,0.0,0.0,0.0,0.0,0.0,0.0,0.0,0.0,0.0,,0.0,0.0,0.0,0.0,0.0,0.0,0.0,0.0,0.0,0.0,0.0,0.0
14,Statement 3,3.   Establishment Expenditure of the Centre,27.58,0.0,27.58,32.9,0.0,32.9,33.7,0.0,33.7,40.0,0.0,40.0,2020-21,Expenditure Profile,0.0,0.0,0.0,0.0,0.0,0.0,0.0,0.0,0.0,0.0,,,0.0,0.0,0.0,0.0,0.0,0.0,0.0,0.0,0.0,0.0,0.0,0.0,0.0,0.0,0.0,0.0,0.0,0.0,0.0,0.0,0.0,0.0,0.0,,0.0,0.0,0.0,0.0,0.0,0.0,0.0,0.0,0.0,0.0,0.0,0.0
14,Statement 3,4.   Other Central Sector Expenditure,8588.04,0.0,8588.04,8465.13,0.0,8465.13,9754.21,0.0,9754.21,9205.0,0.0,9205.0,2020-21,Expenditure Profile,0.0,0.0,0.0,0.0,0.0,0.0,0.0,0.0,0.0,0.0,,,0.0,0.0,0.0,0.0,0.0,0.0,0.0,0.0,0.0,0.0,0.0,0.0,0.0,0.0,0.0,0.0,0.0,0.0,0.0,0.0,0.0,0.0,0.0,,0.0,0.0,0.0,0.0,0.0,0.0,0.0,0.0,0.0,0.0,0.0,0.0
15,Statement 3,5.   Other Grants/Loans/Transfers,-6.1,0.0,-6.1,0.0,0.0,0.0,0.0,0.0,0.0,0.0,0.0,0.0,2020-21,Expenditure Profile,0.0,0.0,0.0,0.0,0.0,0.0,0.0,0.0,0.0,0.0,,,0.0,0.0,0.0,0.0,0.0,0.0,0.0,0.0,0.0,0.0,0.0,0.0,0.0,0.0,0.0,0.0,0.0,0.0,0.0,0.0,0.0,0.0,0.0,,0.0,0.0,0.0,0.0,0.0,0.0,0.0,0.0,0.0,0.0,0.0,0.0
15,Statement 3,59. Department of Higher Education,29641.77,2262.5,31904.27,36197.01,2120.0,38317.01,36197.01,2120.0,38317.01,37239.52,2227.0,39466.52,2020-21,Expenditure Profile,0.0,0.0,0.0,0.0,0.0,0.0,0.0,0.0,0.0,0.0,,,0.0,0.0,0.0,0.0,0.0,0.0,0.0,0.0,0.0,0.0,0.0,0.0,0.0,0.0,0.0,0.0,0.0,0.0,0.0,0.0,0.0,0.0,0.0,,0.0,0.0,0.0,0.0,0.0,0.0,0.0,0.0,0.0,0.0,0.0,0.0
15,Statement 3,1. Central Sector Schemes/Projects,3625.3,2262.5,5887.8,5337.86,2100.0,7437.86,5146.41,2100.0,7246.41,6206.9,2200.0,8406.9,2020-21,Expenditure Profile,0.0,0.0,0.0,0.0,0.0,0.0,0.0,0.0,0.0,0.0,,,0.0,0.0,0.0,0.0,0.0,0.0,0.0,0.0,0.0,0.0,0.0,0.0,0.0,0.0,0.0,0.0,0.0,0.0,0.0,0.0,0.0,0.0,0.0,,0.0,0.0,0.0,0.0,0.0,0.0,0.0,0.0,0.0,0.0,0.0,0.0
15,Statement 3,2.   Centrally Sponsored Schemes,1349.45,0.0,1349.45,2100.0,0.0,2100.0,1380.0,0.0,1380.0,300.0,0.0,300.0,2020-21,Expenditure Profile,0.0,0.0,0.0,0.0,0.0,0.0,0.0,0.0,0.0,0.0,,,0.0,0.0,0.0,0.0,0.0,0.0,0.0,0.0,0.0,0.0,0.0,0.0,0.0,0.0,0.0,0.0,0.0,0.0,0.0,0.0,0.0,0.0,0.0,,0.0,0.0,0.0,0.0,0.0,0.0,0.0,0.0,0.0,0.0,0.0,0.0
15,Statement 3,3.   Establishment Expenditure of the Centre,175.22,0.0,175.22,219.59,20.0,239.59,224.58,20.0,244.58,231.26,27.0,258.26,2020-21,Expenditure Profile,0.0,0.0,0.0,0.0,0.0,0.0,0.0,0.0,0.0,0.0,,,0.0,0.0,0.0,0.0,0.0,0.0,0.0,0.0,0.0,0.0,0.0,0.0,0.0,0.0,0.0,0.0,0.0,0.0,0.0,0.0,0.0,0.0,0.0,,0.0,0.0,0.0,0.0,0.0,0.0,0.0,0.0,0.0,0.0,0.0,0.0
15,Statement 3,4.   Other Central Sector Expenditure,24022.63,0.0,24022.63,26539.56,0.0,26539.56,27646.02,0.0,27646.02,28601.36,0.0,28601.36,2020-21,Expenditure Profile,0.0,0.0,0.0,0.0,0.0,0.0,0.0,0.0,0.0,0.0,,,0.0,0.0,0.0,0.0,0.0,0.0,0.0,0.0,0.0,0.0,0.0,0.0,0.0,0.0,0.0,0.0,0.0,0.0,0.0,0.0,0.0,0.0,0.0,,0.0,0.0,0.0,0.0,0.0,0.0,0.0,0.0,0.0,0.0,0.0,0.0
15,Statement 3,5.   Other Grants/Loans/Transfers,469.17,0.0,469.17,2000.0,0.0,2000.0,1800.0,0.0,1800.0,1900.0,0.0,1900.0,2020-21,Expenditure Profile,0.0,0.0,0.0,0.0,0.0,0.0,0.0,0.0,0.0,0.0,,,0.0,0.0,0.0,0.0,0.0,0.0,0.0,0.0,0.0,0.0,0.0,0.0,0.0,0.0,0.0,0.0,0.0,0.0,0.0,0.0,0.0,0.0,0.0,,0.0,0.0,0.0,0.0,0.0,0.0,0.0,0.0,0.0,0.0,0.0,0.0
15,Statement 3,60. Ministry of Information and Broadcasting,3991.52,9.28,4000.8,4361.67,13.54,4375.21,4059.24,5.52,4064.76,4361.65,13.56,4375.21,2020-21,Expenditure Profile,0.0,0.0,0.0,0.0,0.0,0.0,0.0,0.0,0.0,0.0,,,0.0,0.0,0.0,0.0,0.0,0.0,0.0,0.0,0.0,0.0,0.0,0.0,0.0,0.0,0.0,0.0,0.0,0.0,0.0,0.0,0.0,0.0,0.0,,0.0,0.0,0.0,0.0,0.0,0.0,0.0,0.0,0.0,0.0,0.0,0.0
15,Statement 3,1. Central Sector Schemes/Projects,647.5,9.28,656.78,886.46,13.54,900.0,619.87,5.52,625.39,726.44,13.56,740.0,2020-21,Expenditure Profile,0.0,0.0,0.0,0.0,0.0,0.0,0.0,0.0,0.0,0.0,,,0.0,0.0,0.0,0.0,0.0,0.0,0.0,0.0,0.0,0.0,0.0,0.0,0.0,0.0,0.0,0.0,0.0,0.0,0.0,0.0,0.0,0.0,0.0,,0.0,0.0,0.0,0.0,0.0,0.0,0.0,0.0,0.0,0.0,0.0,0.0
15,Statement 3,2.   Establishment Expenditure of the Centre,453.65,0.0,453.65,495.45,0.0,495.45,460.64,0.0,460.64,554.8,0.0,554.8,2020-21,Expenditure Profile,0.0,0.0,0.0,0.0,0.0,0.0,0.0,0.0,0.0,0.0,,,0.0,0.0,0.0,0.0,0.0,0.0,0.0,0.0,0.0,0.0,0.0,0.0,0.0,0.0,0.0,0.0,0.0,0.0,0.0,0.0,0.0,0.0,0.0,,0.0,0.0,0.0,0.0,0.0,0.0,0.0,0.0,0.0,0.0,0.0,0.0
15,Statement 3,3.   Other Central Sector Expenditure,2890.37,0.0,2890.37,2979.76,0.0,2979.76,2978.73,0.0,2978.73,3080.41,0.0,3080.41,2020-21,Expenditure Profile,0.0,0.0,0.0,0.0,0.0,0.0,0.0,0.0,0.0,0.0,,,0.0,0.0,0.0,0.0,0.0,0.0,0.0,0.0,0.0,0.0,0.0,0.0,0.0,0.0,0.0,0.0,0.0,0.0,0.0,0.0,0.0,0.0,0.0,,0.0,0.0,0.0,0.0,0.0,0.0,0.0,0.0,0.0,0.0,0.0,0.0
15,Statement 3,"61. Department of Water Resources, River Development and",7104.85,317.23,7422.08,7853.78,391.47,8245.25,7198.73,319.48,7518.21,8574.37,386.02,8960.39,2020-21,Expenditure Profile,0.0,0.0,0.0,0.0,0.0,0.0,0.0,0.0,0.0,0.0,,,0.0,0.0,0.0,0.0,0.0,0.0,0.0,0.0,0.0,0.0,0.0,0.0,0.0,0.0,0.0,0.0,0.0,0.0,0.0,0.0,0.0,0.0,0.0,,0.0,0.0,0.0,0.0,0.0,0.0,0.0,0.0,0.0,0.0,0.0,0.0
15,Statement 3,Ganga Rejuvenation 1. Central Sector Schemes/Projects,2888.52,316.02,3204.54,2660.52,388.87,3049.39,2156.86,317.33,2474.19,2363.05,382.98,2746.03,2020-21,Expenditure Profile,0.0,0.0,0.0,0.0,0.0,0.0,0.0,0.0,0.0,0.0,,,0.0,0.0,0.0,0.0,0.0,0.0,0.0,0.0,0.0,0.0,0.0,0.0,0.0,0.0,0.0,0.0,0.0,0.0,0.0,0.0,0.0,0.0,0.0,,0.0,0.0,0.0,0.0,0.0,0.0,0.0,0.0,0.0,0.0,0.0,0.0
15,Statement 3,2.   Centrally Sponsored Schemes,3438.62,0.34,3438.96,4310.06,1.5,4311.56,4177.64,0.92,4178.56,5344.69,1.82,5346.51,2020-21,Expenditure Profile,0.0,0.0,0.0,0.0,0.0,0.0,0.0,0.0,0.0,0.0,,,0.0,0.0,0.0,0.0,0.0,0.0,0.0,0.0,0.0,0.0,0.0,0.0,0.0,0.0,0.0,0.0,0.0,0.0,0.0,0.0,0.0,0.0,0.0,,0.0,0.0,0.0,0.0,0.0,0.0,0.0,0.0,0.0,0.0,0.0,0.0
15,Statement 3,3.   Establishment Expenditure of the Centre,777.71,0.87,778.58,883.2,1.1,884.3,864.23,1.23,865.46,866.63,1.22,867.85,2020-21,Expenditure Profile,0.0,0.0,0.0,0.0,0.0,0.0,0.0,0.0,0.0,0.0,,,0.0,0.0,0.0,0.0,0.0,0.0,0.0,0.0,0.0,0.0,0.0,0.0,0.0,0.0,0.0,0.0,0.0,0.0,0.0,0.0,0.0,0.0,0.0,,0.0,0.0,0.0,0.0,0.0,0.0,0.0,0.0,0.0,0.0,0.0,0.0
15,Statement 3,62. Department of Drinking Water and Sanitation,18411.54,0.0,18411.54,20016.34,0.0,20016.34,18360.0,0.0,18360.0,21518.1,0.0,21518.1,2020-21,Expenditure Profile,0.0,0.0,0.0,0.0,0.0,0.0,0.0,0.0,0.0,0.0,,,0.0,0.0,0.0,0.0,0.0,0.0,0.0,0.0,0.0,0.0,0.0,0.0,0.0,0.0,0.0,0.0,0.0,0.0,0.0,0.0,0.0,0.0,0.0,,0.0,0.0,0.0,0.0,0.0,0.0,0.0,0.0,0.0,0.0,0.0,0.0
15,Statement 3,1. Centrally Sponsored Schemes,18396.81,0.0,18396.81,19994.66,0.0,19994.66,18338.88,0.0,18338.88,21494.1,0.0,21494.1,2020-21,Expenditure Profile,0.0,0.0,0.0,0.0,0.0,0.0,0.0,0.0,0.0,0.0,,,0.0,0.0,0.0,0.0,0.0,0.0,0.0,0.0,0.0,0.0,0.0,0.0,0.0,0.0,0.0,0.0,0.0,0.0,0.0,0.0,0.0,0.0,0.0,,0.0,0.0,0.0,0.0,0.0,0.0,0.0,0.0,0.0,0.0,0.0,0.0
15,Statement 3,2.   Establishment Expenditure of the Centre,14.73,0.0,14.73,21.68,0.0,21.68,21.12,0.0,21.12,24.0,0.0,24.0,2020-21,Expenditure Profile,0.0,0.0,0.0,0.0,0.0,0.0,0.0,0.0,0.0,0.0,,,0.0,0.0,0.0,0.0,0.0,0.0,0.0,0.0,0.0,0.0,0.0,0.0,0.0,0.0,0.0,0.0,0.0,0.0,0.0,0.0,0.0,0.0,0.0,,0.0,0.0,0.0,0.0,0.0,0.0,0.0,0.0,0.0,0.0,0.0,0.0
15,Statement 3,63. Ministry of Labour and Employment,9280.5,5.27,9285.77,11151.65,32.44,11184.09,11146.55,37.54,11184.09,12021.49,44.0,12065.49,2020-21,Expenditure Profile,0.0,0.0,0.0,0.0,0.0,0.0,0.0,0.0,0.0,0.0,,,0.0,0.0,0.0,0.0,0.0,0.0,0.0,0.0,0.0,0.0,0.0,0.0,0.0,0.0,0.0,0.0,0.0,0.0,0.0,0.0,0.0,0.0,0.0,,0.0,0.0,0.0,0.0,0.0,0.0,0.0,0.0,0.0,0.0,0.0,0.0
15,Statement 3,1. Central Sector Schemes/Projects,5367.54,3.95,5371.49,6106.27,22.94,6129.21,7139.22,26.04,7165.26,8724.1,1.0,8725.1,2020-21,Expenditure Profile,0.0,0.0,0.0,0.0,0.0,0.0,0.0,0.0,0.0,0.0,,,0.0,0.0,0.0,0.0,0.0,0.0,0.0,0.0,0.0,0.0,0.0,0.0,0.0,0.0,0.0,0.0,0.0,0.0,0.0,0.0,0.0,0.0,0.0,,0.0,0.0,0.0,0.0,0.0,0.0,0.0,0.0,0.0,0.0,0.0,0.0
15,Statement 3,2.   Centrally Sponsored Schemes,3561.84,1.1,3562.94,4575.5,8.29,4583.79,3491.5,10.29,3501.79,2646.29,0.1,2646.39,2020-21,Expenditure Profile,0.0,0.0,0.0,0.0,0.0,0.0,0.0,0.0,0.0,0.0,,,0.0,0.0,0.0,0.0,0.0,0.0,0.0,0.0,0.0,0.0,0.0,0.0,0.0,0.0,0.0,0.0,0.0,0.0,0.0,0.0,0.0,0.0,0.0,,0.0,0.0,0.0,0.0,0.0,0.0,0.0,0.0,0.0,0.0,0.0,0.0
15,Statement 3,3.   Establishment Expenditure of the Centre,271.36,0.22,271.58,379.88,1.21,381.09,390.83,1.21,392.04,551.1,42.9,594.0,2020-21,Expenditure Profile,0.0,0.0,0.0,0.0,0.0,0.0,0.0,0.0,0.0,0.0,,,0.0,0.0,0.0,0.0,0.0,0.0,0.0,0.0,0.0,0.0,0.0,0.0,0.0,0.0,0.0,0.0,0.0,0.0,0.0,0.0,0.0,0.0,0.0,,0.0,0.0,0.0,0.0,0.0,0.0,0.0,0.0,0.0,0.0,0.0,0.0
15,Statement 3,4.   Other Central Sector Expenditure,79.76,0.0,79.76,90.0,0.0,90.0,125.0,0.0,125.0,100.0,0.0,100.0,2020-21,Expenditure Profile,0.0,0.0,0.0,0.0,0.0,0.0,0.0,0.0,0.0,0.0,,,0.0,0.0,0.0,0.0,0.0,0.0,0.0,0.0,0.0,0.0,0.0,0.0,0.0,0.0,0.0,0.0,0.0,0.0,0.0,0.0,0.0,0.0,0.0,,0.0,0.0,0.0,0.0,0.0,0.0,0.0,0.0,0.0,0.0,0.0,0.0
15,Statement 3,64. Law and Justice,2294.15,3676.96,5971.11,2920.11,135.0,3055.11,3063.36,110.0,3173.36,2000.0,200.0,2200.0,2020-21,Expenditure Profile,0.0,0.0,0.0,0.0,0.0,0.0,0.0,0.0,0.0,0.0,,,0.0,0.0,0.0,0.0,0.0,0.0,0.0,0.0,0.0,0.0,0.0,0.0,0.0,0.0,0.0,0.0,0.0,0.0,0.0,0.0,0.0,0.0,0.0,,0.0,0.0,0.0,0.0,0.0,0.0,0.0,0.0,0.0,0.0,0.0,0.0
15,Statement 3,1. Central Sector Schemes/Projects,284.94,0.0,284.94,292.26,0.0,292.26,210.0,0.0,210.0,285.73,0.0,285.73,2020-21,Expenditure Profile,0.0,0.0,0.0,0.0,0.0,0.0,0.0,0.0,0.0,0.0,,,0.0,0.0,0.0,0.0,0.0,0.0,0.0,0.0,0.0,0.0,0.0,0.0,0.0,0.0,0.0,0.0,0.0,0.0,0.0,0.0,0.0,0.0,0.0,,0.0,0.0,0.0,0.0,0.0,0.0,0.0,0.0,0.0,0.0,0.0,0.0
15,Statement 3,2.   Centrally Sponsored Schemes,656.69,0.0,656.69,720.0,0.0,720.0,990.0,0.0,990.0,762.0,0.0,762.0,2020-21,Expenditure Profile,0.0,0.0,0.0,0.0,0.0,0.0,0.0,0.0,0.0,0.0,,,0.0,0.0,0.0,0.0,0.0,0.0,0.0,0.0,0.0,0.0,0.0,0.0,0.0,0.0,0.0,0.0,0.0,0.0,0.0,0.0,0.0,0.0,0.0,,0.0,0.0,0.0,0.0,0.0,0.0,0.0,0.0,0.0,0.0,0.0,0.0
15,Statement 3,3.   Establishment Expenditure of the Centre,278.53,20.59,299.12,324.3,110.0,434.3,324.3,35.0,359.3,348.27,50.0,398.27,2020-21,Expenditure Profile,0.0,0.0,0.0,0.0,0.0,0.0,0.0,0.0,0.0,0.0,,,0.0,0.0,0.0,0.0,0.0,0.0,0.0,0.0,0.0,0.0,0.0,0.0,0.0,0.0,0.0,0.0,0.0,0.0,0.0,0.0,0.0,0.0,0.0,,0.0,0.0,0.0,0.0,0.0,0.0,0.0,0.0,0.0,0.0,0.0,0.0
15,Statement 3,4.   Other Central Sector Expenditure,161.15,0.0,161.15,154.0,0.0,154.0,159.0,0.0,159.0,117.0,0.0,117.0,2020-21,Expenditure Profile,0.0,0.0,0.0,0.0,0.0,0.0,0.0,0.0,0.0,0.0,,,0.0,0.0,0.0,0.0,0.0,0.0,0.0,0.0,0.0,0.0,0.0,0.0,0.0,0.0,0.0,0.0,0.0,0.0,0.0,0.0,0.0,0.0,0.0,,0.0,0.0,0.0,0.0,0.0,0.0,0.0,0.0,0.0,0.0,0.0,0.0
15,Statement 3,5.   Other Grants/Loans/Transfers,912.84,3656.37,4569.21,1429.55,25.0,1454.55,1380.06,75.0,1455.06,487.0,150.0,637.0,2020-21,Expenditure Profile,0.0,0.0,0.0,0.0,0.0,0.0,0.0,0.0,0.0,0.0,,,0.0,0.0,0.0,0.0,0.0,0.0,0.0,0.0,0.0,0.0,0.0,0.0,0.0,0.0,0.0,0.0,0.0,0.0,0.0,0.0,0.0,0.0,0.0,,0.0,0.0,0.0,0.0,0.0,0.0,0.0,0.0,0.0,0.0,0.0,0.0
16,Statement 3,65. Election Commission,217.34,19.3,236.64,261.68,25.0,286.68,255.46,31.22,286.68,269.0,1.0,270.0,2020-21,Expenditure Profile,0.0,0.0,0.0,0.0,0.0,0.0,0.0,0.0,0.0,0.0,,,0.0,0.0,0.0,0.0,0.0,0.0,0.0,0.0,0.0,0.0,0.0,0.0,0.0,0.0,0.0,0.0,0.0,0.0,0.0,0.0,0.0,0.0,0.0,,0.0,0.0,0.0,0.0,0.0,0.0,0.0,0.0,0.0,0.0,0.0,0.0
16,Statement 3,1. Establishment Expenditure of the Centre,218.73,19.3,238.03,261.68,25.0,286.68,255.46,31.22,286.68,269.0,1.0,270.0,2020-21,Expenditure Profile,0.0,0.0,0.0,0.0,0.0,0.0,0.0,0.0,0.0,0.0,,,0.0,0.0,0.0,0.0,0.0,0.0,0.0,0.0,0.0,0.0,0.0,0.0,0.0,0.0,0.0,0.0,0.0,0.0,0.0,0.0,0.0,0.0,0.0,,0.0,0.0,0.0,0.0,0.0,0.0,0.0,0.0,0.0,0.0,0.0,0.0
16,Statement 3,2.   Other Central Sector Expenditure,-1.39,0.0,-1.39,0.0,0.0,0.0,0.0,0.0,0.0,0.0,0.0,0.0,2020-21,Expenditure Profile,0.0,0.0,0.0,0.0,0.0,0.0,0.0,0.0,0.0,0.0,,,0.0,0.0,0.0,0.0,0.0,0.0,0.0,0.0,0.0,0.0,0.0,0.0,0.0,0.0,0.0,0.0,0.0,0.0,0.0,0.0,0.0,0.0,0.0,,0.0,0.0,0.0,0.0,0.0,0.0,0.0,0.0,0.0,0.0,0.0,0.0
16,Statement 3,66. Supreme Court of India,258.53,0.0,258.53,269.46,0.0,269.46,296.55,0.0,296.55,308.61,0.0,308.61,2020-21,Expenditure Profile,0.0,0.0,0.0,0.0,0.0,0.0,0.0,0.0,0.0,0.0,,,0.0,0.0,0.0,0.0,0.0,0.0,0.0,0.0,0.0,0.0,0.0,0.0,0.0,0.0,0.0,0.0,0.0,0.0,0.0,0.0,0.0,0.0,0.0,,0.0,0.0,0.0,0.0,0.0,0.0,0.0,0.0,0.0,0.0,0.0,0.0
16,Statement 3,1. Establishment Expenditure of the Centre,258.53,0.0,258.53,269.46,0.0,269.46,296.55,0.0,296.55,308.61,0.0,308.61,2020-21,Expenditure Profile,0.0,0.0,0.0,0.0,0.0,0.0,0.0,0.0,0.0,0.0,,,0.0,0.0,0.0,0.0,0.0,0.0,0.0,0.0,0.0,0.0,0.0,0.0,0.0,0.0,0.0,0.0,0.0,0.0,0.0,0.0,0.0,0.0,0.0,,0.0,0.0,0.0,0.0,0.0,0.0,0.0,0.0,0.0,0.0,0.0,0.0
16,Statement 3,"67. Ministry of Micro, Small and Medium Enterprises",6502.24,7.23,6509.47,6984.27,27.02,7011.29,6985.09,26.2,7011.29,7513.2,59.0,7572.2,2020-21,Expenditure Profile,0.0,0.0,0.0,0.0,0.0,0.0,0.0,0.0,0.0,0.0,,,0.0,0.0,0.0,0.0,0.0,0.0,0.0,0.0,0.0,0.0,0.0,0.0,0.0,0.0,0.0,0.0,0.0,0.0,0.0,0.0,0.0,0.0,0.0,,0.0,0.0,0.0,0.0,0.0,0.0,0.0,0.0,0.0,0.0,0.0,0.0
16,Statement 3,1. Central Sector Schemes/Projects,6455.59,7.23,6462.82,6930.74,27.02,6957.76,6927.2,26.2,6953.4,7220.46,59.0,7279.46,2020-21,Expenditure Profile,0.0,0.0,0.0,0.0,0.0,0.0,0.0,0.0,0.0,0.0,,,0.0,0.0,0.0,0.0,0.0,0.0,0.0,0.0,0.0,0.0,0.0,0.0,0.0,0.0,0.0,0.0,0.0,0.0,0.0,0.0,0.0,0.0,0.0,,0.0,0.0,0.0,0.0,0.0,0.0,0.0,0.0,0.0,0.0,0.0,0.0
16,Statement 3,2.   Centrally Sponsored Schemes,0.0,0.0,0.0,0.0,0.0,0.0,0.0,0.0,0.0,235.89,0.0,235.89,2020-21,Expenditure Profile,0.0,0.0,0.0,0.0,0.0,0.0,0.0,0.0,0.0,0.0,,,0.0,0.0,0.0,0.0,0.0,0.0,0.0,0.0,0.0,0.0,0.0,0.0,0.0,0.0,0.0,0.0,0.0,0.0,0.0,0.0,0.0,0.0,0.0,,0.0,0.0,0.0,0.0,0.0,0.0,0.0,0.0,0.0,0.0,0.0,0.0
16,Statement 3,3.   Establishment Expenditure of the Centre,50.3,0.0,50.3,53.53,0.0,53.53,57.89,0.0,57.89,56.85,0.0,56.85,2020-21,Expenditure Profile,0.0,0.0,0.0,0.0,0.0,0.0,0.0,0.0,0.0,0.0,,,0.0,0.0,0.0,0.0,0.0,0.0,0.0,0.0,0.0,0.0,0.0,0.0,0.0,0.0,0.0,0.0,0.0,0.0,0.0,0.0,0.0,0.0,0.0,,0.0,0.0,0.0,0.0,0.0,0.0,0.0,0.0,0.0,0.0,0.0,0.0
16,Statement 3,4.   Other Central Sector Expenditure,-3.65,0.0,-3.65,0.0,0.0,0.0,0.0,0.0,0.0,0.0,0.0,0.0,2020-21,Expenditure Profile,0.0,0.0,0.0,0.0,0.0,0.0,0.0,0.0,0.0,0.0,,,0.0,0.0,0.0,0.0,0.0,0.0,0.0,0.0,0.0,0.0,0.0,0.0,0.0,0.0,0.0,0.0,0.0,0.0,0.0,0.0,0.0,0.0,0.0,,0.0,0.0,0.0,0.0,0.0,0.0,0.0,0.0,0.0,0.0,0.0,0.0
16,Statement 3,68. Ministry of Mines,1233.05,73.34,1306.39,1567.98,107.57,1675.55,1441.35,86.87,1528.22,1587.04,114.36,1701.4,2020-21,Expenditure Profile,0.0,0.0,0.0,0.0,0.0,0.0,0.0,0.0,0.0,0.0,,,0.0,0.0,0.0,0.0,0.0,0.0,0.0,0.0,0.0,0.0,0.0,0.0,0.0,0.0,0.0,0.0,0.0,0.0,0.0,0.0,0.0,0.0,0.0,,0.0,0.0,0.0,0.0,0.0,0.0,0.0,0.0,0.0,0.0,0.0,0.0
16,Statement 3,1. Establishment Expenditure of the Centre,112.42,0.0,112.42,804.07,0.0,804.07,775.15,0.0,775.15,854.83,0.0,854.83,2020-21,Expenditure Profile,0.0,0.0,0.0,0.0,0.0,0.0,0.0,0.0,0.0,0.0,,,0.0,0.0,0.0,0.0,0.0,0.0,0.0,0.0,0.0,0.0,0.0,0.0,0.0,0.0,0.0,0.0,0.0,0.0,0.0,0.0,0.0,0.0,0.0,,0.0,0.0,0.0,0.0,0.0,0.0,0.0,0.0,0.0,0.0,0.0,0.0
16,Statement 3,2.   Other Central Sector Expenditure,1120.63,73.34,1193.97,763.91,107.57,871.48,666.2,86.87,753.07,732.21,114.36,846.57,2020-21,Expenditure Profile,0.0,0.0,0.0,0.0,0.0,0.0,0.0,0.0,0.0,0.0,,,0.0,0.0,0.0,0.0,0.0,0.0,0.0,0.0,0.0,0.0,0.0,0.0,0.0,0.0,0.0,0.0,0.0,0.0,0.0,0.0,0.0,0.0,0.0,,0.0,0.0,0.0,0.0,0.0,0.0,0.0,0.0,0.0,0.0,0.0,0.0
16,Statement 3,69. Ministry of Minority Affairs,3390.99,173.18,3564.17,4599.98,100.02,4700.0,4539.98,160.02,4700.0,4868.98,160.02,5029.0,2020-21,Expenditure Profile,0.0,0.0,0.0,0.0,0.0,0.0,0.0,0.0,0.0,0.0,,,0.0,0.0,0.0,0.0,0.0,0.0,0.0,0.0,0.0,0.0,0.0,0.0,0.0,0.0,0.0,0.0,0.0,0.0,0.0,0.0,0.0,0.0,0.0,,0.0,0.0,0.0,0.0,0.0,0.0,0.0,0.0,0.0,0.0,0.0,0.0
16,Statement 3,1. Central Sector Schemes/Projects,2376.3,165.0,2541.3,2912.4,100.0,3012.4,2736.15,160.0,2896.15,3050.0,160.0,3210.0,2020-21,Expenditure Profile,0.0,0.0,0.0,0.0,0.0,0.0,0.0,0.0,0.0,0.0,,,0.0,0.0,0.0,0.0,0.0,0.0,0.0,0.0,0.0,0.0,0.0,0.0,0.0,0.0,0.0,0.0,0.0,0.0,0.0,0.0,0.0,0.0,0.0,,0.0,0.0,0.0,0.0,0.0,0.0,0.0,0.0,0.0,0.0,0.0,0.0
16,Statement 3,2.   Centrally Sponsored Schemes,867.4,0.0,867.4,1469.99,0.01,1470.0,1588.85,0.01,1588.86,1599.99,0.01,1600.0,2020-21,Expenditure Profile,0.0,0.0,0.0,0.0,0.0,0.0,0.0,0.0,0.0,0.0,,,0.0,0.0,0.0,0.0,0.0,0.0,0.0,0.0,0.0,0.0,0.0,0.0,0.0,0.0,0.0,0.0,0.0,0.0,0.0,0.0,0.0,0.0,0.0,,0.0,0.0,0.0,0.0,0.0,0.0,0.0,0.0,0.0,0.0,0.0,0.0
16,Statement 3,3.   Establishment Expenditure of the Centre,100.86,8.18,109.04,115.99,0.01,116.0,112.38,0.01,112.39,122.99,0.01,123.0,2020-21,Expenditure Profile,0.0,0.0,0.0,0.0,0.0,0.0,0.0,0.0,0.0,0.0,,,0.0,0.0,0.0,0.0,0.0,0.0,0.0,0.0,0.0,0.0,0.0,0.0,0.0,0.0,0.0,0.0,0.0,0.0,0.0,0.0,0.0,0.0,0.0,,0.0,0.0,0.0,0.0,0.0,0.0,0.0,0.0,0.0,0.0,0.0,0.0
16,Statement 3,4.   Other Central Sector Expenditure,46.43,0.0,46.43,101.6,0.0,101.6,102.6,0.0,102.6,96.0,0.0,96.0,2020-21,Expenditure Profile,0.0,0.0,0.0,0.0,0.0,0.0,0.0,0.0,0.0,0.0,,,0.0,0.0,0.0,0.0,0.0,0.0,0.0,0.0,0.0,0.0,0.0,0.0,0.0,0.0,0.0,0.0,0.0,0.0,0.0,0.0,0.0,0.0,0.0,,0.0,0.0,0.0,0.0,0.0,0.0,0.0,0.0,0.0,0.0,0.0,0.0
16,Statement 3,70. Ministry of New and Renewable Energy,4207.23,17.39,4224.62,5209.83,45.0,5254.83,3820.74,71.0,3891.74,5701.0,52.0,5753.0,2020-21,Expenditure Profile,0.0,0.0,0.0,0.0,0.0,0.0,0.0,0.0,0.0,0.0,,,0.0,0.0,0.0,0.0,0.0,0.0,0.0,0.0,0.0,0.0,0.0,0.0,0.0,0.0,0.0,0.0,0.0,0.0,0.0,0.0,0.0,0.0,0.0,,0.0,0.0,0.0,0.0,0.0,0.0,0.0,0.0,0.0,0.0,0.0,0.0
16,Statement 3,1. Central Sector Schemes/Projects,4403.81,0.0,4403.81,5131.45,0.0,5131.45,3743.7,0.0,3743.7,5646.5,0.0,5646.5,2020-21,Expenditure Profile,0.0,0.0,0.0,0.0,0.0,0.0,0.0,0.0,0.0,0.0,,,0.0,0.0,0.0,0.0,0.0,0.0,0.0,0.0,0.0,0.0,0.0,0.0,0.0,0.0,0.0,0.0,0.0,0.0,0.0,0.0,0.0,0.0,0.0,,0.0,0.0,0.0,0.0,0.0,0.0,0.0,0.0,0.0,0.0,0.0,0.0
16,Statement 3,2.   Establishment Expenditure of the Centre,37.6,17.39,54.99,43.38,45.0,88.38,40.34,71.0,111.34,46.5,52.0,98.5,2020-21,Expenditure Profile,0.0,0.0,0.0,0.0,0.0,0.0,0.0,0.0,0.0,0.0,,,0.0,0.0,0.0,0.0,0.0,0.0,0.0,0.0,0.0,0.0,0.0,0.0,0.0,0.0,0.0,0.0,0.0,0.0,0.0,0.0,0.0,0.0,0.0,,0.0,0.0,0.0,0.0,0.0,0.0,0.0,0.0,0.0,0.0,0.0,0.0
16,Statement 3,3.   Other Central Sector Expenditure,-234.18,0.0,-234.18,35.0,0.0,35.0,36.7,0.0,36.7,8.0,0.0,8.0,2020-21,Expenditure Profile,0.0,0.0,0.0,0.0,0.0,0.0,0.0,0.0,0.0,0.0,,,0.0,0.0,0.0,0.0,0.0,0.0,0.0,0.0,0.0,0.0,0.0,0.0,0.0,0.0,0.0,0.0,0.0,0.0,0.0,0.0,0.0,0.0,0.0,,0.0,0.0,0.0,0.0,0.0,0.0,0.0,0.0,0.0,0.0,0.0,0.0
16,Statement 3,71. Ministry of Panchayati Raj,686.18,0.0,686.18,871.37,0.0,871.37,500.0,0.0,500.0,900.94,0.0,900.94,2020-21,Expenditure Profile,0.0,0.0,0.0,0.0,0.0,0.0,0.0,0.0,0.0,0.0,,,0.0,0.0,0.0,0.0,0.0,0.0,0.0,0.0,0.0,0.0,0.0,0.0,0.0,0.0,0.0,0.0,0.0,0.0,0.0,0.0,0.0,0.0,0.0,,0.0,0.0,0.0,0.0,0.0,0.0,0.0,0.0,0.0,0.0,0.0,0.0
16,Statement 3,1. Central Sector Schemes/Projects,14.32,0.0,14.32,18.2,0.0,18.2,6.06,0.0,6.06,10.2,0.0,10.2,2020-21,Expenditure Profile,0.0,0.0,0.0,0.0,0.0,0.0,0.0,0.0,0.0,0.0,,,0.0,0.0,0.0,0.0,0.0,0.0,0.0,0.0,0.0,0.0,0.0,0.0,0.0,0.0,0.0,0.0,0.0,0.0,0.0,0.0,0.0,0.0,0.0,,0.0,0.0,0.0,0.0,0.0,0.0,0.0,0.0,0.0,0.0,0.0,0.0
16,Statement 3,2.   Centrally Sponsored Schemes,649.35,0.0,649.35,821.84,0.0,821.84,465.46,0.0,465.46,857.53,0.0,857.53,2020-21,Expenditure Profile,0.0,0.0,0.0,0.0,0.0,0.0,0.0,0.0,0.0,0.0,,,0.0,0.0,0.0,0.0,0.0,0.0,0.0,0.0,0.0,0.0,0.0,0.0,0.0,0.0,0.0,0.0,0.0,0.0,0.0,0.0,0.0,0.0,0.0,,0.0,0.0,0.0,0.0,0.0,0.0,0.0,0.0,0.0,0.0,0.0,0.0
16,Statement 3,3.   Establishment Expenditure of the Centre,22.51,0.0,22.51,31.33,0.0,31.33,28.48,0.0,28.48,33.21,0.0,33.21,2020-21,Expenditure Profile,0.0,0.0,0.0,0.0,0.0,0.0,0.0,0.0,0.0,0.0,,,0.0,0.0,0.0,0.0,0.0,0.0,0.0,0.0,0.0,0.0,0.0,0.0,0.0,0.0,0.0,0.0,0.0,0.0,0.0,0.0,0.0,0.0,0.0,,0.0,0.0,0.0,0.0,0.0,0.0,0.0,0.0,0.0,0.0,0.0,0.0
16,Statement 3,72. Ministry of Parliamentary Affairs,16.39,0.0,16.39,19.38,0.0,19.38,42.62,0.0,42.62,50.52,0.0,50.52,2020-21,Expenditure Profile,0.0,0.0,0.0,0.0,0.0,0.0,0.0,0.0,0.0,0.0,,,0.0,0.0,0.0,0.0,0.0,0.0,0.0,0.0,0.0,0.0,0.0,0.0,0.0,0.0,0.0,0.0,0.0,0.0,0.0,0.0,0.0,0.0,0.0,,0.0,0.0,0.0,0.0,0.0,0.0,0.0,0.0,0.0,0.0,0.0,0.0
16,Statement 3,1. Establishment Expenditure of the Centre,16.39,0.0,16.39,19.38,0.0,19.38,42.62,0.0,42.62,50.52,0.0,50.52,2020-21,Expenditure Profile,0.0,0.0,0.0,0.0,0.0,0.0,0.0,0.0,0.0,0.0,,,0.0,0.0,0.0,0.0,0.0,0.0,0.0,0.0,0.0,0.0,0.0,0.0,0.0,0.0,0.0,0.0,0.0,0.0,0.0,0.0,0.0,0.0,0.0,,0.0,0.0,0.0,0.0,0.0,0.0,0.0,0.0,0.0,0.0,0.0,0.0
16,Statement 3,"73. Ministry of Personnel, Public Grievances and Pensions",1322.03,101.11,1423.14,1580.7,145.89,1726.59,1568.62,136.38,1705.0,1606.28,148.26,1754.54,2020-21,Expenditure Profile,0.0,0.0,0.0,0.0,0.0,0.0,0.0,0.0,0.0,0.0,,,0.0,0.0,0.0,0.0,0.0,0.0,0.0,0.0,0.0,0.0,0.0,0.0,0.0,0.0,0.0,0.0,0.0,0.0,0.0,0.0,0.0,0.0,0.0,,0.0,0.0,0.0,0.0,0.0,0.0,0.0,0.0,0.0,0.0,0.0,0.0
16,Statement 3,1. Central Sector Schemes/Projects,126.96,17.8,144.76,145.5,48.77,194.27,133.27,35.16,168.43,139.7,50.3,190.0,2020-21,Expenditure Profile,0.0,0.0,0.0,0.0,0.0,0.0,0.0,0.0,0.0,0.0,,,0.0,0.0,0.0,0.0,0.0,0.0,0.0,0.0,0.0,0.0,0.0,0.0,0.0,0.0,0.0,0.0,0.0,0.0,0.0,0.0,0.0,0.0,0.0,,0.0,0.0,0.0,0.0,0.0,0.0,0.0,0.0,0.0,0.0,0.0,0.0
17,Statement 3,2.   Establishment Expenditure of the Centre,1162.31,81.82,1244.13,1403.4,97.12,1500.52,1402.7,101.22,1503.92,1432.0,93.56,1525.56,2020-21,Expenditure Profile,0.0,0.0,0.0,0.0,0.0,0.0,0.0,0.0,0.0,0.0,,,0.0,0.0,0.0,0.0,0.0,0.0,0.0,0.0,0.0,0.0,0.0,0.0,0.0,0.0,0.0,0.0,0.0,0.0,0.0,0.0,0.0,0.0,0.0,,0.0,0.0,0.0,0.0,0.0,0.0,0.0,0.0,0.0,0.0,0.0,0.0
17,Statement 3,3.   Other Central Sector Expenditure,32.76,1.49,34.25,31.8,0.0,31.8,32.65,0.0,32.65,34.58,4.4,38.98,2020-21,Expenditure Profile,0.0,0.0,0.0,0.0,0.0,0.0,0.0,0.0,0.0,0.0,,,0.0,0.0,0.0,0.0,0.0,0.0,0.0,0.0,0.0,0.0,0.0,0.0,0.0,0.0,0.0,0.0,0.0,0.0,0.0,0.0,0.0,0.0,0.0,,0.0,0.0,0.0,0.0,0.0,0.0,0.0,0.0,0.0,0.0,0.0,0.0
17,Statement 3,74. Central Vigilance Commission,33.98,0.0,33.98,35.55,0.0,35.55,36.65,0.0,36.65,39.0,0.0,39.0,2020-21,Expenditure Profile,0.0,0.0,0.0,0.0,0.0,0.0,0.0,0.0,0.0,0.0,,,0.0,0.0,0.0,0.0,0.0,0.0,0.0,0.0,0.0,0.0,0.0,0.0,0.0,0.0,0.0,0.0,0.0,0.0,0.0,0.0,0.0,0.0,0.0,,0.0,0.0,0.0,0.0,0.0,0.0,0.0,0.0,0.0,0.0,0.0,0.0
17,Statement 3,1. Establishment Expenditure of the Centre,33.98,0.0,33.98,35.55,0.0,35.55,36.65,0.0,36.65,39.0,0.0,39.0,2020-21,Expenditure Profile,0.0,0.0,0.0,0.0,0.0,0.0,0.0,0.0,0.0,0.0,,,0.0,0.0,0.0,0.0,0.0,0.0,0.0,0.0,0.0,0.0,0.0,0.0,0.0,0.0,0.0,0.0,0.0,0.0,0.0,0.0,0.0,0.0,0.0,,0.0,0.0,0.0,0.0,0.0,0.0,0.0,0.0,0.0,0.0,0.0,0.0
17,Statement 3,75. Ministry of Petroleum and Natural Gas,30462.66,1908.14,32370.8,41234.18,1667.31,42901.49,42282.44,619.05,42901.49,41994.0,907.0,42901.0,2020-21,Expenditure Profile,0.0,0.0,0.0,0.0,0.0,0.0,0.0,0.0,0.0,0.0,,,0.0,0.0,0.0,0.0,0.0,0.0,0.0,0.0,0.0,0.0,0.0,0.0,0.0,0.0,0.0,0.0,0.0,0.0,0.0,0.0,0.0,0.0,0.0,,0.0,0.0,0.0,0.0,0.0,0.0,0.0,0.0,0.0,0.0,0.0,0.0
17,Statement 3,1. Central Sector Schemes/Projects,30373.88,1908.14,32282.02,41142.98,1625.26,42768.24,42203.31,577.0,42780.31,41895.44,907.0,42802.44,2020-21,Expenditure Profile,0.0,0.0,0.0,0.0,0.0,0.0,0.0,0.0,0.0,0.0,,,0.0,0.0,0.0,0.0,0.0,0.0,0.0,0.0,0.0,0.0,0.0,0.0,0.0,0.0,0.0,0.0,0.0,0.0,0.0,0.0,0.0,0.0,0.0,,0.0,0.0,0.0,0.0,0.0,0.0,0.0,0.0,0.0,0.0,0.0,0.0
17,Statement 3,2.   Establishment Expenditure of the Centre,34.01,0.0,34.01,35.13,0.0,35.13,36.12,0.0,36.12,38.37,0.0,38.37,2020-21,Expenditure Profile,0.0,0.0,0.0,0.0,0.0,0.0,0.0,0.0,0.0,0.0,,,0.0,0.0,0.0,0.0,0.0,0.0,0.0,0.0,0.0,0.0,0.0,0.0,0.0,0.0,0.0,0.0,0.0,0.0,0.0,0.0,0.0,0.0,0.0,,0.0,0.0,0.0,0.0,0.0,0.0,0.0,0.0,0.0,0.0,0.0,0.0
17,Statement 3,3.   Other Central Sector Expenditure,54.77,0.0,54.77,56.07,42.05,98.12,43.01,42.05,85.06,60.19,0.0,60.19,2020-21,Expenditure Profile,0.0,0.0,0.0,0.0,0.0,0.0,0.0,0.0,0.0,0.0,,,0.0,0.0,0.0,0.0,0.0,0.0,0.0,0.0,0.0,0.0,0.0,0.0,0.0,0.0,0.0,0.0,0.0,0.0,0.0,0.0,0.0,0.0,0.0,,0.0,0.0,0.0,0.0,0.0,0.0,0.0,0.0,0.0,0.0,0.0,0.0
17,Statement 3,76. Ministry of Planning,446.29,0.48,446.77,582.29,1.11,583.4,579.2,0.54,579.74,649.22,0.78,650.0,2020-21,Expenditure Profile,0.0,0.0,0.0,0.0,0.0,0.0,0.0,0.0,0.0,0.0,,,0.0,0.0,0.0,0.0,0.0,0.0,0.0,0.0,0.0,0.0,0.0,0.0,0.0,0.0,0.0,0.0,0.0,0.0,0.0,0.0,0.0,0.0,0.0,,0.0,0.0,0.0,0.0,0.0,0.0,0.0,0.0,0.0,0.0,0.0,0.0
17,Statement 3,1. Central Sector Schemes/Projects,368.57,0.48,369.05,487.63,1.11,488.74,468.2,0.54,468.74,547.0,0.78,547.78,2020-21,Expenditure Profile,0.0,0.0,0.0,0.0,0.0,0.0,0.0,0.0,0.0,0.0,,,0.0,0.0,0.0,0.0,0.0,0.0,0.0,0.0,0.0,0.0,0.0,0.0,0.0,0.0,0.0,0.0,0.0,0.0,0.0,0.0,0.0,0.0,0.0,,0.0,0.0,0.0,0.0,0.0,0.0,0.0,0.0,0.0,0.0,0.0,0.0
17,Statement 3,2.   Establishment Expenditure of the Centre,80.88,0.0,80.88,85.31,0.0,85.31,102.75,0.0,102.75,93.22,0.0,93.22,2020-21,Expenditure Profile,0.0,0.0,0.0,0.0,0.0,0.0,0.0,0.0,0.0,0.0,,,0.0,0.0,0.0,0.0,0.0,0.0,0.0,0.0,0.0,0.0,0.0,0.0,0.0,0.0,0.0,0.0,0.0,0.0,0.0,0.0,0.0,0.0,0.0,,0.0,0.0,0.0,0.0,0.0,0.0,0.0,0.0,0.0,0.0,0.0,0.0
17,Statement 3,3.   Other Central Sector Expenditure,-3.16,0.0,-3.16,9.35,0.0,9.35,8.25,0.0,8.25,9.0,0.0,9.0,2020-21,Expenditure Profile,0.0,0.0,0.0,0.0,0.0,0.0,0.0,0.0,0.0,0.0,,,0.0,0.0,0.0,0.0,0.0,0.0,0.0,0.0,0.0,0.0,0.0,0.0,0.0,0.0,0.0,0.0,0.0,0.0,0.0,0.0,0.0,0.0,0.0,,0.0,0.0,0.0,0.0,0.0,0.0,0.0,0.0,0.0,0.0,0.0,0.0
17,Statement 3,77. Ministry of Power,13532.63,2043.21,15575.84,13474.7,2400.12,15874.82,14052.7,1822.12,15874.82,14792.54,1082.28,15874.82,2020-21,Expenditure Profile,0.0,0.0,0.0,0.0,0.0,0.0,0.0,0.0,0.0,0.0,,,0.0,0.0,0.0,0.0,0.0,0.0,0.0,0.0,0.0,0.0,0.0,0.0,0.0,0.0,0.0,0.0,0.0,0.0,0.0,0.0,0.0,0.0,0.0,,0.0,0.0,0.0,0.0,0.0,0.0,0.0,0.0,0.0,0.0,0.0,0.0
17,Statement 3,1. Central Sector Schemes/Projects,12346.98,1472.21,13819.19,10893.74,1075.47,11969.21,11197.45,1075.47,12272.92,11394.16,933.0,12327.16,2020-21,Expenditure Profile,0.0,0.0,0.0,0.0,0.0,0.0,0.0,0.0,0.0,0.0,,,0.0,0.0,0.0,0.0,0.0,0.0,0.0,0.0,0.0,0.0,0.0,0.0,0.0,0.0,0.0,0.0,0.0,0.0,0.0,0.0,0.0,0.0,0.0,,0.0,0.0,0.0,0.0,0.0,0.0,0.0,0.0,0.0,0.0,0.0,0.0
17,Statement 3,2.   Establishment Expenditure of the Centre,178.42,0.0,178.42,197.03,0.0,197.03,199.46,0.0,199.46,209.28,0.0,209.28,2020-21,Expenditure Profile,0.0,0.0,0.0,0.0,0.0,0.0,0.0,0.0,0.0,0.0,,,0.0,0.0,0.0,0.0,0.0,0.0,0.0,0.0,0.0,0.0,0.0,0.0,0.0,0.0,0.0,0.0,0.0,0.0,0.0,0.0,0.0,0.0,0.0,,0.0,0.0,0.0,0.0,0.0,0.0,0.0,0.0,0.0,0.0,0.0,0.0
17,Statement 3,3.   Other Central Sector Expenditure,1007.23,571.0,1578.23,2383.93,1324.65,3708.58,2655.79,746.65,3402.44,3189.1,149.28,3338.38,2020-21,Expenditure Profile,0.0,0.0,0.0,0.0,0.0,0.0,0.0,0.0,0.0,0.0,,,0.0,0.0,0.0,0.0,0.0,0.0,0.0,0.0,0.0,0.0,0.0,0.0,0.0,0.0,0.0,0.0,0.0,0.0,0.0,0.0,0.0,0.0,0.0,,0.0,0.0,0.0,0.0,0.0,0.0,0.0,0.0,0.0,0.0,0.0,0.0
17,Statement 3,"78. Staff, Household and Allowances of the President",59.6,0.0,59.6,76.33,0.0,76.33,74.42,0.0,74.42,80.98,0.0,80.98,2020-21,Expenditure Profile,0.0,0.0,0.0,0.0,0.0,0.0,0.0,0.0,0.0,0.0,,,0.0,0.0,0.0,0.0,0.0,0.0,0.0,0.0,0.0,0.0,0.0,0.0,0.0,0.0,0.0,0.0,0.0,0.0,0.0,0.0,0.0,0.0,0.0,,0.0,0.0,0.0,0.0,0.0,0.0,0.0,0.0,0.0,0.0,0.0,0.0
17,Statement 3,1. Establishment Expenditure of the Centre,59.6,0.0,59.6,76.33,0.0,76.33,74.42,0.0,74.42,80.98,0.0,80.98,2020-21,Expenditure Profile,0.0,0.0,0.0,0.0,0.0,0.0,0.0,0.0,0.0,0.0,,,0.0,0.0,0.0,0.0,0.0,0.0,0.0,0.0,0.0,0.0,0.0,0.0,0.0,0.0,0.0,0.0,0.0,0.0,0.0,0.0,0.0,0.0,0.0,,0.0,0.0,0.0,0.0,0.0,0.0,0.0,0.0,0.0,0.0,0.0,0.0
17,Statement 3,79. Lok Sabha,672.94,0.0,672.94,809.13,0.0,809.13,766.87,0.0,766.87,811.1,0.0,811.1,2020-21,Expenditure Profile,0.0,0.0,0.0,0.0,0.0,0.0,0.0,0.0,0.0,0.0,,,0.0,0.0,0.0,0.0,0.0,0.0,0.0,0.0,0.0,0.0,0.0,0.0,0.0,0.0,0.0,0.0,0.0,0.0,0.0,0.0,0.0,0.0,0.0,,0.0,0.0,0.0,0.0,0.0,0.0,0.0,0.0,0.0,0.0,0.0,0.0
17,Statement 3,1. Establishment Expenditure of the Centre,672.94,0.0,672.94,809.13,0.0,809.13,766.87,0.0,766.87,811.1,0.0,811.1,2020-21,Expenditure Profile,0.0,0.0,0.0,0.0,0.0,0.0,0.0,0.0,0.0,0.0,,,0.0,0.0,0.0,0.0,0.0,0.0,0.0,0.0,0.0,0.0,0.0,0.0,0.0,0.0,0.0,0.0,0.0,0.0,0.0,0.0,0.0,0.0,0.0,,0.0,0.0,0.0,0.0,0.0,0.0,0.0,0.0,0.0,0.0,0.0,0.0
17,Statement 3,80. Rajya Sabha,412.92,0.0,412.92,401.04,0.0,401.04,421.76,0.0,421.76,436.29,0.0,436.29,2020-21,Expenditure Profile,0.0,0.0,0.0,0.0,0.0,0.0,0.0,0.0,0.0,0.0,,,0.0,0.0,0.0,0.0,0.0,0.0,0.0,0.0,0.0,0.0,0.0,0.0,0.0,0.0,0.0,0.0,0.0,0.0,0.0,0.0,0.0,0.0,0.0,,0.0,0.0,0.0,0.0,0.0,0.0,0.0,0.0,0.0,0.0,0.0,0.0
17,Statement 3,1. Establishment Expenditure of the Centre,412.92,0.0,412.92,401.04,0.0,401.04,421.76,0.0,421.76,436.29,0.0,436.29,2020-21,Expenditure Profile,0.0,0.0,0.0,0.0,0.0,0.0,0.0,0.0,0.0,0.0,,,0.0,0.0,0.0,0.0,0.0,0.0,0.0,0.0,0.0,0.0,0.0,0.0,0.0,0.0,0.0,0.0,0.0,0.0,0.0,0.0,0.0,0.0,0.0,,0.0,0.0,0.0,0.0,0.0,0.0,0.0,0.0,0.0,0.0,0.0,0.0
17,Statement 3,81. Secretariat of the Vice-President,6.41,0.0,6.41,8.3,0.0,8.3,8.05,0.0,8.05,7.25,0.0,7.25,2020-21,Expenditure Profile,0.0,0.0,0.0,0.0,0.0,0.0,0.0,0.0,0.0,0.0,,,0.0,0.0,0.0,0.0,0.0,0.0,0.0,0.0,0.0,0.0,0.0,0.0,0.0,0.0,0.0,0.0,0.0,0.0,0.0,0.0,0.0,0.0,0.0,,0.0,0.0,0.0,0.0,0.0,0.0,0.0,0.0,0.0,0.0,0.0,0.0
17,Statement 3,1. Establishment Expenditure of the Centre,6.41,0.0,6.41,8.3,0.0,8.3,8.05,0.0,8.05,7.25,0.0,7.25,2020-21,Expenditure Profile,0.0,0.0,0.0,0.0,0.0,0.0,0.0,0.0,0.0,0.0,,,0.0,0.0,0.0,0.0,0.0,0.0,0.0,0.0,0.0,0.0,0.0,0.0,0.0,0.0,0.0,0.0,0.0,0.0,0.0,0.0,0.0,0.0,0.0,,0.0,0.0,0.0,0.0,0.0,0.0,0.0,0.0,0.0,0.0,0.0,0.0
17,Statement 3,82. Union Public Service Commission,280.65,0.0,280.65,298.45,0.0,298.45,298.16,0.0,298.16,305.38,0.0,305.38,2020-21,Expenditure Profile,0.0,0.0,0.0,0.0,0.0,0.0,0.0,0.0,0.0,0.0,,,0.0,0.0,0.0,0.0,0.0,0.0,0.0,0.0,0.0,0.0,0.0,0.0,0.0,0.0,0.0,0.0,0.0,0.0,0.0,0.0,0.0,0.0,0.0,,0.0,0.0,0.0,0.0,0.0,0.0,0.0,0.0,0.0,0.0,0.0,0.0
17,Statement 3,1. Establishment Expenditure of the Centre,280.65,0.0,280.65,298.45,0.0,298.45,298.16,0.0,298.16,305.38,0.0,305.38,2020-21,Expenditure Profile,0.0,0.0,0.0,0.0,0.0,0.0,0.0,0.0,0.0,0.0,,,0.0,0.0,0.0,0.0,0.0,0.0,0.0,0.0,0.0,0.0,0.0,0.0,0.0,0.0,0.0,0.0,0.0,0.0,0.0,0.0,0.0,0.0,0.0,,0.0,0.0,0.0,0.0,0.0,0.0,0.0,0.0,0.0,0.0,0.0,0.0
17,Statement 3,83. Ministry of Railways,2075.0,52837.67,54912.67,2181.67,65837.0,68018.67,2130.37,67837.0,69967.37,2215.63,70000.0,72215.63,2020-21,Expenditure Profile,0.0,0.0,0.0,0.0,0.0,0.0,0.0,0.0,0.0,0.0,,,0.0,0.0,0.0,0.0,0.0,0.0,0.0,0.0,0.0,0.0,0.0,0.0,0.0,0.0,0.0,0.0,0.0,0.0,0.0,0.0,0.0,0.0,0.0,,0.0,0.0,0.0,0.0,0.0,0.0,0.0,0.0,0.0,0.0,0.0,0.0
17,Statement 3,1. Central Sector Schemes/Projects,0.0,52837.67,52837.67,0.0,65837.0,65837.0,0.0,67837.0,67837.0,0.0,70000.0,70000.0,2020-21,Expenditure Profile,0.0,0.0,0.0,0.0,0.0,0.0,0.0,0.0,0.0,0.0,,,0.0,0.0,0.0,0.0,0.0,0.0,0.0,0.0,0.0,0.0,0.0,0.0,0.0,0.0,0.0,0.0,0.0,0.0,0.0,0.0,0.0,0.0,0.0,,0.0,0.0,0.0,0.0,0.0,0.0,0.0,0.0,0.0,0.0,0.0,0.0
17,Statement 3,2.   Establishment Expenditure of the Centre,2075.0,0.0,2075.0,2181.67,0.0,2181.67,2130.37,0.0,2130.37,2215.63,0.0,2215.63,2020-21,Expenditure Profile,0.0,0.0,0.0,0.0,0.0,0.0,0.0,0.0,0.0,0.0,,,0.0,0.0,0.0,0.0,0.0,0.0,0.0,0.0,0.0,0.0,0.0,0.0,0.0,0.0,0.0,0.0,0.0,0.0,0.0,0.0,0.0,0.0,0.0,,0.0,0.0,0.0,0.0,0.0,0.0,0.0,0.0,0.0,0.0,0.0,0.0
17,Statement 3,84. Ministry of Road Transport and Highways,9654.96,67646.33,77301.29,10957.39,72058.58,83015.97,10853.57,72162.4,83015.97,9848.51,81974.71,91823.22,2020-21,Expenditure Profile,0.0,0.0,0.0,0.0,0.0,0.0,0.0,0.0,0.0,0.0,,,0.0,0.0,0.0,0.0,0.0,0.0,0.0,0.0,0.0,0.0,0.0,0.0,0.0,0.0,0.0,0.0,0.0,0.0,0.0,0.0,0.0,0.0,0.0,,0.0,0.0,0.0,0.0,0.0,0.0,0.0,0.0,0.0,0.0,0.0,0.0
17,Statement 3,1. Central Sector Schemes/Projects,9537.6,67646.33,77183.93,10802.81,72058.58,82861.39,10698.99,72162.4,82861.39,9681.74,81974.71,91656.45,2020-21,Expenditure Profile,0.0,0.0,0.0,0.0,0.0,0.0,0.0,0.0,0.0,0.0,,,0.0,0.0,0.0,0.0,0.0,0.0,0.0,0.0,0.0,0.0,0.0,0.0,0.0,0.0,0.0,0.0,0.0,0.0,0.0,0.0,0.0,0.0,0.0,,0.0,0.0,0.0,0.0,0.0,0.0,0.0,0.0,0.0,0.0,0.0,0.0
18,Statement 3,2.   Establishment Expenditure of the Centre,117.24,0.0,117.24,154.58,0.0,154.58,154.58,0.0,154.58,166.77,0.0,166.77,2020-21,Expenditure Profile,0.0,0.0,0.0,0.0,0.0,0.0,0.0,0.0,0.0,0.0,,,0.0,0.0,0.0,0.0,0.0,0.0,0.0,0.0,0.0,0.0,0.0,0.0,0.0,0.0,0.0,0.0,0.0,0.0,0.0,0.0,0.0,0.0,0.0,,0.0,0.0,0.0,0.0,0.0,0.0,0.0,0.0,0.0,0.0,0.0,0.0
18,Statement 3,3.   Other Central Sector Expenditure,0.12,0.0,0.12,0.0,0.0,0.0,0.0,0.0,0.0,0.0,0.0,0.0,2020-21,Expenditure Profile,0.0,0.0,0.0,0.0,0.0,0.0,0.0,0.0,0.0,0.0,,,0.0,0.0,0.0,0.0,0.0,0.0,0.0,0.0,0.0,0.0,0.0,0.0,0.0,0.0,0.0,0.0,0.0,0.0,0.0,0.0,0.0,0.0,0.0,,0.0,0.0,0.0,0.0,0.0,0.0,0.0,0.0,0.0,0.0,0.0,0.0
18,Statement 3,85. Department of Rural Development,111841.79,0.09,111841.88,117547.19,100.0,117647.19,122594.1,54.9,122649.0,120047.19,100.0,120147.19,2020-21,Expenditure Profile,0.0,0.0,0.0,0.0,0.0,0.0,0.0,0.0,0.0,0.0,,,0.0,0.0,0.0,0.0,0.0,0.0,0.0,0.0,0.0,0.0,0.0,0.0,0.0,0.0,0.0,0.0,0.0,0.0,0.0,0.0,0.0,0.0,0.0,,0.0,0.0,0.0,0.0,0.0,0.0,0.0,0.0,0.0,0.0,0.0,0.0
18,Statement 3,1. Central Sector Schemes/Projects,653.19,0.0,653.19,475.62,0.0,475.62,470.69,0.0,470.69,367.47,0.0,367.47,2020-21,Expenditure Profile,0.0,0.0,0.0,0.0,0.0,0.0,0.0,0.0,0.0,0.0,,,0.0,0.0,0.0,0.0,0.0,0.0,0.0,0.0,0.0,0.0,0.0,0.0,0.0,0.0,0.0,0.0,0.0,0.0,0.0,0.0,0.0,0.0,0.0,,0.0,0.0,0.0,0.0,0.0,0.0,0.0,0.0,0.0,0.0,0.0,0.0
18,Statement 3,2.   Centrally Sponsored Schemes,111171.72,0.0,111171.72,117024.0,0.0,117024.0,122070.88,0.0,122070.88,119506.96,0.0,119506.96,2020-21,Expenditure Profile,0.0,0.0,0.0,0.0,0.0,0.0,0.0,0.0,0.0,0.0,,,0.0,0.0,0.0,0.0,0.0,0.0,0.0,0.0,0.0,0.0,0.0,0.0,0.0,0.0,0.0,0.0,0.0,0.0,0.0,0.0,0.0,0.0,0.0,,0.0,0.0,0.0,0.0,0.0,0.0,0.0,0.0,0.0,0.0,0.0,0.0
18,Statement 3,3.   Establishment Expenditure of the Centre,44.88,0.0,44.88,47.57,0.0,47.57,52.53,0.0,52.53,48.76,0.0,48.76,2020-21,Expenditure Profile,0.0,0.0,0.0,0.0,0.0,0.0,0.0,0.0,0.0,0.0,,,0.0,0.0,0.0,0.0,0.0,0.0,0.0,0.0,0.0,0.0,0.0,0.0,0.0,0.0,0.0,0.0,0.0,0.0,0.0,0.0,0.0,0.0,0.0,,0.0,0.0,0.0,0.0,0.0,0.0,0.0,0.0,0.0,0.0,0.0,0.0
18,Statement 3,4.   Other Central Sector Expenditure,-28.0,0.09,-27.91,0.0,100.0,100.0,0.0,54.9,54.9,124.0,100.0,224.0,2020-21,Expenditure Profile,0.0,0.0,0.0,0.0,0.0,0.0,0.0,0.0,0.0,0.0,,,0.0,0.0,0.0,0.0,0.0,0.0,0.0,0.0,0.0,0.0,0.0,0.0,0.0,0.0,0.0,0.0,0.0,0.0,0.0,0.0,0.0,0.0,0.0,,0.0,0.0,0.0,0.0,0.0,0.0,0.0,0.0,0.0,0.0,0.0,0.0
18,Statement 3,86. Department of Land Resources,1863.84,0.0,1863.84,2227.24,0.0,2227.24,1900.0,0.0,1900.0,2251.24,0.0,2251.24,2020-21,Expenditure Profile,0.0,0.0,0.0,0.0,0.0,0.0,0.0,0.0,0.0,0.0,,,0.0,0.0,0.0,0.0,0.0,0.0,0.0,0.0,0.0,0.0,0.0,0.0,0.0,0.0,0.0,0.0,0.0,0.0,0.0,0.0,0.0,0.0,0.0,,0.0,0.0,0.0,0.0,0.0,0.0,0.0,0.0,0.0,0.0,0.0,0.0
18,Statement 3,1. Central Sector Schemes/Projects,68.1,0.0,68.1,150.0,0.0,150.0,50.0,0.0,50.0,238.65,0.0,238.65,2020-21,Expenditure Profile,0.0,0.0,0.0,0.0,0.0,0.0,0.0,0.0,0.0,0.0,,,0.0,0.0,0.0,0.0,0.0,0.0,0.0,0.0,0.0,0.0,0.0,0.0,0.0,0.0,0.0,0.0,0.0,0.0,0.0,0.0,0.0,0.0,0.0,,0.0,0.0,0.0,0.0,0.0,0.0,0.0,0.0,0.0,0.0,0.0,0.0
18,Statement 3,2.   Centrally Sponsored Schemes,1785.73,0.0,1785.73,2066.0,0.0,2066.0,1837.97,0.0,1837.97,2000.0,0.0,2000.0,2020-21,Expenditure Profile,0.0,0.0,0.0,0.0,0.0,0.0,0.0,0.0,0.0,0.0,,,0.0,0.0,0.0,0.0,0.0,0.0,0.0,0.0,0.0,0.0,0.0,0.0,0.0,0.0,0.0,0.0,0.0,0.0,0.0,0.0,0.0,0.0,0.0,,0.0,0.0,0.0,0.0,0.0,0.0,0.0,0.0,0.0,0.0,0.0,0.0
18,Statement 3,3.   Establishment Expenditure of the Centre,10.01,0.0,10.01,11.24,0.0,11.24,12.03,0.0,12.03,12.59,0.0,12.59,2020-21,Expenditure Profile,0.0,0.0,0.0,0.0,0.0,0.0,0.0,0.0,0.0,0.0,,,0.0,0.0,0.0,0.0,0.0,0.0,0.0,0.0,0.0,0.0,0.0,0.0,0.0,0.0,0.0,0.0,0.0,0.0,0.0,0.0,0.0,0.0,0.0,,0.0,0.0,0.0,0.0,0.0,0.0,0.0,0.0,0.0,0.0,0.0,0.0
18,Statement 3,87. Department of Science and Technology,4847.59,64.95,4912.54,5490.01,90.0,5580.01,5424.93,56.0,5480.93,6200.53,101.0,6301.53,2020-21,Expenditure Profile,0.0,0.0,0.0,0.0,0.0,0.0,0.0,0.0,0.0,0.0,,,0.0,0.0,0.0,0.0,0.0,0.0,0.0,0.0,0.0,0.0,0.0,0.0,0.0,0.0,0.0,0.0,0.0,0.0,0.0,0.0,0.0,0.0,0.0,,0.0,0.0,0.0,0.0,0.0,0.0,0.0,0.0,0.0,0.0,0.0,0.0
18,Statement 3,1. Central Sector Schemes/Projects,2233.44,0.0,2233.44,2692.55,0.0,2692.55,2601.0,0.0,2601.0,3202.0,0.0,3202.0,2020-21,Expenditure Profile,0.0,0.0,0.0,0.0,0.0,0.0,0.0,0.0,0.0,0.0,,,0.0,0.0,0.0,0.0,0.0,0.0,0.0,0.0,0.0,0.0,0.0,0.0,0.0,0.0,0.0,0.0,0.0,0.0,0.0,0.0,0.0,0.0,0.0,,0.0,0.0,0.0,0.0,0.0,0.0,0.0,0.0,0.0,0.0,0.0,0.0
18,Statement 3,2.   Establishment Expenditure of the Centre,491.95,64.95,556.9,514.76,90.0,604.76,549.66,56.0,605.66,541.53,101.0,642.53,2020-21,Expenditure Profile,0.0,0.0,0.0,0.0,0.0,0.0,0.0,0.0,0.0,0.0,,,0.0,0.0,0.0,0.0,0.0,0.0,0.0,0.0,0.0,0.0,0.0,0.0,0.0,0.0,0.0,0.0,0.0,0.0,0.0,0.0,0.0,0.0,0.0,,0.0,0.0,0.0,0.0,0.0,0.0,0.0,0.0,0.0,0.0,0.0,0.0
18,Statement 3,3.   Other Central Sector Expenditure,2122.2,0.0,2122.2,2282.7,0.0,2282.7,2274.27,0.0,2274.27,2457.0,0.0,2457.0,2020-21,Expenditure Profile,0.0,0.0,0.0,0.0,0.0,0.0,0.0,0.0,0.0,0.0,,,0.0,0.0,0.0,0.0,0.0,0.0,0.0,0.0,0.0,0.0,0.0,0.0,0.0,0.0,0.0,0.0,0.0,0.0,0.0,0.0,0.0,0.0,0.0,,0.0,0.0,0.0,0.0,0.0,0.0,0.0,0.0,0.0,0.0,0.0,0.0
18,Statement 3,88. Department of Biotechnology,2379.1,0.0,2379.1,2580.34,0.0,2580.34,2381.1,0.0,2381.1,2786.76,0.0,2786.76,2020-21,Expenditure Profile,0.0,0.0,0.0,0.0,0.0,0.0,0.0,0.0,0.0,0.0,,,0.0,0.0,0.0,0.0,0.0,0.0,0.0,0.0,0.0,0.0,0.0,0.0,0.0,0.0,0.0,0.0,0.0,0.0,0.0,0.0,0.0,0.0,0.0,,0.0,0.0,0.0,0.0,0.0,0.0,0.0,0.0,0.0,0.0,0.0,0.0
18,Statement 3,1. Central Sector Schemes/Projects,1573.06,0.0,1573.06,1755.17,0.0,1755.17,1546.04,0.0,1546.04,1902.67,0.0,1902.67,2020-21,Expenditure Profile,0.0,0.0,0.0,0.0,0.0,0.0,0.0,0.0,0.0,0.0,,,0.0,0.0,0.0,0.0,0.0,0.0,0.0,0.0,0.0,0.0,0.0,0.0,0.0,0.0,0.0,0.0,0.0,0.0,0.0,0.0,0.0,0.0,0.0,,0.0,0.0,0.0,0.0,0.0,0.0,0.0,0.0,0.0,0.0,0.0,0.0
18,Statement 3,2.   Establishment Expenditure of the Centre,27.81,0.0,27.81,32.31,0.0,32.31,32.31,0.0,32.31,36.48,0.0,36.48,2020-21,Expenditure Profile,0.0,0.0,0.0,0.0,0.0,0.0,0.0,0.0,0.0,0.0,,,0.0,0.0,0.0,0.0,0.0,0.0,0.0,0.0,0.0,0.0,0.0,0.0,0.0,0.0,0.0,0.0,0.0,0.0,0.0,0.0,0.0,0.0,0.0,,0.0,0.0,0.0,0.0,0.0,0.0,0.0,0.0,0.0,0.0,0.0,0.0
18,Statement 3,3.   Other Central Sector Expenditure,778.23,0.0,778.23,792.86,0.0,792.86,802.75,0.0,802.75,847.61,0.0,847.61,2020-21,Expenditure Profile,0.0,0.0,0.0,0.0,0.0,0.0,0.0,0.0,0.0,0.0,,,0.0,0.0,0.0,0.0,0.0,0.0,0.0,0.0,0.0,0.0,0.0,0.0,0.0,0.0,0.0,0.0,0.0,0.0,0.0,0.0,0.0,0.0,0.0,,0.0,0.0,0.0,0.0,0.0,0.0,0.0,0.0,0.0,0.0,0.0,0.0
18,Statement 3,89. Department of Scientific and Industrial Research,4544.59,4.19,4548.78,4886.24,9.65,4895.89,4876.59,6.65,4883.24,5375.2,9.8,5385.0,2020-21,Expenditure Profile,0.0,0.0,0.0,0.0,0.0,0.0,0.0,0.0,0.0,0.0,,,0.0,0.0,0.0,0.0,0.0,0.0,0.0,0.0,0.0,0.0,0.0,0.0,0.0,0.0,0.0,0.0,0.0,0.0,0.0,0.0,0.0,0.0,0.0,,0.0,0.0,0.0,0.0,0.0,0.0,0.0,0.0,0.0,0.0,0.0,0.0
18,Statement 3,1. Central Sector Schemes/Projects,29.88,2.33,32.21,40.0,5.65,45.65,29.35,2.65,32.0,44.2,5.8,50.0,2020-21,Expenditure Profile,0.0,0.0,0.0,0.0,0.0,0.0,0.0,0.0,0.0,0.0,,,0.0,0.0,0.0,0.0,0.0,0.0,0.0,0.0,0.0,0.0,0.0,0.0,0.0,0.0,0.0,0.0,0.0,0.0,0.0,0.0,0.0,0.0,0.0,,0.0,0.0,0.0,0.0,0.0,0.0,0.0,0.0,0.0,0.0,0.0,0.0
18,Statement 3,2.   Establishment Expenditure of the Centre,12.07,1.5,13.57,12.66,3.5,16.16,12.66,3.5,16.16,14.0,3.5,17.5,2020-21,Expenditure Profile,0.0,0.0,0.0,0.0,0.0,0.0,0.0,0.0,0.0,0.0,,,0.0,0.0,0.0,0.0,0.0,0.0,0.0,0.0,0.0,0.0,0.0,0.0,0.0,0.0,0.0,0.0,0.0,0.0,0.0,0.0,0.0,0.0,0.0,,0.0,0.0,0.0,0.0,0.0,0.0,0.0,0.0,0.0,0.0,0.0,0.0
18,Statement 3,3.   Other Central Sector Expenditure,4502.64,0.36,4503.0,4833.58,0.5,4834.08,4834.58,0.5,4835.08,5317.0,0.5,5317.5,2020-21,Expenditure Profile,0.0,0.0,0.0,0.0,0.0,0.0,0.0,0.0,0.0,0.0,,,0.0,0.0,0.0,0.0,0.0,0.0,0.0,0.0,0.0,0.0,0.0,0.0,0.0,0.0,0.0,0.0,0.0,0.0,0.0,0.0,0.0,0.0,0.0,,0.0,0.0,0.0,0.0,0.0,0.0,0.0,0.0,0.0,0.0,0.0,0.0
18,Statement 3,90. Ministry of Shipping,1659.25,153.97,1813.22,1635.99,266.57,1902.56,1271.18,252.22,1523.4,1715.0,85.0,1800.0,2020-21,Expenditure Profile,0.0,0.0,0.0,0.0,0.0,0.0,0.0,0.0,0.0,0.0,,,0.0,0.0,0.0,0.0,0.0,0.0,0.0,0.0,0.0,0.0,0.0,0.0,0.0,0.0,0.0,0.0,0.0,0.0,0.0,0.0,0.0,0.0,0.0,,0.0,0.0,0.0,0.0,0.0,0.0,0.0,0.0,0.0,0.0,0.0,0.0
18,Statement 3,1. Central Sector Schemes/Projects,1361.46,177.77,1539.23,1363.38,254.87,1618.25,930.25,242.6,1172.85,1194.8,75.0,1269.8,2020-21,Expenditure Profile,0.0,0.0,0.0,0.0,0.0,0.0,0.0,0.0,0.0,0.0,,,0.0,0.0,0.0,0.0,0.0,0.0,0.0,0.0,0.0,0.0,0.0,0.0,0.0,0.0,0.0,0.0,0.0,0.0,0.0,0.0,0.0,0.0,0.0,,0.0,0.0,0.0,0.0,0.0,0.0,0.0,0.0,0.0,0.0,0.0,0.0
18,Statement 3,2.   Establishment Expenditure of the Centre,55.99,0.0,55.99,60.71,0.0,60.71,64.62,0.0,64.62,74.0,0.0,74.0,2020-21,Expenditure Profile,0.0,0.0,0.0,0.0,0.0,0.0,0.0,0.0,0.0,0.0,,,0.0,0.0,0.0,0.0,0.0,0.0,0.0,0.0,0.0,0.0,0.0,0.0,0.0,0.0,0.0,0.0,0.0,0.0,0.0,0.0,0.0,0.0,0.0,,0.0,0.0,0.0,0.0,0.0,0.0,0.0,0.0,0.0,0.0,0.0,0.0
18,Statement 3,3.   Other Central Sector Expenditure,241.8,-23.8,218.0,211.9,11.7,223.6,276.31,9.62,285.93,446.2,10.0,456.2,2020-21,Expenditure Profile,0.0,0.0,0.0,0.0,0.0,0.0,0.0,0.0,0.0,0.0,,,0.0,0.0,0.0,0.0,0.0,0.0,0.0,0.0,0.0,0.0,0.0,0.0,0.0,0.0,0.0,0.0,0.0,0.0,0.0,0.0,0.0,0.0,0.0,,0.0,0.0,0.0,0.0,0.0,0.0,0.0,0.0,0.0,0.0,0.0,0.0
18,Statement 3,91. Ministry of Skill Development and Entrepreneurship,2556.13,62.85,2618.98,2926.11,63.1,2989.21,2445.32,85.72,2531.04,2923.03,79.18,3002.21,2020-21,Expenditure Profile,0.0,0.0,0.0,0.0,0.0,0.0,0.0,0.0,0.0,0.0,,,0.0,0.0,0.0,0.0,0.0,0.0,0.0,0.0,0.0,0.0,0.0,0.0,0.0,0.0,0.0,0.0,0.0,0.0,0.0,0.0,0.0,0.0,0.0,,0.0,0.0,0.0,0.0,0.0,0.0,0.0,0.0,0.0,0.0,0.0,0.0
18,Statement 3,1. Centrally Sponsored Schemes,2502.9,59.85,2562.75,2656.65,20.0,2676.65,2243.43,3.57,2247.0,2723.53,2.5,2726.03,2020-21,Expenditure Profile,0.0,0.0,0.0,0.0,0.0,0.0,0.0,0.0,0.0,0.0,,,0.0,0.0,0.0,0.0,0.0,0.0,0.0,0.0,0.0,0.0,0.0,0.0,0.0,0.0,0.0,0.0,0.0,0.0,0.0,0.0,0.0,0.0,0.0,,0.0,0.0,0.0,0.0,0.0,0.0,0.0,0.0,0.0,0.0,0.0,0.0
18,Statement 3,2.   Establishment Expenditure of the Centre,53.26,3.0,56.26,269.46,43.1,312.56,201.89,82.15,284.04,199.5,76.68,276.18,2020-21,Expenditure Profile,0.0,0.0,0.0,0.0,0.0,0.0,0.0,0.0,0.0,0.0,,,0.0,0.0,0.0,0.0,0.0,0.0,0.0,0.0,0.0,0.0,0.0,0.0,0.0,0.0,0.0,0.0,0.0,0.0,0.0,0.0,0.0,0.0,0.0,,0.0,0.0,0.0,0.0,0.0,0.0,0.0,0.0,0.0,0.0,0.0,0.0
19,Statement 3,3.   Other Central Sector Expenditure,-0.03,0.0,-0.03,0.0,0.0,0.0,0.0,0.0,0.0,0.0,0.0,0.0,2020-21,Expenditure Profile,0.0,0.0,0.0,0.0,0.0,0.0,0.0,0.0,0.0,0.0,,,0.0,0.0,0.0,0.0,0.0,0.0,0.0,0.0,0.0,0.0,0.0,0.0,0.0,0.0,0.0,0.0,0.0,0.0,0.0,0.0,0.0,0.0,0.0,,0.0,0.0,0.0,0.0,0.0,0.0,0.0,0.0,0.0,0.0,0.0,0.0
19,Statement 3,92. Department of Social Justice and Empowerment,9793.1,277.4,10070.5,8429.99,455.01,8885.0,8429.99,455.01,8885.0,9557.57,546.0,10103.57,2020-21,Expenditure Profile,0.0,0.0,0.0,0.0,0.0,0.0,0.0,0.0,0.0,0.0,,,0.0,0.0,0.0,0.0,0.0,0.0,0.0,0.0,0.0,0.0,0.0,0.0,0.0,0.0,0.0,0.0,0.0,0.0,0.0,0.0,0.0,0.0,0.0,,0.0,0.0,0.0,0.0,0.0,0.0,0.0,0.0,0.0,0.0,0.0,0.0
19,Statement 3,1. Central Sector Schemes/Projects,794.77,0.01,794.78,1029.6,0.01,1029.61,878.69,0.01,878.7,940.0,1.0,941.0,2020-21,Expenditure Profile,0.0,0.0,0.0,0.0,0.0,0.0,0.0,0.0,0.0,0.0,,,0.0,0.0,0.0,0.0,0.0,0.0,0.0,0.0,0.0,0.0,0.0,0.0,0.0,0.0,0.0,0.0,0.0,0.0,0.0,0.0,0.0,0.0,0.0,,0.0,0.0,0.0,0.0,0.0,0.0,0.0,0.0,0.0,0.0,0.0,0.0
19,Statement 3,2.   Centrally Sponsored Schemes,8876.76,0.0,8876.76,7262.59,0.0,7262.59,7413.5,0.0,7413.5,8452.33,0.0,8452.33,2020-21,Expenditure Profile,0.0,0.0,0.0,0.0,0.0,0.0,0.0,0.0,0.0,0.0,,,0.0,0.0,0.0,0.0,0.0,0.0,0.0,0.0,0.0,0.0,0.0,0.0,0.0,0.0,0.0,0.0,0.0,0.0,0.0,0.0,0.0,0.0,0.0,,0.0,0.0,0.0,0.0,0.0,0.0,0.0,0.0,0.0,0.0,0.0,0.0
19,Statement 3,3.   Establishment Expenditure of the Centre,78.2,0.0,78.2,91.8,0.0,91.8,92.87,0.0,92.87,104.24,0.0,104.24,2020-21,Expenditure Profile,0.0,0.0,0.0,0.0,0.0,0.0,0.0,0.0,0.0,0.0,,,0.0,0.0,0.0,0.0,0.0,0.0,0.0,0.0,0.0,0.0,0.0,0.0,0.0,0.0,0.0,0.0,0.0,0.0,0.0,0.0,0.0,0.0,0.0,,0.0,0.0,0.0,0.0,0.0,0.0,0.0,0.0,0.0,0.0,0.0,0.0
19,Statement 3,4.   Other Central Sector Expenditure,43.37,277.39,320.76,46.0,455.0,501.0,44.93,455.0,499.93,61.0,545.0,606.0,2020-21,Expenditure Profile,0.0,0.0,0.0,0.0,0.0,0.0,0.0,0.0,0.0,0.0,,,0.0,0.0,0.0,0.0,0.0,0.0,0.0,0.0,0.0,0.0,0.0,0.0,0.0,0.0,0.0,0.0,0.0,0.0,0.0,0.0,0.0,0.0,0.0,,0.0,0.0,0.0,0.0,0.0,0.0,0.0,0.0,0.0,0.0,0.0,0.0
19,Statement 3,93. Department of Empowerment of Persons with Disabilities,988.36,20.75,1009.11,1163.69,41.21,1204.9,1099.08,0.92,1100.0,1325.38,0.01,1325.39,2020-21,Expenditure Profile,0.0,0.0,0.0,0.0,0.0,0.0,0.0,0.0,0.0,0.0,,,0.0,0.0,0.0,0.0,0.0,0.0,0.0,0.0,0.0,0.0,0.0,0.0,0.0,0.0,0.0,0.0,0.0,0.0,0.0,0.0,0.0,0.0,0.0,,0.0,0.0,0.0,0.0,0.0,0.0,0.0,0.0,0.0,0.0,0.0,0.0
19,Statement 3,1. Central Sector Schemes/Projects,437.65,0.0,437.65,813.0,0.0,813.0,729.37,0.0,729.37,780.0,0.0,780.0,2020-21,Expenditure Profile,0.0,0.0,0.0,0.0,0.0,0.0,0.0,0.0,0.0,0.0,,,0.0,0.0,0.0,0.0,0.0,0.0,0.0,0.0,0.0,0.0,0.0,0.0,0.0,0.0,0.0,0.0,0.0,0.0,0.0,0.0,0.0,0.0,0.0,,0.0,0.0,0.0,0.0,0.0,0.0,0.0,0.0,0.0,0.0,0.0,0.0
19,Statement 3,2.   Centrally Sponsored Schemes,260.84,0.0,260.84,0.0,0.0,0.0,0.0,0.0,0.0,0.0,0.0,0.0,2020-21,Expenditure Profile,0.0,0.0,0.0,0.0,0.0,0.0,0.0,0.0,0.0,0.0,,,0.0,0.0,0.0,0.0,0.0,0.0,0.0,0.0,0.0,0.0,0.0,0.0,0.0,0.0,0.0,0.0,0.0,0.0,0.0,0.0,0.0,0.0,0.0,,0.0,0.0,0.0,0.0,0.0,0.0,0.0,0.0,0.0,0.0,0.0,0.0
19,Statement 3,3.   Establishment Expenditure of the Centre,21.93,0.0,21.93,28.67,0.0,28.67,27.16,0.0,27.16,29.86,0.0,29.86,2020-21,Expenditure Profile,0.0,0.0,0.0,0.0,0.0,0.0,0.0,0.0,0.0,0.0,,,0.0,0.0,0.0,0.0,0.0,0.0,0.0,0.0,0.0,0.0,0.0,0.0,0.0,0.0,0.0,0.0,0.0,0.0,0.0,0.0,0.0,0.0,0.0,,0.0,0.0,0.0,0.0,0.0,0.0,0.0,0.0,0.0,0.0,0.0,0.0
19,Statement 3,4.   Other Central Sector Expenditure,267.94,20.75,288.69,322.02,41.21,363.23,342.55,0.92,343.47,515.52,0.01,515.53,2020-21,Expenditure Profile,0.0,0.0,0.0,0.0,0.0,0.0,0.0,0.0,0.0,0.0,,,0.0,0.0,0.0,0.0,0.0,0.0,0.0,0.0,0.0,0.0,0.0,0.0,0.0,0.0,0.0,0.0,0.0,0.0,0.0,0.0,0.0,0.0,0.0,,0.0,0.0,0.0,0.0,0.0,0.0,0.0,0.0,0.0,0.0,0.0,0.0
19,Statement 3,94. Department of Space,5655.73,5532.64,11188.37,5874.72,6598.54,12473.26,5874.72,7264.54,13139.26,5704.2,7775.27,13479.47,2020-21,Expenditure Profile,0.0,0.0,0.0,0.0,0.0,0.0,0.0,0.0,0.0,0.0,,,0.0,0.0,0.0,0.0,0.0,0.0,0.0,0.0,0.0,0.0,0.0,0.0,0.0,0.0,0.0,0.0,0.0,0.0,0.0,0.0,0.0,0.0,0.0,,0.0,0.0,0.0,0.0,0.0,0.0,0.0,0.0,0.0,0.0,0.0,0.0
19,Statement 3,1. Central Sector Schemes/Projects,4771.7,5236.76,10008.46,5048.72,6414.54,11463.26,4950.26,7194.08,12144.34,4854.03,7732.97,12587.0,2020-21,Expenditure Profile,0.0,0.0,0.0,0.0,0.0,0.0,0.0,0.0,0.0,0.0,,,0.0,0.0,0.0,0.0,0.0,0.0,0.0,0.0,0.0,0.0,0.0,0.0,0.0,0.0,0.0,0.0,0.0,0.0,0.0,0.0,0.0,0.0,0.0,,0.0,0.0,0.0,0.0,0.0,0.0,0.0,0.0,0.0,0.0,0.0,0.0
19,Statement 3,2.   Establishment Expenditure of the Centre,205.75,295.88,501.63,193.0,174.0,367.0,213.02,60.46,273.48,187.87,42.3,230.17,2020-21,Expenditure Profile,0.0,0.0,0.0,0.0,0.0,0.0,0.0,0.0,0.0,0.0,,,0.0,0.0,0.0,0.0,0.0,0.0,0.0,0.0,0.0,0.0,0.0,0.0,0.0,0.0,0.0,0.0,0.0,0.0,0.0,0.0,0.0,0.0,0.0,,0.0,0.0,0.0,0.0,0.0,0.0,0.0,0.0,0.0,0.0,0.0,0.0
19,Statement 3,3.   Other Central Sector Expenditure,678.28,0.0,678.28,633.0,10.0,643.0,711.44,10.0,721.44,662.3,0.0,662.3,2020-21,Expenditure Profile,0.0,0.0,0.0,0.0,0.0,0.0,0.0,0.0,0.0,0.0,,,0.0,0.0,0.0,0.0,0.0,0.0,0.0,0.0,0.0,0.0,0.0,0.0,0.0,0.0,0.0,0.0,0.0,0.0,0.0,0.0,0.0,0.0,0.0,,0.0,0.0,0.0,0.0,0.0,0.0,0.0,0.0,0.0,0.0,0.0,0.0
19,Statement 3,95. Ministry of Statistics and Programme Implementation,4869.37,5.37,4874.74,5216.33,14.73,5231.06,5216.33,14.73,5231.06,5426.05,17.95,5444.0,2020-21,Expenditure Profile,0.0,0.0,0.0,0.0,0.0,0.0,0.0,0.0,0.0,0.0,,,0.0,0.0,0.0,0.0,0.0,0.0,0.0,0.0,0.0,0.0,0.0,0.0,0.0,0.0,0.0,0.0,0.0,0.0,0.0,0.0,0.0,0.0,0.0,,0.0,0.0,0.0,0.0,0.0,0.0,0.0,0.0,0.0,0.0,0.0,0.0
19,Statement 3,1. Central Sector Schemes/Projects,4159.81,5.37,4165.18,4474.1,14.73,4488.83,4474.1,14.73,4488.83,4648.05,17.95,4666.0,2020-21,Expenditure Profile,0.0,0.0,0.0,0.0,0.0,0.0,0.0,0.0,0.0,0.0,,,0.0,0.0,0.0,0.0,0.0,0.0,0.0,0.0,0.0,0.0,0.0,0.0,0.0,0.0,0.0,0.0,0.0,0.0,0.0,0.0,0.0,0.0,0.0,,0.0,0.0,0.0,0.0,0.0,0.0,0.0,0.0,0.0,0.0,0.0,0.0
19,Statement 3,2.   Establishment Expenditure of the Centre,731.45,0.0,731.45,742.23,0.0,742.23,742.23,0.0,742.23,778.0,0.0,778.0,2020-21,Expenditure Profile,0.0,0.0,0.0,0.0,0.0,0.0,0.0,0.0,0.0,0.0,,,0.0,0.0,0.0,0.0,0.0,0.0,0.0,0.0,0.0,0.0,0.0,0.0,0.0,0.0,0.0,0.0,0.0,0.0,0.0,0.0,0.0,0.0,0.0,,0.0,0.0,0.0,0.0,0.0,0.0,0.0,0.0,0.0,0.0,0.0,0.0
19,Statement 3,3.   Other Central Sector Expenditure,-21.89,0.0,-21.89,0.0,0.0,0.0,0.0,0.0,0.0,0.0,0.0,0.0,2020-21,Expenditure Profile,0.0,0.0,0.0,0.0,0.0,0.0,0.0,0.0,0.0,0.0,,,0.0,0.0,0.0,0.0,0.0,0.0,0.0,0.0,0.0,0.0,0.0,0.0,0.0,0.0,0.0,0.0,0.0,0.0,0.0,0.0,0.0,0.0,0.0,,0.0,0.0,0.0,0.0,0.0,0.0,0.0,0.0,0.0,0.0,0.0,0.0
19,Statement 3,96. Ministry of Steel,154.54,0.0,154.54,241.29,0.0,241.29,196.08,0.0,196.08,100.0,0.0,100.0,2020-21,Expenditure Profile,0.0,0.0,0.0,0.0,0.0,0.0,0.0,0.0,0.0,0.0,,,0.0,0.0,0.0,0.0,0.0,0.0,0.0,0.0,0.0,0.0,0.0,0.0,0.0,0.0,0.0,0.0,0.0,0.0,0.0,0.0,0.0,0.0,0.0,,0.0,0.0,0.0,0.0,0.0,0.0,0.0,0.0,0.0,0.0,0.0,0.0
19,Statement 3,1. Central Sector Schemes/Projects,15.0,0.0,15.0,15.0,0.0,15.0,15.0,0.0,15.0,15.0,0.0,15.0,2020-21,Expenditure Profile,0.0,0.0,0.0,0.0,0.0,0.0,0.0,0.0,0.0,0.0,,,0.0,0.0,0.0,0.0,0.0,0.0,0.0,0.0,0.0,0.0,0.0,0.0,0.0,0.0,0.0,0.0,0.0,0.0,0.0,0.0,0.0,0.0,0.0,,0.0,0.0,0.0,0.0,0.0,0.0,0.0,0.0,0.0,0.0,0.0,0.0
19,Statement 3,2.   Establishment Expenditure of the Centre,32.4,0.0,32.4,34.54,0.0,34.54,34.54,0.0,34.54,38.58,0.0,38.58,2020-21,Expenditure Profile,0.0,0.0,0.0,0.0,0.0,0.0,0.0,0.0,0.0,0.0,,,0.0,0.0,0.0,0.0,0.0,0.0,0.0,0.0,0.0,0.0,0.0,0.0,0.0,0.0,0.0,0.0,0.0,0.0,0.0,0.0,0.0,0.0,0.0,,0.0,0.0,0.0,0.0,0.0,0.0,0.0,0.0,0.0,0.0,0.0,0.0
19,Statement 3,3.   Other Central Sector Expenditure,107.14,0.0,107.14,191.75,0.0,191.75,146.54,0.0,146.54,46.42,0.0,46.42,2020-21,Expenditure Profile,0.0,0.0,0.0,0.0,0.0,0.0,0.0,0.0,0.0,0.0,,,0.0,0.0,0.0,0.0,0.0,0.0,0.0,0.0,0.0,0.0,0.0,0.0,0.0,0.0,0.0,0.0,0.0,0.0,0.0,0.0,0.0,0.0,0.0,,0.0,0.0,0.0,0.0,0.0,0.0,0.0,0.0,0.0,0.0,0.0,0.0
19,Statement 3,97. Ministry of Textiles,6638.13,23.34,6661.47,4800.57,30.91,4831.48,4800.57,30.91,4831.48,3463.76,51.03,3514.79,2020-21,Expenditure Profile,0.0,0.0,0.0,0.0,0.0,0.0,0.0,0.0,0.0,0.0,,,0.0,0.0,0.0,0.0,0.0,0.0,0.0,0.0,0.0,0.0,0.0,0.0,0.0,0.0,0.0,0.0,0.0,0.0,0.0,0.0,0.0,0.0,0.0,,0.0,0.0,0.0,0.0,0.0,0.0,0.0,0.0,0.0,0.0,0.0,0.0
19,Statement 3,1. Central Sector Schemes/Projects,6598.08,23.34,6621.42,4718.57,30.39,4748.96,4712.8,30.39,4743.19,3377.76,51.0,3428.76,2020-21,Expenditure Profile,0.0,0.0,0.0,0.0,0.0,0.0,0.0,0.0,0.0,0.0,,,0.0,0.0,0.0,0.0,0.0,0.0,0.0,0.0,0.0,0.0,0.0,0.0,0.0,0.0,0.0,0.0,0.0,0.0,0.0,0.0,0.0,0.0,0.0,,0.0,0.0,0.0,0.0,0.0,0.0,0.0,0.0,0.0,0.0,0.0,0.0
19,Statement 3,2.   Establishment Expenditure of the Centre,74.05,0.0,74.05,82.0,0.0,82.0,87.77,0.0,87.77,86.0,0.0,86.0,2020-21,Expenditure Profile,0.0,0.0,0.0,0.0,0.0,0.0,0.0,0.0,0.0,0.0,,,0.0,0.0,0.0,0.0,0.0,0.0,0.0,0.0,0.0,0.0,0.0,0.0,0.0,0.0,0.0,0.0,0.0,0.0,0.0,0.0,0.0,0.0,0.0,,0.0,0.0,0.0,0.0,0.0,0.0,0.0,0.0,0.0,0.0,0.0,0.0
19,Statement 3,3.   Other Central Sector Expenditure,-34.0,0.0,-34.0,0.0,0.52,0.52,0.0,0.52,0.52,0.0,0.03,0.03,2020-21,Expenditure Profile,0.0,0.0,0.0,0.0,0.0,0.0,0.0,0.0,0.0,0.0,,,0.0,0.0,0.0,0.0,0.0,0.0,0.0,0.0,0.0,0.0,0.0,0.0,0.0,0.0,0.0,0.0,0.0,0.0,0.0,0.0,0.0,0.0,0.0,,0.0,0.0,0.0,0.0,0.0,0.0,0.0,0.0,0.0,0.0,0.0,0.0
19,Statement 3,98. Ministry of Tourism,2090.62,0.0,2090.62,2189.21,0.01,2189.22,1416.0,0.0,1416.0,2499.83,0.0,2499.83,2020-21,Expenditure Profile,0.0,0.0,0.0,0.0,0.0,0.0,0.0,0.0,0.0,0.0,,,0.0,0.0,0.0,0.0,0.0,0.0,0.0,0.0,0.0,0.0,0.0,0.0,0.0,0.0,0.0,0.0,0.0,0.0,0.0,0.0,0.0,0.0,0.0,,0.0,0.0,0.0,0.0,0.0,0.0,0.0,0.0,0.0,0.0,0.0,0.0
19,Statement 3,1. Central Sector Schemes/Projects,1975.51,0.0,1975.51,2075.11,0.01,2075.12,1291.0,0.0,1291.0,2375.21,0.0,2375.21,2020-21,Expenditure Profile,0.0,0.0,0.0,0.0,0.0,0.0,0.0,0.0,0.0,0.0,,,0.0,0.0,0.0,0.0,0.0,0.0,0.0,0.0,0.0,0.0,0.0,0.0,0.0,0.0,0.0,0.0,0.0,0.0,0.0,0.0,0.0,0.0,0.0,,0.0,0.0,0.0,0.0,0.0,0.0,0.0,0.0,0.0,0.0,0.0,0.0
19,Statement 3,2.   Establishment Expenditure of the Centre,115.11,0.0,115.11,114.1,0.0,114.1,125.0,0.0,125.0,124.62,0.0,124.62,2020-21,Expenditure Profile,0.0,0.0,0.0,0.0,0.0,0.0,0.0,0.0,0.0,0.0,,,0.0,0.0,0.0,0.0,0.0,0.0,0.0,0.0,0.0,0.0,0.0,0.0,0.0,0.0,0.0,0.0,0.0,0.0,0.0,0.0,0.0,0.0,0.0,,0.0,0.0,0.0,0.0,0.0,0.0,0.0,0.0,0.0,0.0,0.0,0.0
20,Statement 3,99. Ministry of Tribal Affairs,5929.14,65.0,5994.14,6814.96,80.0,6894.96,7260.15,80.01,7340.16,7260.99,150.01,7411.0,2020-21,Expenditure Profile,0.0,0.0,0.0,0.0,0.0,0.0,0.0,0.0,0.0,0.0,,,0.0,0.0,0.0,0.0,0.0,0.0,0.0,0.0,0.0,0.0,0.0,0.0,0.0,0.0,0.0,0.0,0.0,0.0,0.0,0.0,0.0,0.0,0.0,,0.0,0.0,0.0,0.0,0.0,0.0,0.0,0.0,0.0,0.0,0.0,0.0
20,Statement 3,1. Central Sector Schemes/Projects,288.48,65.0,353.48,295.31,80.0,375.31,356.71,80.01,436.72,1665.22,150.01,1815.23,2020-21,Expenditure Profile,0.0,0.0,0.0,0.0,0.0,0.0,0.0,0.0,0.0,0.0,,,0.0,0.0,0.0,0.0,0.0,0.0,0.0,0.0,0.0,0.0,0.0,0.0,0.0,0.0,0.0,0.0,0.0,0.0,0.0,0.0,0.0,0.0,0.0,,0.0,0.0,0.0,0.0,0.0,0.0,0.0,0.0,0.0,0.0,0.0,0.0
20,Statement 3,2.   Centrally Sponsored Schemes,3781.05,0.0,3781.05,3810.02,0.0,3810.02,4194.39,0.0,4194.39,4190.52,0.0,4190.52,2020-21,Expenditure Profile,0.0,0.0,0.0,0.0,0.0,0.0,0.0,0.0,0.0,0.0,,,0.0,0.0,0.0,0.0,0.0,0.0,0.0,0.0,0.0,0.0,0.0,0.0,0.0,0.0,0.0,0.0,0.0,0.0,0.0,0.0,0.0,0.0,0.0,,0.0,0.0,0.0,0.0,0.0,0.0,0.0,0.0,0.0,0.0,0.0,0.0
20,Statement 3,3.   Establishment Expenditure of the Centre,39.79,0.0,39.79,47.07,0.0,47.07,46.5,0.0,46.5,55.24,0.0,55.24,2020-21,Expenditure Profile,0.0,0.0,0.0,0.0,0.0,0.0,0.0,0.0,0.0,0.0,,,0.0,0.0,0.0,0.0,0.0,0.0,0.0,0.0,0.0,0.0,0.0,0.0,0.0,0.0,0.0,0.0,0.0,0.0,0.0,0.0,0.0,0.0,0.0,,0.0,0.0,0.0,0.0,0.0,0.0,0.0,0.0,0.0,0.0,0.0,0.0
20,Statement 3,4.   Other Grants/Loans/Transfers,1819.82,0.0,1819.82,2662.56,0.0,2662.56,2662.55,0.0,2662.55,1350.01,0.0,1350.01,2020-21,Expenditure Profile,0.0,0.0,0.0,0.0,0.0,0.0,0.0,0.0,0.0,0.0,,,0.0,0.0,0.0,0.0,0.0,0.0,0.0,0.0,0.0,0.0,0.0,0.0,0.0,0.0,0.0,0.0,0.0,0.0,0.0,0.0,0.0,0.0,0.0,,0.0,0.0,0.0,0.0,0.0,0.0,0.0,0.0,0.0,0.0,0.0,0.0
20,Statement 3,100. Ministry of Women and Child Development,22995.35,30.24,23025.59,29164.89,0.01,29164.9,26179.49,5.01,26184.5,30007.09,0.01,30007.1,2020-21,Expenditure Profile,0.0,0.0,0.0,0.0,0.0,0.0,0.0,0.0,0.0,0.0,,,0.0,0.0,0.0,0.0,0.0,0.0,0.0,0.0,0.0,0.0,0.0,0.0,0.0,0.0,0.0,0.0,0.0,0.0,0.0,0.0,0.0,0.0,0.0,,0.0,0.0,0.0,0.0,0.0,0.0,0.0,0.0,0.0,0.0,0.0,0.0
20,Statement 3,1. Centrally Sponsored Schemes,22743.28,30.24,22773.52,28914.36,0.01,28914.37,25910.49,5.01,25915.5,29720.37,0.01,29720.38,2020-21,Expenditure Profile,0.0,0.0,0.0,0.0,0.0,0.0,0.0,0.0,0.0,0.0,,,0.0,0.0,0.0,0.0,0.0,0.0,0.0,0.0,0.0,0.0,0.0,0.0,0.0,0.0,0.0,0.0,0.0,0.0,0.0,0.0,0.0,0.0,0.0,,0.0,0.0,0.0,0.0,0.0,0.0,0.0,0.0,0.0,0.0,0.0,0.0
20,Statement 3,2.   Establishment Expenditure of the Centre,56.67,0.0,56.67,60.92,0.0,60.92,70.0,0.0,70.0,69.12,0.0,69.12,2020-21,Expenditure Profile,0.0,0.0,0.0,0.0,0.0,0.0,0.0,0.0,0.0,0.0,,,0.0,0.0,0.0,0.0,0.0,0.0,0.0,0.0,0.0,0.0,0.0,0.0,0.0,0.0,0.0,0.0,0.0,0.0,0.0,0.0,0.0,0.0,0.0,,0.0,0.0,0.0,0.0,0.0,0.0,0.0,0.0,0.0,0.0,0.0,0.0
20,Statement 3,3.   Other Central Sector Expenditure,195.4,0.0,195.4,189.61,0.0,189.61,199.0,0.0,199.0,217.6,0.0,217.6,2020-21,Expenditure Profile,0.0,0.0,0.0,0.0,0.0,0.0,0.0,0.0,0.0,0.0,,,0.0,0.0,0.0,0.0,0.0,0.0,0.0,0.0,0.0,0.0,0.0,0.0,0.0,0.0,0.0,0.0,0.0,0.0,0.0,0.0,0.0,0.0,0.0,,0.0,0.0,0.0,0.0,0.0,0.0,0.0,0.0,0.0,0.0,0.0,0.0
20,Statement 3,101. Ministry of Youth Affairs and Sports,1722.33,0.68,1723.01,2181.9,35.02,2216.92,2731.9,45.02,2776.92,2775.9,51.02,2826.92,2020-21,Expenditure Profile,0.0,0.0,0.0,0.0,0.0,0.0,0.0,0.0,0.0,0.0,,,0.0,0.0,0.0,0.0,0.0,0.0,0.0,0.0,0.0,0.0,0.0,0.0,0.0,0.0,0.0,0.0,0.0,0.0,0.0,0.0,0.0,0.0,0.0,,0.0,0.0,0.0,0.0,0.0,0.0,0.0,0.0,0.0,0.0,0.0,0.0
20,Statement 3,1. Central Sector Schemes/Projects,1027.88,0.68,1028.56,1309.98,0.02,1310.0,1555.48,0.02,1555.5,1745.9,0.02,1745.92,2020-21,Expenditure Profile,0.0,0.0,0.0,0.0,0.0,0.0,0.0,0.0,0.0,0.0,,,0.0,0.0,0.0,0.0,0.0,0.0,0.0,0.0,0.0,0.0,0.0,0.0,0.0,0.0,0.0,0.0,0.0,0.0,0.0,0.0,0.0,0.0,0.0,,0.0,0.0,0.0,0.0,0.0,0.0,0.0,0.0,0.0,0.0,0.0,0.0
20,Statement 3,2.   Establishment Expenditure of the Centre,28.26,0.0,28.26,33.0,0.0,33.0,33.0,0.0,33.0,34.0,0.0,34.0,2020-21,Expenditure Profile,0.0,0.0,0.0,0.0,0.0,0.0,0.0,0.0,0.0,0.0,,,0.0,0.0,0.0,0.0,0.0,0.0,0.0,0.0,0.0,0.0,0.0,0.0,0.0,0.0,0.0,0.0,0.0,0.0,0.0,0.0,0.0,0.0,0.0,,0.0,0.0,0.0,0.0,0.0,0.0,0.0,0.0,0.0,0.0,0.0,0.0
20,Statement 3,3.   Other Central Sector Expenditure,666.19,0.0,666.19,838.92,35.0,873.92,1143.42,45.0,1188.42,996.0,51.0,1047.0,2020-21,Expenditure Profile,0.0,0.0,0.0,0.0,0.0,0.0,0.0,0.0,0.0,0.0,,,0.0,0.0,0.0,0.0,0.0,0.0,0.0,0.0,0.0,0.0,0.0,0.0,0.0,0.0,0.0,0.0,0.0,0.0,0.0,0.0,0.0,0.0,0.0,,0.0,0.0,0.0,0.0,0.0,0.0,0.0,0.0,0.0,0.0,0.0,0.0
20,Statement 3,Grand Total,2007399.09,307713.52,2315112.61,2447780.34,338569.11,2786349.45,2349644.67,348907.47,2698552.14,2630145.16,412084.93,3042230.09,2020-21,Expenditure Profile,0.0,0.0,0.0,0.0,0.0,0.0,0.0,0.0,0.0,0.0,,,0.0,0.0,0.0,0.0,0.0,0.0,0.0,0.0,0.0,0.0,0.0,0.0,0.0,0.0,0.0,0.0,0.0,0.0,0.0,0.0,0.0,0.0,0.0,,0.0,0.0,0.0,0.0,0.0,0.0,0.0,0.0,0.0,0.0,0.0,0.0
20,Statement 3,Central Sector Schemes/Projects,364691.69,273803.18,638494.87,568660.18,302134.28,870794.46,458524.99,314671.01,773196.0,497024.69,334800.37,831825.06,2020-21,Expenditure Profile,0.0,0.0,0.0,0.0,0.0,0.0,0.0,0.0,0.0,0.0,,,0.0,0.0,0.0,0.0,0.0,0.0,0.0,0.0,0.0,0.0,0.0,0.0,0.0,0.0,0.0,0.0,0.0,0.0,0.0,0.0,0.0,0.0,0.0,,0.0,0.0,0.0,0.0,0.0,0.0,0.0,0.0,0.0,0.0,0.0,0.0
20,Statement 3,Centrally Sponsored Schemes,295927.44,101.41,296028.85,331544.07,65.51,331609.58,316760.91,54.65,316815.56,339838.77,55.76,339894.53,2020-21,Expenditure Profile,0.0,0.0,0.0,0.0,0.0,0.0,0.0,0.0,0.0,0.0,,,0.0,0.0,0.0,0.0,0.0,0.0,0.0,0.0,0.0,0.0,0.0,0.0,0.0,0.0,0.0,0.0,0.0,0.0,0.0,0.0,0.0,0.0,0.0,,0.0,0.0,0.0,0.0,0.0,0.0,0.0,0.0,0.0,0.0,0.0,0.0
20,Statement 3,Establishment Expenditure of the Centre,514756.72,6490.51,521247.23,538759.82,7536.42,546296.24,560214.12,6918.64,567132.76,602276.49,7308.3,609584.79,2020-21,Expenditure Profile,0.0,0.0,0.0,0.0,0.0,0.0,0.0,0.0,0.0,0.0,,,0.0,0.0,0.0,0.0,0.0,0.0,0.0,0.0,0.0,0.0,0.0,0.0,0.0,0.0,0.0,0.0,0.0,0.0,0.0,0.0,0.0,0.0,0.0,,0.0,0.0,0.0,0.0,0.0,0.0,0.0,0.0,0.0,0.0,0.0,0.0
20,Statement 3,Finance Commission Grants,93703.58,0.0,93703.58,120466.22,0.0,120466.22,123709.88,0.0,123709.88,149924.8,0.0,149924.8,2020-21,Expenditure Profile,0.0,0.0,0.0,0.0,0.0,0.0,0.0,0.0,0.0,0.0,,,0.0,0.0,0.0,0.0,0.0,0.0,0.0,0.0,0.0,0.0,0.0,0.0,0.0,0.0,0.0,0.0,0.0,0.0,0.0,0.0,0.0,0.0,0.0,,0.0,0.0,0.0,0.0,0.0,0.0,0.0,0.0,0.0,0.0,0.0,0.0
20,Statement 3,Other Central Sector Expenditure,663215.78,14187.73,677403.51,751081.93,21046.66,772128.59,721617.37,19936.04,741553.41,827406.33,60167.84,887574.17,2020-21,Expenditure Profile,0.0,0.0,0.0,0.0,0.0,0.0,0.0,0.0,0.0,0.0,,,0.0,0.0,0.0,0.0,0.0,0.0,0.0,0.0,0.0,0.0,0.0,0.0,0.0,0.0,0.0,0.0,0.0,0.0,0.0,0.0,0.0,0.0,0.0,,0.0,0.0,0.0,0.0,0.0,0.0,0.0,0.0,0.0,0.0,0.0,0.0
20,Statement 3,Other Grants/Loans/Transfers,75103.88,13130.69,88234.57,137268.12,7786.24,145054.36,168817.4,7327.13,176144.53,213674.08,9752.66,223426.74,2020-21,Expenditure Profile,0.0,0.0,0.0,0.0,0.0,0.0,0.0,0.0,0.0,0.0,,,0.0,0.0,0.0,0.0,0.0,0.0,0.0,0.0,0.0,0.0,0.0,0.0,0.0,0.0,0.0,0.0,0.0,0.0,0.0,0.0,0.0,0.0,0.0,,0.0,0.0,0.0,0.0,0.0,0.0,0.0,0.0,0.0,0.0,0.0,0.0
10,Statement 3,"1. Department of Agriculture, Cooperation and Farmers' Welfare",0.0,0.0,0.0,0.0,0.0,0.0,0.0,0.0,0.0,134349.45,50.32,134399.77,2021-22,Expenditure Profile,94237.97,13.65,94251.62,116698.58,59.34,116757.92,122961.57,56.0,123017.57,0.0,,,0.0,0.0,0.0,0.0,0.0,0.0,0.0,0.0,0.0,0.0,0.0,0.0,0.0,0.0,0.0,0.0,0.0,0.0,0.0,0.0,0.0,0.0,0.0,,0.0,0.0,0.0,0.0,0.0,0.0,0.0,0.0,0.0,0.0,0.0,0.0
10,Statement 3,1. Central Sector Schemes/Projects,0.0,0.0,0.0,0.0,0.0,0.0,0.0,0.0,0.0,116490.0,0.0,116490.0,2021-22,Expenditure Profile,81342.71,0.0,81342.71,103162.3,0.0,103162.3,105018.81,0.0,105018.81,0.0,,,0.0,0.0,0.0,0.0,0.0,0.0,0.0,0.0,0.0,0.0,0.0,0.0,0.0,0.0,0.0,0.0,0.0,0.0,0.0,0.0,0.0,0.0,0.0,,0.0,0.0,0.0,0.0,0.0,0.0,0.0,0.0,0.0,0.0,0.0,0.0
10,Statement 3,2.   Centrally Sponsored Schemes,0.0,0.0,0.0,0.0,0.0,0.0,0.0,0.0,0.0,17269.45,50.32,17319.77,2021-22,Expenditure Profile,12321.46,13.65,12335.11,12977.36,59.34,13036.7,17352.19,56.0,17408.19,0.0,,,0.0,0.0,0.0,0.0,0.0,0.0,0.0,0.0,0.0,0.0,0.0,0.0,0.0,0.0,0.0,0.0,0.0,0.0,0.0,0.0,0.0,0.0,0.0,,0.0,0.0,0.0,0.0,0.0,0.0,0.0,0.0,0.0,0.0,0.0,0.0
10,Statement 3,3.   Establishment Expenditure of the Centre,0.0,0.0,0.0,0.0,0.0,0.0,0.0,0.0,0.0,556.07,0.0,556.07,2021-22,Expenditure Profile,498.87,0.0,498.87,526.99,0.0,526.99,557.47,0.0,557.47,0.0,,,0.0,0.0,0.0,0.0,0.0,0.0,0.0,0.0,0.0,0.0,0.0,0.0,0.0,0.0,0.0,0.0,0.0,0.0,0.0,0.0,0.0,0.0,0.0,,0.0,0.0,0.0,0.0,0.0,0.0,0.0,0.0,0.0,0.0,0.0,0.0
10,Statement 3,4.   Other Central Sector Expenditure,0.0,0.0,0.0,0.0,0.0,0.0,0.0,0.0,0.0,33.93,0.0,33.93,2021-22,Expenditure Profile,74.93,0.0,74.93,31.93,0.0,31.93,33.1,0.0,33.1,0.0,,,0.0,0.0,0.0,0.0,0.0,0.0,0.0,0.0,0.0,0.0,0.0,0.0,0.0,0.0,0.0,0.0,0.0,0.0,0.0,0.0,0.0,0.0,0.0,,0.0,0.0,0.0,0.0,0.0,0.0,0.0,0.0,0.0,0.0,0.0,0.0
10,Statement 3,2. Department of Agricultural Research and Education,0.0,0.0,0.0,0.0,0.0,0.0,0.0,0.0,0.0,8362.58,0.0,8362.58,2021-22,Expenditure Profile,7523.37,0.0,7523.37,7762.38,0.0,7762.38,8513.62,0.0,8513.62,0.0,,,0.0,0.0,0.0,0.0,0.0,0.0,0.0,0.0,0.0,0.0,0.0,0.0,0.0,0.0,0.0,0.0,0.0,0.0,0.0,0.0,0.0,0.0,0.0,,0.0,0.0,0.0,0.0,0.0,0.0,0.0,0.0,0.0,0.0,0.0,0.0
10,Statement 3,1. Central Sector Schemes/Projects,0.0,0.0,0.0,0.0,0.0,0.0,0.0,0.0,0.0,2729.0,0.0,2729.0,2021-22,Expenditure Profile,2488.61,0.0,2488.61,2305.0,0.0,2305.0,2686.0,0.0,2686.0,0.0,,,0.0,0.0,0.0,0.0,0.0,0.0,0.0,0.0,0.0,0.0,0.0,0.0,0.0,0.0,0.0,0.0,0.0,0.0,0.0,0.0,0.0,0.0,0.0,,0.0,0.0,0.0,0.0,0.0,0.0,0.0,0.0,0.0,0.0,0.0,0.0
10,Statement 3,2.   Establishment Expenditure of the Centre,0.0,0.0,0.0,0.0,0.0,0.0,0.0,0.0,0.0,13.85,0.0,13.85,2021-22,Expenditure Profile,12.2,0.0,12.2,13.11,0.0,13.11,14.05,0.0,14.05,0.0,,,0.0,0.0,0.0,0.0,0.0,0.0,0.0,0.0,0.0,0.0,0.0,0.0,0.0,0.0,0.0,0.0,0.0,0.0,0.0,0.0,0.0,0.0,0.0,,0.0,0.0,0.0,0.0,0.0,0.0,0.0,0.0,0.0,0.0,0.0,0.0
10,Statement 3,3.   Other Central Sector Expenditure,0.0,0.0,0.0,0.0,0.0,0.0,0.0,0.0,0.0,5619.73,0.0,5619.73,2021-22,Expenditure Profile,5022.56,0.0,5022.56,5444.27,0.0,5444.27,5813.57,0.0,5813.57,0.0,,,0.0,0.0,0.0,0.0,0.0,0.0,0.0,0.0,0.0,0.0,0.0,0.0,0.0,0.0,0.0,0.0,0.0,0.0,0.0,0.0,0.0,0.0,0.0,,0.0,0.0,0.0,0.0,0.0,0.0,0.0,0.0,0.0,0.0,0.0,0.0
10,Statement 3,3. Atomic Energy,0.0,0.0,0.0,0.0,0.0,0.0,0.0,0.0,0.0,8884.44,9344.5,18228.94,2021-22,Expenditure Profile,11729.2,8075.49,19804.69,8312.62,5962.34,14274.96,8389.12,9875.77,18264.89,0.0,,,0.0,0.0,0.0,0.0,0.0,0.0,0.0,0.0,0.0,0.0,0.0,0.0,0.0,0.0,0.0,0.0,0.0,0.0,0.0,0.0,0.0,0.0,0.0,,0.0,0.0,0.0,0.0,0.0,0.0,0.0,0.0,0.0,0.0,0.0,0.0
10,Statement 3,1. Central Sector Schemes/Projects,0.0,0.0,0.0,0.0,0.0,0.0,0.0,0.0,0.0,821.05,5465.32,6286.37,2021-22,Expenditure Profile,2927.57,5102.53,8030.1,686.76,3619.04,4305.8,452.47,6224.37,6676.84,0.0,,,0.0,0.0,0.0,0.0,0.0,0.0,0.0,0.0,0.0,0.0,0.0,0.0,0.0,0.0,0.0,0.0,0.0,0.0,0.0,0.0,0.0,0.0,0.0,,0.0,0.0,0.0,0.0,0.0,0.0,0.0,0.0,0.0,0.0,0.0,0.0
10,Statement 3,2.   Establishment Expenditure of the Centre,0.0,0.0,0.0,0.0,0.0,0.0,0.0,0.0,0.0,5189.42,-57.82,5131.6,2021-22,Expenditure Profile,6021.16,-122.04,5899.12,5039.75,-426.7,4613.05,4890.35,-28.6,4861.75,0.0,,,0.0,0.0,0.0,0.0,0.0,0.0,0.0,0.0,0.0,0.0,0.0,0.0,0.0,0.0,0.0,0.0,0.0,0.0,0.0,0.0,0.0,0.0,0.0,,0.0,0.0,0.0,0.0,0.0,0.0,0.0,0.0,0.0,0.0,0.0,0.0
10,Statement 3,3.   Other Central Sector Expenditure,0.0,0.0,0.0,0.0,0.0,0.0,0.0,0.0,0.0,2873.97,3937.0,6810.97,2021-22,Expenditure Profile,2780.47,3095.0,5875.47,2586.11,2770.0,5356.11,3046.3,3680.0,6726.3,0.0,,,0.0,0.0,0.0,0.0,0.0,0.0,0.0,0.0,0.0,0.0,0.0,0.0,0.0,0.0,0.0,0.0,0.0,0.0,0.0,0.0,0.0,0.0,0.0,,0.0,0.0,0.0,0.0,0.0,0.0,0.0,0.0,0.0,0.0,0.0,0.0
10,Statement 3,"4. Ministry of Ayurveda, Yoga and Naturopathy, Unani, Siddha",0.0,0.0,0.0,0.0,0.0,0.0,0.0,0.0,0.0,2122.08,0.0,2122.08,2021-22,Expenditure Profile,1784.16,0.0,1784.16,2322.08,0.0,2322.08,2970.3,0.0,2970.3,0.0,,,0.0,0.0,0.0,0.0,0.0,0.0,0.0,0.0,0.0,0.0,0.0,0.0,0.0,0.0,0.0,0.0,0.0,0.0,0.0,0.0,0.0,0.0,0.0,,0.0,0.0,0.0,0.0,0.0,0.0,0.0,0.0,0.0,0.0,0.0,0.0
10,Statement 3,1. Central Sector Schemes/Projects,0.0,0.0,0.0,0.0,0.0,0.0,0.0,0.0,0.0,136.0,0.0,136.0,2021-22,Expenditure Profile,95.03,0.0,95.03,121.9,0.0,121.9,298.67,0.0,298.67,0.0,,,0.0,0.0,0.0,0.0,0.0,0.0,0.0,0.0,0.0,0.0,0.0,0.0,0.0,0.0,0.0,0.0,0.0,0.0,0.0,0.0,0.0,0.0,0.0,,0.0,0.0,0.0,0.0,0.0,0.0,0.0,0.0,0.0,0.0,0.0,0.0
10,Statement 3,2.   Centrally Sponsored Schemes,0.0,0.0,0.0,0.0,0.0,0.0,0.0,0.0,0.0,705.0,0.0,705.0,2021-22,Expenditure Profile,495.48,0.0,495.48,400.0,0.0,400.0,553.8,0.0,553.8,0.0,,,0.0,0.0,0.0,0.0,0.0,0.0,0.0,0.0,0.0,0.0,0.0,0.0,0.0,0.0,0.0,0.0,0.0,0.0,0.0,0.0,0.0,0.0,0.0,,0.0,0.0,0.0,0.0,0.0,0.0,0.0,0.0,0.0,0.0,0.0,0.0
10,Statement 3,3.   Establishment Expenditure of the Centre,0.0,0.0,0.0,0.0,0.0,0.0,0.0,0.0,0.0,110.5,0.0,110.5,2021-22,Expenditure Profile,101.04,0.0,101.04,99.44,0.0,99.44,118.75,0.0,118.75,0.0,,,0.0,0.0,0.0,0.0,0.0,0.0,0.0,0.0,0.0,0.0,0.0,0.0,0.0,0.0,0.0,0.0,0.0,0.0,0.0,0.0,0.0,0.0,0.0,,0.0,0.0,0.0,0.0,0.0,0.0,0.0,0.0,0.0,0.0,0.0,0.0
10,Statement 3,4.   Other Central Sector Expenditure,0.0,0.0,0.0,0.0,0.0,0.0,0.0,0.0,0.0,1170.58,0.0,1170.58,2021-22,Expenditure Profile,1092.61,0.0,1092.61,1700.74,0.0,1700.74,1999.08,0.0,1999.08,0.0,,,0.0,0.0,0.0,0.0,0.0,0.0,0.0,0.0,0.0,0.0,0.0,0.0,0.0,0.0,0.0,0.0,0.0,0.0,0.0,0.0,0.0,0.0,0.0,,0.0,0.0,0.0,0.0,0.0,0.0,0.0,0.0,0.0,0.0,0.0,0.0
10,Statement 3,5. Department of Chemicals and Petrochemicals,0.0,0.0,0.0,0.0,0.0,0.0,0.0,0.0,0.0,218.34,0.0,218.34,2021-22,Expenditure Profile,365.12,0.0,365.12,222.0,73.7,295.7,229.64,3.5,233.14,0.0,,,0.0,0.0,0.0,0.0,0.0,0.0,0.0,0.0,0.0,0.0,0.0,0.0,0.0,0.0,0.0,0.0,0.0,0.0,0.0,0.0,0.0,0.0,0.0,,0.0,0.0,0.0,0.0,0.0,0.0,0.0,0.0,0.0,0.0,0.0,0.0
10,Statement 3,1. Central Sector Schemes/Projects,0.0,0.0,0.0,0.0,0.0,0.0,0.0,0.0,0.0,57.3,0.0,57.3,2021-22,Expenditure Profile,234.58,0.0,234.58,25.65,0.0,25.65,56.73,0.0,56.73,0.0,,,0.0,0.0,0.0,0.0,0.0,0.0,0.0,0.0,0.0,0.0,0.0,0.0,0.0,0.0,0.0,0.0,0.0,0.0,0.0,0.0,0.0,0.0,0.0,,0.0,0.0,0.0,0.0,0.0,0.0,0.0,0.0,0.0,0.0,0.0,0.0
10,Statement 3,2.   Establishment Expenditure of the Centre,0.0,0.0,0.0,0.0,0.0,0.0,0.0,0.0,0.0,19.99,0.0,19.99,2021-22,Expenditure Profile,17.43,0.0,17.43,18.12,0.0,18.12,20.97,0.0,20.97,0.0,,,0.0,0.0,0.0,0.0,0.0,0.0,0.0,0.0,0.0,0.0,0.0,0.0,0.0,0.0,0.0,0.0,0.0,0.0,0.0,0.0,0.0,0.0,0.0,,0.0,0.0,0.0,0.0,0.0,0.0,0.0,0.0,0.0,0.0,0.0,0.0
10,Statement 3,3.   Other Central Sector Expenditure,0.0,0.0,0.0,0.0,0.0,0.0,0.0,0.0,0.0,141.05,0.0,141.05,2021-22,Expenditure Profile,113.11,0.0,113.11,178.23,0.0,178.23,151.94,0.0,151.94,0.0,,,0.0,0.0,0.0,0.0,0.0,0.0,0.0,0.0,0.0,0.0,0.0,0.0,0.0,0.0,0.0,0.0,0.0,0.0,0.0,0.0,0.0,0.0,0.0,,0.0,0.0,0.0,0.0,0.0,0.0,0.0,0.0,0.0,0.0,0.0,0.0
10,Statement 3,4.   Other Grants/Loans/Transfers,0.0,0.0,0.0,0.0,0.0,0.0,0.0,0.0,0.0,0.0,0.0,0.0,2021-22,Expenditure Profile,0.0,0.0,0.0,0.0,73.7,73.7,0.0,3.5,3.5,0.0,,,0.0,0.0,0.0,0.0,0.0,0.0,0.0,0.0,0.0,0.0,0.0,0.0,0.0,0.0,0.0,0.0,0.0,0.0,0.0,0.0,0.0,0.0,0.0,,0.0,0.0,0.0,0.0,0.0,0.0,0.0,0.0,0.0,0.0,0.0,0.0
10,Statement 3,6. Department of Fertilisers,0.0,0.0,0.0,0.0,0.0,0.0,0.0,0.0,0.0,71344.95,0.05,71345.0,2021-22,Expenditure Profile,81144.25,0.0,81144.25,133979.46,813.24,134792.7,79566.77,444.62,80011.39,0.0,,,0.0,0.0,0.0,0.0,0.0,0.0,0.0,0.0,0.0,0.0,0.0,0.0,0.0,0.0,0.0,0.0,0.0,0.0,0.0,0.0,0.0,0.0,0.0,,0.0,0.0,0.0,0.0,0.0,0.0,0.0,0.0,0.0,0.0,0.0,0.0
10,Statement 3,1. Central Sector Schemes/Projects,0.0,0.0,0.0,0.0,0.0,0.0,0.0,0.0,0.0,71309.0,0.0,71309.0,2021-22,Expenditure Profile,81124.33,0.0,81124.33,133947.3,0.0,133947.3,79529.68,0.0,79529.68,0.0,,,0.0,0.0,0.0,0.0,0.0,0.0,0.0,0.0,0.0,0.0,0.0,0.0,0.0,0.0,0.0,0.0,0.0,0.0,0.0,0.0,0.0,0.0,0.0,,0.0,0.0,0.0,0.0,0.0,0.0,0.0,0.0,0.0,0.0,0.0,0.0
10,Statement 3,2.   Establishment Expenditure of the Centre,0.0,0.0,0.0,0.0,0.0,0.0,0.0,0.0,0.0,35.94,0.0,35.94,2021-22,Expenditure Profile,32.75,0.0,32.75,32.16,0.0,32.16,37.08,0.0,37.08,0.0,,,0.0,0.0,0.0,0.0,0.0,0.0,0.0,0.0,0.0,0.0,0.0,0.0,0.0,0.0,0.0,0.0,0.0,0.0,0.0,0.0,0.0,0.0,0.0,,0.0,0.0,0.0,0.0,0.0,0.0,0.0,0.0,0.0,0.0,0.0,0.0
10,Statement 3,3.   Other Central Sector Expenditure,0.0,0.0,0.0,0.0,0.0,0.0,0.0,0.0,0.0,0.01,0.05,0.06,2021-22,Expenditure Profile,-12.83,0.0,-12.83,0.0,813.24,813.24,0.01,444.62,444.63,0.0,,,0.0,0.0,0.0,0.0,0.0,0.0,0.0,0.0,0.0,0.0,0.0,0.0,0.0,0.0,0.0,0.0,0.0,0.0,0.0,0.0,0.0,0.0,0.0,,0.0,0.0,0.0,0.0,0.0,0.0,0.0,0.0,0.0,0.0,0.0,0.0
10,Statement 3,7. Department of Pharmaceuticals,0.0,0.0,0.0,0.0,0.0,0.0,0.0,0.0,0.0,326.4,7.18,333.58,2021-22,Expenditure Profile,220.36,333.15,553.51,463.23,7.18,470.41,461.29,9.12,470.41,0.0,,,0.0,0.0,0.0,0.0,0.0,0.0,0.0,0.0,0.0,0.0,0.0,0.0,0.0,0.0,0.0,0.0,0.0,0.0,0.0,0.0,0.0,0.0,0.0,,0.0,0.0,0.0,0.0,0.0,0.0,0.0,0.0,0.0,0.0,0.0,0.0
11,Statement 3,1.   Central Sector Schemes/Projects,0.0,0.0,0.0,0.0,0.0,0.0,0.0,0.0,0.0,281.0,0.0,281.0,2021-22,Expenditure Profile,202.81,0.0,202.81,408.33,0.0,408.33,410.76,0.0,410.76,0.0,,,0.0,0.0,0.0,0.0,0.0,0.0,0.0,0.0,0.0,0.0,0.0,0.0,0.0,0.0,0.0,0.0,0.0,0.0,0.0,0.0,0.0,0.0,0.0,,0.0,0.0,0.0,0.0,0.0,0.0,0.0,0.0,0.0,0.0,0.0,0.0
11,Statement 3,2.   Establishment Expenditure of the Centre,0.0,0.0,0.0,0.0,0.0,0.0,0.0,0.0,0.0,27.4,0.0,27.4,2021-22,Expenditure Profile,24.3,0.0,24.3,27.35,0.0,27.35,31.53,0.0,31.53,0.0,,,0.0,0.0,0.0,0.0,0.0,0.0,0.0,0.0,0.0,0.0,0.0,0.0,0.0,0.0,0.0,0.0,0.0,0.0,0.0,0.0,0.0,0.0,0.0,,0.0,0.0,0.0,0.0,0.0,0.0,0.0,0.0,0.0,0.0,0.0,0.0
11,Statement 3,3.   Other Central Sector Expenditure,0.0,0.0,0.0,0.0,0.0,0.0,0.0,0.0,0.0,18.0,7.18,25.18,2021-22,Expenditure Profile,0.0,333.15,333.15,27.55,7.18,34.73,19.0,9.12,28.12,0.0,,,0.0,0.0,0.0,0.0,0.0,0.0,0.0,0.0,0.0,0.0,0.0,0.0,0.0,0.0,0.0,0.0,0.0,0.0,0.0,0.0,0.0,0.0,0.0,,0.0,0.0,0.0,0.0,0.0,0.0,0.0,0.0,0.0,0.0,0.0,0.0
11,Statement 3,4.   Other Grants/Loans/Transfers,0.0,0.0,0.0,0.0,0.0,0.0,0.0,0.0,0.0,0.0,0.0,0.0,2021-22,Expenditure Profile,-6.75,0.0,-6.75,0.0,0.0,0.0,0.0,0.0,0.0,0.0,,,0.0,0.0,0.0,0.0,0.0,0.0,0.0,0.0,0.0,0.0,0.0,0.0,0.0,0.0,0.0,0.0,0.0,0.0,0.0,0.0,0.0,0.0,0.0,,0.0,0.0,0.0,0.0,0.0,0.0,0.0,0.0,0.0,0.0,0.0,0.0
11,Statement 3,8. Ministry of Civil Aviation,0.0,0.0,0.0,0.0,0.0,0.0,0.0,0.0,0.0,3771.74,25.97,3797.71,2021-22,Expenditure Profile,3625.36,21.36,3646.72,4077.66,53.97,4131.63,3184.15,40.52,3224.67,0.0,,,0.0,0.0,0.0,0.0,0.0,0.0,0.0,0.0,0.0,0.0,0.0,0.0,0.0,0.0,0.0,0.0,0.0,0.0,0.0,0.0,0.0,0.0,0.0,,0.0,0.0,0.0,0.0,0.0,0.0,0.0,0.0,0.0,0.0,0.0,0.0
11,Statement 3,1. Central Sector Schemes/Projects,0.0,0.0,0.0,0.0,0.0,0.0,0.0,0.0,0.0,3480.41,0.01,3480.42,2021-22,Expenditure Profile,3329.21,0.01,3329.22,3725.46,0.01,3725.47,2869.0,0.0,2869.0,0.0,,,0.0,0.0,0.0,0.0,0.0,0.0,0.0,0.0,0.0,0.0,0.0,0.0,0.0,0.0,0.0,0.0,0.0,0.0,0.0,0.0,0.0,0.0,0.0,,0.0,0.0,0.0,0.0,0.0,0.0,0.0,0.0,0.0,0.0,0.0,0.0
11,Statement 3,2.   Establishment Expenditure of the Centre,0.0,0.0,0.0,0.0,0.0,0.0,0.0,0.0,0.0,274.51,25.95,300.46,2021-22,Expenditure Profile,276.8,21.35,298.15,284.71,53.95,338.66,284.64,40.51,325.15,0.0,,,0.0,0.0,0.0,0.0,0.0,0.0,0.0,0.0,0.0,0.0,0.0,0.0,0.0,0.0,0.0,0.0,0.0,0.0,0.0,0.0,0.0,0.0,0.0,,0.0,0.0,0.0,0.0,0.0,0.0,0.0,0.0,0.0,0.0,0.0,0.0
11,Statement 3,3.   Other Central Sector Expenditure,0.0,0.0,0.0,0.0,0.0,0.0,0.0,0.0,0.0,16.82,0.01,16.83,2021-22,Expenditure Profile,19.35,0.0,19.35,67.49,0.01,67.5,30.51,0.01,30.52,0.0,,,0.0,0.0,0.0,0.0,0.0,0.0,0.0,0.0,0.0,0.0,0.0,0.0,0.0,0.0,0.0,0.0,0.0,0.0,0.0,0.0,0.0,0.0,0.0,,0.0,0.0,0.0,0.0,0.0,0.0,0.0,0.0,0.0,0.0,0.0,0.0
11,Statement 3,9. Ministry of Coal,0.0,0.0,0.0,0.0,0.0,0.0,0.0,0.0,0.0,882.61,0.0,882.61,2021-22,Expenditure Profile,822.99,0.0,822.99,627.58,0.0,627.58,534.88,0.0,534.88,0.0,,,0.0,0.0,0.0,0.0,0.0,0.0,0.0,0.0,0.0,0.0,0.0,0.0,0.0,0.0,0.0,0.0,0.0,0.0,0.0,0.0,0.0,0.0,0.0,,0.0,0.0,0.0,0.0,0.0,0.0,0.0,0.0,0.0,0.0,0.0,0.0
11,Statement 3,1. Central Sector Schemes/Projects,0.0,0.0,0.0,0.0,0.0,0.0,0.0,0.0,0.0,819.98,0.0,819.98,2021-22,Expenditure Profile,762.82,0.0,762.82,553.73,0.0,553.73,419.98,0.0,419.98,0.0,,,0.0,0.0,0.0,0.0,0.0,0.0,0.0,0.0,0.0,0.0,0.0,0.0,0.0,0.0,0.0,0.0,0.0,0.0,0.0,0.0,0.0,0.0,0.0,,0.0,0.0,0.0,0.0,0.0,0.0,0.0,0.0,0.0,0.0,0.0,0.0
11,Statement 3,2.   Establishment Expenditure of the Centre,0.0,0.0,0.0,0.0,0.0,0.0,0.0,0.0,0.0,40.28,0.0,40.28,2021-22,Expenditure Profile,37.27,0.0,37.27,51.5,0.0,51.5,61.7,0.0,61.7,0.0,,,0.0,0.0,0.0,0.0,0.0,0.0,0.0,0.0,0.0,0.0,0.0,0.0,0.0,0.0,0.0,0.0,0.0,0.0,0.0,0.0,0.0,0.0,0.0,,0.0,0.0,0.0,0.0,0.0,0.0,0.0,0.0,0.0,0.0,0.0,0.0
11,Statement 3,3.   Other Central Sector Expenditure,0.0,0.0,0.0,0.0,0.0,0.0,0.0,0.0,0.0,22.35,0.0,22.35,2021-22,Expenditure Profile,22.9,0.0,22.9,22.35,0.0,22.35,53.2,0.0,53.2,0.0,,,0.0,0.0,0.0,0.0,0.0,0.0,0.0,0.0,0.0,0.0,0.0,0.0,0.0,0.0,0.0,0.0,0.0,0.0,0.0,0.0,0.0,0.0,0.0,,0.0,0.0,0.0,0.0,0.0,0.0,0.0,0.0,0.0,0.0,0.0,0.0
11,Statement 3,10. Department of Commerce,0.0,0.0,0.0,0.0,0.0,0.0,0.0,0.0,0.0,5532.32,687.0,6219.32,2021-22,Expenditure Profile,6019.51,862.43,6881.94,4173.0,427.0,4600.0,4699.01,287.0,4986.01,0.0,,,0.0,0.0,0.0,0.0,0.0,0.0,0.0,0.0,0.0,0.0,0.0,0.0,0.0,0.0,0.0,0.0,0.0,0.0,0.0,0.0,0.0,0.0,0.0,,0.0,0.0,0.0,0.0,0.0,0.0,0.0,0.0,0.0,0.0,0.0,0.0
11,Statement 3,1. Central Sector Schemes/Projects,0.0,0.0,0.0,0.0,0.0,0.0,0.0,0.0,0.0,4656.0,650.0,5306.0,2021-22,Expenditure Profile,5176.17,800.0,5976.17,3331.69,390.0,3721.69,3887.02,260.0,4147.02,0.0,,,0.0,0.0,0.0,0.0,0.0,0.0,0.0,0.0,0.0,0.0,0.0,0.0,0.0,0.0,0.0,0.0,0.0,0.0,0.0,0.0,0.0,0.0,0.0,,0.0,0.0,0.0,0.0,0.0,0.0,0.0,0.0,0.0,0.0,0.0,0.0
11,Statement 3,2.   Establishment Expenditure of the Centre,0.0,0.0,0.0,0.0,0.0,0.0,0.0,0.0,0.0,784.0,37.0,821.0,2021-22,Expenditure Profile,787.91,75.0,862.91,766.0,37.0,803.0,741.65,27.0,768.65,0.0,,,0.0,0.0,0.0,0.0,0.0,0.0,0.0,0.0,0.0,0.0,0.0,0.0,0.0,0.0,0.0,0.0,0.0,0.0,0.0,0.0,0.0,0.0,0.0,,0.0,0.0,0.0,0.0,0.0,0.0,0.0,0.0,0.0,0.0,0.0,0.0
11,Statement 3,3.   Other Central Sector Expenditure,0.0,0.0,0.0,0.0,0.0,0.0,0.0,0.0,0.0,92.32,0.0,92.32,2021-22,Expenditure Profile,55.43,-12.57,42.86,75.31,0.0,75.31,70.34,0.0,70.34,0.0,,,0.0,0.0,0.0,0.0,0.0,0.0,0.0,0.0,0.0,0.0,0.0,0.0,0.0,0.0,0.0,0.0,0.0,0.0,0.0,0.0,0.0,0.0,0.0,,0.0,0.0,0.0,0.0,0.0,0.0,0.0,0.0,0.0,0.0,0.0,0.0
11,Statement 3,11. Department for Promotion of Industry and Internal Trade,0.0,0.0,0.0,0.0,0.0,0.0,0.0,0.0,0.0,5136.55,1469.0,6605.55,2021-22,Expenditure Profile,5297.31,1106.89,6404.2,6785.66,797.4,7583.06,6570.66,1211.58,7782.24,0.0,,,0.0,0.0,0.0,0.0,0.0,0.0,0.0,0.0,0.0,0.0,0.0,0.0,0.0,0.0,0.0,0.0,0.0,0.0,0.0,0.0,0.0,0.0,0.0,,0.0,0.0,0.0,0.0,0.0,0.0,0.0,0.0,0.0,0.0,0.0,0.0
11,Statement 3,1. Central Sector Schemes/Projects,0.0,0.0,0.0,0.0,0.0,0.0,0.0,0.0,0.0,4325.01,1402.38,5727.39,2021-22,Expenditure Profile,4747.6,1085.72,5833.32,6265.01,777.4,7042.41,5960.44,1201.58,7162.02,0.0,,,0.0,0.0,0.0,0.0,0.0,0.0,0.0,0.0,0.0,0.0,0.0,0.0,0.0,0.0,0.0,0.0,0.0,0.0,0.0,0.0,0.0,0.0,0.0,,0.0,0.0,0.0,0.0,0.0,0.0,0.0,0.0,0.0,0.0,0.0,0.0
11,Statement 3,2.   Establishment Expenditure of the Centre,0.0,0.0,0.0,0.0,0.0,0.0,0.0,0.0,0.0,488.37,66.62,554.99,2021-22,Expenditure Profile,387.11,21.17,408.28,379.11,20.0,399.11,415.82,10.0,425.82,0.0,,,0.0,0.0,0.0,0.0,0.0,0.0,0.0,0.0,0.0,0.0,0.0,0.0,0.0,0.0,0.0,0.0,0.0,0.0,0.0,0.0,0.0,0.0,0.0,,0.0,0.0,0.0,0.0,0.0,0.0,0.0,0.0,0.0,0.0,0.0,0.0
11,Statement 3,3.   Other Central Sector Expenditure,0.0,0.0,0.0,0.0,0.0,0.0,0.0,0.0,0.0,323.17,0.0,323.17,2021-22,Expenditure Profile,162.6,0.0,162.6,141.54,0.0,141.54,194.4,0.0,194.4,0.0,,,0.0,0.0,0.0,0.0,0.0,0.0,0.0,0.0,0.0,0.0,0.0,0.0,0.0,0.0,0.0,0.0,0.0,0.0,0.0,0.0,0.0,0.0,0.0,,0.0,0.0,0.0,0.0,0.0,0.0,0.0,0.0,0.0,0.0,0.0,0.0
11,Statement 3,12. Department of Posts,0.0,0.0,0.0,0.0,0.0,0.0,0.0,0.0,0.0,14394.17,1131.21,15525.38,2021-22,Expenditure Profile,14813.13,730.56,15543.69,19089.12,861.71,19950.83,15618.13,910.09,16528.22,0.0,,,0.0,0.0,0.0,0.0,0.0,0.0,0.0,0.0,0.0,0.0,0.0,0.0,0.0,0.0,0.0,0.0,0.0,0.0,0.0,0.0,0.0,0.0,0.0,,0.0,0.0,0.0,0.0,0.0,0.0,0.0,0.0,0.0,0.0,0.0,0.0
11,Statement 3,1. Central Sector Schemes/Projects,0.0,0.0,0.0,0.0,0.0,0.0,0.0,0.0,0.0,476.02,1116.21,1592.23,2021-22,Expenditure Profile,138.62,725.66,864.28,367.97,847.18,1215.15,358.88,895.09,1253.97,0.0,,,0.0,0.0,0.0,0.0,0.0,0.0,0.0,0.0,0.0,0.0,0.0,0.0,0.0,0.0,0.0,0.0,0.0,0.0,0.0,0.0,0.0,0.0,0.0,,0.0,0.0,0.0,0.0,0.0,0.0,0.0,0.0,0.0,0.0,0.0,0.0
11,Statement 3,2.   Establishment Expenditure of the Centre,0.0,0.0,0.0,0.0,0.0,0.0,0.0,0.0,0.0,13918.15,15.0,13933.15,2021-22,Expenditure Profile,14674.51,4.9,14679.41,18721.15,14.53,18735.68,15259.25,15.0,15274.25,0.0,,,0.0,0.0,0.0,0.0,0.0,0.0,0.0,0.0,0.0,0.0,0.0,0.0,0.0,0.0,0.0,0.0,0.0,0.0,0.0,0.0,0.0,0.0,0.0,,0.0,0.0,0.0,0.0,0.0,0.0,0.0,0.0,0.0,0.0,0.0,0.0
11,Statement 3,13. Department of Telecommunications,0.0,0.0,0.0,0.0,0.0,0.0,0.0,0.0,0.0,40756.63,25675.06,66431.69,2021-22,Expenditure Profile,23465.94,4929.49,28395.43,36748.88,4359.92,41108.8,32803.44,25933.56,58737.0,0.0,,,0.0,0.0,0.0,0.0,0.0,0.0,0.0,0.0,0.0,0.0,0.0,0.0,0.0,0.0,0.0,0.0,0.0,0.0,0.0,0.0,0.0,0.0,0.0,,0.0,0.0,0.0,0.0,0.0,0.0,0.0,0.0,0.0,0.0,0.0,0.0
11,Statement 3,1. Central Sector Schemes/Projects,0.0,0.0,0.0,0.0,0.0,0.0,0.0,0.0,0.0,8119.44,5160.06,13279.5,2021-22,Expenditure Profile,2987.1,4824.49,7811.59,7265.99,4141.92,11407.91,9098.02,5333.56,14431.58,0.0,,,0.0,0.0,0.0,0.0,0.0,0.0,0.0,0.0,0.0,0.0,0.0,0.0,0.0,0.0,0.0,0.0,0.0,0.0,0.0,0.0,0.0,0.0,0.0,,0.0,0.0,0.0,0.0,0.0,0.0,0.0,0.0,0.0,0.0,0.0,0.0
11,Statement 3,2.   Establishment Expenditure of the Centre,0.0,0.0,0.0,0.0,0.0,0.0,0.0,0.0,0.0,14751.77,0.0,14751.77,2021-22,Expenditure Profile,14204.45,0.0,14204.45,15308.92,113.0,15421.92,16262.5,110.0,16372.5,0.0,,,0.0,0.0,0.0,0.0,0.0,0.0,0.0,0.0,0.0,0.0,0.0,0.0,0.0,0.0,0.0,0.0,0.0,0.0,0.0,0.0,0.0,0.0,0.0,,0.0,0.0,0.0,0.0,0.0,0.0,0.0,0.0,0.0,0.0,0.0,0.0
11,Statement 3,3.   Other Central Sector Expenditure,0.0,0.0,0.0,0.0,0.0,0.0,0.0,0.0,0.0,17885.42,20515.0,38400.42,2021-22,Expenditure Profile,6274.39,105.0,6379.39,14173.97,105.0,14278.97,7442.92,20490.0,27932.92,0.0,,,0.0,0.0,0.0,0.0,0.0,0.0,0.0,0.0,0.0,0.0,0.0,0.0,0.0,0.0,0.0,0.0,0.0,0.0,0.0,0.0,0.0,0.0,0.0,,0.0,0.0,0.0,0.0,0.0,0.0,0.0,0.0,0.0,0.0,0.0,0.0
11,Statement 3,14. Department of Consumer Affairs,0.0,0.0,0.0,0.0,0.0,0.0,0.0,0.0,0.0,2244.6,55.4,2300.0,2021-22,Expenditure Profile,1909.83,13.43,1923.26,12003.72,34.19,12037.91,2928.05,46.05,2974.1,0.0,,,0.0,0.0,0.0,0.0,0.0,0.0,0.0,0.0,0.0,0.0,0.0,0.0,0.0,0.0,0.0,0.0,0.0,0.0,0.0,0.0,0.0,0.0,0.0,,0.0,0.0,0.0,0.0,0.0,0.0,0.0,0.0,0.0,0.0,0.0,0.0
11,Statement 3,1. Central Sector Schemes/Projects,0.0,0.0,0.0,0.0,0.0,0.0,0.0,0.0,0.0,2139.6,55.4,2195.0,2021-22,Expenditure Profile,1813.56,13.43,1826.99,11907.46,34.19,11941.65,2824.45,46.05,2870.5,0.0,,,0.0,0.0,0.0,0.0,0.0,0.0,0.0,0.0,0.0,0.0,0.0,0.0,0.0,0.0,0.0,0.0,0.0,0.0,0.0,0.0,0.0,0.0,0.0,,0.0,0.0,0.0,0.0,0.0,0.0,0.0,0.0,0.0,0.0,0.0,0.0
11,Statement 3,2.   Establishment Expenditure of the Centre,0.0,0.0,0.0,0.0,0.0,0.0,0.0,0.0,0.0,105.0,0.0,105.0,2021-22,Expenditure Profile,96.27,0.0,96.27,96.26,0.0,96.26,103.6,0.0,103.6,0.0,,,0.0,0.0,0.0,0.0,0.0,0.0,0.0,0.0,0.0,0.0,0.0,0.0,0.0,0.0,0.0,0.0,0.0,0.0,0.0,0.0,0.0,0.0,0.0,,0.0,0.0,0.0,0.0,0.0,0.0,0.0,0.0,0.0,0.0,0.0,0.0
12,Statement 3,15. Department of Food and Public Distribution,0.0,0.0,0.0,0.0,0.0,0.0,0.0,0.0,0.0,121038.41,1197.02,122235.43,2021-22,Expenditure Profile,113929.41,1243.11,115172.52,437458.0,1190.72,438648.72,251248.34,2725.96,253974.3,0.0,,,0.0,0.0,0.0,0.0,0.0,0.0,0.0,0.0,0.0,0.0,0.0,0.0,0.0,0.0,0.0,0.0,0.0,0.0,0.0,0.0,0.0,0.0,0.0,,0.0,0.0,0.0,0.0,0.0,0.0,0.0,0.0,0.0,0.0,0.0,0.0
12,Statement 3,1. Central Sector Schemes/Projects,0.0,0.0,0.0,0.0,0.0,0.0,0.0,0.0,0.0,120887.92,190.0,121077.92,2021-22,Expenditure Profile,113814.47,237.59,114052.06,437326.56,186.4,437512.96,251045.96,220.21,251266.17,0.0,,,0.0,0.0,0.0,0.0,0.0,0.0,0.0,0.0,0.0,0.0,0.0,0.0,0.0,0.0,0.0,0.0,0.0,0.0,0.0,0.0,0.0,0.0,0.0,,0.0,0.0,0.0,0.0,0.0,0.0,0.0,0.0,0.0,0.0,0.0,0.0
12,Statement 3,2.   Centrally Sponsored Schemes,0.0,0.0,0.0,0.0,0.0,0.0,0.0,0.0,0.0,20.0,0.0,20.0,2021-22,Expenditure Profile,0.0,0.0,0.0,9.0,0.0,9.0,70.0,0.0,70.0,0.0,,,0.0,0.0,0.0,0.0,0.0,0.0,0.0,0.0,0.0,0.0,0.0,0.0,0.0,0.0,0.0,0.0,0.0,0.0,0.0,0.0,0.0,0.0,0.0,,0.0,0.0,0.0,0.0,0.0,0.0,0.0,0.0,0.0,0.0,0.0,0.0
12,Statement 3,3.   Establishment Expenditure of the Centre,0.0,0.0,0.0,0.0,0.0,0.0,0.0,0.0,0.0,114.13,7.02,121.15,2021-22,Expenditure Profile,101.54,5.52,107.06,110.9,4.32,115.22,117.55,5.75,123.3,0.0,,,0.0,0.0,0.0,0.0,0.0,0.0,0.0,0.0,0.0,0.0,0.0,0.0,0.0,0.0,0.0,0.0,0.0,0.0,0.0,0.0,0.0,0.0,0.0,,0.0,0.0,0.0,0.0,0.0,0.0,0.0,0.0,0.0,0.0,0.0,0.0
12,Statement 3,4.   Other Central Sector Expenditure,0.0,0.0,0.0,0.0,0.0,0.0,0.0,0.0,0.0,16.36,1000.0,1016.36,2021-22,Expenditure Profile,13.4,1000.0,1013.4,11.54,1000.0,1011.54,14.83,2500.0,2514.83,0.0,,,0.0,0.0,0.0,0.0,0.0,0.0,0.0,0.0,0.0,0.0,0.0,0.0,0.0,0.0,0.0,0.0,0.0,0.0,0.0,0.0,0.0,0.0,0.0,,0.0,0.0,0.0,0.0,0.0,0.0,0.0,0.0,0.0,0.0,0.0,0.0
12,Statement 3,16. Ministry of Corporate Affairs,0.0,0.0,0.0,0.0,0.0,0.0,0.0,0.0,0.0,675.62,52.0,727.62,2021-22,Expenditure Profile,550.6,12.45,563.05,644.78,35.22,680.0,661.13,51.0,712.13,0.0,,,0.0,0.0,0.0,0.0,0.0,0.0,0.0,0.0,0.0,0.0,0.0,0.0,0.0,0.0,0.0,0.0,0.0,0.0,0.0,0.0,0.0,0.0,0.0,,0.0,0.0,0.0,0.0,0.0,0.0,0.0,0.0,0.0,0.0,0.0,0.0
12,Statement 3,1. Central Sector Schemes/Projects,0.0,0.0,0.0,0.0,0.0,0.0,0.0,0.0,0.0,10.5,1.0,11.5,2021-22,Expenditure Profile,6.75,0.18,6.93,6.5,0.22,6.72,10.5,1.0,11.5,0.0,,,0.0,0.0,0.0,0.0,0.0,0.0,0.0,0.0,0.0,0.0,0.0,0.0,0.0,0.0,0.0,0.0,0.0,0.0,0.0,0.0,0.0,0.0,0.0,,0.0,0.0,0.0,0.0,0.0,0.0,0.0,0.0,0.0,0.0,0.0,0.0
12,Statement 3,2.   Establishment Expenditure of the Centre,0.0,0.0,0.0,0.0,0.0,0.0,0.0,0.0,0.0,554.52,0.0,554.52,2021-22,Expenditure Profile,458.58,0.0,458.58,558.51,0.0,558.51,565.63,0.0,565.63,0.0,,,0.0,0.0,0.0,0.0,0.0,0.0,0.0,0.0,0.0,0.0,0.0,0.0,0.0,0.0,0.0,0.0,0.0,0.0,0.0,0.0,0.0,0.0,0.0,,0.0,0.0,0.0,0.0,0.0,0.0,0.0,0.0,0.0,0.0,0.0,0.0
12,Statement 3,3.   Other Central Sector Expenditure,0.0,0.0,0.0,0.0,0.0,0.0,0.0,0.0,0.0,110.6,51.0,161.6,2021-22,Expenditure Profile,85.27,12.27,97.54,79.77,35.0,114.77,85.0,50.0,135.0,0.0,,,0.0,0.0,0.0,0.0,0.0,0.0,0.0,0.0,0.0,0.0,0.0,0.0,0.0,0.0,0.0,0.0,0.0,0.0,0.0,0.0,0.0,0.0,0.0,,0.0,0.0,0.0,0.0,0.0,0.0,0.0,0.0,0.0,0.0,0.0,0.0
12,Statement 3,17. Ministry of Culture,0.0,0.0,0.0,0.0,0.0,0.0,0.0,0.0,0.0,3057.57,92.29,3149.86,2021-22,Expenditure Profile,2428.92,65.9,2494.82,2183.45,28.4,2211.85,2609.23,78.76,2687.99,0.0,,,0.0,0.0,0.0,0.0,0.0,0.0,0.0,0.0,0.0,0.0,0.0,0.0,0.0,0.0,0.0,0.0,0.0,0.0,0.0,0.0,0.0,0.0,0.0,,0.0,0.0,0.0,0.0,0.0,0.0,0.0,0.0,0.0,0.0,0.0,0.0
12,Statement 3,1. Central Sector Schemes/Projects,0.0,0.0,0.0,0.0,0.0,0.0,0.0,0.0,0.0,576.32,2.0,578.32,2021-22,Expenditure Profile,357.33,44.63,401.96,392.78,0.0,392.78,454.2,1.0,455.2,0.0,,,0.0,0.0,0.0,0.0,0.0,0.0,0.0,0.0,0.0,0.0,0.0,0.0,0.0,0.0,0.0,0.0,0.0,0.0,0.0,0.0,0.0,0.0,0.0,,0.0,0.0,0.0,0.0,0.0,0.0,0.0,0.0,0.0,0.0,0.0,0.0
12,Statement 3,2.   Establishment Expenditure of the Centre,0.0,0.0,0.0,0.0,0.0,0.0,0.0,0.0,0.0,1469.43,90.29,1559.72,2021-22,Expenditure Profile,1222.72,21.27,1243.99,1081.09,28.4,1109.49,1271.9,77.76,1349.66,0.0,,,0.0,0.0,0.0,0.0,0.0,0.0,0.0,0.0,0.0,0.0,0.0,0.0,0.0,0.0,0.0,0.0,0.0,0.0,0.0,0.0,0.0,0.0,0.0,,0.0,0.0,0.0,0.0,0.0,0.0,0.0,0.0,0.0,0.0,0.0,0.0
12,Statement 3,3.   Other Central Sector Expenditure,0.0,0.0,0.0,0.0,0.0,0.0,0.0,0.0,0.0,1011.82,0.0,1011.82,2021-22,Expenditure Profile,848.87,0.0,848.87,709.58,0.0,709.58,883.13,0.0,883.13,0.0,,,0.0,0.0,0.0,0.0,0.0,0.0,0.0,0.0,0.0,0.0,0.0,0.0,0.0,0.0,0.0,0.0,0.0,0.0,0.0,0.0,0.0,0.0,0.0,,0.0,0.0,0.0,0.0,0.0,0.0,0.0,0.0,0.0,0.0,0.0,0.0
12,Statement 3,18. Ministry of Defence (Civil),0.0,0.0,0.0,0.0,0.0,0.0,0.0,0.0,0.0,9679.0,4821.0,14500.0,2021-22,Expenditure Profile,11574.96,4946.66,16521.62,10294.06,5620.0,15914.06,10083.93,5173.41,15257.34,0.0,,,0.0,0.0,0.0,0.0,0.0,0.0,0.0,0.0,0.0,0.0,0.0,0.0,0.0,0.0,0.0,0.0,0.0,0.0,0.0,0.0,0.0,0.0,0.0,,0.0,0.0,0.0,0.0,0.0,0.0,0.0,0.0,0.0,0.0,0.0,0.0
12,Statement 3,1. Central Sector Schemes/Projects,0.0,0.0,0.0,0.0,0.0,0.0,0.0,0.0,0.0,750.0,2300.0,3050.0,2021-22,Expenditure Profile,781.93,2348.15,3130.08,1150.0,3100.0,4250.0,850.0,2500.0,3350.0,0.0,,,0.0,0.0,0.0,0.0,0.0,0.0,0.0,0.0,0.0,0.0,0.0,0.0,0.0,0.0,0.0,0.0,0.0,0.0,0.0,0.0,0.0,0.0,0.0,,0.0,0.0,0.0,0.0,0.0,0.0,0.0,0.0,0.0,0.0,0.0,0.0
12,Statement 3,2.   Establishment Expenditure of the Centre,0.0,0.0,0.0,0.0,0.0,0.0,0.0,0.0,0.0,8978.83,2500.0,11478.83,2021-22,Expenditure Profile,9211.34,2582.71,11794.05,9196.06,2500.0,11696.06,9281.93,2650.0,11931.93,0.0,,,0.0,0.0,0.0,0.0,0.0,0.0,0.0,0.0,0.0,0.0,0.0,0.0,0.0,0.0,0.0,0.0,0.0,0.0,0.0,0.0,0.0,0.0,0.0,,0.0,0.0,0.0,0.0,0.0,0.0,0.0,0.0,0.0,0.0,0.0,0.0
12,Statement 3,3.   Other Central Sector Expenditure,0.0,0.0,0.0,0.0,0.0,0.0,0.0,0.0,0.0,-49.83,21.0,-28.83,2021-22,Expenditure Profile,1581.69,15.8,1597.49,-52.0,20.0,-32.0,-48.0,23.41,-24.59,0.0,,,0.0,0.0,0.0,0.0,0.0,0.0,0.0,0.0,0.0,0.0,0.0,0.0,0.0,0.0,0.0,0.0,0.0,0.0,0.0,0.0,0.0,0.0,0.0,,0.0,0.0,0.0,0.0,0.0,0.0,0.0,0.0,0.0,0.0,0.0,0.0
12,Statement 3,19. Defence Services (Revenue),0.0,0.0,0.0,0.0,0.0,0.0,0.0,0.0,0.0,209319.0,0.0,209319.0,2021-22,Expenditure Profile,207572.15,0.0,207572.15,209312.0,0.0,209312.0,212027.56,0.0,212027.56,0.0,,,0.0,0.0,0.0,0.0,0.0,0.0,0.0,0.0,0.0,0.0,0.0,0.0,0.0,0.0,0.0,0.0,0.0,0.0,0.0,0.0,0.0,0.0,0.0,,0.0,0.0,0.0,0.0,0.0,0.0,0.0,0.0,0.0,0.0,0.0,0.0
12,Statement 3,1. Establishment Expenditure of the Centre,0.0,0.0,0.0,0.0,0.0,0.0,0.0,0.0,0.0,209319.0,0.0,209319.0,2021-22,Expenditure Profile,207572.15,0.0,207572.15,209312.0,0.0,209312.0,212027.56,0.0,212027.56,0.0,,,0.0,0.0,0.0,0.0,0.0,0.0,0.0,0.0,0.0,0.0,0.0,0.0,0.0,0.0,0.0,0.0,0.0,0.0,0.0,0.0,0.0,0.0,0.0,,0.0,0.0,0.0,0.0,0.0,0.0,0.0,0.0,0.0,0.0,0.0,0.0
12,Statement 3,20. Capital Outlay on Defence Services,0.0,0.0,0.0,0.0,0.0,0.0,0.0,0.0,0.0,0.0,113734.0,113734.0,2021-22,Expenditure Profile,0.0,111092.43,111092.43,0.0,134510.0,134510.0,0.0,135060.72,135060.72,0.0,,,0.0,0.0,0.0,0.0,0.0,0.0,0.0,0.0,0.0,0.0,0.0,0.0,0.0,0.0,0.0,0.0,0.0,0.0,0.0,0.0,0.0,0.0,0.0,,0.0,0.0,0.0,0.0,0.0,0.0,0.0,0.0,0.0,0.0,0.0,0.0
12,Statement 3,1. Central Sector Schemes/Projects,0.0,0.0,0.0,0.0,0.0,0.0,0.0,0.0,0.0,0.0,113734.0,113734.0,2021-22,Expenditure Profile,0.0,111092.43,111092.43,0.0,134510.0,134510.0,0.0,135060.72,135060.72,0.0,,,0.0,0.0,0.0,0.0,0.0,0.0,0.0,0.0,0.0,0.0,0.0,0.0,0.0,0.0,0.0,0.0,0.0,0.0,0.0,0.0,0.0,0.0,0.0,,0.0,0.0,0.0,0.0,0.0,0.0,0.0,0.0,0.0,0.0,0.0,0.0
12,Statement 3,21. Defence Pensions,0.0,0.0,0.0,0.0,0.0,0.0,0.0,0.0,0.0,133825.0,0.0,133825.0,2021-22,Expenditure Profile,117810.24,0.0,117810.24,125000.0,0.0,125000.0,115850.0,0.0,115850.0,0.0,,,0.0,0.0,0.0,0.0,0.0,0.0,0.0,0.0,0.0,0.0,0.0,0.0,0.0,0.0,0.0,0.0,0.0,0.0,0.0,0.0,0.0,0.0,0.0,,0.0,0.0,0.0,0.0,0.0,0.0,0.0,0.0,0.0,0.0,0.0,0.0
12,Statement 3,1. Establishment Expenditure of the Centre,0.0,0.0,0.0,0.0,0.0,0.0,0.0,0.0,0.0,133825.0,0.0,133825.0,2021-22,Expenditure Profile,117810.24,0.0,117810.24,125000.0,0.0,125000.0,115850.0,0.0,115850.0,0.0,,,0.0,0.0,0.0,0.0,0.0,0.0,0.0,0.0,0.0,0.0,0.0,0.0,0.0,0.0,0.0,0.0,0.0,0.0,0.0,0.0,0.0,0.0,0.0,,0.0,0.0,0.0,0.0,0.0,0.0,0.0,0.0,0.0,0.0,0.0,0.0
12,Statement 3,22. Ministry of Development of North Eastern Region,0.0,0.0,0.0,0.0,0.0,0.0,0.0,0.0,0.0,2330.14,718.59,3048.73,2021-22,Expenditure Profile,2012.17,645.7,2657.87,1537.65,322.35,1860.0,2031.51,626.49,2658.0,0.0,,,0.0,0.0,0.0,0.0,0.0,0.0,0.0,0.0,0.0,0.0,0.0,0.0,0.0,0.0,0.0,0.0,0.0,0.0,0.0,0.0,0.0,0.0,0.0,,0.0,0.0,0.0,0.0,0.0,0.0,0.0,0.0,0.0,0.0,0.0,0.0
12,Statement 3,1. Central Sector Schemes/Projects,0.0,0.0,0.0,0.0,0.0,0.0,0.0,0.0,0.0,2313.06,714.59,3027.65,2021-22,Expenditure Profile,1996.55,639.6,2636.15,1520.93,318.35,1839.28,2015.0,622.49,2637.49,0.0,,,0.0,0.0,0.0,0.0,0.0,0.0,0.0,0.0,0.0,0.0,0.0,0.0,0.0,0.0,0.0,0.0,0.0,0.0,0.0,0.0,0.0,0.0,0.0,,0.0,0.0,0.0,0.0,0.0,0.0,0.0,0.0,0.0,0.0,0.0,0.0
12,Statement 3,2.   Establishment Expenditure of the Centre,0.0,0.0,0.0,0.0,0.0,0.0,0.0,0.0,0.0,17.08,0.0,17.08,2021-22,Expenditure Profile,15.62,0.0,15.62,16.72,0.0,16.72,16.51,0.0,16.51,0.0,,,0.0,0.0,0.0,0.0,0.0,0.0,0.0,0.0,0.0,0.0,0.0,0.0,0.0,0.0,0.0,0.0,0.0,0.0,0.0,0.0,0.0,0.0,0.0,,0.0,0.0,0.0,0.0,0.0,0.0,0.0,0.0,0.0,0.0,0.0,0.0
12,Statement 3,3.   Other Central Sector Expenditure,0.0,0.0,0.0,0.0,0.0,0.0,0.0,0.0,0.0,0.0,4.0,4.0,2021-22,Expenditure Profile,0.0,6.1,6.1,0.0,4.0,4.0,0.0,4.0,4.0,0.0,,,0.0,0.0,0.0,0.0,0.0,0.0,0.0,0.0,0.0,0.0,0.0,0.0,0.0,0.0,0.0,0.0,0.0,0.0,0.0,0.0,0.0,0.0,0.0,,0.0,0.0,0.0,0.0,0.0,0.0,0.0,0.0,0.0,0.0,0.0,0.0
12,Statement 3,23. Ministry of Earth Sciences,0.0,0.0,0.0,0.0,0.0,0.0,0.0,0.0,0.0,1898.0,172.0,2070.0,2021-22,Expenditure Profile,1606.66,105.21,1711.87,1225.1,74.9,1300.0,1734.13,163.0,1897.13,0.0,,,0.0,0.0,0.0,0.0,0.0,0.0,0.0,0.0,0.0,0.0,0.0,0.0,0.0,0.0,0.0,0.0,0.0,0.0,0.0,0.0,0.0,0.0,0.0,,0.0,0.0,0.0,0.0,0.0,0.0,0.0,0.0,0.0,0.0,0.0,0.0
12,Statement 3,1. Central Sector Schemes/Projects,0.0,0.0,0.0,0.0,0.0,0.0,0.0,0.0,0.0,1165.0,172.0,1337.0,2021-22,Expenditure Profile,949.4,105.21,1054.61,575.5,74.9,650.4,1018.17,163.0,1181.17,0.0,,,0.0,0.0,0.0,0.0,0.0,0.0,0.0,0.0,0.0,0.0,0.0,0.0,0.0,0.0,0.0,0.0,0.0,0.0,0.0,0.0,0.0,0.0,0.0,,0.0,0.0,0.0,0.0,0.0,0.0,0.0,0.0,0.0,0.0,0.0,0.0
12,Statement 3,2.   Establishment Expenditure of the Centre,0.0,0.0,0.0,0.0,0.0,0.0,0.0,0.0,0.0,531.2,0.0,531.2,2021-22,Expenditure Profile,491.98,0.0,491.98,466.36,0.0,466.36,517.96,0.0,517.96,0.0,,,0.0,0.0,0.0,0.0,0.0,0.0,0.0,0.0,0.0,0.0,0.0,0.0,0.0,0.0,0.0,0.0,0.0,0.0,0.0,0.0,0.0,0.0,0.0,,0.0,0.0,0.0,0.0,0.0,0.0,0.0,0.0,0.0,0.0,0.0,0.0
13,Statement 3,3.   Other Central Sector Expenditure,0.0,0.0,0.0,0.0,0.0,0.0,0.0,0.0,0.0,201.8,0.0,201.8,2021-22,Expenditure Profile,165.28,0.0,165.28,183.24,0.0,183.24,198.0,0.0,198.0,0.0,,,0.0,0.0,0.0,0.0,0.0,0.0,0.0,0.0,0.0,0.0,0.0,0.0,0.0,0.0,0.0,0.0,0.0,0.0,0.0,0.0,0.0,0.0,0.0,,0.0,0.0,0.0,0.0,0.0,0.0,0.0,0.0,0.0,0.0,0.0,0.0
13,Statement 3,24. Department of School Education and Literacy,0.0,0.0,0.0,0.0,0.0,0.0,0.0,0.0,0.0,59845.0,0.0,59845.0,2021-22,Expenditure Profile,52520.19,0.0,52520.19,52189.07,0.0,52189.07,54873.66,0.0,54873.66,0.0,,,0.0,0.0,0.0,0.0,0.0,0.0,0.0,0.0,0.0,0.0,0.0,0.0,0.0,0.0,0.0,0.0,0.0,0.0,0.0,0.0,0.0,0.0,0.0,,0.0,0.0,0.0,0.0,0.0,0.0,0.0,0.0,0.0,0.0,0.0,0.0
13,Statement 3,1. Central Sector Schemes/Projects,0.0,0.0,0.0,0.0,0.0,0.0,0.0,0.0,0.0,519.5,0.0,519.5,2021-22,Expenditure Profile,340.97,0.0,340.97,354.0,0.0,354.0,363.5,0.0,363.5,0.0,,,0.0,0.0,0.0,0.0,0.0,0.0,0.0,0.0,0.0,0.0,0.0,0.0,0.0,0.0,0.0,0.0,0.0,0.0,0.0,0.0,0.0,0.0,0.0,,0.0,0.0,0.0,0.0,0.0,0.0,0.0,0.0,0.0,0.0,0.0,0.0
13,Statement 3,2.   Centrally Sponsored Schemes,0.0,0.0,0.0,0.0,0.0,0.0,0.0,0.0,0.0,50080.5,0.0,50080.5,2021-22,Expenditure Profile,42146.45,0.0,42146.45,41399.58,0.0,41399.58,43285.16,0.0,43285.16,0.0,,,0.0,0.0,0.0,0.0,0.0,0.0,0.0,0.0,0.0,0.0,0.0,0.0,0.0,0.0,0.0,0.0,0.0,0.0,0.0,0.0,0.0,0.0,0.0,,0.0,0.0,0.0,0.0,0.0,0.0,0.0,0.0,0.0,0.0,0.0,0.0
13,Statement 3,3.   Establishment Expenditure of the Centre,0.0,0.0,0.0,0.0,0.0,0.0,0.0,0.0,0.0,40.0,0.0,40.0,2021-22,Expenditure Profile,28.87,0.0,28.87,40.0,0.0,40.0,33.0,0.0,33.0,0.0,,,0.0,0.0,0.0,0.0,0.0,0.0,0.0,0.0,0.0,0.0,0.0,0.0,0.0,0.0,0.0,0.0,0.0,0.0,0.0,0.0,0.0,0.0,0.0,,0.0,0.0,0.0,0.0,0.0,0.0,0.0,0.0,0.0,0.0,0.0,0.0
13,Statement 3,4.   Other Central Sector Expenditure,0.0,0.0,0.0,0.0,0.0,0.0,0.0,0.0,0.0,9205.0,0.0,9205.0,2021-22,Expenditure Profile,10076.95,0.0,10076.95,10395.49,0.0,10395.49,11192.0,0.0,11192.0,0.0,,,0.0,0.0,0.0,0.0,0.0,0.0,0.0,0.0,0.0,0.0,0.0,0.0,0.0,0.0,0.0,0.0,0.0,0.0,0.0,0.0,0.0,0.0,0.0,,0.0,0.0,0.0,0.0,0.0,0.0,0.0,0.0,0.0,0.0,0.0,0.0
13,Statement 3,5.   Other Grants/Loans/Transfers,0.0,0.0,0.0,0.0,0.0,0.0,0.0,0.0,0.0,0.0,0.0,0.0,2021-22,Expenditure Profile,-73.05,0.0,-73.05,0.0,0.0,0.0,0.0,0.0,0.0,0.0,,,0.0,0.0,0.0,0.0,0.0,0.0,0.0,0.0,0.0,0.0,0.0,0.0,0.0,0.0,0.0,0.0,0.0,0.0,0.0,0.0,0.0,0.0,0.0,,0.0,0.0,0.0,0.0,0.0,0.0,0.0,0.0,0.0,0.0,0.0,0.0
13,Statement 3,25. Department of Higher Education,0.0,0.0,0.0,0.0,0.0,0.0,0.0,0.0,0.0,37239.52,2227.0,39466.52,2021-22,Expenditure Profile,34811.38,2104.99,36916.37,32671.0,229.0,32900.0,38325.15,25.5,38350.65,0.0,,,0.0,0.0,0.0,0.0,0.0,0.0,0.0,0.0,0.0,0.0,0.0,0.0,0.0,0.0,0.0,0.0,0.0,0.0,0.0,0.0,0.0,0.0,0.0,,0.0,0.0,0.0,0.0,0.0,0.0,0.0,0.0,0.0,0.0,0.0,0.0
13,Statement 3,1. Central Sector Schemes/Projects,0.0,0.0,0.0,0.0,0.0,0.0,0.0,0.0,0.0,6206.9,2200.0,8406.9,2021-22,Expenditure Profile,4451.9,2100.0,6551.9,4029.61,200.0,4229.61,6068.43,1.0,6069.43,0.0,,,0.0,0.0,0.0,0.0,0.0,0.0,0.0,0.0,0.0,0.0,0.0,0.0,0.0,0.0,0.0,0.0,0.0,0.0,0.0,0.0,0.0,0.0,0.0,,0.0,0.0,0.0,0.0,0.0,0.0,0.0,0.0,0.0,0.0,0.0,0.0
13,Statement 3,2.   Centrally Sponsored Schemes,0.0,0.0,0.0,0.0,0.0,0.0,0.0,0.0,0.0,300.0,0.0,300.0,2021-22,Expenditure Profile,1257.56,0.0,1257.56,166.0,0.0,166.0,3000.0,0.0,3000.0,0.0,,,0.0,0.0,0.0,0.0,0.0,0.0,0.0,0.0,0.0,0.0,0.0,0.0,0.0,0.0,0.0,0.0,0.0,0.0,0.0,0.0,0.0,0.0,0.0,,0.0,0.0,0.0,0.0,0.0,0.0,0.0,0.0,0.0,0.0,0.0,0.0
13,Statement 3,3.   Establishment Expenditure of the Centre,0.0,0.0,0.0,0.0,0.0,0.0,0.0,0.0,0.0,231.26,27.0,258.26,2021-22,Expenditure Profile,163.83,4.99,168.82,213.74,29.0,242.74,222.94,24.5,247.44,0.0,,,0.0,0.0,0.0,0.0,0.0,0.0,0.0,0.0,0.0,0.0,0.0,0.0,0.0,0.0,0.0,0.0,0.0,0.0,0.0,0.0,0.0,0.0,0.0,,0.0,0.0,0.0,0.0,0.0,0.0,0.0,0.0,0.0,0.0,0.0,0.0
13,Statement 3,4.   Other Central Sector Expenditure,0.0,0.0,0.0,0.0,0.0,0.0,0.0,0.0,0.0,28601.36,0.0,28601.36,2021-22,Expenditure Profile,27138.09,0.0,27138.09,27913.14,0.0,27913.14,29023.78,0.0,29023.78,0.0,,,0.0,0.0,0.0,0.0,0.0,0.0,0.0,0.0,0.0,0.0,0.0,0.0,0.0,0.0,0.0,0.0,0.0,0.0,0.0,0.0,0.0,0.0,0.0,,0.0,0.0,0.0,0.0,0.0,0.0,0.0,0.0,0.0,0.0,0.0,0.0
13,Statement 3,5.   Other Grants/Loans/Transfers,0.0,0.0,0.0,0.0,0.0,0.0,0.0,0.0,0.0,1900.0,0.0,1900.0,2021-22,Expenditure Profile,1800.0,0.0,1800.0,348.51,0.0,348.51,10.0,0.0,10.0,0.0,,,0.0,0.0,0.0,0.0,0.0,0.0,0.0,0.0,0.0,0.0,0.0,0.0,0.0,0.0,0.0,0.0,0.0,0.0,0.0,0.0,0.0,0.0,0.0,,0.0,0.0,0.0,0.0,0.0,0.0,0.0,0.0,0.0,0.0,0.0,0.0
13,Statement 3,26. Ministry of Electronics and Information Technology,0.0,0.0,0.0,0.0,0.0,0.0,0.0,0.0,0.0,6524.03,375.0,6899.03,2021-22,Expenditure Profile,5385.37,266.6,5651.97,5197.0,353.0,5550.0,9274.66,446.0,9720.66,0.0,,,0.0,0.0,0.0,0.0,0.0,0.0,0.0,0.0,0.0,0.0,0.0,0.0,0.0,0.0,0.0,0.0,0.0,0.0,0.0,0.0,0.0,0.0,0.0,,0.0,0.0,0.0,0.0,0.0,0.0,0.0,0.0,0.0,0.0,0.0,0.0
13,Statement 3,1. Central Sector Schemes/Projects,0.0,0.0,0.0,0.0,0.0,0.0,0.0,0.0,0.0,3898.0,60.0,3958.0,2021-22,Expenditure Profile,3120.75,70.34,3191.09,2984.82,60.0,3044.82,6776.33,30.0,6806.33,0.0,,,0.0,0.0,0.0,0.0,0.0,0.0,0.0,0.0,0.0,0.0,0.0,0.0,0.0,0.0,0.0,0.0,0.0,0.0,0.0,0.0,0.0,0.0,0.0,,0.0,0.0,0.0,0.0,0.0,0.0,0.0,0.0,0.0,0.0,0.0,0.0
13,Statement 3,2.   Establishment Expenditure of the Centre,0.0,0.0,0.0,0.0,0.0,0.0,0.0,0.0,0.0,1360.03,315.0,1675.03,2021-22,Expenditure Profile,1314.92,196.26,1511.18,1318.18,293.0,1611.18,1438.33,416.0,1854.33,0.0,,,0.0,0.0,0.0,0.0,0.0,0.0,0.0,0.0,0.0,0.0,0.0,0.0,0.0,0.0,0.0,0.0,0.0,0.0,0.0,0.0,0.0,0.0,0.0,,0.0,0.0,0.0,0.0,0.0,0.0,0.0,0.0,0.0,0.0,0.0,0.0
13,Statement 3,3.   Other Central Sector Expenditure,0.0,0.0,0.0,0.0,0.0,0.0,0.0,0.0,0.0,1266.0,0.0,1266.0,2021-22,Expenditure Profile,949.7,0.0,949.7,894.0,0.0,894.0,1060.0,0.0,1060.0,0.0,,,0.0,0.0,0.0,0.0,0.0,0.0,0.0,0.0,0.0,0.0,0.0,0.0,0.0,0.0,0.0,0.0,0.0,0.0,0.0,0.0,0.0,0.0,0.0,,0.0,0.0,0.0,0.0,0.0,0.0,0.0,0.0,0.0,0.0,0.0,0.0
13,Statement 3,"27. Ministry of Environment, Forests and Climate Change",0.0,0.0,0.0,0.0,0.0,0.0,0.0,0.0,0.0,2942.45,157.55,3100.0,2021-22,Expenditure Profile,2500.06,37.65,2537.71,1970.73,44.27,2015.0,2747.45,122.48,2869.93,0.0,,,0.0,0.0,0.0,0.0,0.0,0.0,0.0,0.0,0.0,0.0,0.0,0.0,0.0,0.0,0.0,0.0,0.0,0.0,0.0,0.0,0.0,0.0,0.0,,0.0,0.0,0.0,0.0,0.0,0.0,0.0,0.0,0.0,0.0,0.0,0.0
13,Statement 3,1. Central Sector Schemes/Projects,0.0,0.0,0.0,0.0,0.0,0.0,0.0,0.0,0.0,1017.23,0.0,1017.23,2021-22,Expenditure Profile,811.78,0.0,811.78,584.09,0.0,584.09,993.13,0.0,993.13,0.0,,,0.0,0.0,0.0,0.0,0.0,0.0,0.0,0.0,0.0,0.0,0.0,0.0,0.0,0.0,0.0,0.0,0.0,0.0,0.0,0.0,0.0,0.0,0.0,,0.0,0.0,0.0,0.0,0.0,0.0,0.0,0.0,0.0,0.0,0.0,0.0
13,Statement 3,2.   Centrally Sponsored Schemes,0.0,0.0,0.0,0.0,0.0,0.0,0.0,0.0,0.0,926.0,0.0,926.0,2021-22,Expenditure Profile,768.35,0.0,768.35,556.0,0.0,556.0,766.0,0.0,766.0,0.0,,,0.0,0.0,0.0,0.0,0.0,0.0,0.0,0.0,0.0,0.0,0.0,0.0,0.0,0.0,0.0,0.0,0.0,0.0,0.0,0.0,0.0,0.0,0.0,,0.0,0.0,0.0,0.0,0.0,0.0,0.0,0.0,0.0,0.0,0.0,0.0
13,Statement 3,3.   Establishment Expenditure of the Centre,0.0,0.0,0.0,0.0,0.0,0.0,0.0,0.0,0.0,513.72,157.55,671.27,2021-22,Expenditure Profile,483.69,37.65,521.34,432.79,44.27,477.06,511.82,122.48,634.3,0.0,,,0.0,0.0,0.0,0.0,0.0,0.0,0.0,0.0,0.0,0.0,0.0,0.0,0.0,0.0,0.0,0.0,0.0,0.0,0.0,0.0,0.0,0.0,0.0,,0.0,0.0,0.0,0.0,0.0,0.0,0.0,0.0,0.0,0.0,0.0,0.0
13,Statement 3,4.   Other Central Sector Expenditure,0.0,0.0,0.0,0.0,0.0,0.0,0.0,0.0,0.0,485.5,0.0,485.5,2021-22,Expenditure Profile,436.24,0.0,436.24,397.85,0.0,397.85,476.5,0.0,476.5,0.0,,,0.0,0.0,0.0,0.0,0.0,0.0,0.0,0.0,0.0,0.0,0.0,0.0,0.0,0.0,0.0,0.0,0.0,0.0,0.0,0.0,0.0,0.0,0.0,,0.0,0.0,0.0,0.0,0.0,0.0,0.0,0.0,0.0,0.0,0.0,0.0
13,Statement 3,28. Ministry of External Affairs,0.0,0.0,0.0,0.0,0.0,0.0,0.0,0.0,0.0,16014.43,1332.28,17346.71,2021-22,Expenditure Profile,16040.7,1204.84,17245.54,13744.1,1255.9,15000.0,16663.98,1490.75,18154.73,0.0,,,0.0,0.0,0.0,0.0,0.0,0.0,0.0,0.0,0.0,0.0,0.0,0.0,0.0,0.0,0.0,0.0,0.0,0.0,0.0,0.0,0.0,0.0,0.0,,0.0,0.0,0.0,0.0,0.0,0.0,0.0,0.0,0.0,0.0,0.0,0.0
13,Statement 3,1. Central Sector Schemes/Projects,0.0,0.0,0.0,0.0,0.0,0.0,0.0,0.0,0.0,6617.37,832.28,7449.65,2021-22,Expenditure Profile,6586.49,802.67,7389.16,5145.26,610.9,5756.16,6754.4,880.75,7635.15,0.0,,,0.0,0.0,0.0,0.0,0.0,0.0,0.0,0.0,0.0,0.0,0.0,0.0,0.0,0.0,0.0,0.0,0.0,0.0,0.0,0.0,0.0,0.0,0.0,,0.0,0.0,0.0,0.0,0.0,0.0,0.0,0.0,0.0,0.0,0.0,0.0
13,Statement 3,2.   Establishment Expenditure of the Centre,0.0,0.0,0.0,0.0,0.0,0.0,0.0,0.0,0.0,5008.81,500.0,5508.81,2021-22,Expenditure Profile,5054.99,403.2,5458.19,4502.46,645.0,5147.46,5247.69,610.0,5857.69,0.0,,,0.0,0.0,0.0,0.0,0.0,0.0,0.0,0.0,0.0,0.0,0.0,0.0,0.0,0.0,0.0,0.0,0.0,0.0,0.0,0.0,0.0,0.0,0.0,,0.0,0.0,0.0,0.0,0.0,0.0,0.0,0.0,0.0,0.0,0.0,0.0
13,Statement 3,3.   Other Central Sector Expenditure,0.0,0.0,0.0,0.0,0.0,0.0,0.0,0.0,0.0,4388.25,0.0,4388.25,2021-22,Expenditure Profile,4399.22,-1.03,4398.19,4096.38,0.0,4096.38,4661.89,0.0,4661.89,0.0,,,0.0,0.0,0.0,0.0,0.0,0.0,0.0,0.0,0.0,0.0,0.0,0.0,0.0,0.0,0.0,0.0,0.0,0.0,0.0,0.0,0.0,0.0,0.0,,0.0,0.0,0.0,0.0,0.0,0.0,0.0,0.0,0.0,0.0,0.0,0.0
13,Statement 3,29. Department of Economic Affairs,0.0,0.0,0.0,0.0,0.0,0.0,0.0,0.0,0.0,3262.57,26045.7,29308.27,2021-22,Expenditure Profile,2993.28,7285.12,10278.4,5738.6,17942.79,23681.39,4520.78,56607.4,61128.18,0.0,,,0.0,0.0,0.0,0.0,0.0,0.0,0.0,0.0,0.0,0.0,0.0,0.0,0.0,0.0,0.0,0.0,0.0,0.0,0.0,0.0,0.0,0.0,0.0,,0.0,0.0,0.0,0.0,0.0,0.0,0.0,0.0,0.0,0.0,0.0,0.0
13,Statement 3,1. Central Sector Schemes/Projects,0.0,0.0,0.0,0.0,0.0,0.0,0.0,0.0,0.0,1013.95,530.01,1543.96,2021-22,Expenditure Profile,1187.35,2000.0,3187.35,2659.08,4760.01,7419.09,2244.01,5010.01,7254.02,0.0,,,0.0,0.0,0.0,0.0,0.0,0.0,0.0,0.0,0.0,0.0,0.0,0.0,0.0,0.0,0.0,0.0,0.0,0.0,0.0,0.0,0.0,0.0,0.0,,0.0,0.0,0.0,0.0,0.0,0.0,0.0,0.0,0.0,0.0,0.0,0.0
13,Statement 3,2.   Establishment Expenditure of the Centre,0.0,0.0,0.0,0.0,0.0,0.0,0.0,0.0,0.0,304.48,0.0,304.48,2021-22,Expenditure Profile,180.85,0.0,180.85,174.45,0.0,174.45,196.06,0.0,196.06,0.0,,,0.0,0.0,0.0,0.0,0.0,0.0,0.0,0.0,0.0,0.0,0.0,0.0,0.0,0.0,0.0,0.0,0.0,0.0,0.0,0.0,0.0,0.0,0.0,,0.0,0.0,0.0,0.0,0.0,0.0,0.0,0.0,0.0,0.0,0.0,0.0
14,Statement 3,3.   Other Central Sector Expenditure,0.0,0.0,0.0,0.0,0.0,0.0,0.0,0.0,0.0,1944.14,25515.69,27459.83,2021-22,Expenditure Profile,1625.08,5285.12,6910.2,2905.07,13182.78,16087.85,2080.71,51597.39,53678.1,0.0,,,0.0,0.0,0.0,0.0,0.0,0.0,0.0,0.0,0.0,0.0,0.0,0.0,0.0,0.0,0.0,0.0,0.0,0.0,0.0,0.0,0.0,0.0,0.0,,0.0,0.0,0.0,0.0,0.0,0.0,0.0,0.0,0.0,0.0,0.0,0.0
14,Statement 3,30. Department of Expenditure,0.0,0.0,0.0,0.0,0.0,0.0,0.0,0.0,0.0,535.55,0.0,535.55,2021-22,Expenditure Profile,413.71,0.0,413.71,406.14,0.0,406.14,454.74,0.0,454.74,0.0,,,0.0,0.0,0.0,0.0,0.0,0.0,0.0,0.0,0.0,0.0,0.0,0.0,0.0,0.0,0.0,0.0,0.0,0.0,0.0,0.0,0.0,0.0,0.0,,0.0,0.0,0.0,0.0,0.0,0.0,0.0,0.0,0.0,0.0,0.0,0.0
14,Statement 3,1. Central Sector Schemes/Projects,0.0,0.0,0.0,0.0,0.0,0.0,0.0,0.0,0.0,0.0,0.0,0.0,2021-22,Expenditure Profile,234.41,0.0,234.41,0.0,0.0,0.0,0.0,0.0,0.0,0.0,,,0.0,0.0,0.0,0.0,0.0,0.0,0.0,0.0,0.0,0.0,0.0,0.0,0.0,0.0,0.0,0.0,0.0,0.0,0.0,0.0,0.0,0.0,0.0,,0.0,0.0,0.0,0.0,0.0,0.0,0.0,0.0,0.0,0.0,0.0,0.0
14,Statement 3,2.   Establishment Expenditure of the Centre,0.0,0.0,0.0,0.0,0.0,0.0,0.0,0.0,0.0,516.34,0.0,516.34,2021-22,Expenditure Profile,165.32,0.0,165.32,393.53,0.0,393.53,432.92,0.0,432.92,0.0,,,0.0,0.0,0.0,0.0,0.0,0.0,0.0,0.0,0.0,0.0,0.0,0.0,0.0,0.0,0.0,0.0,0.0,0.0,0.0,0.0,0.0,0.0,0.0,,0.0,0.0,0.0,0.0,0.0,0.0,0.0,0.0,0.0,0.0,0.0,0.0
14,Statement 3,3.   Other Central Sector Expenditure,0.0,0.0,0.0,0.0,0.0,0.0,0.0,0.0,0.0,19.21,0.0,19.21,2021-22,Expenditure Profile,13.98,0.0,13.98,12.61,0.0,12.61,21.82,0.0,21.82,0.0,,,0.0,0.0,0.0,0.0,0.0,0.0,0.0,0.0,0.0,0.0,0.0,0.0,0.0,0.0,0.0,0.0,0.0,0.0,0.0,0.0,0.0,0.0,0.0,,0.0,0.0,0.0,0.0,0.0,0.0,0.0,0.0,0.0,0.0,0.0,0.0
14,Statement 3,31. Department of Financial Services,0.0,0.0,0.0,0.0,0.0,0.0,0.0,0.0,0.0,1474.96,9650.04,11125.0,2021-22,Expenditure Profile,824.31,6350.48,7174.79,12055.57,13650.01,25705.58,3710.77,25800.02,29510.79,0.0,,,0.0,0.0,0.0,0.0,0.0,0.0,0.0,0.0,0.0,0.0,0.0,0.0,0.0,0.0,0.0,0.0,0.0,0.0,0.0,0.0,0.0,0.0,0.0,,0.0,0.0,0.0,0.0,0.0,0.0,0.0,0.0,0.0,0.0,0.0,0.0
14,Statement 3,1. Central Sector Schemes/Projects,0.0,0.0,0.0,0.0,0.0,0.0,0.0,0.0,0.0,1240.0,9650.04,10890.04,2021-22,Expenditure Profile,606.28,6350.48,6956.76,11843.67,13650.01,25493.68,3498.9,25800.02,29298.92,0.0,,,0.0,0.0,0.0,0.0,0.0,0.0,0.0,0.0,0.0,0.0,0.0,0.0,0.0,0.0,0.0,0.0,0.0,0.0,0.0,0.0,0.0,0.0,0.0,,0.0,0.0,0.0,0.0,0.0,0.0,0.0,0.0,0.0,0.0,0.0,0.0
14,Statement 3,2.   Establishment Expenditure of the Centre,0.0,0.0,0.0,0.0,0.0,0.0,0.0,0.0,0.0,226.07,0.0,226.07,2021-22,Expenditure Profile,194.23,0.0,194.23,211.9,0.0,211.9,211.87,0.0,211.87,0.0,,,0.0,0.0,0.0,0.0,0.0,0.0,0.0,0.0,0.0,0.0,0.0,0.0,0.0,0.0,0.0,0.0,0.0,0.0,0.0,0.0,0.0,0.0,0.0,,0.0,0.0,0.0,0.0,0.0,0.0,0.0,0.0,0.0,0.0,0.0,0.0
14,Statement 3,3.   Other Central Sector Expenditure,0.0,0.0,0.0,0.0,0.0,0.0,0.0,0.0,0.0,8.89,0.0,8.89,2021-22,Expenditure Profile,23.8,0.0,23.8,0.0,0.0,0.0,0.0,0.0,0.0,0.0,,,0.0,0.0,0.0,0.0,0.0,0.0,0.0,0.0,0.0,0.0,0.0,0.0,0.0,0.0,0.0,0.0,0.0,0.0,0.0,0.0,0.0,0.0,0.0,,0.0,0.0,0.0,0.0,0.0,0.0,0.0,0.0,0.0,0.0,0.0,0.0
14,Statement 3,32. Department of Investment and Public Asset Management,0.0,0.0,0.0,0.0,0.0,0.0,0.0,0.0,0.0,132.11,0.0,132.11,2021-22,Expenditure Profile,105.08,0.0,105.08,92.49,0.0,92.49,110.52,0.0,110.52,0.0,,,0.0,0.0,0.0,0.0,0.0,0.0,0.0,0.0,0.0,0.0,0.0,0.0,0.0,0.0,0.0,0.0,0.0,0.0,0.0,0.0,0.0,0.0,0.0,,0.0,0.0,0.0,0.0,0.0,0.0,0.0,0.0,0.0,0.0,0.0,0.0
14,Statement 3,1. Establishment Expenditure of the Centre,0.0,0.0,0.0,0.0,0.0,0.0,0.0,0.0,0.0,132.11,0.0,132.11,2021-22,Expenditure Profile,105.08,0.0,105.08,92.49,0.0,92.49,110.52,0.0,110.52,0.0,,,0.0,0.0,0.0,0.0,0.0,0.0,0.0,0.0,0.0,0.0,0.0,0.0,0.0,0.0,0.0,0.0,0.0,0.0,0.0,0.0,0.0,0.0,0.0,,0.0,0.0,0.0,0.0,0.0,0.0,0.0,0.0,0.0,0.0,0.0,0.0
14,Statement 3,33. Department of Revenue,0.0,0.0,0.0,0.0,0.0,0.0,0.0,0.0,0.0,136549.12,91.21,136640.33,2021-22,Expenditure Profile,154648.75,0.49,154649.24,132439.84,14.24,132454.08,101222.36,13.02,101235.38,0.0,,,0.0,0.0,0.0,0.0,0.0,0.0,0.0,0.0,0.0,0.0,0.0,0.0,0.0,0.0,0.0,0.0,0.0,0.0,0.0,0.0,0.0,0.0,0.0,,0.0,0.0,0.0,0.0,0.0,0.0,0.0,0.0,0.0,0.0,0.0,0.0
14,Statement 3,1. Establishment Expenditure of the Centre,0.0,0.0,0.0,0.0,0.0,0.0,0.0,0.0,0.0,735.07,0.0,735.07,2021-22,Expenditure Profile,631.79,0.0,631.79,715.59,0.0,715.59,804.31,0.0,804.31,0.0,,,0.0,0.0,0.0,0.0,0.0,0.0,0.0,0.0,0.0,0.0,0.0,0.0,0.0,0.0,0.0,0.0,0.0,0.0,0.0,0.0,0.0,0.0,0.0,,0.0,0.0,0.0,0.0,0.0,0.0,0.0,0.0,0.0,0.0,0.0,0.0
14,Statement 3,2.   Other Central Sector Expenditure,0.0,0.0,0.0,0.0,0.0,0.0,0.0,0.0,0.0,446.0,91.21,537.21,2021-22,Expenditure Profile,106.67,0.49,107.16,349.25,14.24,363.49,418.02,13.02,431.04,0.0,,,0.0,0.0,0.0,0.0,0.0,0.0,0.0,0.0,0.0,0.0,0.0,0.0,0.0,0.0,0.0,0.0,0.0,0.0,0.0,0.0,0.0,0.0,0.0,,0.0,0.0,0.0,0.0,0.0,0.0,0.0,0.0,0.0,0.0,0.0,0.0
14,Statement 3,3.   Other Grants/Loans/Transfers,0.0,0.0,0.0,0.0,0.0,0.0,0.0,0.0,0.0,135368.05,0.0,135368.05,2021-22,Expenditure Profile,153910.29,0.0,153910.29,131375.0,0.0,131375.0,100000.03,0.0,100000.03,0.0,,,0.0,0.0,0.0,0.0,0.0,0.0,0.0,0.0,0.0,0.0,0.0,0.0,0.0,0.0,0.0,0.0,0.0,0.0,0.0,0.0,0.0,0.0,0.0,,0.0,0.0,0.0,0.0,0.0,0.0,0.0,0.0,0.0,0.0,0.0,0.0
14,Statement 3,34. Direct Taxes,0.0,0.0,0.0,0.0,0.0,0.0,0.0,0.0,0.0,7733.39,330.0,8063.39,2021-22,Expenditure Profile,6952.29,198.68,7150.97,7492.0,200.0,7692.0,8180.34,350.0,8530.34,0.0,,,0.0,0.0,0.0,0.0,0.0,0.0,0.0,0.0,0.0,0.0,0.0,0.0,0.0,0.0,0.0,0.0,0.0,0.0,0.0,0.0,0.0,0.0,0.0,,0.0,0.0,0.0,0.0,0.0,0.0,0.0,0.0,0.0,0.0,0.0,0.0
14,Statement 3,1. Establishment Expenditure of the Centre,0.0,0.0,0.0,0.0,0.0,0.0,0.0,0.0,0.0,7733.39,330.0,8063.39,2021-22,Expenditure Profile,6952.29,226.57,7178.86,7492.0,200.0,7692.0,8180.34,350.0,8530.34,0.0,,,0.0,0.0,0.0,0.0,0.0,0.0,0.0,0.0,0.0,0.0,0.0,0.0,0.0,0.0,0.0,0.0,0.0,0.0,0.0,0.0,0.0,0.0,0.0,,0.0,0.0,0.0,0.0,0.0,0.0,0.0,0.0,0.0,0.0,0.0,0.0
14,Statement 3,2.   Other Central Sector Expenditure,0.0,0.0,0.0,0.0,0.0,0.0,0.0,0.0,0.0,0.0,0.0,0.0,2021-22,Expenditure Profile,0.0,-27.89,-27.89,0.0,0.0,0.0,0.0,0.0,0.0,0.0,,,0.0,0.0,0.0,0.0,0.0,0.0,0.0,0.0,0.0,0.0,0.0,0.0,0.0,0.0,0.0,0.0,0.0,0.0,0.0,0.0,0.0,0.0,0.0,,0.0,0.0,0.0,0.0,0.0,0.0,0.0,0.0,0.0,0.0,0.0,0.0
14,Statement 3,35. Indirect Taxes,0.0,0.0,0.0,0.0,0.0,0.0,0.0,0.0,0.0,7820.0,438.0,8258.0,2021-22,Expenditure Profile,7255.66,275.45,7531.11,7303.97,278.0,7581.97,20882.77,452.0,21334.77,0.0,,,0.0,0.0,0.0,0.0,0.0,0.0,0.0,0.0,0.0,0.0,0.0,0.0,0.0,0.0,0.0,0.0,0.0,0.0,0.0,0.0,0.0,0.0,0.0,,0.0,0.0,0.0,0.0,0.0,0.0,0.0,0.0,0.0,0.0,0.0,0.0
14,Statement 3,1. Establishment Expenditure of the Centre,0.0,0.0,0.0,0.0,0.0,0.0,0.0,0.0,0.0,7820.0,438.0,8258.0,2021-22,Expenditure Profile,7255.66,275.45,7531.11,7303.97,278.0,7581.97,20882.77,452.0,21334.77,0.0,,,0.0,0.0,0.0,0.0,0.0,0.0,0.0,0.0,0.0,0.0,0.0,0.0,0.0,0.0,0.0,0.0,0.0,0.0,0.0,0.0,0.0,0.0,0.0,,0.0,0.0,0.0,0.0,0.0,0.0,0.0,0.0,0.0,0.0,0.0,0.0
14,Statement 3,36. Indian Audit and Accounts Department,0.0,0.0,0.0,0.0,0.0,0.0,0.0,0.0,0.0,5036.73,18.0,5054.73,2021-22,Expenditure Profile,4795.15,10.87,4806.02,4725.43,18.0,4743.43,5067.19,24.95,5092.14,0.0,,,0.0,0.0,0.0,0.0,0.0,0.0,0.0,0.0,0.0,0.0,0.0,0.0,0.0,0.0,0.0,0.0,0.0,0.0,0.0,0.0,0.0,0.0,0.0,,0.0,0.0,0.0,0.0,0.0,0.0,0.0,0.0,0.0,0.0,0.0,0.0
14,Statement 3,1. Establishment Expenditure of the Centre,0.0,0.0,0.0,0.0,0.0,0.0,0.0,0.0,0.0,5036.73,18.0,5054.73,2021-22,Expenditure Profile,4795.15,10.87,4806.02,4725.43,18.0,4743.43,5067.19,24.95,5092.14,0.0,,,0.0,0.0,0.0,0.0,0.0,0.0,0.0,0.0,0.0,0.0,0.0,0.0,0.0,0.0,0.0,0.0,0.0,0.0,0.0,0.0,0.0,0.0,0.0,,0.0,0.0,0.0,0.0,0.0,0.0,0.0,0.0,0.0,0.0,0.0,0.0
14,Statement 3,37. Interest Payments,0.0,0.0,0.0,0.0,0.0,0.0,0.0,0.0,0.0,708203.16,0.0,708203.16,2021-22,Expenditure Profile,612070.02,0.0,612070.02,692900.0,0.0,692900.0,809701.32,0.0,809701.32,0.0,,,0.0,0.0,0.0,0.0,0.0,0.0,0.0,0.0,0.0,0.0,0.0,0.0,0.0,0.0,0.0,0.0,0.0,0.0,0.0,0.0,0.0,0.0,0.0,,0.0,0.0,0.0,0.0,0.0,0.0,0.0,0.0,0.0,0.0,0.0,0.0
14,Statement 3,1. Other Central Sector Expenditure,0.0,0.0,0.0,0.0,0.0,0.0,0.0,0.0,0.0,708203.16,0.0,708203.16,2021-22,Expenditure Profile,612070.02,0.0,612070.02,692900.0,0.0,692900.0,809701.32,0.0,809701.32,0.0,,,0.0,0.0,0.0,0.0,0.0,0.0,0.0,0.0,0.0,0.0,0.0,0.0,0.0,0.0,0.0,0.0,0.0,0.0,0.0,0.0,0.0,0.0,0.0,,0.0,0.0,0.0,0.0,0.0,0.0,0.0,0.0,0.0,0.0,0.0,0.0
14,Statement 3,38. Repayment of Debt,0.0,0.0,0.0,0.0,0.0,0.0,0.0,0.0,0.0,0.0,0.0,0.0,2021-22,Expenditure Profile,0.0,0.0,0.0,0.0,0.0,0.0,0.0,0.0,0.0,0.0,,,0.0,0.0,0.0,0.0,0.0,0.0,0.0,0.0,0.0,0.0,0.0,0.0,0.0,0.0,0.0,0.0,0.0,0.0,0.0,0.0,0.0,0.0,0.0,,0.0,0.0,0.0,0.0,0.0,0.0,0.0,0.0,0.0,0.0,0.0,0.0
14,Statement 3,1. Other Central Sector Expenditure,0.0,0.0,0.0,0.0,0.0,0.0,0.0,0.0,0.0,0.0,0.0,0.0,2021-22,Expenditure Profile,0.0,0.0,0.0,0.0,0.0,0.0,0.0,0.0,0.0,0.0,,,0.0,0.0,0.0,0.0,0.0,0.0,0.0,0.0,0.0,0.0,0.0,0.0,0.0,0.0,0.0,0.0,0.0,0.0,0.0,0.0,0.0,0.0,0.0,,0.0,0.0,0.0,0.0,0.0,0.0,0.0,0.0,0.0,0.0,0.0,0.0
14,Statement 3,39. Pensions,0.0,0.0,0.0,0.0,0.0,0.0,0.0,0.0,0.0,61169.35,0.0,61169.35,2021-22,Expenditure Profile,50114.79,0.0,50114.79,62150.93,0.0,62150.93,55873.12,0.0,55873.12,0.0,,,0.0,0.0,0.0,0.0,0.0,0.0,0.0,0.0,0.0,0.0,0.0,0.0,0.0,0.0,0.0,0.0,0.0,0.0,0.0,0.0,0.0,0.0,0.0,,0.0,0.0,0.0,0.0,0.0,0.0,0.0,0.0,0.0,0.0,0.0,0.0
14,Statement 3,1. Establishment Expenditure of the Centre,0.0,0.0,0.0,0.0,0.0,0.0,0.0,0.0,0.0,61169.35,0.0,61169.35,2021-22,Expenditure Profile,50114.79,0.0,50114.79,62150.93,0.0,62150.93,55873.12,0.0,55873.12,0.0,,,0.0,0.0,0.0,0.0,0.0,0.0,0.0,0.0,0.0,0.0,0.0,0.0,0.0,0.0,0.0,0.0,0.0,0.0,0.0,0.0,0.0,0.0,0.0,,0.0,0.0,0.0,0.0,0.0,0.0,0.0,0.0,0.0,0.0,0.0,0.0
14,Statement 3,40. Transfers to States,0.0,0.0,0.0,0.0,0.0,0.0,0.0,0.0,0.0,190994.8,9452.65,200447.45,2021-22,Expenditure Profile,144846.59,4060.87,148907.46,192032.43,14968.23,207000.66,280133.77,13168.23,293302.0,0.0,,,0.0,0.0,0.0,0.0,0.0,0.0,0.0,0.0,0.0,0.0,0.0,0.0,0.0,0.0,0.0,0.0,0.0,0.0,0.0,0.0,0.0,0.0,0.0,,0.0,0.0,0.0,0.0,0.0,0.0,0.0,0.0,0.0,0.0,0.0,0.0
14,Statement 3,1. Finance Commission Grants,0.0,0.0,0.0,0.0,0.0,0.0,0.0,0.0,0.0,149924.8,0.0,149924.8,2021-22,Expenditure Profile,123709.87,0.0,123709.87,182352.43,0.0,182352.43,220843.0,0.0,220843.0,0.0,,,0.0,0.0,0.0,0.0,0.0,0.0,0.0,0.0,0.0,0.0,0.0,0.0,0.0,0.0,0.0,0.0,0.0,0.0,0.0,0.0,0.0,0.0,0.0,,0.0,0.0,0.0,0.0,0.0,0.0,0.0,0.0,0.0,0.0,0.0,0.0
15,Statement 3,2.   Other Grants/Loans/Transfers,0.0,0.0,0.0,0.0,0.0,0.0,0.0,0.0,0.0,41070.0,9452.65,50522.65,2021-22,Expenditure Profile,21136.72,4060.87,25197.59,9680.0,14968.23,24648.23,59290.77,13168.23,72459.0,0.0,,,0.0,0.0,0.0,0.0,0.0,0.0,0.0,0.0,0.0,0.0,0.0,0.0,0.0,0.0,0.0,0.0,0.0,0.0,0.0,0.0,0.0,0.0,0.0,,0.0,0.0,0.0,0.0,0.0,0.0,0.0,0.0,0.0,0.0,0.0,0.0
15,Statement 3,41. Department of Fisheries,0.0,0.0,0.0,0.0,0.0,0.0,0.0,0.0,0.0,805.84,19.16,825.0,2021-22,Expenditure Profile,647.34,3.45,650.79,897.81,12.61,910.42,1192.16,28.68,1220.84,0.0,,,0.0,0.0,0.0,0.0,0.0,0.0,0.0,0.0,0.0,0.0,0.0,0.0,0.0,0.0,0.0,0.0,0.0,0.0,0.0,0.0,0.0,0.0,0.0,,0.0,0.0,0.0,0.0,0.0,0.0,0.0,0.0,0.0,0.0,0.0,0.0
15,Statement 3,1. Centrally Sponsored Schemes,0.0,0.0,0.0,0.0,0.0,0.0,0.0,0.0,0.0,570.0,0.0,570.0,2021-22,Expenditure Profile,428.95,0.0,428.95,710.0,0.0,710.0,1015.0,0.0,1015.0,0.0,,,0.0,0.0,0.0,0.0,0.0,0.0,0.0,0.0,0.0,0.0,0.0,0.0,0.0,0.0,0.0,0.0,0.0,0.0,0.0,0.0,0.0,0.0,0.0,,0.0,0.0,0.0,0.0,0.0,0.0,0.0,0.0,0.0,0.0,0.0,0.0
15,Statement 3,2.   Establishment Expenditure of the Centre,0.0,0.0,0.0,0.0,0.0,0.0,0.0,0.0,0.0,153.84,19.16,173.0,2021-22,Expenditure Profile,133.14,3.45,136.59,152.53,12.61,165.14,149.32,28.68,178.0,0.0,,,0.0,0.0,0.0,0.0,0.0,0.0,0.0,0.0,0.0,0.0,0.0,0.0,0.0,0.0,0.0,0.0,0.0,0.0,0.0,0.0,0.0,0.0,0.0,,0.0,0.0,0.0,0.0,0.0,0.0,0.0,0.0,0.0,0.0,0.0,0.0
15,Statement 3,3.   Other Central Sector Expenditure,0.0,0.0,0.0,0.0,0.0,0.0,0.0,0.0,0.0,82.0,0.0,82.0,2021-22,Expenditure Profile,85.25,0.0,85.25,35.28,0.0,35.28,27.84,0.0,27.84,0.0,,,0.0,0.0,0.0,0.0,0.0,0.0,0.0,0.0,0.0,0.0,0.0,0.0,0.0,0.0,0.0,0.0,0.0,0.0,0.0,0.0,0.0,0.0,0.0,,0.0,0.0,0.0,0.0,0.0,0.0,0.0,0.0,0.0,0.0,0.0,0.0
15,Statement 3,42. Department of Animal Husbandry and Dairying,0.0,0.0,0.0,0.0,0.0,0.0,0.0,0.0,0.0,3242.42,46.71,3289.13,2021-22,Expenditure Profile,2706.64,5.68,2712.32,2630.09,16.3,2646.39,3057.59,44.39,3101.98,0.0,,,0.0,0.0,0.0,0.0,0.0,0.0,0.0,0.0,0.0,0.0,0.0,0.0,0.0,0.0,0.0,0.0,0.0,0.0,0.0,0.0,0.0,0.0,0.0,,0.0,0.0,0.0,0.0,0.0,0.0,0.0,0.0,0.0,0.0,0.0,0.0
15,Statement 3,1. Central Sector Schemes/Projects,0.0,0.0,0.0,0.0,0.0,0.0,0.0,0.0,0.0,1300.0,0.0,1300.0,2021-22,Expenditure Profile,811.02,0.0,811.02,858.0,0.0,858.0,1753.0,0.0,1753.0,0.0,,,0.0,0.0,0.0,0.0,0.0,0.0,0.0,0.0,0.0,0.0,0.0,0.0,0.0,0.0,0.0,0.0,0.0,0.0,0.0,0.0,0.0,0.0,0.0,,0.0,0.0,0.0,0.0,0.0,0.0,0.0,0.0,0.0,0.0,0.0,0.0
15,Statement 3,2.   Centrally Sponsored Schemes,0.0,0.0,0.0,0.0,0.0,0.0,0.0,0.0,0.0,1805.0,0.0,1805.0,2021-22,Expenditure Profile,1725.42,0.0,1725.42,1642.0,0.0,1642.0,1177.04,0.0,1177.04,0.0,,,0.0,0.0,0.0,0.0,0.0,0.0,0.0,0.0,0.0,0.0,0.0,0.0,0.0,0.0,0.0,0.0,0.0,0.0,0.0,0.0,0.0,0.0,0.0,,0.0,0.0,0.0,0.0,0.0,0.0,0.0,0.0,0.0,0.0,0.0,0.0
15,Statement 3,3.   Establishment Expenditure of the Centre,0.0,0.0,0.0,0.0,0.0,0.0,0.0,0.0,0.0,164.95,12.18,177.13,2021-22,Expenditure Profile,141.62,5.47,147.09,136.09,4.3,140.39,158.55,3.39,161.94,0.0,,,0.0,0.0,0.0,0.0,0.0,0.0,0.0,0.0,0.0,0.0,0.0,0.0,0.0,0.0,0.0,0.0,0.0,0.0,0.0,0.0,0.0,0.0,0.0,,0.0,0.0,0.0,0.0,0.0,0.0,0.0,0.0,0.0,0.0,0.0,0.0
15,Statement 3,4.   Other Central Sector Expenditure,0.0,0.0,0.0,0.0,0.0,0.0,0.0,0.0,0.0,-27.53,34.53,7.0,2021-22,Expenditure Profile,28.58,0.21,28.79,-6.0,12.0,6.0,-31.0,41.0,10.0,0.0,,,0.0,0.0,0.0,0.0,0.0,0.0,0.0,0.0,0.0,0.0,0.0,0.0,0.0,0.0,0.0,0.0,0.0,0.0,0.0,0.0,0.0,0.0,0.0,,0.0,0.0,0.0,0.0,0.0,0.0,0.0,0.0,0.0,0.0,0.0,0.0
15,Statement 3,43. Ministry of Food Processing Industries,0.0,0.0,0.0,0.0,0.0,0.0,0.0,0.0,0.0,1232.94,0.0,1232.94,2021-22,Expenditure Profile,830.0,0.0,830.0,1247.42,0.0,1247.42,1308.66,0.0,1308.66,0.0,,,0.0,0.0,0.0,0.0,0.0,0.0,0.0,0.0,0.0,0.0,0.0,0.0,0.0,0.0,0.0,0.0,0.0,0.0,0.0,0.0,0.0,0.0,0.0,,0.0,0.0,0.0,0.0,0.0,0.0,0.0,0.0,0.0,0.0,0.0,0.0
15,Statement 3,1. Central Sector Schemes/Projects,0.0,0.0,0.0,0.0,0.0,0.0,0.0,0.0,0.0,1081.41,0.0,1081.41,2021-22,Expenditure Profile,818.6,0.0,818.6,750.0,0.0,750.0,700.0,0.0,700.0,0.0,,,0.0,0.0,0.0,0.0,0.0,0.0,0.0,0.0,0.0,0.0,0.0,0.0,0.0,0.0,0.0,0.0,0.0,0.0,0.0,0.0,0.0,0.0,0.0,,0.0,0.0,0.0,0.0,0.0,0.0,0.0,0.0,0.0,0.0,0.0,0.0
15,Statement 3,2.   Centrally Sponsored Schemes,0.0,0.0,0.0,0.0,0.0,0.0,0.0,0.0,0.0,0.0,0.0,0.0,2021-22,Expenditure Profile,-15.54,0.0,-15.54,400.0,0.0,400.0,500.0,0.0,500.0,0.0,,,0.0,0.0,0.0,0.0,0.0,0.0,0.0,0.0,0.0,0.0,0.0,0.0,0.0,0.0,0.0,0.0,0.0,0.0,0.0,0.0,0.0,0.0,0.0,,0.0,0.0,0.0,0.0,0.0,0.0,0.0,0.0,0.0,0.0,0.0,0.0
15,Statement 3,3.   Establishment Expenditure of the Centre,0.0,0.0,0.0,0.0,0.0,0.0,0.0,0.0,0.0,32.32,0.0,32.32,2021-22,Expenditure Profile,26.94,0.0,26.94,33.33,0.0,33.33,36.26,0.0,36.26,0.0,,,0.0,0.0,0.0,0.0,0.0,0.0,0.0,0.0,0.0,0.0,0.0,0.0,0.0,0.0,0.0,0.0,0.0,0.0,0.0,0.0,0.0,0.0,0.0,,0.0,0.0,0.0,0.0,0.0,0.0,0.0,0.0,0.0,0.0,0.0,0.0
15,Statement 3,4.   Other Central Sector Expenditure,0.0,0.0,0.0,0.0,0.0,0.0,0.0,0.0,0.0,119.21,0.0,119.21,2021-22,Expenditure Profile,0.0,0.0,0.0,64.09,0.0,64.09,72.4,0.0,72.4,0.0,,,0.0,0.0,0.0,0.0,0.0,0.0,0.0,0.0,0.0,0.0,0.0,0.0,0.0,0.0,0.0,0.0,0.0,0.0,0.0,0.0,0.0,0.0,0.0,,0.0,0.0,0.0,0.0,0.0,0.0,0.0,0.0,0.0,0.0,0.0,0.0
15,Statement 3,44. Department of Health and Family Welfare,0.0,0.0,0.0,0.0,0.0,0.0,0.0,0.0,0.0,63946.1,1065.7,65011.8,2021-22,Expenditure Profile,60730.18,1666.9,62397.08,74632.5,4233.5,78866.0,68760.03,2508.74,71268.77,0.0,,,0.0,0.0,0.0,0.0,0.0,0.0,0.0,0.0,0.0,0.0,0.0,0.0,0.0,0.0,0.0,0.0,0.0,0.0,0.0,0.0,0.0,0.0,0.0,,0.0,0.0,0.0,0.0,0.0,0.0,0.0,0.0,0.0,0.0,0.0,0.0
15,Statement 3,1. Central Sector Schemes/Projects,0.0,0.0,0.0,0.0,0.0,0.0,0.0,0.0,0.0,8978.69,782.31,9761.0,2021-22,Expenditure Profile,7095.41,1187.35,8282.76,19509.28,3658.29,23167.57,8622.65,1943.98,10566.63,0.0,,,0.0,0.0,0.0,0.0,0.0,0.0,0.0,0.0,0.0,0.0,0.0,0.0,0.0,0.0,0.0,0.0,0.0,0.0,0.0,0.0,0.0,0.0,0.0,,0.0,0.0,0.0,0.0,0.0,0.0,0.0,0.0,0.0,0.0,0.0,0.0
15,Statement 3,2.   Centrally Sponsored Schemes,0.0,0.0,0.0,0.0,0.0,0.0,0.0,0.0,0.0,39838.0,1.0,39839.0,2021-22,Expenditure Profile,37662.91,0.0,37662.91,38283.25,0.0,38283.25,42972.5,5.0,42977.5,0.0,,,0.0,0.0,0.0,0.0,0.0,0.0,0.0,0.0,0.0,0.0,0.0,0.0,0.0,0.0,0.0,0.0,0.0,0.0,0.0,0.0,0.0,0.0,0.0,,0.0,0.0,0.0,0.0,0.0,0.0,0.0,0.0,0.0,0.0,0.0,0.0
15,Statement 3,3.   Establishment Expenditure of the Centre,0.0,0.0,0.0,0.0,0.0,0.0,0.0,0.0,0.0,4976.21,243.0,5219.21,2021-22,Expenditure Profile,4745.15,363.15,5108.3,5414.76,534.82,5949.58,5777.76,468.04,6245.8,0.0,,,0.0,0.0,0.0,0.0,0.0,0.0,0.0,0.0,0.0,0.0,0.0,0.0,0.0,0.0,0.0,0.0,0.0,0.0,0.0,0.0,0.0,0.0,0.0,,0.0,0.0,0.0,0.0,0.0,0.0,0.0,0.0,0.0,0.0,0.0,0.0
15,Statement 3,4.   Other Central Sector Expenditure,0.0,0.0,0.0,0.0,0.0,0.0,0.0,0.0,0.0,10153.2,39.39,10192.59,2021-22,Expenditure Profile,11226.71,116.4,11343.11,11425.21,40.39,11465.6,11387.12,91.72,11478.84,0.0,,,0.0,0.0,0.0,0.0,0.0,0.0,0.0,0.0,0.0,0.0,0.0,0.0,0.0,0.0,0.0,0.0,0.0,0.0,0.0,0.0,0.0,0.0,0.0,,0.0,0.0,0.0,0.0,0.0,0.0,0.0,0.0,0.0,0.0,0.0,0.0
15,Statement 3,45. Department of Health Research,0.0,0.0,0.0,0.0,0.0,0.0,0.0,0.0,0.0,2100.0,0.0,2100.0,2021-22,Expenditure Profile,1860.71,0.0,1860.71,4062.3,0.0,4062.3,2663.0,0.0,2663.0,0.0,,,0.0,0.0,0.0,0.0,0.0,0.0,0.0,0.0,0.0,0.0,0.0,0.0,0.0,0.0,0.0,0.0,0.0,0.0,0.0,0.0,0.0,0.0,0.0,,0.0,0.0,0.0,0.0,0.0,0.0,0.0,0.0,0.0,0.0,0.0,0.0
15,Statement 3,1. Central Sector Schemes/Projects,0.0,0.0,0.0,0.0,0.0,0.0,0.0,0.0,0.0,262.29,0.0,262.29,2021-22,Expenditure Profile,219.68,0.0,219.68,2326.29,0.0,2326.29,260.0,0.0,260.0,0.0,,,0.0,0.0,0.0,0.0,0.0,0.0,0.0,0.0,0.0,0.0,0.0,0.0,0.0,0.0,0.0,0.0,0.0,0.0,0.0,0.0,0.0,0.0,0.0,,0.0,0.0,0.0,0.0,0.0,0.0,0.0,0.0,0.0,0.0,0.0,0.0
15,Statement 3,2.   Establishment Expenditure of the Centre,0.0,0.0,0.0,0.0,0.0,0.0,0.0,0.0,0.0,42.0,0.0,42.0,2021-22,Expenditure Profile,32.35,0.0,32.35,38.3,0.0,38.3,45.0,0.0,45.0,0.0,,,0.0,0.0,0.0,0.0,0.0,0.0,0.0,0.0,0.0,0.0,0.0,0.0,0.0,0.0,0.0,0.0,0.0,0.0,0.0,0.0,0.0,0.0,0.0,,0.0,0.0,0.0,0.0,0.0,0.0,0.0,0.0,0.0,0.0,0.0,0.0
15,Statement 3,3.   Other Central Sector Expenditure,0.0,0.0,0.0,0.0,0.0,0.0,0.0,0.0,0.0,1795.71,0.0,1795.71,2021-22,Expenditure Profile,1608.68,0.0,1608.68,1697.71,0.0,1697.71,2358.0,0.0,2358.0,0.0,,,0.0,0.0,0.0,0.0,0.0,0.0,0.0,0.0,0.0,0.0,0.0,0.0,0.0,0.0,0.0,0.0,0.0,0.0,0.0,0.0,0.0,0.0,0.0,,0.0,0.0,0.0,0.0,0.0,0.0,0.0,0.0,0.0,0.0,0.0,0.0
15,Statement 3,46. Department of Heavy Industry,0.0,0.0,0.0,0.0,0.0,0.0,0.0,0.0,0.0,930.35,559.63,1489.98,2021-22,Expenditure Profile,922.17,352.05,1274.22,588.44,311.56,900.0,927.85,67.42,995.27,0.0,,,0.0,0.0,0.0,0.0,0.0,0.0,0.0,0.0,0.0,0.0,0.0,0.0,0.0,0.0,0.0,0.0,0.0,0.0,0.0,0.0,0.0,0.0,0.0,,0.0,0.0,0.0,0.0,0.0,0.0,0.0,0.0,0.0,0.0,0.0,0.0
15,Statement 3,1. Central Sector Schemes/Projects,0.0,0.0,0.0,0.0,0.0,0.0,0.0,0.0,0.0,881.25,300.0,1181.25,2021-22,Expenditure Profile,895.89,108.35,1004.24,387.59,114.3,501.89,869.75,67.22,936.97,0.0,,,0.0,0.0,0.0,0.0,0.0,0.0,0.0,0.0,0.0,0.0,0.0,0.0,0.0,0.0,0.0,0.0,0.0,0.0,0.0,0.0,0.0,0.0,0.0,,0.0,0.0,0.0,0.0,0.0,0.0,0.0,0.0,0.0,0.0,0.0,0.0
15,Statement 3,2.   Establishment Expenditure of the Centre,0.0,0.0,0.0,0.0,0.0,0.0,0.0,0.0,0.0,41.09,0.0,41.09,2021-22,Expenditure Profile,36.95,0.0,36.95,34.38,0.0,34.38,41.09,0.0,41.09,0.0,,,0.0,0.0,0.0,0.0,0.0,0.0,0.0,0.0,0.0,0.0,0.0,0.0,0.0,0.0,0.0,0.0,0.0,0.0,0.0,0.0,0.0,0.0,0.0,,0.0,0.0,0.0,0.0,0.0,0.0,0.0,0.0,0.0,0.0,0.0,0.0
15,Statement 3,3.   Other Central Sector Expenditure,0.0,0.0,0.0,0.0,0.0,0.0,0.0,0.0,0.0,8.01,259.63,267.64,2021-22,Expenditure Profile,-10.67,243.7,233.03,166.47,197.26,363.73,17.01,0.2,17.21,0.0,,,0.0,0.0,0.0,0.0,0.0,0.0,0.0,0.0,0.0,0.0,0.0,0.0,0.0,0.0,0.0,0.0,0.0,0.0,0.0,0.0,0.0,0.0,0.0,,0.0,0.0,0.0,0.0,0.0,0.0,0.0,0.0,0.0,0.0,0.0,0.0
15,Statement 3,47. Department of Public Enterprises,0.0,0.0,0.0,0.0,0.0,0.0,0.0,0.0,0.0,24.15,0.0,24.15,2021-22,Expenditure Profile,21.08,0.0,21.08,17.84,0.0,17.84,21.81,0.0,21.81,0.0,,,0.0,0.0,0.0,0.0,0.0,0.0,0.0,0.0,0.0,0.0,0.0,0.0,0.0,0.0,0.0,0.0,0.0,0.0,0.0,0.0,0.0,0.0,0.0,,0.0,0.0,0.0,0.0,0.0,0.0,0.0,0.0,0.0,0.0,0.0,0.0
15,Statement 3,1. Central Sector Schemes/Projects,0.0,0.0,0.0,0.0,0.0,0.0,0.0,0.0,0.0,10.5,0.0,10.5,2021-22,Expenditure Profile,8.55,0.0,8.55,5.6,0.0,5.6,8.55,0.0,8.55,0.0,,,0.0,0.0,0.0,0.0,0.0,0.0,0.0,0.0,0.0,0.0,0.0,0.0,0.0,0.0,0.0,0.0,0.0,0.0,0.0,0.0,0.0,0.0,0.0,,0.0,0.0,0.0,0.0,0.0,0.0,0.0,0.0,0.0,0.0,0.0,0.0
16,Statement 3,2.   Establishment Expenditure of the Centre,0.0,0.0,0.0,0.0,0.0,0.0,0.0,0.0,0.0,13.65,0.0,13.65,2021-22,Expenditure Profile,12.53,0.0,12.53,12.24,0.0,12.24,13.26,0.0,13.26,0.0,,,0.0,0.0,0.0,0.0,0.0,0.0,0.0,0.0,0.0,0.0,0.0,0.0,0.0,0.0,0.0,0.0,0.0,0.0,0.0,0.0,0.0,0.0,0.0,,0.0,0.0,0.0,0.0,0.0,0.0,0.0,0.0,0.0,0.0,0.0,0.0
16,Statement 3,48. Ministry of Home Affairs,0.0,0.0,0.0,0.0,0.0,0.0,0.0,0.0,0.0,7749.52,252.48,8002.0,2021-22,Expenditure Profile,16626.5,310.33,16936.83,3736.22,279.33,4015.55,7333.41,286.99,7620.4,0.0,,,0.0,0.0,0.0,0.0,0.0,0.0,0.0,0.0,0.0,0.0,0.0,0.0,0.0,0.0,0.0,0.0,0.0,0.0,0.0,0.0,0.0,0.0,0.0,,0.0,0.0,0.0,0.0,0.0,0.0,0.0,0.0,0.0,0.0,0.0,0.0
16,Statement 3,1. Central Sector Schemes/Projects,0.0,0.0,0.0,0.0,0.0,0.0,0.0,0.0,0.0,1528.7,72.03,1600.73,2021-22,Expenditure Profile,2076.51,146.45,2222.96,1350.08,106.15,1456.23,1569.07,72.05,1641.12,0.0,,,0.0,0.0,0.0,0.0,0.0,0.0,0.0,0.0,0.0,0.0,0.0,0.0,0.0,0.0,0.0,0.0,0.0,0.0,0.0,0.0,0.0,0.0,0.0,,0.0,0.0,0.0,0.0,0.0,0.0,0.0,0.0,0.0,0.0,0.0,0.0
16,Statement 3,2.   Establishment Expenditure of the Centre,0.0,0.0,0.0,0.0,0.0,0.0,0.0,0.0,0.0,1588.85,85.45,1674.3,2021-22,Expenditure Profile,1449.05,78.55,1527.6,1517.35,95.18,1612.53,1875.31,134.94,2010.25,0.0,,,0.0,0.0,0.0,0.0,0.0,0.0,0.0,0.0,0.0,0.0,0.0,0.0,0.0,0.0,0.0,0.0,0.0,0.0,0.0,0.0,0.0,0.0,0.0,,0.0,0.0,0.0,0.0,0.0,0.0,0.0,0.0,0.0,0.0,0.0,0.0
16,Statement 3,3.   Other Central Sector Expenditure,0.0,0.0,0.0,0.0,0.0,0.0,0.0,0.0,0.0,4558.96,95.0,4653.96,2021-22,Expenditure Profile,1330.17,85.33,1415.5,758.46,78.0,836.46,3841.0,80.0,3921.0,0.0,,,0.0,0.0,0.0,0.0,0.0,0.0,0.0,0.0,0.0,0.0,0.0,0.0,0.0,0.0,0.0,0.0,0.0,0.0,0.0,0.0,0.0,0.0,0.0,,0.0,0.0,0.0,0.0,0.0,0.0,0.0,0.0,0.0,0.0,0.0,0.0
16,Statement 3,4.   Other Grants/Loans/Transfers,0.0,0.0,0.0,0.0,0.0,0.0,0.0,0.0,0.0,73.01,0.0,73.01,2021-22,Expenditure Profile,11770.77,0.0,11770.77,110.33,0.0,110.33,48.03,0.0,48.03,0.0,,,0.0,0.0,0.0,0.0,0.0,0.0,0.0,0.0,0.0,0.0,0.0,0.0,0.0,0.0,0.0,0.0,0.0,0.0,0.0,0.0,0.0,0.0,0.0,,0.0,0.0,0.0,0.0,0.0,0.0,0.0,0.0,0.0,0.0,0.0,0.0
16,Statement 3,49. Cabinet,0.0,0.0,0.0,0.0,0.0,0.0,0.0,0.0,0.0,1140.38,0.0,1140.38,2021-22,Expenditure Profile,885.39,0.0,885.39,1241.22,0.0,1241.22,1961.04,137.0,2098.04,0.0,,,0.0,0.0,0.0,0.0,0.0,0.0,0.0,0.0,0.0,0.0,0.0,0.0,0.0,0.0,0.0,0.0,0.0,0.0,0.0,0.0,0.0,0.0,0.0,,0.0,0.0,0.0,0.0,0.0,0.0,0.0,0.0,0.0,0.0,0.0,0.0
16,Statement 3,1.      Establishment Expenditure of the Centre,0.0,0.0,0.0,0.0,0.0,0.0,0.0,0.0,0.0,1140.38,0.0,1140.38,2021-22,Expenditure Profile,885.39,0.0,885.39,1241.22,0.0,1241.22,1961.04,137.0,2098.04,0.0,,,0.0,0.0,0.0,0.0,0.0,0.0,0.0,0.0,0.0,0.0,0.0,0.0,0.0,0.0,0.0,0.0,0.0,0.0,0.0,0.0,0.0,0.0,0.0,,0.0,0.0,0.0,0.0,0.0,0.0,0.0,0.0,0.0,0.0,0.0,0.0
16,Statement 3,50. Police,0.0,0.0,0.0,0.0,0.0,0.0,0.0,0.0,0.0,95397.97,9846.37,105244.34,2021-22,Expenditure Profile,93125.51,8901.98,102027.49,87658.13,5190.78,92848.91,94086.59,9715.93,103802.52,0.0,,,0.0,0.0,0.0,0.0,0.0,0.0,0.0,0.0,0.0,0.0,0.0,0.0,0.0,0.0,0.0,0.0,0.0,0.0,0.0,0.0,0.0,0.0,0.0,,0.0,0.0,0.0,0.0,0.0,0.0,0.0,0.0,0.0,0.0,0.0,0.0
16,Statement 3,1.   Central Sector Schemes/Projects,0.0,0.0,0.0,0.0,0.0,0.0,0.0,0.0,0.0,1261.81,6035.64,7297.45,2021-22,Expenditure Profile,385.11,6100.42,6485.53,522.75,3139.02,3661.77,491.86,5642.7,6134.56,0.0,,,0.0,0.0,0.0,0.0,0.0,0.0,0.0,0.0,0.0,0.0,0.0,0.0,0.0,0.0,0.0,0.0,0.0,0.0,0.0,0.0,0.0,0.0,0.0,,0.0,0.0,0.0,0.0,0.0,0.0,0.0,0.0,0.0,0.0,0.0,0.0
16,Statement 3,2.   Centrally Sponsored Schemes,0.0,0.0,0.0,0.0,0.0,0.0,0.0,0.0,0.0,3945.62,0.0,3945.62,2021-22,Expenditure Profile,5461.54,0.0,5461.54,1913.71,0.0,1913.71,3368.82,0.0,3368.82,0.0,,,0.0,0.0,0.0,0.0,0.0,0.0,0.0,0.0,0.0,0.0,0.0,0.0,0.0,0.0,0.0,0.0,0.0,0.0,0.0,0.0,0.0,0.0,0.0,,0.0,0.0,0.0,0.0,0.0,0.0,0.0,0.0,0.0,0.0,0.0,0.0
16,Statement 3,3.   Establishment Expenditure of the Centre,0.0,0.0,0.0,0.0,0.0,0.0,0.0,0.0,0.0,88696.31,2014.73,90711.04,2021-22,Expenditure Profile,86540.81,1831.7,88372.51,84181.94,1469.49,85651.43,88796.18,2092.23,90888.41,0.0,,,0.0,0.0,0.0,0.0,0.0,0.0,0.0,0.0,0.0,0.0,0.0,0.0,0.0,0.0,0.0,0.0,0.0,0.0,0.0,0.0,0.0,0.0,0.0,,0.0,0.0,0.0,0.0,0.0,0.0,0.0,0.0,0.0,0.0,0.0,0.0
16,Statement 3,4.   Other Central Sector Expenditure,0.0,0.0,0.0,0.0,0.0,0.0,0.0,0.0,0.0,1494.23,1796.0,3290.23,2021-22,Expenditure Profile,1317.5,971.41,2288.91,1039.73,582.27,1622.0,1429.73,1981.0,3410.73,0.0,,,0.0,0.0,0.0,0.0,0.0,0.0,0.0,0.0,0.0,0.0,0.0,0.0,0.0,0.0,0.0,0.0,0.0,0.0,0.0,0.0,0.0,0.0,0.0,,0.0,0.0,0.0,0.0,0.0,0.0,0.0,0.0,0.0,0.0,0.0,0.0
16,Statement 3,5.   Other Grants/Loans/Transfers,0.0,0.0,0.0,0.0,0.0,0.0,0.0,0.0,0.0,0.0,0.0,0.0,2021-22,Expenditure Profile,-579.45,-1.55,-581.0,0.0,0.0,0.0,0.0,0.0,0.0,0.0,,,0.0,0.0,0.0,0.0,0.0,0.0,0.0,0.0,0.0,0.0,0.0,0.0,0.0,0.0,0.0,0.0,0.0,0.0,0.0,0.0,0.0,0.0,0.0,,0.0,0.0,0.0,0.0,0.0,0.0,0.0,0.0,0.0,0.0,0.0,0.0
16,Statement 3,51. Andaman and Nicobar Islands,0.0,0.0,0.0,0.0,0.0,0.0,0.0,0.0,0.0,4541.9,622.36,5164.26,2021-22,Expenditure Profile,4447.61,501.18,4948.79,4421.37,403.6,4824.97,4651.24,666.17,5317.41,0.0,,,0.0,0.0,0.0,0.0,0.0,0.0,0.0,0.0,0.0,0.0,0.0,0.0,0.0,0.0,0.0,0.0,0.0,0.0,0.0,0.0,0.0,0.0,0.0,,0.0,0.0,0.0,0.0,0.0,0.0,0.0,0.0,0.0,0.0,0.0,0.0
16,Statement 3,1. Establishment Expenditure of the Centre,0.0,0.0,0.0,0.0,0.0,0.0,0.0,0.0,0.0,2409.6,0.0,2409.6,2021-22,Expenditure Profile,2319.03,0.0,2319.03,2261.6,0.0,2261.6,2349.55,0.0,2349.55,0.0,,,0.0,0.0,0.0,0.0,0.0,0.0,0.0,0.0,0.0,0.0,0.0,0.0,0.0,0.0,0.0,0.0,0.0,0.0,0.0,0.0,0.0,0.0,0.0,,0.0,0.0,0.0,0.0,0.0,0.0,0.0,0.0,0.0,0.0,0.0,0.0
16,Statement 3,2.   Other Central Sector Expenditure,0.0,0.0,0.0,0.0,0.0,0.0,0.0,0.0,0.0,2132.3,622.36,2754.66,2021-22,Expenditure Profile,2128.58,501.18,2629.76,2159.77,403.6,2563.37,2301.69,666.17,2967.86,0.0,,,0.0,0.0,0.0,0.0,0.0,0.0,0.0,0.0,0.0,0.0,0.0,0.0,0.0,0.0,0.0,0.0,0.0,0.0,0.0,0.0,0.0,0.0,0.0,,0.0,0.0,0.0,0.0,0.0,0.0,0.0,0.0,0.0,0.0,0.0,0.0
16,Statement 3,52. Chandigarh,0.0,0.0,0.0,0.0,0.0,0.0,0.0,0.0,0.0,4300.96,334.14,4635.1,2021-22,Expenditure Profile,4008.69,134.85,4143.54,3839.36,315.55,4154.91,4162.67,498.45,4661.12,0.0,,,0.0,0.0,0.0,0.0,0.0,0.0,0.0,0.0,0.0,0.0,0.0,0.0,0.0,0.0,0.0,0.0,0.0,0.0,0.0,0.0,0.0,0.0,0.0,,0.0,0.0,0.0,0.0,0.0,0.0,0.0,0.0,0.0,0.0,0.0,0.0
16,Statement 3,1. Establishment Expenditure of the Centre,0.0,0.0,0.0,0.0,0.0,0.0,0.0,0.0,0.0,2475.56,0.0,2475.56,2021-22,Expenditure Profile,2325.3,0.0,2325.3,2214.4,0.0,2214.4,2411.03,0.0,2411.03,0.0,,,0.0,0.0,0.0,0.0,0.0,0.0,0.0,0.0,0.0,0.0,0.0,0.0,0.0,0.0,0.0,0.0,0.0,0.0,0.0,0.0,0.0,0.0,0.0,,0.0,0.0,0.0,0.0,0.0,0.0,0.0,0.0,0.0,0.0,0.0,0.0
16,Statement 3,2.   Other Central Sector Expenditure,0.0,0.0,0.0,0.0,0.0,0.0,0.0,0.0,0.0,1825.4,334.14,2159.54,2021-22,Expenditure Profile,1683.39,134.85,1818.24,1624.96,315.55,1940.51,1751.64,498.45,2250.09,0.0,,,0.0,0.0,0.0,0.0,0.0,0.0,0.0,0.0,0.0,0.0,0.0,0.0,0.0,0.0,0.0,0.0,0.0,0.0,0.0,0.0,0.0,0.0,0.0,,0.0,0.0,0.0,0.0,0.0,0.0,0.0,0.0,0.0,0.0,0.0,0.0
16,Statement 3,53. Dadra and Nagar Haveli and Daman and Diu,0.0,0.0,0.0,0.0,0.0,0.0,0.0,0.0,0.0,1428.1,752.42,2180.52,2021-22,Expenditure Profile,1475.82,639.5,2115.32,1011.31,407.22,1418.53,1439.76,764.83,2204.59,0.0,,,0.0,0.0,0.0,0.0,0.0,0.0,0.0,0.0,0.0,0.0,0.0,0.0,0.0,0.0,0.0,0.0,0.0,0.0,0.0,0.0,0.0,0.0,0.0,,0.0,0.0,0.0,0.0,0.0,0.0,0.0,0.0,0.0,0.0,0.0,0.0
16,Statement 3,1. Establishment Expenditure of the Centre,0.0,0.0,0.0,0.0,0.0,0.0,0.0,0.0,0.0,612.83,0.0,612.83,2021-22,Expenditure Profile,578.58,0.0,578.58,573.03,0.0,573.03,624.71,0.0,624.71,0.0,,,0.0,0.0,0.0,0.0,0.0,0.0,0.0,0.0,0.0,0.0,0.0,0.0,0.0,0.0,0.0,0.0,0.0,0.0,0.0,0.0,0.0,0.0,0.0,,0.0,0.0,0.0,0.0,0.0,0.0,0.0,0.0,0.0,0.0,0.0,0.0
16,Statement 3,2.   Other Central Sector Expenditure,0.0,0.0,0.0,0.0,0.0,0.0,0.0,0.0,0.0,815.27,752.42,1567.69,2021-22,Expenditure Profile,897.24,639.5,1536.74,438.28,407.22,845.5,815.05,764.83,1579.88,0.0,,,0.0,0.0,0.0,0.0,0.0,0.0,0.0,0.0,0.0,0.0,0.0,0.0,0.0,0.0,0.0,0.0,0.0,0.0,0.0,0.0,0.0,0.0,0.0,,0.0,0.0,0.0,0.0,0.0,0.0,0.0,0.0,0.0,0.0,0.0,0.0
16,Statement 3,54. Ladakh,0.0,0.0,0.0,0.0,0.0,0.0,0.0,0.0,0.0,2331.72,3626.28,5958.0,2021-22,Expenditure Profile,0.0,0.0,0.0,2331.72,3626.28,5958.0,2331.64,3626.36,5958.0,0.0,,,0.0,0.0,0.0,0.0,0.0,0.0,0.0,0.0,0.0,0.0,0.0,0.0,0.0,0.0,0.0,0.0,0.0,0.0,0.0,0.0,0.0,0.0,0.0,,0.0,0.0,0.0,0.0,0.0,0.0,0.0,0.0,0.0,0.0,0.0,0.0
16,Statement 3,1.      Establishment Expenditure of the Centre,0.0,0.0,0.0,0.0,0.0,0.0,0.0,0.0,0.0,1880.5,0.0,1880.5,2021-22,Expenditure Profile,0.0,0.0,0.0,1737.92,0.0,1737.92,1736.08,0.0,1736.08,0.0,,,0.0,0.0,0.0,0.0,0.0,0.0,0.0,0.0,0.0,0.0,0.0,0.0,0.0,0.0,0.0,0.0,0.0,0.0,0.0,0.0,0.0,0.0,0.0,,0.0,0.0,0.0,0.0,0.0,0.0,0.0,0.0,0.0,0.0,0.0,0.0
16,Statement 3,2.   Other Central Sector Expenditure,0.0,0.0,0.0,0.0,0.0,0.0,0.0,0.0,0.0,451.22,3626.28,4077.5,2021-22,Expenditure Profile,0.0,0.0,0.0,593.8,3626.28,4220.08,595.56,3626.36,4221.92,0.0,,,0.0,0.0,0.0,0.0,0.0,0.0,0.0,0.0,0.0,0.0,0.0,0.0,0.0,0.0,0.0,0.0,0.0,0.0,0.0,0.0,0.0,0.0,0.0,,0.0,0.0,0.0,0.0,0.0,0.0,0.0,0.0,0.0,0.0,0.0,0.0
16,Statement 3,55. Lakshadweep,0.0,0.0,0.0,0.0,0.0,0.0,0.0,0.0,0.0,1148.34,201.37,1349.71,2021-22,Expenditure Profile,1129.69,167.61,1297.3,1148.34,201.37,1349.71,1211.71,228.85,1440.56,0.0,,,0.0,0.0,0.0,0.0,0.0,0.0,0.0,0.0,0.0,0.0,0.0,0.0,0.0,0.0,0.0,0.0,0.0,0.0,0.0,0.0,0.0,0.0,0.0,,0.0,0.0,0.0,0.0,0.0,0.0,0.0,0.0,0.0,0.0,0.0,0.0
16,Statement 3,1. Establishment Expenditure of the Centre,0.0,0.0,0.0,0.0,0.0,0.0,0.0,0.0,0.0,399.28,0.0,399.28,2021-22,Expenditure Profile,387.08,0.0,387.08,399.28,0.0,399.28,404.6,0.0,404.6,0.0,,,0.0,0.0,0.0,0.0,0.0,0.0,0.0,0.0,0.0,0.0,0.0,0.0,0.0,0.0,0.0,0.0,0.0,0.0,0.0,0.0,0.0,0.0,0.0,,0.0,0.0,0.0,0.0,0.0,0.0,0.0,0.0,0.0,0.0,0.0,0.0
16,Statement 3,2.   Other Central Sector Expenditure,0.0,0.0,0.0,0.0,0.0,0.0,0.0,0.0,0.0,749.06,201.37,950.43,2021-22,Expenditure Profile,742.61,167.61,910.22,749.06,201.37,950.43,807.11,228.85,1035.96,0.0,,,0.0,0.0,0.0,0.0,0.0,0.0,0.0,0.0,0.0,0.0,0.0,0.0,0.0,0.0,0.0,0.0,0.0,0.0,0.0,0.0,0.0,0.0,0.0,,0.0,0.0,0.0,0.0,0.0,0.0,0.0,0.0,0.0,0.0,0.0,0.0
16,Statement 3,56. Transfers to Delhi,0.0,0.0,0.0,0.0,0.0,0.0,0.0,0.0,0.0,966.0,150.0,1116.0,2021-22,Expenditure Profile,797.0,225.0,1022.0,1115.99,0.01,1116.0,957.5,0.01,957.51,0.0,,,0.0,0.0,0.0,0.0,0.0,0.0,0.0,0.0,0.0,0.0,0.0,0.0,0.0,0.0,0.0,0.0,0.0,0.0,0.0,0.0,0.0,0.0,0.0,,0.0,0.0,0.0,0.0,0.0,0.0,0.0,0.0,0.0,0.0,0.0,0.0
17,Statement 3,1.   Other Grants/Loans/Transfers,0.0,0.0,0.0,0.0,0.0,0.0,0.0,0.0,0.0,966.0,150.0,1116.0,2021-22,Expenditure Profile,797.0,225.0,1022.0,1115.99,0.01,1116.0,957.5,0.01,957.51,0.0,,,0.0,0.0,0.0,0.0,0.0,0.0,0.0,0.0,0.0,0.0,0.0,0.0,0.0,0.0,0.0,0.0,0.0,0.0,0.0,0.0,0.0,0.0,0.0,,0.0,0.0,0.0,0.0,0.0,0.0,0.0,0.0,0.0,0.0,0.0,0.0
17,Statement 3,57. Transfers to Jammu and Kashmir,0.0,0.0,0.0,0.0,0.0,0.0,0.0,0.0,0.0,30757.0,0.0,30757.0,2021-22,Expenditure Profile,0.0,0.0,0.0,30757.0,0.0,30757.0,30757.0,0.0,30757.0,0.0,,,0.0,0.0,0.0,0.0,0.0,0.0,0.0,0.0,0.0,0.0,0.0,0.0,0.0,0.0,0.0,0.0,0.0,0.0,0.0,0.0,0.0,0.0,0.0,,0.0,0.0,0.0,0.0,0.0,0.0,0.0,0.0,0.0,0.0,0.0,0.0
17,Statement 3,1. Other Grants/Loans/Transfers,0.0,0.0,0.0,0.0,0.0,0.0,0.0,0.0,0.0,30757.0,0.0,30757.0,2021-22,Expenditure Profile,0.0,0.0,0.0,30757.0,0.0,30757.0,30757.0,0.0,30757.0,0.0,,,0.0,0.0,0.0,0.0,0.0,0.0,0.0,0.0,0.0,0.0,0.0,0.0,0.0,0.0,0.0,0.0,0.0,0.0,0.0,0.0,0.0,0.0,0.0,,0.0,0.0,0.0,0.0,0.0,0.0,0.0,0.0,0.0,0.0,0.0,0.0
17,Statement 3,58. Transfers to Puducherry,0.0,0.0,0.0,0.0,0.0,0.0,0.0,0.0,0.0,1703.01,0.01,1703.02,2021-22,Expenditure Profile,1600.99,0.0,1600.99,1703.01,0.01,1703.02,1729.78,0.01,1729.79,0.0,,,0.0,0.0,0.0,0.0,0.0,0.0,0.0,0.0,0.0,0.0,0.0,0.0,0.0,0.0,0.0,0.0,0.0,0.0,0.0,0.0,0.0,0.0,0.0,,0.0,0.0,0.0,0.0,0.0,0.0,0.0,0.0,0.0,0.0,0.0,0.0
17,Statement 3,1. Other Grants/Loans/Transfers,0.0,0.0,0.0,0.0,0.0,0.0,0.0,0.0,0.0,1703.01,0.01,1703.02,2021-22,Expenditure Profile,1600.99,0.0,1600.99,1703.01,0.01,1703.02,1729.78,0.01,1729.79,0.0,,,0.0,0.0,0.0,0.0,0.0,0.0,0.0,0.0,0.0,0.0,0.0,0.0,0.0,0.0,0.0,0.0,0.0,0.0,0.0,0.0,0.0,0.0,0.0,,0.0,0.0,0.0,0.0,0.0,0.0,0.0,0.0,0.0,0.0,0.0,0.0
17,Statement 3,59. Ministry of Housing and Urban Affairs,0.0,0.0,0.0,0.0,0.0,0.0,0.0,0.0,0.0,28890.89,21149.01,50039.9,2021-22,Expenditure Profile,22749.37,19304.99,42054.36,36481.57,10309.42,46790.99,28821.99,25759.01,54581.0,0.0,,,0.0,0.0,0.0,0.0,0.0,0.0,0.0,0.0,0.0,0.0,0.0,0.0,0.0,0.0,0.0,0.0,0.0,0.0,0.0,0.0,0.0,0.0,0.0,,0.0,0.0,0.0,0.0,0.0,0.0,0.0,0.0,0.0,0.0,0.0,0.0
17,Statement 3,1. Central Sector Schemes/Projects,0.0,0.0,0.0,0.0,0.0,0.0,0.0,0.0,0.0,629.0,20859.01,21488.01,2021-22,Expenditure Profile,2815.04,19304.99,22120.03,695.65,10162.42,10858.07,540.01,25634.01,26174.02,0.0,,,0.0,0.0,0.0,0.0,0.0,0.0,0.0,0.0,0.0,0.0,0.0,0.0,0.0,0.0,0.0,0.0,0.0,0.0,0.0,0.0,0.0,0.0,0.0,,0.0,0.0,0.0,0.0,0.0,0.0,0.0,0.0,0.0,0.0,0.0,0.0
17,Statement 3,2.   Centrally Sponsored Schemes,0.0,0.0,0.0,0.0,0.0,0.0,0.0,0.0,0.0,24845.0,0.0,24845.0,2021-22,Expenditure Profile,18433.13,0.0,18433.13,32645.0,0.0,32645.0,24845.0,0.0,24845.0,0.0,,,0.0,0.0,0.0,0.0,0.0,0.0,0.0,0.0,0.0,0.0,0.0,0.0,0.0,0.0,0.0,0.0,0.0,0.0,0.0,0.0,0.0,0.0,0.0,,0.0,0.0,0.0,0.0,0.0,0.0,0.0,0.0,0.0,0.0,0.0,0.0
17,Statement 3,3.   Establishment Expenditure of the Centre,0.0,0.0,0.0,0.0,0.0,0.0,0.0,0.0,0.0,3340.35,0.0,3340.35,2021-22,Expenditure Profile,1417.31,0.0,1417.31,3108.55,0.0,3108.55,3370.47,0.0,3370.47,0.0,,,0.0,0.0,0.0,0.0,0.0,0.0,0.0,0.0,0.0,0.0,0.0,0.0,0.0,0.0,0.0,0.0,0.0,0.0,0.0,0.0,0.0,0.0,0.0,,0.0,0.0,0.0,0.0,0.0,0.0,0.0,0.0,0.0,0.0,0.0,0.0
17,Statement 3,4.   Other Central Sector Expenditure,0.0,0.0,0.0,0.0,0.0,0.0,0.0,0.0,0.0,76.54,290.0,366.54,2021-22,Expenditure Profile,83.89,0.0,83.89,32.37,147.0,179.37,66.51,125.0,191.51,0.0,,,0.0,0.0,0.0,0.0,0.0,0.0,0.0,0.0,0.0,0.0,0.0,0.0,0.0,0.0,0.0,0.0,0.0,0.0,0.0,0.0,0.0,0.0,0.0,,0.0,0.0,0.0,0.0,0.0,0.0,0.0,0.0,0.0,0.0,0.0,0.0
17,Statement 3,60. Ministry of Information and Broadcasting,0.0,0.0,0.0,0.0,0.0,0.0,0.0,0.0,0.0,4361.65,13.56,4375.21,2021-22,Expenditure Profile,4024.53,4.29,4028.82,3643.85,6.4,3650.25,4058.61,12.62,4071.23,0.0,,,0.0,0.0,0.0,0.0,0.0,0.0,0.0,0.0,0.0,0.0,0.0,0.0,0.0,0.0,0.0,0.0,0.0,0.0,0.0,0.0,0.0,0.0,0.0,,0.0,0.0,0.0,0.0,0.0,0.0,0.0,0.0,0.0,0.0,0.0,0.0
17,Statement 3,1. Central Sector Schemes/Projects,0.0,0.0,0.0,0.0,0.0,0.0,0.0,0.0,0.0,726.44,13.56,740.0,2021-22,Expenditure Profile,603.14,4.29,607.43,340.33,6.4,346.73,619.43,12.62,632.05,0.0,,,0.0,0.0,0.0,0.0,0.0,0.0,0.0,0.0,0.0,0.0,0.0,0.0,0.0,0.0,0.0,0.0,0.0,0.0,0.0,0.0,0.0,0.0,0.0,,0.0,0.0,0.0,0.0,0.0,0.0,0.0,0.0,0.0,0.0,0.0,0.0
17,Statement 3,2.   Establishment Expenditure of the Centre,0.0,0.0,0.0,0.0,0.0,0.0,0.0,0.0,0.0,554.8,0.0,554.8,2021-22,Expenditure Profile,447.35,0.0,447.35,441.82,0.0,441.82,563.77,0.0,563.77,0.0,,,0.0,0.0,0.0,0.0,0.0,0.0,0.0,0.0,0.0,0.0,0.0,0.0,0.0,0.0,0.0,0.0,0.0,0.0,0.0,0.0,0.0,0.0,0.0,,0.0,0.0,0.0,0.0,0.0,0.0,0.0,0.0,0.0,0.0,0.0,0.0
17,Statement 3,3.   Other Central Sector Expenditure,0.0,0.0,0.0,0.0,0.0,0.0,0.0,0.0,0.0,3080.41,0.0,3080.41,2021-22,Expenditure Profile,2974.04,0.0,2974.04,2861.7,0.0,2861.7,2875.41,0.0,2875.41,0.0,,,0.0,0.0,0.0,0.0,0.0,0.0,0.0,0.0,0.0,0.0,0.0,0.0,0.0,0.0,0.0,0.0,0.0,0.0,0.0,0.0,0.0,0.0,0.0,,0.0,0.0,0.0,0.0,0.0,0.0,0.0,0.0,0.0,0.0,0.0,0.0
17,Statement 3,"61. Department of Water Resources, River Development and",0.0,0.0,0.0,0.0,0.0,0.0,0.0,0.0,0.0,8574.37,386.02,8960.39,2021-22,Expenditure Profile,7109.21,309.39,7418.6,7124.0,138.09,7262.09,8700.8,321.77,9022.57,0.0,,,0.0,0.0,0.0,0.0,0.0,0.0,0.0,0.0,0.0,0.0,0.0,0.0,0.0,0.0,0.0,0.0,0.0,0.0,0.0,0.0,0.0,0.0,0.0,,0.0,0.0,0.0,0.0,0.0,0.0,0.0,0.0,0.0,0.0,0.0,0.0
17,Statement 3,1. Central Sector Schemes/Projects,0.0,0.0,0.0,0.0,0.0,0.0,0.0,0.0,0.0,2363.05,382.98,2746.03,2021-22,Expenditure Profile,2121.76,307.37,2429.13,1830.43,135.96,1966.39,2138.26,317.76,2456.02,0.0,,,0.0,0.0,0.0,0.0,0.0,0.0,0.0,0.0,0.0,0.0,0.0,0.0,0.0,0.0,0.0,0.0,0.0,0.0,0.0,0.0,0.0,0.0,0.0,,0.0,0.0,0.0,0.0,0.0,0.0,0.0,0.0,0.0,0.0,0.0,0.0
17,Statement 3,2.   Centrally Sponsored Schemes,0.0,0.0,0.0,0.0,0.0,0.0,0.0,0.0,0.0,5344.69,1.82,5346.51,2021-22,Expenditure Profile,4168.08,0.42,4168.5,4489.71,1.25,4490.96,5685.67,2.82,5688.49,0.0,,,0.0,0.0,0.0,0.0,0.0,0.0,0.0,0.0,0.0,0.0,0.0,0.0,0.0,0.0,0.0,0.0,0.0,0.0,0.0,0.0,0.0,0.0,0.0,,0.0,0.0,0.0,0.0,0.0,0.0,0.0,0.0,0.0,0.0,0.0,0.0
17,Statement 3,3.   Establishment Expenditure of the Centre,0.0,0.0,0.0,0.0,0.0,0.0,0.0,0.0,0.0,866.63,1.22,867.85,2021-22,Expenditure Profile,819.37,1.6,820.97,803.86,0.88,804.74,876.87,1.19,878.06,0.0,,,0.0,0.0,0.0,0.0,0.0,0.0,0.0,0.0,0.0,0.0,0.0,0.0,0.0,0.0,0.0,0.0,0.0,0.0,0.0,0.0,0.0,0.0,0.0,,0.0,0.0,0.0,0.0,0.0,0.0,0.0,0.0,0.0,0.0,0.0,0.0
17,Statement 3,62. Department of Drinking Water and Sanitation,0.0,0.0,0.0,0.0,0.0,0.0,0.0,0.0,0.0,21518.1,0.0,21518.1,2021-22,Expenditure Profile,18264.26,0.0,18264.26,17023.5,0.0,17023.5,60030.45,0.0,60030.45,0.0,,,0.0,0.0,0.0,0.0,0.0,0.0,0.0,0.0,0.0,0.0,0.0,0.0,0.0,0.0,0.0,0.0,0.0,0.0,0.0,0.0,0.0,0.0,0.0,,0.0,0.0,0.0,0.0,0.0,0.0,0.0,0.0,0.0,0.0,0.0,0.0
17,Statement 3,1. Centrally Sponsored Schemes,0.0,0.0,0.0,0.0,0.0,0.0,0.0,0.0,0.0,21494.1,0.0,21494.1,2021-22,Expenditure Profile,18243.45,0.0,18243.45,17000.0,0.0,17000.0,60005.1,0.0,60005.1,0.0,,,0.0,0.0,0.0,0.0,0.0,0.0,0.0,0.0,0.0,0.0,0.0,0.0,0.0,0.0,0.0,0.0,0.0,0.0,0.0,0.0,0.0,0.0,0.0,,0.0,0.0,0.0,0.0,0.0,0.0,0.0,0.0,0.0,0.0,0.0,0.0
17,Statement 3,2.   Establishment Expenditure of the Centre,0.0,0.0,0.0,0.0,0.0,0.0,0.0,0.0,0.0,24.0,0.0,24.0,2021-22,Expenditure Profile,20.81,0.0,20.81,23.5,0.0,23.5,25.35,0.0,25.35,0.0,,,0.0,0.0,0.0,0.0,0.0,0.0,0.0,0.0,0.0,0.0,0.0,0.0,0.0,0.0,0.0,0.0,0.0,0.0,0.0,0.0,0.0,0.0,0.0,,0.0,0.0,0.0,0.0,0.0,0.0,0.0,0.0,0.0,0.0,0.0,0.0
17,Statement 3,63. Ministry of Labour and Employment,0.0,0.0,0.0,0.0,0.0,0.0,0.0,0.0,0.0,12021.49,44.0,12065.49,2021-22,Expenditure Profile,10053.13,30.62,10083.75,13690.06,29.5,13719.56,13269.37,37.13,13306.5,0.0,,,0.0,0.0,0.0,0.0,0.0,0.0,0.0,0.0,0.0,0.0,0.0,0.0,0.0,0.0,0.0,0.0,0.0,0.0,0.0,0.0,0.0,0.0,0.0,,0.0,0.0,0.0,0.0,0.0,0.0,0.0,0.0,0.0,0.0,0.0,0.0
17,Statement 3,1. Central Sector Schemes/Projects,0.0,0.0,0.0,0.0,0.0,0.0,0.0,0.0,0.0,8724.1,1.0,8725.1,2021-22,Expenditure Profile,6074.35,20.33,6094.68,11669.9,0.2,11670.1,11673.6,0.5,11674.1,0.0,,,0.0,0.0,0.0,0.0,0.0,0.0,0.0,0.0,0.0,0.0,0.0,0.0,0.0,0.0,0.0,0.0,0.0,0.0,0.0,0.0,0.0,0.0,0.0,,0.0,0.0,0.0,0.0,0.0,0.0,0.0,0.0,0.0,0.0,0.0,0.0
17,Statement 3,2.   Centrally Sponsored Schemes,0.0,0.0,0.0,0.0,0.0,0.0,0.0,0.0,0.0,2646.29,0.1,2646.39,2021-22,Expenditure Profile,3485.77,10.09,3495.86,1424.35,0.08,1424.43,976.8,0.1,976.9,0.0,,,0.0,0.0,0.0,0.0,0.0,0.0,0.0,0.0,0.0,0.0,0.0,0.0,0.0,0.0,0.0,0.0,0.0,0.0,0.0,0.0,0.0,0.0,0.0,,0.0,0.0,0.0,0.0,0.0,0.0,0.0,0.0,0.0,0.0,0.0,0.0
17,Statement 3,3.   Establishment Expenditure of the Centre,0.0,0.0,0.0,0.0,0.0,0.0,0.0,0.0,0.0,551.1,42.9,594.0,2021-22,Expenditure Profile,369.21,0.2,369.41,497.78,29.22,527.0,513.97,36.53,550.5,0.0,,,0.0,0.0,0.0,0.0,0.0,0.0,0.0,0.0,0.0,0.0,0.0,0.0,0.0,0.0,0.0,0.0,0.0,0.0,0.0,0.0,0.0,0.0,0.0,,0.0,0.0,0.0,0.0,0.0,0.0,0.0,0.0,0.0,0.0,0.0,0.0
17,Statement 3,4.   Other Central Sector Expenditure,0.0,0.0,0.0,0.0,0.0,0.0,0.0,0.0,0.0,100.0,0.0,100.0,2021-22,Expenditure Profile,123.8,0.0,123.8,98.03,0.0,98.03,105.0,0.0,105.0,0.0,,,0.0,0.0,0.0,0.0,0.0,0.0,0.0,0.0,0.0,0.0,0.0,0.0,0.0,0.0,0.0,0.0,0.0,0.0,0.0,0.0,0.0,0.0,0.0,,0.0,0.0,0.0,0.0,0.0,0.0,0.0,0.0,0.0,0.0,0.0,0.0
17,Statement 3,64. Law and Justice,0.0,0.0,0.0,0.0,0.0,0.0,0.0,0.0,0.0,2000.0,200.0,2200.0,2021-22,Expenditure Profile,3031.71,49.62,3081.33,1322.46,286.0,1608.46,1545.82,1100.0,2645.82,0.0,,,0.0,0.0,0.0,0.0,0.0,0.0,0.0,0.0,0.0,0.0,0.0,0.0,0.0,0.0,0.0,0.0,0.0,0.0,0.0,0.0,0.0,0.0,0.0,,0.0,0.0,0.0,0.0,0.0,0.0,0.0,0.0,0.0,0.0,0.0,0.0
17,Statement 3,1. Central Sector Schemes/Projects,0.0,0.0,0.0,0.0,0.0,0.0,0.0,0.0,0.0,285.73,0.0,285.73,2021-22,Expenditure Profile,209.42,0.0,209.42,215.0,0.0,215.0,138.82,0.0,138.82,0.0,,,0.0,0.0,0.0,0.0,0.0,0.0,0.0,0.0,0.0,0.0,0.0,0.0,0.0,0.0,0.0,0.0,0.0,0.0,0.0,0.0,0.0,0.0,0.0,,0.0,0.0,0.0,0.0,0.0,0.0,0.0,0.0,0.0,0.0,0.0,0.0
17,Statement 3,2.   Centrally Sponsored Schemes,0.0,0.0,0.0,0.0,0.0,0.0,0.0,0.0,0.0,762.0,0.0,762.0,2021-22,Expenditure Profile,990.0,0.0,990.0,599.0,0.0,599.0,784.0,0.0,784.0,0.0,,,0.0,0.0,0.0,0.0,0.0,0.0,0.0,0.0,0.0,0.0,0.0,0.0,0.0,0.0,0.0,0.0,0.0,0.0,0.0,0.0,0.0,0.0,0.0,,0.0,0.0,0.0,0.0,0.0,0.0,0.0,0.0,0.0,0.0,0.0,0.0
18,Statement 3,3.   Establishment Expenditure of the Centre,0.0,0.0,0.0,0.0,0.0,0.0,0.0,0.0,0.0,348.27,50.0,398.27,2021-22,Expenditure Profile,298.81,24.65,323.46,319.71,136.0,455.71,337.2,100.0,437.2,0.0,,,0.0,0.0,0.0,0.0,0.0,0.0,0.0,0.0,0.0,0.0,0.0,0.0,0.0,0.0,0.0,0.0,0.0,0.0,0.0,0.0,0.0,0.0,0.0,,0.0,0.0,0.0,0.0,0.0,0.0,0.0,0.0,0.0,0.0,0.0,0.0
18,Statement 3,4.   Other Central Sector Expenditure,0.0,0.0,0.0,0.0,0.0,0.0,0.0,0.0,0.0,117.0,0.0,117.0,2021-22,Expenditure Profile,155.0,0.0,155.0,115.25,0.0,115.25,116.5,0.0,116.5,0.0,,,0.0,0.0,0.0,0.0,0.0,0.0,0.0,0.0,0.0,0.0,0.0,0.0,0.0,0.0,0.0,0.0,0.0,0.0,0.0,0.0,0.0,0.0,0.0,,0.0,0.0,0.0,0.0,0.0,0.0,0.0,0.0,0.0,0.0,0.0,0.0
18,Statement 3,5.   Other Grants/Loans/Transfers,0.0,0.0,0.0,0.0,0.0,0.0,0.0,0.0,0.0,487.0,150.0,637.0,2021-22,Expenditure Profile,1378.48,24.97,1403.45,73.5,150.0,223.5,169.3,1000.0,1169.3,0.0,,,0.0,0.0,0.0,0.0,0.0,0.0,0.0,0.0,0.0,0.0,0.0,0.0,0.0,0.0,0.0,0.0,0.0,0.0,0.0,0.0,0.0,0.0,0.0,,0.0,0.0,0.0,0.0,0.0,0.0,0.0,0.0,0.0,0.0,0.0,0.0
18,Statement 3,65. Election Commission,0.0,0.0,0.0,0.0,0.0,0.0,0.0,0.0,0.0,269.0,1.0,270.0,2021-22,Expenditure Profile,245.91,31.22,277.13,200.0,6.0,206.0,242.16,7.0,249.16,0.0,,,0.0,0.0,0.0,0.0,0.0,0.0,0.0,0.0,0.0,0.0,0.0,0.0,0.0,0.0,0.0,0.0,0.0,0.0,0.0,0.0,0.0,0.0,0.0,,0.0,0.0,0.0,0.0,0.0,0.0,0.0,0.0,0.0,0.0,0.0,0.0
18,Statement 3,1. Establishment Expenditure of the Centre,0.0,0.0,0.0,0.0,0.0,0.0,0.0,0.0,0.0,269.0,1.0,270.0,2021-22,Expenditure Profile,248.7,31.22,279.92,200.0,6.0,206.0,242.16,7.0,249.16,0.0,,,0.0,0.0,0.0,0.0,0.0,0.0,0.0,0.0,0.0,0.0,0.0,0.0,0.0,0.0,0.0,0.0,0.0,0.0,0.0,0.0,0.0,0.0,0.0,,0.0,0.0,0.0,0.0,0.0,0.0,0.0,0.0,0.0,0.0,0.0,0.0
18,Statement 3,2.   Other Central Sector Expenditure,0.0,0.0,0.0,0.0,0.0,0.0,0.0,0.0,0.0,0.0,0.0,0.0,2021-22,Expenditure Profile,-2.79,0.0,-2.79,0.0,0.0,0.0,0.0,0.0,0.0,0.0,,,0.0,0.0,0.0,0.0,0.0,0.0,0.0,0.0,0.0,0.0,0.0,0.0,0.0,0.0,0.0,0.0,0.0,0.0,0.0,0.0,0.0,0.0,0.0,,0.0,0.0,0.0,0.0,0.0,0.0,0.0,0.0,0.0,0.0,0.0,0.0
18,Statement 3,66. Supreme Court of India,0.0,0.0,0.0,0.0,0.0,0.0,0.0,0.0,0.0,308.61,0.0,308.61,2021-22,Expenditure Profile,296.55,0.0,296.55,328.0,0.0,328.0,334.96,0.0,334.96,0.0,,,0.0,0.0,0.0,0.0,0.0,0.0,0.0,0.0,0.0,0.0,0.0,0.0,0.0,0.0,0.0,0.0,0.0,0.0,0.0,0.0,0.0,0.0,0.0,,0.0,0.0,0.0,0.0,0.0,0.0,0.0,0.0,0.0,0.0,0.0,0.0
18,Statement 3,1. Establishment Expenditure of the Centre,0.0,0.0,0.0,0.0,0.0,0.0,0.0,0.0,0.0,308.61,0.0,308.61,2021-22,Expenditure Profile,296.55,0.0,296.55,328.0,0.0,328.0,334.96,0.0,334.96,0.0,,,0.0,0.0,0.0,0.0,0.0,0.0,0.0,0.0,0.0,0.0,0.0,0.0,0.0,0.0,0.0,0.0,0.0,0.0,0.0,0.0,0.0,0.0,0.0,,0.0,0.0,0.0,0.0,0.0,0.0,0.0,0.0,0.0,0.0,0.0,0.0
18,Statement 3,"67. Ministry of Micro, Small and Medium Enterprises",0.0,0.0,0.0,0.0,0.0,0.0,0.0,0.0,0.0,7513.2,59.0,7572.2,2021-22,Expenditure Profile,6682.5,15.13,6697.63,5474.22,190.0,5664.22,15329.65,370.0,15699.65,0.0,,,0.0,0.0,0.0,0.0,0.0,0.0,0.0,0.0,0.0,0.0,0.0,0.0,0.0,0.0,0.0,0.0,0.0,0.0,0.0,0.0,0.0,0.0,0.0,,0.0,0.0,0.0,0.0,0.0,0.0,0.0,0.0,0.0,0.0,0.0,0.0
18,Statement 3,1. Central Sector Schemes/Projects,0.0,0.0,0.0,0.0,0.0,0.0,0.0,0.0,0.0,7220.46,59.0,7279.46,2021-22,Expenditure Profile,6649.12,15.13,6664.25,5414.47,190.0,5604.47,15259.21,370.0,15629.21,0.0,,,0.0,0.0,0.0,0.0,0.0,0.0,0.0,0.0,0.0,0.0,0.0,0.0,0.0,0.0,0.0,0.0,0.0,0.0,0.0,0.0,0.0,0.0,0.0,,0.0,0.0,0.0,0.0,0.0,0.0,0.0,0.0,0.0,0.0,0.0,0.0
18,Statement 3,2.   Centrally Sponsored Schemes,0.0,0.0,0.0,0.0,0.0,0.0,0.0,0.0,0.0,235.89,0.0,235.89,2021-22,Expenditure Profile,0.0,0.0,0.0,0.04,0.0,0.04,0.04,0.0,0.04,0.0,,,0.0,0.0,0.0,0.0,0.0,0.0,0.0,0.0,0.0,0.0,0.0,0.0,0.0,0.0,0.0,0.0,0.0,0.0,0.0,0.0,0.0,0.0,0.0,,0.0,0.0,0.0,0.0,0.0,0.0,0.0,0.0,0.0,0.0,0.0,0.0
18,Statement 3,3.   Establishment Expenditure of the Centre,0.0,0.0,0.0,0.0,0.0,0.0,0.0,0.0,0.0,56.85,0.0,56.85,2021-22,Expenditure Profile,53.27,0.0,53.27,59.71,0.0,59.71,70.4,0.0,70.4,0.0,,,0.0,0.0,0.0,0.0,0.0,0.0,0.0,0.0,0.0,0.0,0.0,0.0,0.0,0.0,0.0,0.0,0.0,0.0,0.0,0.0,0.0,0.0,0.0,,0.0,0.0,0.0,0.0,0.0,0.0,0.0,0.0,0.0,0.0,0.0,0.0
18,Statement 3,4.   Other Central Sector Expenditure,0.0,0.0,0.0,0.0,0.0,0.0,0.0,0.0,0.0,0.0,0.0,0.0,2021-22,Expenditure Profile,-19.89,0.0,-19.89,0.0,0.0,0.0,0.0,0.0,0.0,0.0,,,0.0,0.0,0.0,0.0,0.0,0.0,0.0,0.0,0.0,0.0,0.0,0.0,0.0,0.0,0.0,0.0,0.0,0.0,0.0,0.0,0.0,0.0,0.0,,0.0,0.0,0.0,0.0,0.0,0.0,0.0,0.0,0.0,0.0,0.0,0.0
18,Statement 3,68. Ministry of Mines,0.0,0.0,0.0,0.0,0.0,0.0,0.0,0.0,0.0,1587.04,114.36,1701.4,2021-22,Expenditure Profile,1315.68,81.39,1397.07,1316.51,54.17,1370.68,1398.49,68.33,1466.82,0.0,,,0.0,0.0,0.0,0.0,0.0,0.0,0.0,0.0,0.0,0.0,0.0,0.0,0.0,0.0,0.0,0.0,0.0,0.0,0.0,0.0,0.0,0.0,0.0,,0.0,0.0,0.0,0.0,0.0,0.0,0.0,0.0,0.0,0.0,0.0,0.0
18,Statement 3,1. Establishment Expenditure of the Centre,0.0,0.0,0.0,0.0,0.0,0.0,0.0,0.0,0.0,854.83,0.0,854.83,2021-22,Expenditure Profile,812.81,0.0,812.81,752.86,0.0,752.86,804.52,0.0,804.52,0.0,,,0.0,0.0,0.0,0.0,0.0,0.0,0.0,0.0,0.0,0.0,0.0,0.0,0.0,0.0,0.0,0.0,0.0,0.0,0.0,0.0,0.0,0.0,0.0,,0.0,0.0,0.0,0.0,0.0,0.0,0.0,0.0,0.0,0.0,0.0,0.0
18,Statement 3,2.   Other Central Sector Expenditure,0.0,0.0,0.0,0.0,0.0,0.0,0.0,0.0,0.0,732.21,114.36,846.57,2021-22,Expenditure Profile,502.87,81.39,584.26,563.65,54.17,617.82,593.97,68.33,662.3,0.0,,,0.0,0.0,0.0,0.0,0.0,0.0,0.0,0.0,0.0,0.0,0.0,0.0,0.0,0.0,0.0,0.0,0.0,0.0,0.0,0.0,0.0,0.0,0.0,,0.0,0.0,0.0,0.0,0.0,0.0,0.0,0.0,0.0,0.0,0.0,0.0
18,Statement 3,69. Ministry of Minority Affairs,0.0,0.0,0.0,0.0,0.0,0.0,0.0,0.0,0.0,4868.98,160.02,5029.0,2021-22,Expenditure Profile,4271.65,160.0,4431.65,3894.98,110.02,4005.0,4657.75,153.02,4810.77,0.0,,,0.0,0.0,0.0,0.0,0.0,0.0,0.0,0.0,0.0,0.0,0.0,0.0,0.0,0.0,0.0,0.0,0.0,0.0,0.0,0.0,0.0,0.0,0.0,,0.0,0.0,0.0,0.0,0.0,0.0,0.0,0.0,0.0,0.0,0.0,0.0
18,Statement 3,1. Central Sector Schemes/Projects,0.0,0.0,0.0,0.0,0.0,0.0,0.0,0.0,0.0,3050.0,160.0,3210.0,2021-22,Expenditure Profile,2493.62,160.0,2653.62,2793.2,110.0,2903.2,2863.0,153.0,3016.0,0.0,,,0.0,0.0,0.0,0.0,0.0,0.0,0.0,0.0,0.0,0.0,0.0,0.0,0.0,0.0,0.0,0.0,0.0,0.0,0.0,0.0,0.0,0.0,0.0,,0.0,0.0,0.0,0.0,0.0,0.0,0.0,0.0,0.0,0.0,0.0,0.0
18,Statement 3,2.   Centrally Sponsored Schemes,0.0,0.0,0.0,0.0,0.0,0.0,0.0,0.0,0.0,1599.99,0.01,1600.0,2021-22,Expenditure Profile,1671.47,0.0,1671.47,971.37,0.01,971.38,1563.99,0.01,1564.0,0.0,,,0.0,0.0,0.0,0.0,0.0,0.0,0.0,0.0,0.0,0.0,0.0,0.0,0.0,0.0,0.0,0.0,0.0,0.0,0.0,0.0,0.0,0.0,0.0,,0.0,0.0,0.0,0.0,0.0,0.0,0.0,0.0,0.0,0.0,0.0,0.0
18,Statement 3,3.   Establishment Expenditure of the Centre,0.0,0.0,0.0,0.0,0.0,0.0,0.0,0.0,0.0,122.99,0.01,123.0,2021-22,Expenditure Profile,104.56,0.0,104.56,38.99,0.01,39.0,125.99,0.01,126.0,0.0,,,0.0,0.0,0.0,0.0,0.0,0.0,0.0,0.0,0.0,0.0,0.0,0.0,0.0,0.0,0.0,0.0,0.0,0.0,0.0,0.0,0.0,0.0,0.0,,0.0,0.0,0.0,0.0,0.0,0.0,0.0,0.0,0.0,0.0,0.0,0.0
18,Statement 3,4.   Other Central Sector Expenditure,0.0,0.0,0.0,0.0,0.0,0.0,0.0,0.0,0.0,96.0,0.0,96.0,2021-22,Expenditure Profile,2.0,0.0,2.0,91.42,0.0,91.42,104.77,0.0,104.77,0.0,,,0.0,0.0,0.0,0.0,0.0,0.0,0.0,0.0,0.0,0.0,0.0,0.0,0.0,0.0,0.0,0.0,0.0,0.0,0.0,0.0,0.0,0.0,0.0,,0.0,0.0,0.0,0.0,0.0,0.0,0.0,0.0,0.0,0.0,0.0,0.0
18,Statement 3,70. Ministry of New and Renewable Energy,0.0,0.0,0.0,0.0,0.0,0.0,0.0,0.0,0.0,5701.0,52.0,5753.0,2021-22,Expenditure Profile,3237.86,70.97,3308.83,3421.0,170.0,3591.0,5743.0,10.0,5753.0,0.0,,,0.0,0.0,0.0,0.0,0.0,0.0,0.0,0.0,0.0,0.0,0.0,0.0,0.0,0.0,0.0,0.0,0.0,0.0,0.0,0.0,0.0,0.0,0.0,,0.0,0.0,0.0,0.0,0.0,0.0,0.0,0.0,0.0,0.0,0.0,0.0
18,Statement 3,1. Central Sector Schemes/Projects,0.0,0.0,0.0,0.0,0.0,0.0,0.0,0.0,0.0,5646.5,0.0,5646.5,2021-22,Expenditure Profile,3417.39,0.0,3417.39,3343.21,0.0,3343.21,5645.28,0.0,5645.28,0.0,,,0.0,0.0,0.0,0.0,0.0,0.0,0.0,0.0,0.0,0.0,0.0,0.0,0.0,0.0,0.0,0.0,0.0,0.0,0.0,0.0,0.0,0.0,0.0,,0.0,0.0,0.0,0.0,0.0,0.0,0.0,0.0,0.0,0.0,0.0,0.0
18,Statement 3,2.   Establishment Expenditure of the Centre,0.0,0.0,0.0,0.0,0.0,0.0,0.0,0.0,0.0,46.5,52.0,98.5,2021-22,Expenditure Profile,37.04,70.97,108.01,45.44,170.0,215.44,49.05,10.0,59.05,0.0,,,0.0,0.0,0.0,0.0,0.0,0.0,0.0,0.0,0.0,0.0,0.0,0.0,0.0,0.0,0.0,0.0,0.0,0.0,0.0,0.0,0.0,0.0,0.0,,0.0,0.0,0.0,0.0,0.0,0.0,0.0,0.0,0.0,0.0,0.0,0.0
18,Statement 3,3.   Other Central Sector Expenditure,0.0,0.0,0.0,0.0,0.0,0.0,0.0,0.0,0.0,8.0,0.0,8.0,2021-22,Expenditure Profile,-216.57,0.0,-216.57,32.35,0.0,32.35,48.67,0.0,48.67,0.0,,,0.0,0.0,0.0,0.0,0.0,0.0,0.0,0.0,0.0,0.0,0.0,0.0,0.0,0.0,0.0,0.0,0.0,0.0,0.0,0.0,0.0,0.0,0.0,,0.0,0.0,0.0,0.0,0.0,0.0,0.0,0.0,0.0,0.0,0.0,0.0
18,Statement 3,71. Ministry of Panchayati Raj,0.0,0.0,0.0,0.0,0.0,0.0,0.0,0.0,0.0,900.94,0.0,900.94,2021-22,Expenditure Profile,498.27,0.0,498.27,690.0,0.0,690.0,913.43,0.0,913.43,0.0,,,0.0,0.0,0.0,0.0,0.0,0.0,0.0,0.0,0.0,0.0,0.0,0.0,0.0,0.0,0.0,0.0,0.0,0.0,0.0,0.0,0.0,0.0,0.0,,0.0,0.0,0.0,0.0,0.0,0.0,0.0,0.0,0.0,0.0,0.0,0.0
18,Statement 3,1. Central Sector Schemes/Projects,0.0,0.0,0.0,0.0,0.0,0.0,0.0,0.0,0.0,10.2,0.0,10.2,2021-22,Expenditure Profile,6.3,0.0,6.3,92.03,0.0,92.03,215.2,0.0,215.2,0.0,,,0.0,0.0,0.0,0.0,0.0,0.0,0.0,0.0,0.0,0.0,0.0,0.0,0.0,0.0,0.0,0.0,0.0,0.0,0.0,0.0,0.0,0.0,0.0,,0.0,0.0,0.0,0.0,0.0,0.0,0.0,0.0,0.0,0.0,0.0,0.0
18,Statement 3,2.   Centrally Sponsored Schemes,0.0,0.0,0.0,0.0,0.0,0.0,0.0,0.0,0.0,857.53,0.0,857.53,2021-22,Expenditure Profile,465.16,0.0,465.16,564.76,0.0,564.76,661.0,0.0,661.0,0.0,,,0.0,0.0,0.0,0.0,0.0,0.0,0.0,0.0,0.0,0.0,0.0,0.0,0.0,0.0,0.0,0.0,0.0,0.0,0.0,0.0,0.0,0.0,0.0,,0.0,0.0,0.0,0.0,0.0,0.0,0.0,0.0,0.0,0.0,0.0,0.0
18,Statement 3,3.   Establishment Expenditure of the Centre,0.0,0.0,0.0,0.0,0.0,0.0,0.0,0.0,0.0,33.21,0.0,33.21,2021-22,Expenditure Profile,26.81,0.0,26.81,33.21,0.0,33.21,37.23,0.0,37.23,0.0,,,0.0,0.0,0.0,0.0,0.0,0.0,0.0,0.0,0.0,0.0,0.0,0.0,0.0,0.0,0.0,0.0,0.0,0.0,0.0,0.0,0.0,0.0,0.0,,0.0,0.0,0.0,0.0,0.0,0.0,0.0,0.0,0.0,0.0,0.0,0.0
18,Statement 3,72. Ministry of Parliamentary Affairs,0.0,0.0,0.0,0.0,0.0,0.0,0.0,0.0,0.0,50.52,0.0,50.52,2021-22,Expenditure Profile,18.9,0.0,18.9,43.44,0.0,43.44,65.07,0.0,65.07,0.0,,,0.0,0.0,0.0,0.0,0.0,0.0,0.0,0.0,0.0,0.0,0.0,0.0,0.0,0.0,0.0,0.0,0.0,0.0,0.0,0.0,0.0,0.0,0.0,,0.0,0.0,0.0,0.0,0.0,0.0,0.0,0.0,0.0,0.0,0.0,0.0
19,Statement 3,1.   Establishment Expenditure of the Centre,0.0,0.0,0.0,0.0,0.0,0.0,0.0,0.0,0.0,50.52,0.0,50.52,2021-22,Expenditure Profile,18.9,0.0,18.9,43.44,0.0,43.44,65.07,0.0,65.07,0.0,,,0.0,0.0,0.0,0.0,0.0,0.0,0.0,0.0,0.0,0.0,0.0,0.0,0.0,0.0,0.0,0.0,0.0,0.0,0.0,0.0,0.0,0.0,0.0,,0.0,0.0,0.0,0.0,0.0,0.0,0.0,0.0,0.0,0.0,0.0,0.0
19,Statement 3,"73. Ministry of Personnel, Public Grievances and Pensions",0.0,0.0,0.0,0.0,0.0,0.0,0.0,0.0,0.0,1606.28,148.26,1754.54,2021-22,Expenditure Profile,1534.8,128.75,1663.55,1630.27,149.73,1780.0,1860.21,198.36,2058.57,0.0,,,0.0,0.0,0.0,0.0,0.0,0.0,0.0,0.0,0.0,0.0,0.0,0.0,0.0,0.0,0.0,0.0,0.0,0.0,0.0,0.0,0.0,0.0,0.0,,0.0,0.0,0.0,0.0,0.0,0.0,0.0,0.0,0.0,0.0,0.0,0.0
19,Statement 3,1. Central Sector Schemes/Projects,0.0,0.0,0.0,0.0,0.0,0.0,0.0,0.0,0.0,139.7,50.3,190.0,2021-22,Expenditure Profile,115.17,29.87,145.04,66.14,46.23,112.37,107.31,91.01,198.32,0.0,,,0.0,0.0,0.0,0.0,0.0,0.0,0.0,0.0,0.0,0.0,0.0,0.0,0.0,0.0,0.0,0.0,0.0,0.0,0.0,0.0,0.0,0.0,0.0,,0.0,0.0,0.0,0.0,0.0,0.0,0.0,0.0,0.0,0.0,0.0,0.0
19,Statement 3,2.   Establishment Expenditure of the Centre,0.0,0.0,0.0,0.0,0.0,0.0,0.0,0.0,0.0,1432.0,93.56,1525.56,2021-22,Expenditure Profile,1393.79,98.88,1492.67,1524.98,99.11,1624.09,1581.96,107.35,1689.31,0.0,,,0.0,0.0,0.0,0.0,0.0,0.0,0.0,0.0,0.0,0.0,0.0,0.0,0.0,0.0,0.0,0.0,0.0,0.0,0.0,0.0,0.0,0.0,0.0,,0.0,0.0,0.0,0.0,0.0,0.0,0.0,0.0,0.0,0.0,0.0,0.0
19,Statement 3,3.   Other Central Sector Expenditure,0.0,0.0,0.0,0.0,0.0,0.0,0.0,0.0,0.0,34.58,4.4,38.98,2021-22,Expenditure Profile,25.84,0.0,25.84,39.15,4.39,43.54,170.94,0.0,170.94,0.0,,,0.0,0.0,0.0,0.0,0.0,0.0,0.0,0.0,0.0,0.0,0.0,0.0,0.0,0.0,0.0,0.0,0.0,0.0,0.0,0.0,0.0,0.0,0.0,,0.0,0.0,0.0,0.0,0.0,0.0,0.0,0.0,0.0,0.0,0.0,0.0
19,Statement 3,74. Central Vigilance Commission,0.0,0.0,0.0,0.0,0.0,0.0,0.0,0.0,0.0,39.0,0.0,39.0,2021-22,Expenditure Profile,35.1,0.0,35.1,33.96,0.0,33.96,38.67,0.0,38.67,0.0,,,0.0,0.0,0.0,0.0,0.0,0.0,0.0,0.0,0.0,0.0,0.0,0.0,0.0,0.0,0.0,0.0,0.0,0.0,0.0,0.0,0.0,0.0,0.0,,0.0,0.0,0.0,0.0,0.0,0.0,0.0,0.0,0.0,0.0,0.0,0.0
19,Statement 3,1. Establishment Expenditure of the Centre,0.0,0.0,0.0,0.0,0.0,0.0,0.0,0.0,0.0,39.0,0.0,39.0,2021-22,Expenditure Profile,35.1,0.0,35.1,33.96,0.0,33.96,38.67,0.0,38.67,0.0,,,0.0,0.0,0.0,0.0,0.0,0.0,0.0,0.0,0.0,0.0,0.0,0.0,0.0,0.0,0.0,0.0,0.0,0.0,0.0,0.0,0.0,0.0,0.0,,0.0,0.0,0.0,0.0,0.0,0.0,0.0,0.0,0.0,0.0,0.0,0.0
19,Statement 3,75. Ministry of Petroleum and Natural Gas,0.0,0.0,0.0,0.0,0.0,0.0,0.0,0.0,0.0,41994.0,907.0,42901.0,2021-22,Expenditure Profile,42240.61,571.59,42812.2,40287.99,2613.01,42901.0,15516.78,427.0,15943.78,0.0,,,0.0,0.0,0.0,0.0,0.0,0.0,0.0,0.0,0.0,0.0,0.0,0.0,0.0,0.0,0.0,0.0,0.0,0.0,0.0,0.0,0.0,0.0,0.0,,0.0,0.0,0.0,0.0,0.0,0.0,0.0,0.0,0.0,0.0,0.0,0.0
19,Statement 3,1. Central Sector Schemes/Projects,0.0,0.0,0.0,0.0,0.0,0.0,0.0,0.0,0.0,41895.44,907.0,42802.44,2021-22,Expenditure Profile,42163.2,529.54,42692.74,40196.07,2613.01,42809.08,15268.0,427.0,15695.0,0.0,,,0.0,0.0,0.0,0.0,0.0,0.0,0.0,0.0,0.0,0.0,0.0,0.0,0.0,0.0,0.0,0.0,0.0,0.0,0.0,0.0,0.0,0.0,0.0,,0.0,0.0,0.0,0.0,0.0,0.0,0.0,0.0,0.0,0.0,0.0,0.0
19,Statement 3,2.   Establishment Expenditure of the Centre,0.0,0.0,0.0,0.0,0.0,0.0,0.0,0.0,0.0,38.37,0.0,38.37,2021-22,Expenditure Profile,34.42,0.0,34.42,40.07,0.0,40.07,45.41,0.0,45.41,0.0,,,0.0,0.0,0.0,0.0,0.0,0.0,0.0,0.0,0.0,0.0,0.0,0.0,0.0,0.0,0.0,0.0,0.0,0.0,0.0,0.0,0.0,0.0,0.0,,0.0,0.0,0.0,0.0,0.0,0.0,0.0,0.0,0.0,0.0,0.0,0.0
19,Statement 3,3.   Other Central Sector Expenditure,0.0,0.0,0.0,0.0,0.0,0.0,0.0,0.0,0.0,60.19,0.0,60.19,2021-22,Expenditure Profile,42.99,42.05,85.04,51.85,0.0,51.85,203.37,0.0,203.37,0.0,,,0.0,0.0,0.0,0.0,0.0,0.0,0.0,0.0,0.0,0.0,0.0,0.0,0.0,0.0,0.0,0.0,0.0,0.0,0.0,0.0,0.0,0.0,0.0,,0.0,0.0,0.0,0.0,0.0,0.0,0.0,0.0,0.0,0.0,0.0,0.0
19,Statement 3,76. Ministry of Planning,0.0,0.0,0.0,0.0,0.0,0.0,0.0,0.0,0.0,649.22,0.78,650.0,2021-22,Expenditure Profile,568.98,0.0,568.98,769.22,0.78,770.0,1061.99,0.78,1062.77,0.0,,,0.0,0.0,0.0,0.0,0.0,0.0,0.0,0.0,0.0,0.0,0.0,0.0,0.0,0.0,0.0,0.0,0.0,0.0,0.0,0.0,0.0,0.0,0.0,,0.0,0.0,0.0,0.0,0.0,0.0,0.0,0.0,0.0,0.0,0.0,0.0
19,Statement 3,1. Central Sector Schemes/Projects,0.0,0.0,0.0,0.0,0.0,0.0,0.0,0.0,0.0,547.0,0.78,547.78,2021-22,Expenditure Profile,474.43,0.0,474.43,666.5,0.78,667.28,954.22,0.78,955.0,0.0,,,0.0,0.0,0.0,0.0,0.0,0.0,0.0,0.0,0.0,0.0,0.0,0.0,0.0,0.0,0.0,0.0,0.0,0.0,0.0,0.0,0.0,0.0,0.0,,0.0,0.0,0.0,0.0,0.0,0.0,0.0,0.0,0.0,0.0,0.0,0.0
19,Statement 3,2.   Establishment Expenditure of the Centre,0.0,0.0,0.0,0.0,0.0,0.0,0.0,0.0,0.0,93.22,0.0,93.22,2021-22,Expenditure Profile,88.17,0.0,88.17,93.22,0.0,93.22,98.1,0.0,98.1,0.0,,,0.0,0.0,0.0,0.0,0.0,0.0,0.0,0.0,0.0,0.0,0.0,0.0,0.0,0.0,0.0,0.0,0.0,0.0,0.0,0.0,0.0,0.0,0.0,,0.0,0.0,0.0,0.0,0.0,0.0,0.0,0.0,0.0,0.0,0.0,0.0
19,Statement 3,3.   Other Central Sector Expenditure,0.0,0.0,0.0,0.0,0.0,0.0,0.0,0.0,0.0,9.0,0.0,9.0,2021-22,Expenditure Profile,6.38,0.0,6.38,9.5,0.0,9.5,9.67,0.0,9.67,0.0,,,0.0,0.0,0.0,0.0,0.0,0.0,0.0,0.0,0.0,0.0,0.0,0.0,0.0,0.0,0.0,0.0,0.0,0.0,0.0,0.0,0.0,0.0,0.0,,0.0,0.0,0.0,0.0,0.0,0.0,0.0,0.0,0.0,0.0,0.0,0.0
19,Statement 3,"77. Ministry of Ports, Shipping and Waterways",0.0,0.0,0.0,0.0,0.0,0.0,0.0,0.0,0.0,1715.0,85.0,1800.0,2021-22,Expenditure Profile,1310.24,258.84,1569.08,1263.65,170.0,1433.65,1519.35,183.0,1702.35,0.0,,,0.0,0.0,0.0,0.0,0.0,0.0,0.0,0.0,0.0,0.0,0.0,0.0,0.0,0.0,0.0,0.0,0.0,0.0,0.0,0.0,0.0,0.0,0.0,,0.0,0.0,0.0,0.0,0.0,0.0,0.0,0.0,0.0,0.0,0.0,0.0
19,Statement 3,1. Central Sector Schemes/Projects,0.0,0.0,0.0,0.0,0.0,0.0,0.0,0.0,0.0,1194.8,75.0,1269.8,2021-22,Expenditure Profile,896.83,241.71,1138.54,885.2,160.0,1045.2,1102.5,158.0,1260.5,0.0,,,0.0,0.0,0.0,0.0,0.0,0.0,0.0,0.0,0.0,0.0,0.0,0.0,0.0,0.0,0.0,0.0,0.0,0.0,0.0,0.0,0.0,0.0,0.0,,0.0,0.0,0.0,0.0,0.0,0.0,0.0,0.0,0.0,0.0,0.0,0.0
19,Statement 3,2.   Establishment Expenditure of the Centre,0.0,0.0,0.0,0.0,0.0,0.0,0.0,0.0,0.0,74.0,0.0,74.0,2021-22,Expenditure Profile,54.16,0.0,54.16,68.61,0.0,68.61,77.0,0.0,77.0,0.0,,,0.0,0.0,0.0,0.0,0.0,0.0,0.0,0.0,0.0,0.0,0.0,0.0,0.0,0.0,0.0,0.0,0.0,0.0,0.0,0.0,0.0,0.0,0.0,,0.0,0.0,0.0,0.0,0.0,0.0,0.0,0.0,0.0,0.0,0.0,0.0
19,Statement 3,3.   Other Central Sector Expenditure,0.0,0.0,0.0,0.0,0.0,0.0,0.0,0.0,0.0,446.2,10.0,456.2,2021-22,Expenditure Profile,359.25,17.13,376.38,309.84,10.0,319.84,339.85,25.0,364.85,0.0,,,0.0,0.0,0.0,0.0,0.0,0.0,0.0,0.0,0.0,0.0,0.0,0.0,0.0,0.0,0.0,0.0,0.0,0.0,0.0,0.0,0.0,0.0,0.0,,0.0,0.0,0.0,0.0,0.0,0.0,0.0,0.0,0.0,0.0,0.0,0.0
19,Statement 3,78. Ministry of Power,0.0,0.0,0.0,0.0,0.0,0.0,0.0,0.0,0.0,14792.54,1082.28,15874.82,2021-22,Expenditure Profile,13706.82,1615.06,15321.88,10451.13,384.0,10835.13,13757.03,1564.97,15322.0,0.0,,,0.0,0.0,0.0,0.0,0.0,0.0,0.0,0.0,0.0,0.0,0.0,0.0,0.0,0.0,0.0,0.0,0.0,0.0,0.0,0.0,0.0,0.0,0.0,,0.0,0.0,0.0,0.0,0.0,0.0,0.0,0.0,0.0,0.0,0.0,0.0
19,Statement 3,1. Central Sector Schemes/Projects,0.0,0.0,0.0,0.0,0.0,0.0,0.0,0.0,0.0,11394.16,933.0,12327.16,2021-22,Expenditure Profile,10911.34,1039.42,11950.76,7362.12,318.67,7680.79,9444.17,1564.95,11009.12,0.0,,,0.0,0.0,0.0,0.0,0.0,0.0,0.0,0.0,0.0,0.0,0.0,0.0,0.0,0.0,0.0,0.0,0.0,0.0,0.0,0.0,0.0,0.0,0.0,,0.0,0.0,0.0,0.0,0.0,0.0,0.0,0.0,0.0,0.0,0.0,0.0
19,Statement 3,2.   Establishment Expenditure of the Centre,0.0,0.0,0.0,0.0,0.0,0.0,0.0,0.0,0.0,209.28,0.0,209.28,2021-22,Expenditure Profile,185.52,0.0,185.52,211.37,0.0,211.37,226.6,0.0,226.6,0.0,,,0.0,0.0,0.0,0.0,0.0,0.0,0.0,0.0,0.0,0.0,0.0,0.0,0.0,0.0,0.0,0.0,0.0,0.0,0.0,0.0,0.0,0.0,0.0,,0.0,0.0,0.0,0.0,0.0,0.0,0.0,0.0,0.0,0.0,0.0,0.0
19,Statement 3,3.   Other Central Sector Expenditure,0.0,0.0,0.0,0.0,0.0,0.0,0.0,0.0,0.0,3189.1,149.28,3338.38,2021-22,Expenditure Profile,2609.96,575.64,3185.6,2877.64,65.33,2942.97,4086.26,0.02,4086.28,0.0,,,0.0,0.0,0.0,0.0,0.0,0.0,0.0,0.0,0.0,0.0,0.0,0.0,0.0,0.0,0.0,0.0,0.0,0.0,0.0,0.0,0.0,0.0,0.0,,0.0,0.0,0.0,0.0,0.0,0.0,0.0,0.0,0.0,0.0,0.0,0.0
19,Statement 3,"79. Staff, Household and Allowances of the President",0.0,0.0,0.0,0.0,0.0,0.0,0.0,0.0,0.0,80.98,0.0,80.98,2021-22,Expenditure Profile,69.19,0.0,69.19,69.78,0.0,69.78,74.47,0.0,74.47,0.0,,,0.0,0.0,0.0,0.0,0.0,0.0,0.0,0.0,0.0,0.0,0.0,0.0,0.0,0.0,0.0,0.0,0.0,0.0,0.0,0.0,0.0,0.0,0.0,,0.0,0.0,0.0,0.0,0.0,0.0,0.0,0.0,0.0,0.0,0.0,0.0
19,Statement 3,1. Establishment Expenditure of the Centre,0.0,0.0,0.0,0.0,0.0,0.0,0.0,0.0,0.0,80.98,0.0,80.98,2021-22,Expenditure Profile,69.19,0.0,69.19,69.78,0.0,69.78,74.47,0.0,74.47,0.0,,,0.0,0.0,0.0,0.0,0.0,0.0,0.0,0.0,0.0,0.0,0.0,0.0,0.0,0.0,0.0,0.0,0.0,0.0,0.0,0.0,0.0,0.0,0.0,,0.0,0.0,0.0,0.0,0.0,0.0,0.0,0.0,0.0,0.0,0.0,0.0
19,Statement 3,80. Lok Sabha,0.0,0.0,0.0,0.0,0.0,0.0,0.0,0.0,0.0,811.1,0.0,811.1,2021-22,Expenditure Profile,650.05,0.0,650.05,703.1,0.0,703.1,855.0,0.0,855.0,0.0,,,0.0,0.0,0.0,0.0,0.0,0.0,0.0,0.0,0.0,0.0,0.0,0.0,0.0,0.0,0.0,0.0,0.0,0.0,0.0,0.0,0.0,0.0,0.0,,0.0,0.0,0.0,0.0,0.0,0.0,0.0,0.0,0.0,0.0,0.0,0.0
19,Statement 3,1. Establishment Expenditure of the Centre,0.0,0.0,0.0,0.0,0.0,0.0,0.0,0.0,0.0,811.1,0.0,811.1,2021-22,Expenditure Profile,650.05,0.0,650.05,703.1,0.0,703.1,855.0,0.0,855.0,0.0,,,0.0,0.0,0.0,0.0,0.0,0.0,0.0,0.0,0.0,0.0,0.0,0.0,0.0,0.0,0.0,0.0,0.0,0.0,0.0,0.0,0.0,0.0,0.0,,0.0,0.0,0.0,0.0,0.0,0.0,0.0,0.0,0.0,0.0,0.0,0.0
19,Statement 3,81. Rajya Sabha,0.0,0.0,0.0,0.0,0.0,0.0,0.0,0.0,0.0,436.29,0.0,436.29,2021-22,Expenditure Profile,386.09,0.0,386.09,361.41,0.0,361.41,446.5,0.0,446.5,0.0,,,0.0,0.0,0.0,0.0,0.0,0.0,0.0,0.0,0.0,0.0,0.0,0.0,0.0,0.0,0.0,0.0,0.0,0.0,0.0,0.0,0.0,0.0,0.0,,0.0,0.0,0.0,0.0,0.0,0.0,0.0,0.0,0.0,0.0,0.0,0.0
19,Statement 3,1. Establishment Expenditure of the Centre,0.0,0.0,0.0,0.0,0.0,0.0,0.0,0.0,0.0,436.29,0.0,436.29,2021-22,Expenditure Profile,386.09,0.0,386.09,361.41,0.0,361.41,446.5,0.0,446.5,0.0,,,0.0,0.0,0.0,0.0,0.0,0.0,0.0,0.0,0.0,0.0,0.0,0.0,0.0,0.0,0.0,0.0,0.0,0.0,0.0,0.0,0.0,0.0,0.0,,0.0,0.0,0.0,0.0,0.0,0.0,0.0,0.0,0.0,0.0,0.0,0.0
19,Statement 3,82. Secretariat of the Vice-President,0.0,0.0,0.0,0.0,0.0,0.0,0.0,0.0,0.0,7.25,0.0,7.25,2021-22,Expenditure Profile,7.88,0.0,7.88,6.82,0.0,6.82,7.43,0.0,7.43,0.0,,,0.0,0.0,0.0,0.0,0.0,0.0,0.0,0.0,0.0,0.0,0.0,0.0,0.0,0.0,0.0,0.0,0.0,0.0,0.0,0.0,0.0,0.0,0.0,,0.0,0.0,0.0,0.0,0.0,0.0,0.0,0.0,0.0,0.0,0.0,0.0
19,Statement 3,1. Establishment Expenditure of the Centre,0.0,0.0,0.0,0.0,0.0,0.0,0.0,0.0,0.0,7.25,0.0,7.25,2021-22,Expenditure Profile,7.88,0.0,7.88,6.82,0.0,6.82,7.43,0.0,7.43,0.0,,,0.0,0.0,0.0,0.0,0.0,0.0,0.0,0.0,0.0,0.0,0.0,0.0,0.0,0.0,0.0,0.0,0.0,0.0,0.0,0.0,0.0,0.0,0.0,,0.0,0.0,0.0,0.0,0.0,0.0,0.0,0.0,0.0,0.0,0.0,0.0
20,Statement 3,83. Union Public Service Commission,0.0,0.0,0.0,0.0,0.0,0.0,0.0,0.0,0.0,305.38,0.0,305.38,2021-22,Expenditure Profile,297.97,0.0,297.97,285.0,0.0,285.0,304.17,0.0,304.17,0.0,,,0.0,0.0,0.0,0.0,0.0,0.0,0.0,0.0,0.0,0.0,0.0,0.0,0.0,0.0,0.0,0.0,0.0,0.0,0.0,0.0,0.0,0.0,0.0,,0.0,0.0,0.0,0.0,0.0,0.0,0.0,0.0,0.0,0.0,0.0,0.0
20,Statement 3,1. Establishment Expenditure of the Centre,0.0,0.0,0.0,0.0,0.0,0.0,0.0,0.0,0.0,305.38,0.0,305.38,2021-22,Expenditure Profile,297.97,0.0,297.97,285.0,0.0,285.0,304.17,0.0,304.17,0.0,,,0.0,0.0,0.0,0.0,0.0,0.0,0.0,0.0,0.0,0.0,0.0,0.0,0.0,0.0,0.0,0.0,0.0,0.0,0.0,0.0,0.0,0.0,0.0,,0.0,0.0,0.0,0.0,0.0,0.0,0.0,0.0,0.0,0.0,0.0,0.0
20,Statement 3,84. Ministry of Railways,0.0,0.0,0.0,0.0,0.0,0.0,0.0,0.0,0.0,2215.63,70000.0,72215.63,2021-22,Expenditure Profile,2130.37,67841.76,69972.13,2835.63,108398.0,111233.63,2954.64,107100.0,110054.64,0.0,,,0.0,0.0,0.0,0.0,0.0,0.0,0.0,0.0,0.0,0.0,0.0,0.0,0.0,0.0,0.0,0.0,0.0,0.0,0.0,0.0,0.0,0.0,0.0,,0.0,0.0,0.0,0.0,0.0,0.0,0.0,0.0,0.0,0.0,0.0,0.0
20,Statement 3,1. Central Sector Schemes/Projects,0.0,0.0,0.0,0.0,0.0,0.0,0.0,0.0,0.0,0.0,70000.0,70000.0,2021-22,Expenditure Profile,0.0,67841.76,67841.76,0.0,108398.0,108398.0,0.0,107100.0,107100.0,0.0,,,0.0,0.0,0.0,0.0,0.0,0.0,0.0,0.0,0.0,0.0,0.0,0.0,0.0,0.0,0.0,0.0,0.0,0.0,0.0,0.0,0.0,0.0,0.0,,0.0,0.0,0.0,0.0,0.0,0.0,0.0,0.0,0.0,0.0,0.0,0.0
20,Statement 3,2.   Establishment Expenditure of the Centre,0.0,0.0,0.0,0.0,0.0,0.0,0.0,0.0,0.0,2215.63,0.0,2215.63,2021-22,Expenditure Profile,2130.37,0.0,2130.37,2835.63,0.0,2835.63,2954.64,0.0,2954.64,0.0,,,0.0,0.0,0.0,0.0,0.0,0.0,0.0,0.0,0.0,0.0,0.0,0.0,0.0,0.0,0.0,0.0,0.0,0.0,0.0,0.0,0.0,0.0,0.0,,0.0,0.0,0.0,0.0,0.0,0.0,0.0,0.0,0.0,0.0,0.0,0.0
20,Statement 3,85. Ministry of Road Transport and Highways,0.0,0.0,0.0,0.0,0.0,0.0,0.0,0.0,0.0,9848.51,81974.71,91823.22,2021-22,Expenditure Profile,9875.22,68373.5,78248.72,9770.05,92053.17,101823.22,9870.89,108230.11,118101.0,0.0,,,0.0,0.0,0.0,0.0,0.0,0.0,0.0,0.0,0.0,0.0,0.0,0.0,0.0,0.0,0.0,0.0,0.0,0.0,0.0,0.0,0.0,0.0,0.0,,0.0,0.0,0.0,0.0,0.0,0.0,0.0,0.0,0.0,0.0,0.0,0.0
20,Statement 3,1. Central Sector Schemes/Projects,0.0,0.0,0.0,0.0,0.0,0.0,0.0,0.0,0.0,9681.74,81974.71,91656.45,2021-22,Expenditure Profile,9737.48,68373.5,78110.98,9603.28,92053.17,101656.45,9717.24,108230.11,117947.35,0.0,,,0.0,0.0,0.0,0.0,0.0,0.0,0.0,0.0,0.0,0.0,0.0,0.0,0.0,0.0,0.0,0.0,0.0,0.0,0.0,0.0,0.0,0.0,0.0,,0.0,0.0,0.0,0.0,0.0,0.0,0.0,0.0,0.0,0.0,0.0,0.0
20,Statement 3,2.   Establishment Expenditure of the Centre,0.0,0.0,0.0,0.0,0.0,0.0,0.0,0.0,0.0,166.77,0.0,166.77,2021-22,Expenditure Profile,137.74,0.0,137.74,166.77,0.0,166.77,153.65,0.0,153.65,0.0,,,0.0,0.0,0.0,0.0,0.0,0.0,0.0,0.0,0.0,0.0,0.0,0.0,0.0,0.0,0.0,0.0,0.0,0.0,0.0,0.0,0.0,0.0,0.0,,0.0,0.0,0.0,0.0,0.0,0.0,0.0,0.0,0.0,0.0,0.0,0.0
20,Statement 3,86. Department of Rural Development,0.0,0.0,0.0,0.0,0.0,0.0,0.0,0.0,0.0,120047.19,100.0,120147.19,2021-22,Expenditure Profile,122085.67,12.52,122098.19,197376.53,0.0,197376.53,131519.08,0.0,131519.08,0.0,,,0.0,0.0,0.0,0.0,0.0,0.0,0.0,0.0,0.0,0.0,0.0,0.0,0.0,0.0,0.0,0.0,0.0,0.0,0.0,0.0,0.0,0.0,0.0,,0.0,0.0,0.0,0.0,0.0,0.0,0.0,0.0,0.0,0.0,0.0,0.0
20,Statement 3,1. Central Sector Schemes/Projects,0.0,0.0,0.0,0.0,0.0,0.0,0.0,0.0,0.0,367.47,0.0,367.47,2021-22,Expenditure Profile,240.87,0.0,240.87,341.45,0.0,341.45,364.39,0.0,364.39,0.0,,,0.0,0.0,0.0,0.0,0.0,0.0,0.0,0.0,0.0,0.0,0.0,0.0,0.0,0.0,0.0,0.0,0.0,0.0,0.0,0.0,0.0,0.0,0.0,,0.0,0.0,0.0,0.0,0.0,0.0,0.0,0.0,0.0,0.0,0.0,0.0
20,Statement 3,2.   Centrally Sponsored Schemes,0.0,0.0,0.0,0.0,0.0,0.0,0.0,0.0,0.0,119506.96,0.0,119506.96,2021-22,Expenditure Profile,121838.81,0.0,121838.81,196905.82,0.0,196905.82,130977.61,0.0,130977.61,0.0,,,0.0,0.0,0.0,0.0,0.0,0.0,0.0,0.0,0.0,0.0,0.0,0.0,0.0,0.0,0.0,0.0,0.0,0.0,0.0,0.0,0.0,0.0,0.0,,0.0,0.0,0.0,0.0,0.0,0.0,0.0,0.0,0.0,0.0,0.0,0.0
20,Statement 3,3.   Establishment Expenditure of the Centre,0.0,0.0,0.0,0.0,0.0,0.0,0.0,0.0,0.0,48.76,0.0,48.76,2021-22,Expenditure Profile,47.84,0.0,47.84,48.76,0.0,48.76,53.08,0.0,53.08,0.0,,,0.0,0.0,0.0,0.0,0.0,0.0,0.0,0.0,0.0,0.0,0.0,0.0,0.0,0.0,0.0,0.0,0.0,0.0,0.0,0.0,0.0,0.0,0.0,,0.0,0.0,0.0,0.0,0.0,0.0,0.0,0.0,0.0,0.0,0.0,0.0
20,Statement 3,4.   Other Central Sector Expenditure,0.0,0.0,0.0,0.0,0.0,0.0,0.0,0.0,0.0,124.0,100.0,224.0,2021-22,Expenditure Profile,-41.85,12.52,-29.33,80.5,0.0,80.5,124.0,0.0,124.0,0.0,,,0.0,0.0,0.0,0.0,0.0,0.0,0.0,0.0,0.0,0.0,0.0,0.0,0.0,0.0,0.0,0.0,0.0,0.0,0.0,0.0,0.0,0.0,0.0,,0.0,0.0,0.0,0.0,0.0,0.0,0.0,0.0,0.0,0.0,0.0,0.0
20,Statement 3,87. Department of Land Resources,0.0,0.0,0.0,0.0,0.0,0.0,0.0,0.0,0.0,2251.24,0.0,2251.24,2021-22,Expenditure Profile,1523.52,0.0,1523.52,1252.15,0.0,1252.15,2170.42,0.0,2170.42,0.0,,,0.0,0.0,0.0,0.0,0.0,0.0,0.0,0.0,0.0,0.0,0.0,0.0,0.0,0.0,0.0,0.0,0.0,0.0,0.0,0.0,0.0,0.0,0.0,,0.0,0.0,0.0,0.0,0.0,0.0,0.0,0.0,0.0,0.0,0.0,0.0
20,Statement 3,1. Central Sector Schemes/Projects,0.0,0.0,0.0,0.0,0.0,0.0,0.0,0.0,0.0,238.65,0.0,238.65,2021-22,Expenditure Profile,43.79,0.0,43.79,238.0,0.0,238.0,150.0,0.0,150.0,0.0,,,0.0,0.0,0.0,0.0,0.0,0.0,0.0,0.0,0.0,0.0,0.0,0.0,0.0,0.0,0.0,0.0,0.0,0.0,0.0,0.0,0.0,0.0,0.0,,0.0,0.0,0.0,0.0,0.0,0.0,0.0,0.0,0.0,0.0,0.0,0.0
20,Statement 3,2.   Centrally Sponsored Schemes,0.0,0.0,0.0,0.0,0.0,0.0,0.0,0.0,0.0,2000.0,0.0,2000.0,2021-22,Expenditure Profile,1467.22,0.0,1467.22,1000.0,0.0,1000.0,2000.0,0.0,2000.0,0.0,,,0.0,0.0,0.0,0.0,0.0,0.0,0.0,0.0,0.0,0.0,0.0,0.0,0.0,0.0,0.0,0.0,0.0,0.0,0.0,0.0,0.0,0.0,0.0,,0.0,0.0,0.0,0.0,0.0,0.0,0.0,0.0,0.0,0.0,0.0,0.0
20,Statement 3,3.   Establishment Expenditure of the Centre,0.0,0.0,0.0,0.0,0.0,0.0,0.0,0.0,0.0,12.59,0.0,12.59,2021-22,Expenditure Profile,12.51,0.0,12.51,14.15,0.0,14.15,20.42,0.0,20.42,0.0,,,0.0,0.0,0.0,0.0,0.0,0.0,0.0,0.0,0.0,0.0,0.0,0.0,0.0,0.0,0.0,0.0,0.0,0.0,0.0,0.0,0.0,0.0,0.0,,0.0,0.0,0.0,0.0,0.0,0.0,0.0,0.0,0.0,0.0,0.0,0.0
20,Statement 3,88. Department of Science and Technology,0.0,0.0,0.0,0.0,0.0,0.0,0.0,0.0,0.0,6200.53,101.0,6301.53,2021-22,Expenditure Profile,5357.76,49.27,5407.03,4899.0,101.0,5000.0,5945.39,122.0,6067.39,0.0,,,0.0,0.0,0.0,0.0,0.0,0.0,0.0,0.0,0.0,0.0,0.0,0.0,0.0,0.0,0.0,0.0,0.0,0.0,0.0,0.0,0.0,0.0,0.0,,0.0,0.0,0.0,0.0,0.0,0.0,0.0,0.0,0.0,0.0,0.0,0.0
20,Statement 3,1. Central Sector Schemes/Projects,0.0,0.0,0.0,0.0,0.0,0.0,0.0,0.0,0.0,3202.0,0.0,3202.0,2021-22,Expenditure Profile,2587.98,0.0,2587.98,2241.0,0.0,2241.0,2915.69,0.0,2915.69,0.0,,,0.0,0.0,0.0,0.0,0.0,0.0,0.0,0.0,0.0,0.0,0.0,0.0,0.0,0.0,0.0,0.0,0.0,0.0,0.0,0.0,0.0,0.0,0.0,,0.0,0.0,0.0,0.0,0.0,0.0,0.0,0.0,0.0,0.0,0.0,0.0
20,Statement 3,2.   Establishment Expenditure of the Centre,0.0,0.0,0.0,0.0,0.0,0.0,0.0,0.0,0.0,541.53,101.0,642.53,2021-22,Expenditure Profile,528.51,49.27,577.78,531.0,101.0,632.0,591.7,122.0,713.7,0.0,,,0.0,0.0,0.0,0.0,0.0,0.0,0.0,0.0,0.0,0.0,0.0,0.0,0.0,0.0,0.0,0.0,0.0,0.0,0.0,0.0,0.0,0.0,0.0,,0.0,0.0,0.0,0.0,0.0,0.0,0.0,0.0,0.0,0.0,0.0,0.0
20,Statement 3,3.   Other Central Sector Expenditure,0.0,0.0,0.0,0.0,0.0,0.0,0.0,0.0,0.0,2457.0,0.0,2457.0,2021-22,Expenditure Profile,2241.27,0.0,2241.27,2127.0,0.0,2127.0,2438.0,0.0,2438.0,0.0,,,0.0,0.0,0.0,0.0,0.0,0.0,0.0,0.0,0.0,0.0,0.0,0.0,0.0,0.0,0.0,0.0,0.0,0.0,0.0,0.0,0.0,0.0,0.0,,0.0,0.0,0.0,0.0,0.0,0.0,0.0,0.0,0.0,0.0,0.0,0.0
20,Statement 3,89. Department of Biotechnology,0.0,0.0,0.0,0.0,0.0,0.0,0.0,0.0,0.0,2786.76,0.0,2786.76,2021-22,Expenditure Profile,2358.77,0.0,2358.77,2300.0,0.0,2300.0,3502.37,0.0,3502.37,0.0,,,0.0,0.0,0.0,0.0,0.0,0.0,0.0,0.0,0.0,0.0,0.0,0.0,0.0,0.0,0.0,0.0,0.0,0.0,0.0,0.0,0.0,0.0,0.0,,0.0,0.0,0.0,0.0,0.0,0.0,0.0,0.0,0.0,0.0,0.0,0.0
20,Statement 3,1. Central Sector Schemes/Projects,0.0,0.0,0.0,0.0,0.0,0.0,0.0,0.0,0.0,1902.67,0.0,1902.67,2021-22,Expenditure Profile,1535.97,0.0,1535.97,1667.0,0.0,1667.0,2620.28,0.0,2620.28,0.0,,,0.0,0.0,0.0,0.0,0.0,0.0,0.0,0.0,0.0,0.0,0.0,0.0,0.0,0.0,0.0,0.0,0.0,0.0,0.0,0.0,0.0,0.0,0.0,,0.0,0.0,0.0,0.0,0.0,0.0,0.0,0.0,0.0,0.0,0.0,0.0
20,Statement 3,2.   Establishment Expenditure of the Centre,0.0,0.0,0.0,0.0,0.0,0.0,0.0,0.0,0.0,36.48,0.0,36.48,2021-22,Expenditure Profile,30.27,0.0,30.27,28.0,0.0,28.0,35.18,0.0,35.18,0.0,,,0.0,0.0,0.0,0.0,0.0,0.0,0.0,0.0,0.0,0.0,0.0,0.0,0.0,0.0,0.0,0.0,0.0,0.0,0.0,0.0,0.0,0.0,0.0,,0.0,0.0,0.0,0.0,0.0,0.0,0.0,0.0,0.0,0.0,0.0,0.0
20,Statement 3,3.   Other Central Sector Expenditure,0.0,0.0,0.0,0.0,0.0,0.0,0.0,0.0,0.0,847.61,0.0,847.61,2021-22,Expenditure Profile,792.53,0.0,792.53,605.0,0.0,605.0,846.91,0.0,846.91,0.0,,,0.0,0.0,0.0,0.0,0.0,0.0,0.0,0.0,0.0,0.0,0.0,0.0,0.0,0.0,0.0,0.0,0.0,0.0,0.0,0.0,0.0,0.0,0.0,,0.0,0.0,0.0,0.0,0.0,0.0,0.0,0.0,0.0,0.0,0.0,0.0
20,Statement 3,90. Department of Scientific and Industrial Research,0.0,0.0,0.0,0.0,0.0,0.0,0.0,0.0,0.0,5375.2,9.8,5385.0,2021-22,Expenditure Profile,4869.64,1.99,4871.63,4246.06,5.8,4251.86,5202.12,22.15,5224.27,0.0,,,0.0,0.0,0.0,0.0,0.0,0.0,0.0,0.0,0.0,0.0,0.0,0.0,0.0,0.0,0.0,0.0,0.0,0.0,0.0,0.0,0.0,0.0,0.0,,0.0,0.0,0.0,0.0,0.0,0.0,0.0,0.0,0.0,0.0,0.0,0.0
20,Statement 3,1. Central Sector Schemes/Projects,0.0,0.0,0.0,0.0,0.0,0.0,0.0,0.0,0.0,44.2,5.8,50.0,2021-22,Expenditure Profile,24.09,1.95,26.04,20.08,1.8,21.88,33.35,1.65,35.0,0.0,,,0.0,0.0,0.0,0.0,0.0,0.0,0.0,0.0,0.0,0.0,0.0,0.0,0.0,0.0,0.0,0.0,0.0,0.0,0.0,0.0,0.0,0.0,0.0,,0.0,0.0,0.0,0.0,0.0,0.0,0.0,0.0,0.0,0.0,0.0,0.0
20,Statement 3,2.   Establishment Expenditure of the Centre,0.0,0.0,0.0,0.0,0.0,0.0,0.0,0.0,0.0,14.0,3.5,17.5,2021-22,Expenditure Profile,11.95,0.0,11.95,12.0,3.5,15.5,17.0,20.0,37.0,0.0,,,0.0,0.0,0.0,0.0,0.0,0.0,0.0,0.0,0.0,0.0,0.0,0.0,0.0,0.0,0.0,0.0,0.0,0.0,0.0,0.0,0.0,0.0,0.0,,0.0,0.0,0.0,0.0,0.0,0.0,0.0,0.0,0.0,0.0,0.0,0.0
20,Statement 3,3.   Other Central Sector Expenditure,0.0,0.0,0.0,0.0,0.0,0.0,0.0,0.0,0.0,5317.0,0.5,5317.5,2021-22,Expenditure Profile,4833.6,0.04,4833.64,4213.98,0.5,4214.48,5151.77,0.5,5152.27,0.0,,,0.0,0.0,0.0,0.0,0.0,0.0,0.0,0.0,0.0,0.0,0.0,0.0,0.0,0.0,0.0,0.0,0.0,0.0,0.0,0.0,0.0,0.0,0.0,,0.0,0.0,0.0,0.0,0.0,0.0,0.0,0.0,0.0,0.0,0.0,0.0
20,Statement 3,91. Ministry of Skill Development and Entrepreneurship,0.0,0.0,0.0,0.0,0.0,0.0,0.0,0.0,0.0,2923.03,79.18,3002.21,2021-22,Expenditure Profile,2318.85,86.13,2404.98,2650.14,73.72,2723.86,2711.53,73.7,2785.23,0.0,,,0.0,0.0,0.0,0.0,0.0,0.0,0.0,0.0,0.0,0.0,0.0,0.0,0.0,0.0,0.0,0.0,0.0,0.0,0.0,0.0,0.0,0.0,0.0,,0.0,0.0,0.0,0.0,0.0,0.0,0.0,0.0,0.0,0.0,0.0,0.0
21,Statement 3,1.   Centrally Sponsored Schemes,0.0,0.0,0.0,0.0,0.0,0.0,0.0,0.0,0.0,2723.53,2.5,2726.03,2021-22,Expenditure Profile,2107.17,5.51,2112.68,2460.96,0.04,2461.0,2504.83,0.17,2505.0,0.0,,,0.0,0.0,0.0,0.0,0.0,0.0,0.0,0.0,0.0,0.0,0.0,0.0,0.0,0.0,0.0,0.0,0.0,0.0,0.0,0.0,0.0,0.0,0.0,,0.0,0.0,0.0,0.0,0.0,0.0,0.0,0.0,0.0,0.0,0.0,0.0
21,Statement 3,2.   Establishment Expenditure of the Centre,0.0,0.0,0.0,0.0,0.0,0.0,0.0,0.0,0.0,199.5,76.68,276.18,2021-22,Expenditure Profile,214.53,80.62,295.15,189.18,73.68,262.86,206.7,73.53,280.23,0.0,,,0.0,0.0,0.0,0.0,0.0,0.0,0.0,0.0,0.0,0.0,0.0,0.0,0.0,0.0,0.0,0.0,0.0,0.0,0.0,0.0,0.0,0.0,0.0,,0.0,0.0,0.0,0.0,0.0,0.0,0.0,0.0,0.0,0.0,0.0,0.0
21,Statement 3,3.   Other Central Sector Expenditure,0.0,0.0,0.0,0.0,0.0,0.0,0.0,0.0,0.0,0.0,0.0,0.0,2021-22,Expenditure Profile,-2.85,0.0,-2.85,0.0,0.0,0.0,0.0,0.0,0.0,0.0,,,0.0,0.0,0.0,0.0,0.0,0.0,0.0,0.0,0.0,0.0,0.0,0.0,0.0,0.0,0.0,0.0,0.0,0.0,0.0,0.0,0.0,0.0,0.0,,0.0,0.0,0.0,0.0,0.0,0.0,0.0,0.0,0.0,0.0,0.0,0.0
21,Statement 3,92. Department of Social Justice and Empowerment,0.0,0.0,0.0,0.0,0.0,0.0,0.0,0.0,0.0,9557.57,546.0,10103.57,2021-22,Expenditure Profile,8257.61,455.0,8712.61,8087.49,120.07,8207.56,10147.62,370.0,10517.62,0.0,,,0.0,0.0,0.0,0.0,0.0,0.0,0.0,0.0,0.0,0.0,0.0,0.0,0.0,0.0,0.0,0.0,0.0,0.0,0.0,0.0,0.0,0.0,0.0,,0.0,0.0,0.0,0.0,0.0,0.0,0.0,0.0,0.0,0.0,0.0,0.0
21,Statement 3,1. Central Sector Schemes/Projects,0.0,0.0,0.0,0.0,0.0,0.0,0.0,0.0,0.0,940.0,1.0,941.0,2021-22,Expenditure Profile,855.81,0.0,855.81,592.13,0.0,592.13,1275.0,120.0,1395.0,0.0,,,0.0,0.0,0.0,0.0,0.0,0.0,0.0,0.0,0.0,0.0,0.0,0.0,0.0,0.0,0.0,0.0,0.0,0.0,0.0,0.0,0.0,0.0,0.0,,0.0,0.0,0.0,0.0,0.0,0.0,0.0,0.0,0.0,0.0,0.0,0.0
21,Statement 3,2.   Centrally Sponsored Schemes,0.0,0.0,0.0,0.0,0.0,0.0,0.0,0.0,0.0,8452.33,0.0,8452.33,2021-22,Expenditure Profile,7276.22,0.0,7276.22,7367.87,0.0,7367.87,8705.62,0.0,8705.62,0.0,,,0.0,0.0,0.0,0.0,0.0,0.0,0.0,0.0,0.0,0.0,0.0,0.0,0.0,0.0,0.0,0.0,0.0,0.0,0.0,0.0,0.0,0.0,0.0,,0.0,0.0,0.0,0.0,0.0,0.0,0.0,0.0,0.0,0.0,0.0,0.0
21,Statement 3,3.   Establishment Expenditure of the Centre,0.0,0.0,0.0,0.0,0.0,0.0,0.0,0.0,0.0,104.24,0.0,104.24,2021-22,Expenditure Profile,82.39,0.0,82.39,96.79,0.0,96.79,121.0,0.0,121.0,0.0,,,0.0,0.0,0.0,0.0,0.0,0.0,0.0,0.0,0.0,0.0,0.0,0.0,0.0,0.0,0.0,0.0,0.0,0.0,0.0,0.0,0.0,0.0,0.0,,0.0,0.0,0.0,0.0,0.0,0.0,0.0,0.0,0.0,0.0,0.0,0.0
21,Statement 3,4.   Other Central Sector Expenditure,0.0,0.0,0.0,0.0,0.0,0.0,0.0,0.0,0.0,61.0,545.0,606.0,2021-22,Expenditure Profile,43.19,455.0,498.19,30.7,120.07,150.77,46.0,250.0,296.0,0.0,,,0.0,0.0,0.0,0.0,0.0,0.0,0.0,0.0,0.0,0.0,0.0,0.0,0.0,0.0,0.0,0.0,0.0,0.0,0.0,0.0,0.0,0.0,0.0,,0.0,0.0,0.0,0.0,0.0,0.0,0.0,0.0,0.0,0.0,0.0,0.0
21,Statement 3,93. Department of Empowerment of Persons with Disabilities,0.0,0.0,0.0,0.0,0.0,0.0,0.0,0.0,0.0,1325.38,0.01,1325.39,2021-22,Expenditure Profile,1011.41,0.92,1012.33,900.0,0.0,900.0,1171.76,0.01,1171.77,0.0,,,0.0,0.0,0.0,0.0,0.0,0.0,0.0,0.0,0.0,0.0,0.0,0.0,0.0,0.0,0.0,0.0,0.0,0.0,0.0,0.0,0.0,0.0,0.0,,0.0,0.0,0.0,0.0,0.0,0.0,0.0,0.0,0.0,0.0,0.0,0.0
21,Statement 3,1. Central Sector Schemes/Projects,0.0,0.0,0.0,0.0,0.0,0.0,0.0,0.0,0.0,780.0,0.0,780.0,2021-22,Expenditure Profile,655.43,0.0,655.43,536.89,0.0,536.89,709.77,0.0,709.77,0.0,,,0.0,0.0,0.0,0.0,0.0,0.0,0.0,0.0,0.0,0.0,0.0,0.0,0.0,0.0,0.0,0.0,0.0,0.0,0.0,0.0,0.0,0.0,0.0,,0.0,0.0,0.0,0.0,0.0,0.0,0.0,0.0,0.0,0.0,0.0,0.0
21,Statement 3,2.   Establishment Expenditure of the Centre,0.0,0.0,0.0,0.0,0.0,0.0,0.0,0.0,0.0,29.86,0.0,29.86,2021-22,Expenditure Profile,25.05,0.0,25.05,27.36,0.0,27.36,34.06,0.0,34.06,0.0,,,0.0,0.0,0.0,0.0,0.0,0.0,0.0,0.0,0.0,0.0,0.0,0.0,0.0,0.0,0.0,0.0,0.0,0.0,0.0,0.0,0.0,0.0,0.0,,0.0,0.0,0.0,0.0,0.0,0.0,0.0,0.0,0.0,0.0,0.0,0.0
21,Statement 3,3.   Other Central Sector Expenditure,0.0,0.0,0.0,0.0,0.0,0.0,0.0,0.0,0.0,515.52,0.01,515.53,2021-22,Expenditure Profile,330.93,0.92,331.85,335.75,0.0,335.75,427.93,0.01,427.94,0.0,,,0.0,0.0,0.0,0.0,0.0,0.0,0.0,0.0,0.0,0.0,0.0,0.0,0.0,0.0,0.0,0.0,0.0,0.0,0.0,0.0,0.0,0.0,0.0,,0.0,0.0,0.0,0.0,0.0,0.0,0.0,0.0,0.0,0.0,0.0,0.0
21,Statement 3,94. Department of Space,0.0,0.0,0.0,0.0,0.0,0.0,0.0,0.0,0.0,5704.2,7775.27,13479.47,2021-22,Expenditure Profile,5836.59,7181.02,13017.61,4954.68,4545.32,9500.0,5720.46,8228.63,13949.09,0.0,,,0.0,0.0,0.0,0.0,0.0,0.0,0.0,0.0,0.0,0.0,0.0,0.0,0.0,0.0,0.0,0.0,0.0,0.0,0.0,0.0,0.0,0.0,0.0,,0.0,0.0,0.0,0.0,0.0,0.0,0.0,0.0,0.0,0.0,0.0,0.0
21,Statement 3,1. Central Sector Schemes/Projects,0.0,0.0,0.0,0.0,0.0,0.0,0.0,0.0,0.0,4854.03,7732.97,12587.0,2021-22,Expenditure Profile,4903.06,7122.96,12026.02,4170.07,4521.67,8691.74,4810.37,7520.75,12331.12,0.0,,,0.0,0.0,0.0,0.0,0.0,0.0,0.0,0.0,0.0,0.0,0.0,0.0,0.0,0.0,0.0,0.0,0.0,0.0,0.0,0.0,0.0,0.0,0.0,,0.0,0.0,0.0,0.0,0.0,0.0,0.0,0.0,0.0,0.0,0.0,0.0
21,Statement 3,2.   Establishment Expenditure of the Centre,0.0,0.0,0.0,0.0,0.0,0.0,0.0,0.0,0.0,187.87,42.3,230.17,2021-22,Expenditure Profile,219.47,49.25,268.72,149.15,23.65,172.8,178.59,7.88,186.47,0.0,,,0.0,0.0,0.0,0.0,0.0,0.0,0.0,0.0,0.0,0.0,0.0,0.0,0.0,0.0,0.0,0.0,0.0,0.0,0.0,0.0,0.0,0.0,0.0,,0.0,0.0,0.0,0.0,0.0,0.0,0.0,0.0,0.0,0.0,0.0,0.0
21,Statement 3,3.   Other Central Sector Expenditure,0.0,0.0,0.0,0.0,0.0,0.0,0.0,0.0,0.0,662.3,0.0,662.3,2021-22,Expenditure Profile,714.06,8.81,722.87,635.46,0.0,635.46,731.5,700.0,1431.5,0.0,,,0.0,0.0,0.0,0.0,0.0,0.0,0.0,0.0,0.0,0.0,0.0,0.0,0.0,0.0,0.0,0.0,0.0,0.0,0.0,0.0,0.0,0.0,0.0,,0.0,0.0,0.0,0.0,0.0,0.0,0.0,0.0,0.0,0.0,0.0,0.0
21,Statement 3,95. Ministry of Statistics and Programme Implementation,0.0,0.0,0.0,0.0,0.0,0.0,0.0,0.0,0.0,5426.05,17.95,5444.0,2021-22,Expenditure Profile,4900.5,9.92,4910.42,1390.39,3.61,1394.0,1396.09,13.04,1409.13,0.0,,,0.0,0.0,0.0,0.0,0.0,0.0,0.0,0.0,0.0,0.0,0.0,0.0,0.0,0.0,0.0,0.0,0.0,0.0,0.0,0.0,0.0,0.0,0.0,,0.0,0.0,0.0,0.0,0.0,0.0,0.0,0.0,0.0,0.0,0.0,0.0
21,Statement 3,1. Central Sector Schemes/Projects,0.0,0.0,0.0,0.0,0.0,0.0,0.0,0.0,0.0,4648.05,17.95,4666.0,2021-22,Expenditure Profile,4196.85,9.92,4206.77,712.35,3.61,715.96,633.94,13.04,646.98,0.0,,,0.0,0.0,0.0,0.0,0.0,0.0,0.0,0.0,0.0,0.0,0.0,0.0,0.0,0.0,0.0,0.0,0.0,0.0,0.0,0.0,0.0,0.0,0.0,,0.0,0.0,0.0,0.0,0.0,0.0,0.0,0.0,0.0,0.0,0.0,0.0
21,Statement 3,2.   Establishment Expenditure of the Centre,0.0,0.0,0.0,0.0,0.0,0.0,0.0,0.0,0.0,778.0,0.0,778.0,2021-22,Expenditure Profile,712.07,0.0,712.07,678.04,0.0,678.04,762.15,0.0,762.15,0.0,,,0.0,0.0,0.0,0.0,0.0,0.0,0.0,0.0,0.0,0.0,0.0,0.0,0.0,0.0,0.0,0.0,0.0,0.0,0.0,0.0,0.0,0.0,0.0,,0.0,0.0,0.0,0.0,0.0,0.0,0.0,0.0,0.0,0.0,0.0,0.0
21,Statement 3,3.   Other Central Sector Expenditure,0.0,0.0,0.0,0.0,0.0,0.0,0.0,0.0,0.0,0.0,0.0,0.0,2021-22,Expenditure Profile,-8.42,0.0,-8.42,0.0,0.0,0.0,0.0,0.0,0.0,0.0,,,0.0,0.0,0.0,0.0,0.0,0.0,0.0,0.0,0.0,0.0,0.0,0.0,0.0,0.0,0.0,0.0,0.0,0.0,0.0,0.0,0.0,0.0,0.0,,0.0,0.0,0.0,0.0,0.0,0.0,0.0,0.0,0.0,0.0,0.0,0.0
21,Statement 3,96. Ministry of Steel,0.0,0.0,0.0,0.0,0.0,0.0,0.0,0.0,0.0,100.0,0.0,100.0,2021-22,Expenditure Profile,194.33,0.0,194.33,79.44,0.0,79.44,39.25,0.0,39.25,0.0,,,0.0,0.0,0.0,0.0,0.0,0.0,0.0,0.0,0.0,0.0,0.0,0.0,0.0,0.0,0.0,0.0,0.0,0.0,0.0,0.0,0.0,0.0,0.0,,0.0,0.0,0.0,0.0,0.0,0.0,0.0,0.0,0.0,0.0,0.0,0.0
21,Statement 3,1. Central Sector Schemes/Projects,0.0,0.0,0.0,0.0,0.0,0.0,0.0,0.0,0.0,15.0,0.0,15.0,2021-22,Expenditure Profile,15.0,0.0,15.0,5.0,0.0,5.0,5.0,0.0,5.0,0.0,,,0.0,0.0,0.0,0.0,0.0,0.0,0.0,0.0,0.0,0.0,0.0,0.0,0.0,0.0,0.0,0.0,0.0,0.0,0.0,0.0,0.0,0.0,0.0,,0.0,0.0,0.0,0.0,0.0,0.0,0.0,0.0,0.0,0.0,0.0,0.0
21,Statement 3,2.   Establishment Expenditure of the Centre,0.0,0.0,0.0,0.0,0.0,0.0,0.0,0.0,0.0,38.58,0.0,38.58,2021-22,Expenditure Profile,32.9,0.0,32.9,29.34,0.0,29.34,32.78,0.0,32.78,0.0,,,0.0,0.0,0.0,0.0,0.0,0.0,0.0,0.0,0.0,0.0,0.0,0.0,0.0,0.0,0.0,0.0,0.0,0.0,0.0,0.0,0.0,0.0,0.0,,0.0,0.0,0.0,0.0,0.0,0.0,0.0,0.0,0.0,0.0,0.0,0.0
21,Statement 3,3.   Other Central Sector Expenditure,0.0,0.0,0.0,0.0,0.0,0.0,0.0,0.0,0.0,46.42,0.0,46.42,2021-22,Expenditure Profile,146.43,0.0,146.43,45.1,0.0,45.1,1.47,0.0,1.47,0.0,,,0.0,0.0,0.0,0.0,0.0,0.0,0.0,0.0,0.0,0.0,0.0,0.0,0.0,0.0,0.0,0.0,0.0,0.0,0.0,0.0,0.0,0.0,0.0,,0.0,0.0,0.0,0.0,0.0,0.0,0.0,0.0,0.0,0.0,0.0,0.0
21,Statement 3,97. Ministry of Textiles,0.0,0.0,0.0,0.0,0.0,0.0,0.0,0.0,0.0,3463.76,51.03,3514.79,2021-22,Expenditure Profile,4374.08,54.02,4428.1,3243.97,56.03,3300.0,3591.61,40.03,3631.64,0.0,,,0.0,0.0,0.0,0.0,0.0,0.0,0.0,0.0,0.0,0.0,0.0,0.0,0.0,0.0,0.0,0.0,0.0,0.0,0.0,0.0,0.0,0.0,0.0,,0.0,0.0,0.0,0.0,0.0,0.0,0.0,0.0,0.0,0.0,0.0,0.0
21,Statement 3,1. Central Sector Schemes/Projects,0.0,0.0,0.0,0.0,0.0,0.0,0.0,0.0,0.0,3377.76,51.0,3428.76,2021-22,Expenditure Profile,4323.22,37.02,4360.24,3151.86,56.0,3207.86,3404.61,40.0,3444.61,0.0,,,0.0,0.0,0.0,0.0,0.0,0.0,0.0,0.0,0.0,0.0,0.0,0.0,0.0,0.0,0.0,0.0,0.0,0.0,0.0,0.0,0.0,0.0,0.0,,0.0,0.0,0.0,0.0,0.0,0.0,0.0,0.0,0.0,0.0,0.0,0.0
21,Statement 3,2.   Establishment Expenditure of the Centre,0.0,0.0,0.0,0.0,0.0,0.0,0.0,0.0,0.0,86.0,0.0,86.0,2021-22,Expenditure Profile,77.95,0.0,77.95,92.11,0.0,92.11,102.0,0.0,102.0,0.0,,,0.0,0.0,0.0,0.0,0.0,0.0,0.0,0.0,0.0,0.0,0.0,0.0,0.0,0.0,0.0,0.0,0.0,0.0,0.0,0.0,0.0,0.0,0.0,,0.0,0.0,0.0,0.0,0.0,0.0,0.0,0.0,0.0,0.0,0.0,0.0
21,Statement 3,3.   Other Central Sector Expenditure,0.0,0.0,0.0,0.0,0.0,0.0,0.0,0.0,0.0,0.0,0.03,0.03,2021-22,Expenditure Profile,-27.09,17.0,-10.09,0.0,0.03,0.03,85.0,0.03,85.03,0.0,,,0.0,0.0,0.0,0.0,0.0,0.0,0.0,0.0,0.0,0.0,0.0,0.0,0.0,0.0,0.0,0.0,0.0,0.0,0.0,0.0,0.0,0.0,0.0,,0.0,0.0,0.0,0.0,0.0,0.0,0.0,0.0,0.0,0.0,0.0,0.0
21,Statement 3,98. Ministry of Tourism,0.0,0.0,0.0,0.0,0.0,0.0,0.0,0.0,0.0,2499.83,0.0,2499.83,2021-22,Expenditure Profile,1363.42,0.0,1363.42,1260.0,0.0,1260.0,2026.77,0.0,2026.77,0.0,,,0.0,0.0,0.0,0.0,0.0,0.0,0.0,0.0,0.0,0.0,0.0,0.0,0.0,0.0,0.0,0.0,0.0,0.0,0.0,0.0,0.0,0.0,0.0,,0.0,0.0,0.0,0.0,0.0,0.0,0.0,0.0,0.0,0.0,0.0,0.0
21,Statement 3,1. Central Sector Schemes/Projects,0.0,0.0,0.0,0.0,0.0,0.0,0.0,0.0,0.0,2375.21,0.0,2375.21,2021-22,Expenditure Profile,1251.65,0.0,1251.65,1141.04,0.0,1141.04,1895.4,0.0,1895.4,0.0,,,0.0,0.0,0.0,0.0,0.0,0.0,0.0,0.0,0.0,0.0,0.0,0.0,0.0,0.0,0.0,0.0,0.0,0.0,0.0,0.0,0.0,0.0,0.0,,0.0,0.0,0.0,0.0,0.0,0.0,0.0,0.0,0.0,0.0,0.0,0.0
22,Statement 3,2.   Centrally Sponsored Schemes,0.0,0.0,0.0,0.0,0.0,0.0,0.0,0.0,0.0,0.0,0.0,0.0,2021-22,Expenditure Profile,0.0,0.0,0.0,6.25,0.0,6.25,5.27,0.0,5.27,0.0,,,0.0,0.0,0.0,0.0,0.0,0.0,0.0,0.0,0.0,0.0,0.0,0.0,0.0,0.0,0.0,0.0,0.0,0.0,0.0,0.0,0.0,0.0,0.0,,0.0,0.0,0.0,0.0,0.0,0.0,0.0,0.0,0.0,0.0,0.0,0.0
22,Statement 3,3.   Establishment Expenditure of the Centre,0.0,0.0,0.0,0.0,0.0,0.0,0.0,0.0,0.0,124.62,0.0,124.62,2021-22,Expenditure Profile,111.77,0.0,111.77,112.71,0.0,112.71,126.1,0.0,126.1,0.0,,,0.0,0.0,0.0,0.0,0.0,0.0,0.0,0.0,0.0,0.0,0.0,0.0,0.0,0.0,0.0,0.0,0.0,0.0,0.0,0.0,0.0,0.0,0.0,,0.0,0.0,0.0,0.0,0.0,0.0,0.0,0.0,0.0,0.0,0.0,0.0
22,Statement 3,99. Ministry of Tribal Affairs,0.0,0.0,0.0,0.0,0.0,0.0,0.0,0.0,0.0,7260.99,150.01,7411.0,2021-22,Expenditure Profile,7247.57,80.0,7327.57,5508.0,0.0,5508.0,7524.85,0.02,7524.87,0.0,,,0.0,0.0,0.0,0.0,0.0,0.0,0.0,0.0,0.0,0.0,0.0,0.0,0.0,0.0,0.0,0.0,0.0,0.0,0.0,0.0,0.0,0.0,0.0,,0.0,0.0,0.0,0.0,0.0,0.0,0.0,0.0,0.0,0.0,0.0,0.0
22,Statement 3,1. Central Sector Schemes/Projects,0.0,0.0,0.0,0.0,0.0,0.0,0.0,0.0,0.0,1665.22,150.01,1815.23,2021-22,Expenditure Profile,341.34,80.0,421.34,1489.76,0.0,1489.76,1831.03,0.02,1831.05,0.0,,,0.0,0.0,0.0,0.0,0.0,0.0,0.0,0.0,0.0,0.0,0.0,0.0,0.0,0.0,0.0,0.0,0.0,0.0,0.0,0.0,0.0,0.0,0.0,,0.0,0.0,0.0,0.0,0.0,0.0,0.0,0.0,0.0,0.0,0.0,0.0
22,Statement 3,2.   Centrally Sponsored Schemes,0.0,0.0,0.0,0.0,0.0,0.0,0.0,0.0,0.0,4190.52,0.0,4190.52,2021-22,Expenditure Profile,4204.75,0.0,4204.75,3182.74,0.0,3182.74,4303.01,0.0,4303.01,0.0,,,0.0,0.0,0.0,0.0,0.0,0.0,0.0,0.0,0.0,0.0,0.0,0.0,0.0,0.0,0.0,0.0,0.0,0.0,0.0,0.0,0.0,0.0,0.0,,0.0,0.0,0.0,0.0,0.0,0.0,0.0,0.0,0.0,0.0,0.0,0.0
22,Statement 3,3.   Establishment Expenditure of the Centre,0.0,0.0,0.0,0.0,0.0,0.0,0.0,0.0,0.0,55.24,0.0,55.24,2021-22,Expenditure Profile,38.95,0.0,38.95,35.5,0.0,35.5,40.8,0.0,40.8,0.0,,,0.0,0.0,0.0,0.0,0.0,0.0,0.0,0.0,0.0,0.0,0.0,0.0,0.0,0.0,0.0,0.0,0.0,0.0,0.0,0.0,0.0,0.0,0.0,,0.0,0.0,0.0,0.0,0.0,0.0,0.0,0.0,0.0,0.0,0.0,0.0
22,Statement 3,4.   Other Grants/Loans/Transfers,0.0,0.0,0.0,0.0,0.0,0.0,0.0,0.0,0.0,1350.01,0.0,1350.01,2021-22,Expenditure Profile,2662.53,0.0,2662.53,800.0,0.0,800.0,1350.01,0.0,1350.01,0.0,,,0.0,0.0,0.0,0.0,0.0,0.0,0.0,0.0,0.0,0.0,0.0,0.0,0.0,0.0,0.0,0.0,0.0,0.0,0.0,0.0,0.0,0.0,0.0,,0.0,0.0,0.0,0.0,0.0,0.0,0.0,0.0,0.0,0.0,0.0,0.0
22,Statement 3,100. Ministry of Women and Child Development,0.0,0.0,0.0,0.0,0.0,0.0,0.0,0.0,0.0,30007.09,0.01,30007.1,2021-22,Expenditure Profile,23164.44,0.23,23164.67,21003.31,5.0,21008.31,24430.0,5.0,24435.0,0.0,,,0.0,0.0,0.0,0.0,0.0,0.0,0.0,0.0,0.0,0.0,0.0,0.0,0.0,0.0,0.0,0.0,0.0,0.0,0.0,0.0,0.0,0.0,0.0,,0.0,0.0,0.0,0.0,0.0,0.0,0.0,0.0,0.0,0.0,0.0,0.0
22,Statement 3,1. Centrally Sponsored Schemes,0.0,0.0,0.0,0.0,0.0,0.0,0.0,0.0,0.0,29720.37,0.01,29720.38,2021-22,Expenditure Profile,22918.97,0.23,22919.2,20759.31,5.0,20764.31,24157.0,5.0,24162.0,0.0,,,0.0,0.0,0.0,0.0,0.0,0.0,0.0,0.0,0.0,0.0,0.0,0.0,0.0,0.0,0.0,0.0,0.0,0.0,0.0,0.0,0.0,0.0,0.0,,0.0,0.0,0.0,0.0,0.0,0.0,0.0,0.0,0.0,0.0,0.0,0.0
22,Statement 3,2.   Establishment Expenditure of the Centre,0.0,0.0,0.0,0.0,0.0,0.0,0.0,0.0,0.0,69.12,0.0,69.12,2021-22,Expenditure Profile,59.8,0.0,59.8,66.35,0.0,66.35,77.8,0.0,77.8,0.0,,,0.0,0.0,0.0,0.0,0.0,0.0,0.0,0.0,0.0,0.0,0.0,0.0,0.0,0.0,0.0,0.0,0.0,0.0,0.0,0.0,0.0,0.0,0.0,,0.0,0.0,0.0,0.0,0.0,0.0,0.0,0.0,0.0,0.0,0.0,0.0
22,Statement 3,3.   Other Central Sector Expenditure,0.0,0.0,0.0,0.0,0.0,0.0,0.0,0.0,0.0,217.6,0.0,217.6,2021-22,Expenditure Profile,185.67,0.0,185.67,177.65,0.0,177.65,195.2,0.0,195.2,0.0,,,0.0,0.0,0.0,0.0,0.0,0.0,0.0,0.0,0.0,0.0,0.0,0.0,0.0,0.0,0.0,0.0,0.0,0.0,0.0,0.0,0.0,0.0,0.0,,0.0,0.0,0.0,0.0,0.0,0.0,0.0,0.0,0.0,0.0,0.0,0.0
22,Statement 3,101. Ministry of Youth Affairs and Sports,0.0,0.0,0.0,0.0,0.0,0.0,0.0,0.0,0.0,2775.9,51.02,2826.92,2021-22,Expenditure Profile,2591.06,45.0,2636.06,1799.13,1.02,1800.15,2549.41,46.73,2596.14,0.0,,,0.0,0.0,0.0,0.0,0.0,0.0,0.0,0.0,0.0,0.0,0.0,0.0,0.0,0.0,0.0,0.0,0.0,0.0,0.0,0.0,0.0,0.0,0.0,,0.0,0.0,0.0,0.0,0.0,0.0,0.0,0.0,0.0,0.0,0.0,0.0
22,Statement 3,1. Central Sector Schemes/Projects,0.0,0.0,0.0,0.0,0.0,0.0,0.0,0.0,0.0,1745.9,0.02,1745.92,2021-22,Expenditure Profile,1494.18,0.0,1494.18,775.48,1.02,776.5,1395.01,3.0,1398.01,0.0,,,0.0,0.0,0.0,0.0,0.0,0.0,0.0,0.0,0.0,0.0,0.0,0.0,0.0,0.0,0.0,0.0,0.0,0.0,0.0,0.0,0.0,0.0,0.0,,0.0,0.0,0.0,0.0,0.0,0.0,0.0,0.0,0.0,0.0,0.0,0.0
22,Statement 3,2.   Establishment Expenditure of the Centre,0.0,0.0,0.0,0.0,0.0,0.0,0.0,0.0,0.0,34.0,0.0,34.0,2021-22,Expenditure Profile,30.22,0.0,30.22,30.5,0.0,30.5,36.0,0.0,36.0,0.0,,,0.0,0.0,0.0,0.0,0.0,0.0,0.0,0.0,0.0,0.0,0.0,0.0,0.0,0.0,0.0,0.0,0.0,0.0,0.0,0.0,0.0,0.0,0.0,,0.0,0.0,0.0,0.0,0.0,0.0,0.0,0.0,0.0,0.0,0.0,0.0
22,Statement 3,3.   Other Central Sector Expenditure,0.0,0.0,0.0,0.0,0.0,0.0,0.0,0.0,0.0,996.0,51.0,1047.0,2021-22,Expenditure Profile,1066.66,45.0,1111.66,993.15,0.0,993.15,1118.4,43.73,1162.13,0.0,,,0.0,0.0,0.0,0.0,0.0,0.0,0.0,0.0,0.0,0.0,0.0,0.0,0.0,0.0,0.0,0.0,0.0,0.0,0.0,0.0,0.0,0.0,0.0,,0.0,0.0,0.0,0.0,0.0,0.0,0.0,0.0,0.0,0.0,0.0,0.0
22,Statement 3,Grand Total,0.0,0.0,0.0,0.0,0.0,0.0,0.0,0.0,0.0,2630145.16,412084.93,3042230.09,2021-22,Expenditure Profile,2350604.33,335725.62,2686329.95,3011142.27,439163.0,3450305.27,2928999.89,554235.74,3483235.63,0.0,,,0.0,0.0,0.0,0.0,0.0,0.0,0.0,0.0,0.0,0.0,0.0,0.0,0.0,0.0,0.0,0.0,0.0,0.0,0.0,0.0,0.0,0.0,0.0,,0.0,0.0,0.0,0.0,0.0,0.0,0.0,0.0,0.0,0.0,0.0,0.0
22,Statement 3,Central Sector Schemes/Projects,0.0,0.0,0.0,0.0,0.0,0.0,0.0,0.0,0.0,497024.69,334800.37,831825.06,2021-22,Expenditure Profile,446085.68,311005.45,757091.13,870612.58,393077.23,1263689.81,607968.41,443735.0,1051703.41,0.0,,,0.0,0.0,0.0,0.0,0.0,0.0,0.0,0.0,0.0,0.0,0.0,0.0,0.0,0.0,0.0,0.0,0.0,0.0,0.0,0.0,0.0,0.0,0.0,,0.0,0.0,0.0,0.0,0.0,0.0,0.0,0.0,0.0,0.0,0.0,0.0
22,Statement 3,Centrally Sponsored Schemes,0.0,0.0,0.0,0.0,0.0,0.0,0.0,0.0,0.0,339838.77,55.76,339894.53,2021-22,Expenditure Profile,309522.78,29.9,309552.68,387834.08,65.72,387899.8,381235.45,69.1,381304.55,0.0,,,0.0,0.0,0.0,0.0,0.0,0.0,0.0,0.0,0.0,0.0,0.0,0.0,0.0,0.0,0.0,0.0,0.0,0.0,0.0,0.0,0.0,0.0,0.0,,0.0,0.0,0.0,0.0,0.0,0.0,0.0,0.0,0.0,0.0,0.0,0.0
22,Statement 3,Establishment Expenditure of the Centre,0.0,0.0,0.0,0.0,0.0,0.0,0.0,0.0,0.0,602276.49,7308.3,609584.79,2021-22,Expenditure Profile,563789.75,6453.85,570243.6,592060.57,6611.22,598671.79,600756.99,8257.12,609014.11,0.0,,,0.0,0.0,0.0,0.0,0.0,0.0,0.0,0.0,0.0,0.0,0.0,0.0,0.0,0.0,0.0,0.0,0.0,0.0,0.0,0.0,0.0,0.0,0.0,,0.0,0.0,0.0,0.0,0.0,0.0,0.0,0.0,0.0,0.0,0.0,0.0
22,Statement 3,Finance Commission Grants,0.0,0.0,0.0,0.0,0.0,0.0,0.0,0.0,0.0,149924.8,0.0,149924.8,2021-22,Expenditure Profile,123709.87,0.0,123709.87,182352.43,0.0,182352.43,220843.0,0.0,220843.0,0.0,,,0.0,0.0,0.0,0.0,0.0,0.0,0.0,0.0,0.0,0.0,0.0,0.0,0.0,0.0,0.0,0.0,0.0,0.0,0.0,0.0,0.0,0.0,0.0,,0.0,0.0,0.0,0.0,0.0,0.0,0.0,0.0,0.0,0.0,0.0,0.0
22,Statement 3,Other Central Sector Expenditure,0.0,0.0,0.0,0.0,0.0,0.0,0.0,0.0,0.0,827406.33,60167.84,887574.17,2021-22,Expenditure Profile,713098.72,13927.13,727025.85,802319.27,24216.88,826536.15,923883.62,88002.77,1011886.39,0.0,,,0.0,0.0,0.0,0.0,0.0,0.0,0.0,0.0,0.0,0.0,0.0,0.0,0.0,0.0,0.0,0.0,0.0,0.0,0.0,0.0,0.0,0.0,0.0,,0.0,0.0,0.0,0.0,0.0,0.0,0.0,0.0,0.0,0.0,0.0,0.0
22,Statement 3,Other Grants/Loans/Transfers,0.0,0.0,0.0,0.0,0.0,0.0,0.0,0.0,0.0,213674.08,9752.66,223426.74,2021-22,Expenditure Profile,194397.53,4309.29,198706.82,175963.34,15191.95,191155.29,194312.42,14171.75,208484.17,0.0,,,0.0,0.0,0.0,0.0,0.0,0.0,0.0,0.0,0.0,0.0,0.0,0.0,0.0,0.0,0.0,0.0,0.0,0.0,0.0,0.0,0.0,0.0,0.0,,0.0,0.0,0.0,0.0,0.0,0.0,0.0,0.0,0.0,0.0,0.0,0.0
6,Statement 3,,0.0,0.0,0.0,0.0,0.0,0.0,0.0,0.0,0.0,0.0,0.0,0.0,2022-23,Statement 3 - Budget,0.0,0.0,0.0,0.0,0.0,0.0,0.0,0.0,0.0,10.0,Department of Agriculture and Farmers Welfare,Total Ministry/Department,0.0,108251.03,21.8,108272.83,122961.57,56.0,123017.57,118257.69,36.55,118294.24,123960.75,39.25,124000.0,0.0,0.0,0.0,0.0,0.0,0.0,0.0,0.0,0.0,0.0,,0.0,0.0,0.0,0.0,0.0,0.0,0.0,0.0,0.0,0.0,0.0,0.0
6,Statement 3,,0.0,0.0,0.0,0.0,0.0,0.0,0.0,0.0,0.0,0.0,0.0,0.0,2022-23,Statement 3 - Budget,0.0,0.0,0.0,0.0,0.0,0.0,0.0,0.0,0.0,10.0,Department of Agriculture and Farmers Welfare,Central Sector Schemes/Projects,1.0,95779.92,0.0,95779.92,105018.81,0.0,105018.81,106428.8,0.0,106428.8,105710.0,0.0,105710.0,0.0,0.0,0.0,0.0,0.0,0.0,0.0,0.0,0.0,0.0,,0.0,0.0,0.0,0.0,0.0,0.0,0.0,0.0,0.0,0.0,0.0,0.0
6,Statement 3,,0.0,0.0,0.0,0.0,0.0,0.0,0.0,0.0,0.0,0.0,0.0,0.0,2022-23,Statement 3 - Budget,0.0,0.0,0.0,0.0,0.0,0.0,0.0,0.0,0.0,10.0,Department of Agriculture and Farmers Welfare,Centrally Sponsored Schemes,2.0,11938.72,21.8,11960.52,17352.19,56.0,17408.19,10852.65,36.55,10889.2,17616.0,0.0,17616.0,0.0,0.0,0.0,0.0,0.0,0.0,0.0,0.0,0.0,0.0,,0.0,0.0,0.0,0.0,0.0,0.0,0.0,0.0,0.0,0.0,0.0,0.0
6,Statement 3,,0.0,0.0,0.0,0.0,0.0,0.0,0.0,0.0,0.0,0.0,0.0,0.0,2022-23,Statement 3 - Budget,0.0,0.0,0.0,0.0,0.0,0.0,0.0,0.0,0.0,10.0,Department of Agriculture and Farmers Welfare,Establishment Expenditure of the Centre,3.0,503.46,0.0,503.46,557.47,0.0,557.47,927.7,0.0,927.7,594.25,39.25,633.5,0.0,0.0,0.0,0.0,0.0,0.0,0.0,0.0,0.0,0.0,,0.0,0.0,0.0,0.0,0.0,0.0,0.0,0.0,0.0,0.0,0.0,0.0
6,Statement 3,,0.0,0.0,0.0,0.0,0.0,0.0,0.0,0.0,0.0,0.0,0.0,0.0,2022-23,Statement 3 - Budget,0.0,0.0,0.0,0.0,0.0,0.0,0.0,0.0,0.0,10.0,Department of Agriculture and Farmers Welfare,Other Central Sector Expenditure,4.0,28.93,0.0,28.93,33.1,0.0,33.1,48.54,0.0,48.54,40.5,0.0,40.5,0.0,0.0,0.0,0.0,0.0,0.0,0.0,0.0,0.0,0.0,,0.0,0.0,0.0,0.0,0.0,0.0,0.0,0.0,0.0,0.0,0.0,0.0
6,Statement 3,,0.0,0.0,0.0,0.0,0.0,0.0,0.0,0.0,0.0,0.0,0.0,0.0,2022-23,Statement 3 - Budget,0.0,0.0,0.0,0.0,0.0,0.0,0.0,0.0,0.0,10.0,Department of Agricultural Research and Education,Total Ministry/Department,0.0,7553.77,0.0,7553.77,8513.62,0.0,8513.62,8513.62,0.0,8513.62,8513.62,0.0,8513.62,0.0,0.0,0.0,0.0,0.0,0.0,0.0,0.0,0.0,0.0,,0.0,0.0,0.0,0.0,0.0,0.0,0.0,0.0,0.0,0.0,0.0,0.0
6,Statement 3,,0.0,0.0,0.0,0.0,0.0,0.0,0.0,0.0,0.0,0.0,0.0,0.0,2022-23,Statement 3 - Budget,0.0,0.0,0.0,0.0,0.0,0.0,0.0,0.0,0.0,10.0,Department of Agricultural Research and Education,Central Sector Schemes/Projects,1.0,2246.99,0.0,2246.99,2686.0,0.0,2686.0,2347.0,0.0,2347.0,1995.83,0.0,1995.83,0.0,0.0,0.0,0.0,0.0,0.0,0.0,0.0,0.0,0.0,,0.0,0.0,0.0,0.0,0.0,0.0,0.0,0.0,0.0,0.0,0.0,0.0
6,Statement 3,,0.0,0.0,0.0,0.0,0.0,0.0,0.0,0.0,0.0,0.0,0.0,0.0,2022-23,Statement 3 - Budget,0.0,0.0,0.0,0.0,0.0,0.0,0.0,0.0,0.0,10.0,Department of Agricultural Research and Education,Establishment Expenditure of the Centre,2.0,12.58,0.0,12.58,14.05,0.0,14.05,14.09,0.0,14.09,39.68,0.0,39.68,0.0,0.0,0.0,0.0,0.0,0.0,0.0,0.0,0.0,0.0,,0.0,0.0,0.0,0.0,0.0,0.0,0.0,0.0,0.0,0.0,0.0,0.0
6,Statement 3,,0.0,0.0,0.0,0.0,0.0,0.0,0.0,0.0,0.0,0.0,0.0,0.0,2022-23,Statement 3 - Budget,0.0,0.0,0.0,0.0,0.0,0.0,0.0,0.0,0.0,10.0,Department of Agricultural Research and Education,Other Central Sector Expenditure,3.0,5294.2,0.0,5294.2,5813.57,0.0,5813.57,6152.53,0.0,6152.53,6478.11,0.0,6478.11,0.0,0.0,0.0,0.0,0.0,0.0,0.0,0.0,0.0,0.0,,0.0,0.0,0.0,0.0,0.0,0.0,0.0,0.0,0.0,0.0,0.0,0.0
6,Statement 3,,0.0,0.0,0.0,0.0,0.0,0.0,0.0,0.0,0.0,0.0,0.0,0.0,2022-23,Statement 3 - Budget,0.0,0.0,0.0,0.0,0.0,0.0,0.0,0.0,0.0,10.0,Atomic Energy,Total Ministry/Department,0.0,8698.84,6497.4,15196.24,8389.12,9875.77,18264.89,8121.16,14586.05,22707.21,8440.34,14283.24,22723.58,0.0,0.0,0.0,0.0,0.0,0.0,0.0,0.0,0.0,0.0,,0.0,0.0,0.0,0.0,0.0,0.0,0.0,0.0,0.0,0.0,0.0,0.0
6,Statement 3,,0.0,0.0,0.0,0.0,0.0,0.0,0.0,0.0,0.0,0.0,0.0,0.0,2022-23,Statement 3 - Budget,0.0,0.0,0.0,0.0,0.0,0.0,0.0,0.0,0.0,10.0,Atomic Energy,Central Sector Schemes/Projects,1.0,161.43,3641.52,3802.95,452.47,6224.37,6676.84,366.18,5518.01,5884.19,616.6,6819.22,7435.82,0.0,0.0,0.0,0.0,0.0,0.0,0.0,0.0,0.0,0.0,,0.0,0.0,0.0,0.0,0.0,0.0,0.0,0.0,0.0,0.0,0.0,0.0
6,Statement 3,,0.0,0.0,0.0,0.0,0.0,0.0,0.0,0.0,0.0,0.0,0.0,0.0,2022-23,Statement 3 - Budget,0.0,0.0,0.0,0.0,0.0,0.0,0.0,0.0,0.0,10.0,Atomic Energy,Establishment Expenditure of the Centre,2.0,5896.85,135.88,6032.73,4890.35,-28.6,4861.75,5127.57,169.29,5296.86,4810.64,-109.1,4701.54,0.0,0.0,0.0,0.0,0.0,0.0,0.0,0.0,0.0,0.0,,0.0,0.0,0.0,0.0,0.0,0.0,0.0,0.0,0.0,0.0,0.0,0.0
6,Statement 3,,0.0,0.0,0.0,0.0,0.0,0.0,0.0,0.0,0.0,0.0,0.0,0.0,2022-23,Statement 3 - Budget,0.0,0.0,0.0,0.0,0.0,0.0,0.0,0.0,0.0,10.0,Atomic Energy,Other Central Sector Expenditure,3.0,2640.56,2720.0,5360.56,3046.3,3680.0,6726.3,2627.41,8898.75,11526.16,3013.1,7573.12,10586.22,0.0,0.0,0.0,0.0,0.0,0.0,0.0,0.0,0.0,0.0,,0.0,0.0,0.0,0.0,0.0,0.0,0.0,0.0,0.0,0.0,0.0,0.0
6,Statement 3,,0.0,0.0,0.0,0.0,0.0,0.0,0.0,0.0,0.0,0.0,0.0,0.0,2022-23,Statement 3 - Budget,0.0,0.0,0.0,0.0,0.0,0.0,0.0,0.0,0.0,10.0,Ministry of Ayush,Total Ministry/Department,0.0,2126.46,0.0,2126.46,2970.3,0.0,2970.3,2664.42,0.0,2664.42,3050.0,0.0,3050.0,0.0,0.0,0.0,0.0,0.0,0.0,0.0,0.0,0.0,0.0,,0.0,0.0,0.0,0.0,0.0,0.0,0.0,0.0,0.0,0.0,0.0,0.0
6,Statement 3,,0.0,0.0,0.0,0.0,0.0,0.0,0.0,0.0,0.0,0.0,0.0,0.0,2022-23,Statement 3 - Budget,0.0,0.0,0.0,0.0,0.0,0.0,0.0,0.0,0.0,10.0,Ministry of Ayush,Central Sector Schemes/Projects,1.0,117.96,0.0,117.96,298.67,0.0,298.67,235.14,0.0,235.14,306.98,0.0,306.98,0.0,0.0,0.0,0.0,0.0,0.0,0.0,0.0,0.0,0.0,,0.0,0.0,0.0,0.0,0.0,0.0,0.0,0.0,0.0,0.0,0.0,0.0
6,Statement 3,,0.0,0.0,0.0,0.0,0.0,0.0,0.0,0.0,0.0,0.0,0.0,0.0,2022-23,Statement 3 - Budget,0.0,0.0,0.0,0.0,0.0,0.0,0.0,0.0,0.0,10.0,Ministry of Ayush,Centrally Sponsored Schemes,2.0,397.72,0.0,397.72,553.8,0.0,553.8,500.0,0.0,500.0,800.0,0.0,800.0,0.0,0.0,0.0,0.0,0.0,0.0,0.0,0.0,0.0,0.0,,0.0,0.0,0.0,0.0,0.0,0.0,0.0,0.0,0.0,0.0,0.0,0.0
6,Statement 3,,0.0,0.0,0.0,0.0,0.0,0.0,0.0,0.0,0.0,0.0,0.0,0.0,2022-23,Statement 3 - Budget,0.0,0.0,0.0,0.0,0.0,0.0,0.0,0.0,0.0,10.0,Ministry of Ayush,Establishment Expenditure of the Centre,3.0,92.62,0.0,92.62,118.75,0.0,118.75,85.26,0.0,85.26,72.92,0.0,72.92,0.0,0.0,0.0,0.0,0.0,0.0,0.0,0.0,0.0,0.0,,0.0,0.0,0.0,0.0,0.0,0.0,0.0,0.0,0.0,0.0,0.0,0.0
6,Statement 3,,0.0,0.0,0.0,0.0,0.0,0.0,0.0,0.0,0.0,0.0,0.0,0.0,2022-23,Statement 3 - Budget,0.0,0.0,0.0,0.0,0.0,0.0,0.0,0.0,0.0,10.0,Ministry of Ayush,Other Central Sector Expenditure,4.0,1518.16,0.0,1518.16,1999.08,0.0,1999.08,1844.02,0.0,1844.02,1870.1,0.0,1870.1,0.0,0.0,0.0,0.0,0.0,0.0,0.0,0.0,0.0,0.0,,0.0,0.0,0.0,0.0,0.0,0.0,0.0,0.0,0.0,0.0,0.0,0.0
6,Statement 3,,0.0,0.0,0.0,0.0,0.0,0.0,0.0,0.0,0.0,0.0,0.0,0.0,2022-23,Statement 3 - Budget,0.0,0.0,0.0,0.0,0.0,0.0,0.0,0.0,0.0,10.0,Department of Chemicals and Petrochemicals,Total Ministry/Department,0.0,219.13,73.7,292.83,229.64,3.5,233.14,206.83,2.17,209.0,207.67,1.33,209.0,0.0,0.0,0.0,0.0,0.0,0.0,0.0,0.0,0.0,0.0,,0.0,0.0,0.0,0.0,0.0,0.0,0.0,0.0,0.0,0.0,0.0,0.0
6,Statement 3,,0.0,0.0,0.0,0.0,0.0,0.0,0.0,0.0,0.0,0.0,0.0,0.0,2022-23,Statement 3 - Budget,0.0,0.0,0.0,0.0,0.0,0.0,0.0,0.0,0.0,10.0,Department of Chemicals and Petrochemicals,Central Sector Schemes/Projects,1.0,25.65,0.0,25.65,56.73,0.0,56.73,54.73,0.0,54.73,51.5,0.0,51.5,0.0,0.0,0.0,0.0,0.0,0.0,0.0,0.0,0.0,0.0,,0.0,0.0,0.0,0.0,0.0,0.0,0.0,0.0,0.0,0.0,0.0,0.0
6,Statement 3,,0.0,0.0,0.0,0.0,0.0,0.0,0.0,0.0,0.0,0.0,0.0,0.0,2022-23,Statement 3 - Budget,0.0,0.0,0.0,0.0,0.0,0.0,0.0,0.0,0.0,10.0,Department of Chemicals and Petrochemicals,Establishment Expenditure of the Centre,2.0,17.94,0.0,17.94,20.97,0.0,20.97,19.73,0.0,19.73,21.35,0.0,21.35,0.0,0.0,0.0,0.0,0.0,0.0,0.0,0.0,0.0,0.0,,0.0,0.0,0.0,0.0,0.0,0.0,0.0,0.0,0.0,0.0,0.0,0.0
6,Statement 3,,0.0,0.0,0.0,0.0,0.0,0.0,0.0,0.0,0.0,0.0,0.0,0.0,2022-23,Statement 3 - Budget,0.0,0.0,0.0,0.0,0.0,0.0,0.0,0.0,0.0,10.0,Department of Chemicals and Petrochemicals,Other Central Sector Expenditure,3.0,175.54,0.0,175.54,151.94,0.0,151.94,132.37,0.0,132.37,134.82,0.0,134.82,0.0,0.0,0.0,0.0,0.0,0.0,0.0,0.0,0.0,0.0,,0.0,0.0,0.0,0.0,0.0,0.0,0.0,0.0,0.0,0.0,0.0,0.0
6,Statement 3,,0.0,0.0,0.0,0.0,0.0,0.0,0.0,0.0,0.0,0.0,0.0,0.0,2022-23,Statement 3 - Budget,0.0,0.0,0.0,0.0,0.0,0.0,0.0,0.0,0.0,10.0,Department of Chemicals and Petrochemicals,Other Grants/Loans/Transfers,4.0,0.0,73.7,73.7,0.0,3.5,3.5,0.0,2.17,2.17,0.0,1.33,1.33,0.0,0.0,0.0,0.0,0.0,0.0,0.0,0.0,0.0,0.0,,0.0,0.0,0.0,0.0,0.0,0.0,0.0,0.0,0.0,0.0,0.0,0.0
6,Statement 3,,0.0,0.0,0.0,0.0,0.0,0.0,0.0,0.0,0.0,0.0,0.0,0.0,2022-23,Statement 3 - Budget,0.0,0.0,0.0,0.0,0.0,0.0,0.0,0.0,0.0,10.0,Department of Fertilisers,Total Ministry/Department,0.0,127947.91,813.24,128761.15,79566.77,444.62,80011.39,140258.7,444.58,140703.28,105262.18,0.05,105262.23,0.0,0.0,0.0,0.0,0.0,0.0,0.0,0.0,0.0,0.0,,0.0,0.0,0.0,0.0,0.0,0.0,0.0,0.0,0.0,0.0,0.0,0.0
6,Statement 3,,0.0,0.0,0.0,0.0,0.0,0.0,0.0,0.0,0.0,0.0,0.0,0.0,2022-23,Statement 3 - Budget,0.0,0.0,0.0,0.0,0.0,0.0,0.0,0.0,0.0,10.0,Department of Fertilisers,Central Sector Schemes/Projects,1.0,127921.74,0.0,127921.74,79529.68,0.0,79529.68,140122.32,0.0,140122.32,105222.32,0.0,105222.32,0.0,0.0,0.0,0.0,0.0,0.0,0.0,0.0,0.0,0.0,,0.0,0.0,0.0,0.0,0.0,0.0,0.0,0.0,0.0,0.0,0.0,0.0
6,Statement 3,,0.0,0.0,0.0,0.0,0.0,0.0,0.0,0.0,0.0,0.0,0.0,0.0,2022-23,Statement 3 - Budget,0.0,0.0,0.0,0.0,0.0,0.0,0.0,0.0,0.0,10.0,Department of Fertilisers,Establishment Expenditure of the Centre,2.0,31.64,0.0,31.64,37.08,0.0,37.08,36.28,0.0,36.28,39.75,0.0,39.75,0.0,0.0,0.0,0.0,0.0,0.0,0.0,0.0,0.0,0.0,,0.0,0.0,0.0,0.0,0.0,0.0,0.0,0.0,0.0,0.0,0.0,0.0
6,Statement 3,,0.0,0.0,0.0,0.0,0.0,0.0,0.0,0.0,0.0,0.0,0.0,0.0,2022-23,Statement 3 - Budget,0.0,0.0,0.0,0.0,0.0,0.0,0.0,0.0,0.0,10.0,Department of Fertilisers,Other Central Sector Expenditure,3.0,-5.47,813.24,807.77,0.01,444.62,444.63,100.1,444.58,544.68,0.11,0.05,0.16,0.0,0.0,0.0,0.0,0.0,0.0,0.0,0.0,0.0,0.0,,0.0,0.0,0.0,0.0,0.0,0.0,0.0,0.0,0.0,0.0,0.0,0.0
6,Statement 3,,0.0,0.0,0.0,0.0,0.0,0.0,0.0,0.0,0.0,0.0,0.0,0.0,2022-23,Statement 3 - Budget,0.0,0.0,0.0,0.0,0.0,0.0,0.0,0.0,0.0,10.0,Department of Pharmaceuticals,Total Ministry/Department,0.0,448.86,7.15,456.01,461.29,9.12,470.41,674.99,148.12,823.11,2238.85,5.3,2244.15,0.0,0.0,0.0,0.0,0.0,0.0,0.0,0.0,0.0,0.0,,0.0,0.0,0.0,0.0,0.0,0.0,0.0,0.0,0.0,0.0,0.0,0.0
6,Statement 3,,0.0,0.0,0.0,0.0,0.0,0.0,0.0,0.0,0.0,0.0,0.0,0.0,2022-23,Statement 3 - Budget,0.0,0.0,0.0,0.0,0.0,0.0,0.0,0.0,0.0,10.0,Department of Pharmaceuticals,Central Sector Schemes/Projects,1.0,394.32,0.0,394.32,410.76,0.0,410.76,623.0,0.0,623.0,2157.5,0.0,2157.5,0.0,0.0,0.0,0.0,0.0,0.0,0.0,0.0,0.0,0.0,,0.0,0.0,0.0,0.0,0.0,0.0,0.0,0.0,0.0,0.0,0.0,0.0
7,Statement 3,,0.0,0.0,0.0,0.0,0.0,0.0,0.0,0.0,0.0,0.0,0.0,0.0,2022-23,Statement 3 - Budget,0.0,0.0,0.0,0.0,0.0,0.0,0.0,0.0,0.0,11.0,Department of Pharmaceuticals,Establishment Expenditure of the Centre,2.0,27.14,0.0,27.14,31.53,0.0,31.53,29.99,0.0,29.99,36.35,0.0,36.35,0.0,0.0,0.0,0.0,0.0,0.0,0.0,0.0,0.0,0.0,,0.0,0.0,0.0,0.0,0.0,0.0,0.0,0.0,0.0,0.0,0.0,0.0
7,Statement 3,,0.0,0.0,0.0,0.0,0.0,0.0,0.0,0.0,0.0,0.0,0.0,0.0,2022-23,Statement 3 - Budget,0.0,0.0,0.0,0.0,0.0,0.0,0.0,0.0,0.0,11.0,Department of Pharmaceuticals,Other Central Sector Expenditure,3.0,27.55,7.15,34.7,19.0,9.12,28.12,22.0,148.12,170.12,45.0,5.3,50.3,0.0,0.0,0.0,0.0,0.0,0.0,0.0,0.0,0.0,0.0,,0.0,0.0,0.0,0.0,0.0,0.0,0.0,0.0,0.0,0.0,0.0,0.0
7,Statement 3,,0.0,0.0,0.0,0.0,0.0,0.0,0.0,0.0,0.0,0.0,0.0,0.0,2022-23,Statement 3 - Budget,0.0,0.0,0.0,0.0,0.0,0.0,0.0,0.0,0.0,11.0,Department of Pharmaceuticals,Other Grants/Loans/Transfers,4.0,-0.15,0.0,-0.15,0.0,0.0,0.0,0.0,0.0,0.0,0.0,0.0,0.0,0.0,0.0,0.0,0.0,0.0,0.0,0.0,0.0,0.0,0.0,,0.0,0.0,0.0,0.0,0.0,0.0,0.0,0.0,0.0,0.0,0.0,0.0
7,Statement 3,,0.0,0.0,0.0,0.0,0.0,0.0,0.0,0.0,0.0,0.0,0.0,0.0,2022-23,Statement 3 - Budget,0.0,0.0,0.0,0.0,0.0,0.0,0.0,0.0,0.0,11.0,Ministry of Civil Aviation,Total Ministry/Department,0.0,4038.67,49.9,4088.57,3184.15,40.52,3224.67,6033.39,66618.61,72652.0,10590.54,76.46,10667.0,0.0,0.0,0.0,0.0,0.0,0.0,0.0,0.0,0.0,0.0,,0.0,0.0,0.0,0.0,0.0,0.0,0.0,0.0,0.0,0.0,0.0,0.0
7,Statement 3,,0.0,0.0,0.0,0.0,0.0,0.0,0.0,0.0,0.0,0.0,0.0,0.0,2022-23,Statement 3 - Budget,0.0,0.0,0.0,0.0,0.0,0.0,0.0,0.0,0.0,11.0,Ministry of Civil Aviation,Central Sector Schemes/Projects,1.0,3693.58,0.0,3693.58,2869.0,0.0,2869.0,3391.31,0.0,3391.31,9899.95,0.0,9899.95,0.0,0.0,0.0,0.0,0.0,0.0,0.0,0.0,0.0,0.0,,0.0,0.0,0.0,0.0,0.0,0.0,0.0,0.0,0.0,0.0,0.0,0.0
7,Statement 3,,0.0,0.0,0.0,0.0,0.0,0.0,0.0,0.0,0.0,0.0,0.0,0.0,2022-23,Statement 3 - Budget,0.0,0.0,0.0,0.0,0.0,0.0,0.0,0.0,0.0,11.0,Ministry of Civil Aviation,Establishment Expenditure of the Centre,2.0,279.48,49.9,329.38,284.64,40.51,325.15,476.75,61.6,538.35,512.57,76.45,589.02,0.0,0.0,0.0,0.0,0.0,0.0,0.0,0.0,0.0,0.0,,0.0,0.0,0.0,0.0,0.0,0.0,0.0,0.0,0.0,0.0,0.0,0.0
7,Statement 3,,0.0,0.0,0.0,0.0,0.0,0.0,0.0,0.0,0.0,0.0,0.0,0.0,2022-23,Statement 3 - Budget,0.0,0.0,0.0,0.0,0.0,0.0,0.0,0.0,0.0,11.0,Ministry of Civil Aviation,Other Central Sector Expenditure,3.0,65.61,0.0,65.61,30.51,0.01,30.52,2165.33,66557.01,68722.34,178.02,0.01,178.03,0.0,0.0,0.0,0.0,0.0,0.0,0.0,0.0,0.0,0.0,,0.0,0.0,0.0,0.0,0.0,0.0,0.0,0.0,0.0,0.0,0.0,0.0
7,Statement 3,,0.0,0.0,0.0,0.0,0.0,0.0,0.0,0.0,0.0,0.0,0.0,0.0,2022-23,Statement 3 - Budget,0.0,0.0,0.0,0.0,0.0,0.0,0.0,0.0,0.0,11.0,Ministry of Coal,Total Ministry/Department,0.0,571.64,0.0,571.64,534.88,0.0,534.88,644.09,0.0,644.09,393.24,0.0,393.24,0.0,0.0,0.0,0.0,0.0,0.0,0.0,0.0,0.0,0.0,,0.0,0.0,0.0,0.0,0.0,0.0,0.0,0.0,0.0,0.0,0.0,0.0
7,Statement 3,,0.0,0.0,0.0,0.0,0.0,0.0,0.0,0.0,0.0,0.0,0.0,0.0,2022-23,Statement 3 - Budget,0.0,0.0,0.0,0.0,0.0,0.0,0.0,0.0,0.0,11.0,Ministry of Coal,Central Sector Schemes/Projects,1.0,504.35,0.0,504.35,419.98,0.0,419.98,552.03,0.0,552.03,314.54,0.0,314.54,0.0,0.0,0.0,0.0,0.0,0.0,0.0,0.0,0.0,0.0,,0.0,0.0,0.0,0.0,0.0,0.0,0.0,0.0,0.0,0.0,0.0,0.0
7,Statement 3,,0.0,0.0,0.0,0.0,0.0,0.0,0.0,0.0,0.0,0.0,0.0,0.0,2022-23,Statement 3 - Budget,0.0,0.0,0.0,0.0,0.0,0.0,0.0,0.0,0.0,11.0,Ministry of Coal,Establishment Expenditure of the Centre,2.0,44.94,0.0,44.94,61.7,0.0,61.7,62.45,0.0,62.45,65.74,0.0,65.74,0.0,0.0,0.0,0.0,0.0,0.0,0.0,0.0,0.0,0.0,,0.0,0.0,0.0,0.0,0.0,0.0,0.0,0.0,0.0,0.0,0.0,0.0
7,Statement 3,,0.0,0.0,0.0,0.0,0.0,0.0,0.0,0.0,0.0,0.0,0.0,0.0,2022-23,Statement 3 - Budget,0.0,0.0,0.0,0.0,0.0,0.0,0.0,0.0,0.0,11.0,Ministry of Coal,Other Central Sector Expenditure,3.0,22.35,0.0,22.35,53.2,0.0,53.2,29.61,0.0,29.61,12.96,0.0,12.96,0.0,0.0,0.0,0.0,0.0,0.0,0.0,0.0,0.0,0.0,,0.0,0.0,0.0,0.0,0.0,0.0,0.0,0.0,0.0,0.0,0.0,0.0
7,Statement 3,,0.0,0.0,0.0,0.0,0.0,0.0,0.0,0.0,0.0,0.0,0.0,0.0,2022-23,Statement 3 - Budget,0.0,0.0,0.0,0.0,0.0,0.0,0.0,0.0,0.0,11.0,Department of Commerce,Total Ministry/Department,0.0,2735.03,420.94,3155.97,4699.01,287.0,4986.01,6554.0,867.0,7421.0,5673.0,400.0,6073.0,0.0,0.0,0.0,0.0,0.0,0.0,0.0,0.0,0.0,0.0,,0.0,0.0,0.0,0.0,0.0,0.0,0.0,0.0,0.0,0.0,0.0,0.0
7,Statement 3,,0.0,0.0,0.0,0.0,0.0,0.0,0.0,0.0,0.0,0.0,0.0,0.0,2022-23,Statement 3 - Budget,0.0,0.0,0.0,0.0,0.0,0.0,0.0,0.0,0.0,11.0,Department of Commerce,Central Sector Schemes/Projects,1.0,3356.97,390.0,3746.97,3887.02,260.0,4147.02,5806.93,840.0,6646.93,4809.4,400.0,5209.4,0.0,0.0,0.0,0.0,0.0,0.0,0.0,0.0,0.0,0.0,,0.0,0.0,0.0,0.0,0.0,0.0,0.0,0.0,0.0,0.0,0.0,0.0
7,Statement 3,,0.0,0.0,0.0,0.0,0.0,0.0,0.0,0.0,0.0,0.0,0.0,0.0,2022-23,Statement 3 - Budget,0.0,0.0,0.0,0.0,0.0,0.0,0.0,0.0,0.0,11.0,Department of Commerce,Establishment Expenditure of the Centre,2.0,734.45,37.0,771.45,741.65,27.0,768.65,728.93,27.0,755.93,805.87,0.0,805.87,0.0,0.0,0.0,0.0,0.0,0.0,0.0,0.0,0.0,0.0,,0.0,0.0,0.0,0.0,0.0,0.0,0.0,0.0,0.0,0.0,0.0,0.0
7,Statement 3,,0.0,0.0,0.0,0.0,0.0,0.0,0.0,0.0,0.0,0.0,0.0,0.0,2022-23,Statement 3 - Budget,0.0,0.0,0.0,0.0,0.0,0.0,0.0,0.0,0.0,11.0,Department of Commerce,Other Central Sector Expenditure,3.0,-1356.39,-6.06,-1362.45,70.34,0.0,70.34,18.14,0.0,18.14,57.73,0.0,57.73,0.0,0.0,0.0,0.0,0.0,0.0,0.0,0.0,0.0,0.0,,0.0,0.0,0.0,0.0,0.0,0.0,0.0,0.0,0.0,0.0,0.0,0.0
7,Statement 3,,0.0,0.0,0.0,0.0,0.0,0.0,0.0,0.0,0.0,0.0,0.0,0.0,2022-23,Statement 3 - Budget,0.0,0.0,0.0,0.0,0.0,0.0,0.0,0.0,0.0,11.0,Department for Promotion of Industry and Internal Trade,Total Ministry/Department,0.0,6731.19,797.35,7528.54,6570.66,1211.58,7782.24,6696.42,1685.58,8382.0,7048.0,1300.0,8348.0,0.0,0.0,0.0,0.0,0.0,0.0,0.0,0.0,0.0,0.0,,0.0,0.0,0.0,0.0,0.0,0.0,0.0,0.0,0.0,0.0,0.0,0.0
7,Statement 3,,0.0,0.0,0.0,0.0,0.0,0.0,0.0,0.0,0.0,0.0,0.0,0.0,2022-23,Statement 3 - Budget,0.0,0.0,0.0,0.0,0.0,0.0,0.0,0.0,0.0,11.0,Department for Promotion of Industry and Internal Trade,Central Sector Schemes/Projects,1.0,6256.94,777.4,7034.34,5960.44,1201.58,7162.02,6092.22,1675.58,7767.8,6406.89,1283.5,7690.39,0.0,0.0,0.0,0.0,0.0,0.0,0.0,0.0,0.0,0.0,,0.0,0.0,0.0,0.0,0.0,0.0,0.0,0.0,0.0,0.0,0.0,0.0
7,Statement 3,,0.0,0.0,0.0,0.0,0.0,0.0,0.0,0.0,0.0,0.0,0.0,0.0,2022-23,Statement 3 - Budget,0.0,0.0,0.0,0.0,0.0,0.0,0.0,0.0,0.0,11.0,Department for Promotion of Industry and Internal Trade,Establishment Expenditure of the Centre,2.0,374.33,19.95,394.28,415.82,10.0,425.82,423.98,10.0,433.98,435.5,16.5,452.0,0.0,0.0,0.0,0.0,0.0,0.0,0.0,0.0,0.0,0.0,,0.0,0.0,0.0,0.0,0.0,0.0,0.0,0.0,0.0,0.0,0.0,0.0
7,Statement 3,,0.0,0.0,0.0,0.0,0.0,0.0,0.0,0.0,0.0,0.0,0.0,0.0,2022-23,Statement 3 - Budget,0.0,0.0,0.0,0.0,0.0,0.0,0.0,0.0,0.0,11.0,Department for Promotion of Industry and Internal Trade,Other Central Sector Expenditure,3.0,99.92,0.0,99.92,194.4,0.0,194.4,180.22,0.0,180.22,205.61,0.0,205.61,0.0,0.0,0.0,0.0,0.0,0.0,0.0,0.0,0.0,0.0,,0.0,0.0,0.0,0.0,0.0,0.0,0.0,0.0,0.0,0.0,0.0,0.0
7,Statement 3,,0.0,0.0,0.0,0.0,0.0,0.0,0.0,0.0,0.0,0.0,0.0,0.0,2022-23,Statement 3 - Budget,0.0,0.0,0.0,0.0,0.0,0.0,0.0,0.0,0.0,11.0,Department of Posts,Total Ministry/Department,0.0,17695.3,897.42,18592.72,15618.13,910.09,16528.22,18034.54,932.33,18966.87,19931.4,888.62,20820.02,0.0,0.0,0.0,0.0,0.0,0.0,0.0,0.0,0.0,0.0,,0.0,0.0,0.0,0.0,0.0,0.0,0.0,0.0,0.0,0.0,0.0,0.0
7,Statement 3,,0.0,0.0,0.0,0.0,0.0,0.0,0.0,0.0,0.0,0.0,0.0,0.0,2022-23,Statement 3 - Budget,0.0,0.0,0.0,0.0,0.0,0.0,0.0,0.0,0.0,11.0,Department of Posts,Central Sector Schemes/Projects,1.0,379.95,886.26,1266.21,358.88,895.09,1253.97,322.64,914.33,1236.97,384.88,870.62,1255.5,0.0,0.0,0.0,0.0,0.0,0.0,0.0,0.0,0.0,0.0,,0.0,0.0,0.0,0.0,0.0,0.0,0.0,0.0,0.0,0.0,0.0,0.0
7,Statement 3,,0.0,0.0,0.0,0.0,0.0,0.0,0.0,0.0,0.0,0.0,0.0,0.0,2022-23,Statement 3 - Budget,0.0,0.0,0.0,0.0,0.0,0.0,0.0,0.0,0.0,11.0,Department of Posts,Establishment Expenditure of the Centre,2.0,17315.35,11.16,17326.51,15259.25,15.0,15274.25,17711.9,18.0,17729.9,19546.52,18.0,19564.52,0.0,0.0,0.0,0.0,0.0,0.0,0.0,0.0,0.0,0.0,,0.0,0.0,0.0,0.0,0.0,0.0,0.0,0.0,0.0,0.0,0.0,0.0
7,Statement 3,,0.0,0.0,0.0,0.0,0.0,0.0,0.0,0.0,0.0,0.0,0.0,0.0,2022-23,Statement 3 - Budget,0.0,0.0,0.0,0.0,0.0,0.0,0.0,0.0,0.0,11.0,Department of Telecommunications,Total Ministry/Department,0.0,37954.09,4356.11,42310.2,32803.44,25933.56,58737.0,30080.04,5470.17,35550.21,30436.38,54150.42,84586.8,0.0,0.0,0.0,0.0,0.0,0.0,0.0,0.0,0.0,0.0,,0.0,0.0,0.0,0.0,0.0,0.0,0.0,0.0,0.0,0.0,0.0,0.0
7,Statement 3,,0.0,0.0,0.0,0.0,0.0,0.0,0.0,0.0,0.0,0.0,0.0,0.0,2022-23,Statement 3 - Budget,0.0,0.0,0.0,0.0,0.0,0.0,0.0,0.0,0.0,11.0,Department of Telecommunications,Central Sector Schemes/Projects,1.0,7258.66,4138.11,11396.77,9098.02,5333.56,14431.58,8371.75,5245.17,13616.92,2611.18,9066.82,11678.0,0.0,0.0,0.0,0.0,0.0,0.0,0.0,0.0,0.0,0.0,,0.0,0.0,0.0,0.0,0.0,0.0,0.0,0.0,0.0,0.0,0.0,0.0
7,Statement 3,,0.0,0.0,0.0,0.0,0.0,0.0,0.0,0.0,0.0,0.0,0.0,0.0,2022-23,Statement 3 - Budget,0.0,0.0,0.0,0.0,0.0,0.0,0.0,0.0,0.0,11.0,Department of Telecommunications,Establishment Expenditure of the Centre,2.0,15702.69,113.0,15815.69,16262.5,110.0,16372.5,17364.72,145.0,17509.72,20042.92,163.6,20206.52,0.0,0.0,0.0,0.0,0.0,0.0,0.0,0.0,0.0,0.0,,0.0,0.0,0.0,0.0,0.0,0.0,0.0,0.0,0.0,0.0,0.0,0.0
7,Statement 3,,0.0,0.0,0.0,0.0,0.0,0.0,0.0,0.0,0.0,0.0,0.0,0.0,2022-23,Statement 3 - Budget,0.0,0.0,0.0,0.0,0.0,0.0,0.0,0.0,0.0,11.0,Department of Telecommunications,Other Central Sector Expenditure,3.0,14992.74,105.0,15097.74,7442.92,20490.0,27932.92,4343.57,80.0,4423.57,7782.28,44920.0,52702.28,0.0,0.0,0.0,0.0,0.0,0.0,0.0,0.0,0.0,0.0,,0.0,0.0,0.0,0.0,0.0,0.0,0.0,0.0,0.0,0.0,0.0,0.0
7,Statement 3,,0.0,0.0,0.0,0.0,0.0,0.0,0.0,0.0,0.0,0.0,0.0,0.0,2022-23,Statement 3 - Budget,0.0,0.0,0.0,0.0,0.0,0.0,0.0,0.0,0.0,11.0,Department of Consumer Affairs,Total Ministry/Department,0.0,11332.1,33.37,11365.47,2928.05,46.05,2974.1,2434.23,19.41,2453.64,1705.03,19.85,1724.88,0.0,0.0,0.0,0.0,0.0,0.0,0.0,0.0,0.0,0.0,,0.0,0.0,0.0,0.0,0.0,0.0,0.0,0.0,0.0,0.0,0.0,0.0
7,Statement 3,,0.0,0.0,0.0,0.0,0.0,0.0,0.0,0.0,0.0,0.0,0.0,0.0,2022-23,Statement 3 - Budget,0.0,0.0,0.0,0.0,0.0,0.0,0.0,0.0,0.0,11.0,Department of Consumer Affairs,Central Sector Schemes/Projects,1.0,11239.36,33.37,11272.73,2824.45,46.05,2870.5,2328.84,19.41,2348.25,1579.15,19.85,1599.0,0.0,0.0,0.0,0.0,0.0,0.0,0.0,0.0,0.0,0.0,,0.0,0.0,0.0,0.0,0.0,0.0,0.0,0.0,0.0,0.0,0.0,0.0
7,Statement 3,,0.0,0.0,0.0,0.0,0.0,0.0,0.0,0.0,0.0,0.0,0.0,0.0,2022-23,Statement 3 - Budget,0.0,0.0,0.0,0.0,0.0,0.0,0.0,0.0,0.0,11.0,Department of Consumer Affairs,Establishment Expenditure of the Centre,2.0,92.74,0.0,92.74,103.6,0.0,103.6,105.39,0.0,105.39,125.88,0.0,125.88,0.0,0.0,0.0,0.0,0.0,0.0,0.0,0.0,0.0,0.0,,0.0,0.0,0.0,0.0,0.0,0.0,0.0,0.0,0.0,0.0,0.0,0.0
7,Statement 3,,0.0,0.0,0.0,0.0,0.0,0.0,0.0,0.0,0.0,0.0,0.0,0.0,2022-23,Statement 3 - Budget,0.0,0.0,0.0,0.0,0.0,0.0,0.0,0.0,0.0,11.0,Department of Food and Public Distribution,Total Ministry/Department,0.0,554243.35,1188.35,555431.7,251248.34,2725.96,253974.3,299363.35,2636.65,302000.0,213929.91,2029.67,215959.58,0.0,0.0,0.0,0.0,0.0,0.0,0.0,0.0,0.0,0.0,,0.0,0.0,0.0,0.0,0.0,0.0,0.0,0.0,0.0,0.0,0.0,0.0
7,Statement 3,,0.0,0.0,0.0,0.0,0.0,0.0,0.0,0.0,0.0,0.0,0.0,0.0,2022-23,Statement 3 - Budget,0.0,0.0,0.0,0.0,0.0,0.0,0.0,0.0,0.0,11.0,Department of Food and Public Distribution,Central Sector Schemes/Projects,1.0,554134.72,184.53,554319.25,251045.96,220.21,251266.17,299223.5,131.1,299354.6,207192.29,98.81,207291.1,0.0,0.0,0.0,0.0,0.0,0.0,0.0,0.0,0.0,0.0,,0.0,0.0,0.0,0.0,0.0,0.0,0.0,0.0,0.0,0.0,0.0,0.0
8,Statement 3,,0.0,0.0,0.0,0.0,0.0,0.0,0.0,0.0,0.0,0.0,0.0,0.0,2022-23,Statement 3 - Budget,0.0,0.0,0.0,0.0,0.0,0.0,0.0,0.0,0.0,12.0,Department of Food and Public Distribution,Centrally Sponsored Schemes,2.0,2.35,0.0,2.35,70.0,0.0,70.0,9.05,0.0,9.05,6582.13,0.0,6582.13,0.0,0.0,0.0,0.0,0.0,0.0,0.0,0.0,0.0,0.0,,0.0,0.0,0.0,0.0,0.0,0.0,0.0,0.0,0.0,0.0,0.0,0.0
8,Statement 3,,0.0,0.0,0.0,0.0,0.0,0.0,0.0,0.0,0.0,0.0,0.0,0.0,2022-23,Statement 3 - Budget,0.0,0.0,0.0,0.0,0.0,0.0,0.0,0.0,0.0,12.0,Department of Food and Public Distribution,Establishment Expenditure of the Centre,3.0,97.03,3.82,100.85,117.55,5.75,123.3,114.24,5.55,119.79,133.07,30.86,163.93,0.0,0.0,0.0,0.0,0.0,0.0,0.0,0.0,0.0,0.0,,0.0,0.0,0.0,0.0,0.0,0.0,0.0,0.0,0.0,0.0,0.0,0.0
8,Statement 3,,0.0,0.0,0.0,0.0,0.0,0.0,0.0,0.0,0.0,0.0,0.0,0.0,2022-23,Statement 3 - Budget,0.0,0.0,0.0,0.0,0.0,0.0,0.0,0.0,0.0,12.0,Department of Food and Public Distribution,Other Central Sector Expenditure,4.0,9.25,1000.0,1009.25,14.83,2500.0,2514.83,16.56,2500.0,2516.56,22.42,1900.0,1922.42,0.0,0.0,0.0,0.0,0.0,0.0,0.0,0.0,0.0,0.0,,0.0,0.0,0.0,0.0,0.0,0.0,0.0,0.0,0.0,0.0,0.0,0.0
8,Statement 3,,0.0,0.0,0.0,0.0,0.0,0.0,0.0,0.0,0.0,0.0,0.0,0.0,2022-23,Statement 3 - Budget,0.0,0.0,0.0,0.0,0.0,0.0,0.0,0.0,0.0,12.0,Ministry of Cooperation,Total Ministry/Department,0.0,0.0,0.0,0.0,0.0,0.0,0.0,0.0,0.0,0.0,889.0,11.0,900.0,0.0,0.0,0.0,0.0,0.0,0.0,0.0,0.0,0.0,0.0,,0.0,0.0,0.0,0.0,0.0,0.0,0.0,0.0,0.0,0.0,0.0,0.0
8,Statement 3,,0.0,0.0,0.0,0.0,0.0,0.0,0.0,0.0,0.0,0.0,0.0,0.0,2022-23,Statement 3 - Budget,0.0,0.0,0.0,0.0,0.0,0.0,0.0,0.0,0.0,12.0,Ministry of Cooperation,Central Sector Schemes/Projects,1.0,0.0,0.0,0.0,0.0,0.0,0.0,0.0,0.0,0.0,106.0,0.0,106.0,0.0,0.0,0.0,0.0,0.0,0.0,0.0,0.0,0.0,0.0,,0.0,0.0,0.0,0.0,0.0,0.0,0.0,0.0,0.0,0.0,0.0,0.0
8,Statement 3,,0.0,0.0,0.0,0.0,0.0,0.0,0.0,0.0,0.0,0.0,0.0,0.0,2022-23,Statement 3 - Budget,0.0,0.0,0.0,0.0,0.0,0.0,0.0,0.0,0.0,12.0,Ministry of Cooperation,Centrally Sponsored Schemes,2.0,0.0,0.0,0.0,0.0,0.0,0.0,0.0,0.0,0.0,624.0,0.0,624.0,0.0,0.0,0.0,0.0,0.0,0.0,0.0,0.0,0.0,0.0,,0.0,0.0,0.0,0.0,0.0,0.0,0.0,0.0,0.0,0.0,0.0,0.0
8,Statement 3,,0.0,0.0,0.0,0.0,0.0,0.0,0.0,0.0,0.0,0.0,0.0,0.0,2022-23,Statement 3 - Budget,0.0,0.0,0.0,0.0,0.0,0.0,0.0,0.0,0.0,12.0,Ministry of Cooperation,Establishment Expenditure of the Centre,3.0,0.0,0.0,0.0,0.0,0.0,0.0,0.0,0.0,0.0,109.0,11.0,120.0,0.0,0.0,0.0,0.0,0.0,0.0,0.0,0.0,0.0,0.0,,0.0,0.0,0.0,0.0,0.0,0.0,0.0,0.0,0.0,0.0,0.0,0.0
8,Statement 3,,0.0,0.0,0.0,0.0,0.0,0.0,0.0,0.0,0.0,0.0,0.0,0.0,2022-23,Statement 3 - Budget,0.0,0.0,0.0,0.0,0.0,0.0,0.0,0.0,0.0,12.0,Ministry of Cooperation,Other Central Sector Expenditure,4.0,0.0,0.0,0.0,0.0,0.0,0.0,0.0,0.0,0.0,50.0,0.0,50.0,0.0,0.0,0.0,0.0,0.0,0.0,0.0,0.0,0.0,0.0,,0.0,0.0,0.0,0.0,0.0,0.0,0.0,0.0,0.0,0.0,0.0,0.0
8,Statement 3,,0.0,0.0,0.0,0.0,0.0,0.0,0.0,0.0,0.0,0.0,0.0,0.0,2022-23,Statement 3 - Budget,0.0,0.0,0.0,0.0,0.0,0.0,0.0,0.0,0.0,12.0,Ministry of Corporate Affairs,Total Ministry/Department,0.0,619.21,33.37,652.58,661.13,51.0,712.13,619.45,40.3,659.75,692.52,40.5,733.02,0.0,0.0,0.0,0.0,0.0,0.0,0.0,0.0,0.0,0.0,,0.0,0.0,0.0,0.0,0.0,0.0,0.0,0.0,0.0,0.0,0.0,0.0
8,Statement 3,,0.0,0.0,0.0,0.0,0.0,0.0,0.0,0.0,0.0,0.0,0.0,0.0,2022-23,Statement 3 - Budget,0.0,0.0,0.0,0.0,0.0,0.0,0.0,0.0,0.0,12.0,Ministry of Corporate Affairs,Central Sector Schemes/Projects,1.0,4.53,0.06,4.59,10.5,1.0,11.5,5.16,0.3,5.46,5.68,0.5,6.18,0.0,0.0,0.0,0.0,0.0,0.0,0.0,0.0,0.0,0.0,,0.0,0.0,0.0,0.0,0.0,0.0,0.0,0.0,0.0,0.0,0.0,0.0
8,Statement 3,,0.0,0.0,0.0,0.0,0.0,0.0,0.0,0.0,0.0,0.0,0.0,0.0,2022-23,Statement 3 - Budget,0.0,0.0,0.0,0.0,0.0,0.0,0.0,0.0,0.0,12.0,Ministry of Corporate Affairs,Establishment Expenditure of the Centre,2.0,539.3,0.0,539.3,565.63,0.0,565.63,540.29,0.0,540.29,582.82,0.0,582.82,0.0,0.0,0.0,0.0,0.0,0.0,0.0,0.0,0.0,0.0,,0.0,0.0,0.0,0.0,0.0,0.0,0.0,0.0,0.0,0.0,0.0,0.0
8,Statement 3,,0.0,0.0,0.0,0.0,0.0,0.0,0.0,0.0,0.0,0.0,0.0,0.0,2022-23,Statement 3 - Budget,0.0,0.0,0.0,0.0,0.0,0.0,0.0,0.0,0.0,12.0,Ministry of Corporate Affairs,Other Central Sector Expenditure,3.0,75.38,33.31,108.69,85.0,50.0,135.0,74.0,40.0,114.0,104.02,40.0,144.02,0.0,0.0,0.0,0.0,0.0,0.0,0.0,0.0,0.0,0.0,,0.0,0.0,0.0,0.0,0.0,0.0,0.0,0.0,0.0,0.0,0.0,0.0
8,Statement 3,,0.0,0.0,0.0,0.0,0.0,0.0,0.0,0.0,0.0,0.0,0.0,0.0,2022-23,Statement 3 - Budget,0.0,0.0,0.0,0.0,0.0,0.0,0.0,0.0,0.0,12.0,Ministry of Culture,Total Ministry/Department,0.0,2114.97,20.21,2135.18,2609.23,78.76,2687.99,2609.23,55.77,2665.0,2920.89,88.16,3009.05,0.0,0.0,0.0,0.0,0.0,0.0,0.0,0.0,0.0,0.0,,0.0,0.0,0.0,0.0,0.0,0.0,0.0,0.0,0.0,0.0,0.0,0.0
8,Statement 3,,0.0,0.0,0.0,0.0,0.0,0.0,0.0,0.0,0.0,0.0,0.0,0.0,2022-23,Statement 3 - Budget,0.0,0.0,0.0,0.0,0.0,0.0,0.0,0.0,0.0,12.0,Ministry of Culture,Central Sector Schemes/Projects,1.0,344.67,0.0,344.67,454.2,1.0,455.2,486.33,1.0,487.33,531.55,1.0,532.55,0.0,0.0,0.0,0.0,0.0,0.0,0.0,0.0,0.0,0.0,,0.0,0.0,0.0,0.0,0.0,0.0,0.0,0.0,0.0,0.0,0.0,0.0
8,Statement 3,,0.0,0.0,0.0,0.0,0.0,0.0,0.0,0.0,0.0,0.0,0.0,0.0,2022-23,Statement 3 - Budget,0.0,0.0,0.0,0.0,0.0,0.0,0.0,0.0,0.0,12.0,Ministry of Culture,Establishment Expenditure of the Centre,2.0,1072.28,20.21,1092.49,1271.9,77.76,1349.66,1221.69,54.77,1276.46,1366.01,87.16,1453.17,0.0,0.0,0.0,0.0,0.0,0.0,0.0,0.0,0.0,0.0,,0.0,0.0,0.0,0.0,0.0,0.0,0.0,0.0,0.0,0.0,0.0,0.0
8,Statement 3,,0.0,0.0,0.0,0.0,0.0,0.0,0.0,0.0,0.0,0.0,0.0,0.0,2022-23,Statement 3 - Budget,0.0,0.0,0.0,0.0,0.0,0.0,0.0,0.0,0.0,12.0,Ministry of Culture,Other Central Sector Expenditure,3.0,698.02,0.0,698.02,883.13,0.0,883.13,901.21,0.0,901.21,1023.33,0.0,1023.33,0.0,0.0,0.0,0.0,0.0,0.0,0.0,0.0,0.0,0.0,,0.0,0.0,0.0,0.0,0.0,0.0,0.0,0.0,0.0,0.0,0.0,0.0
8,Statement 3,,0.0,0.0,0.0,0.0,0.0,0.0,0.0,0.0,0.0,0.0,0.0,0.0,2022-23,Statement 3 - Budget,0.0,0.0,0.0,0.0,0.0,0.0,0.0,0.0,0.0,12.0,Ministry of Defence (Civil),Total Ministry/Department,0.0,11901.27,5619.99,17521.26,10083.93,5173.41,15257.34,10659.37,6928.04,17587.41,12050.01,8049.99,20100.0,0.0,0.0,0.0,0.0,0.0,0.0,0.0,0.0,0.0,0.0,,0.0,0.0,0.0,0.0,0.0,0.0,0.0,0.0,0.0,0.0,0.0,0.0
8,Statement 3,,0.0,0.0,0.0,0.0,0.0,0.0,0.0,0.0,0.0,0.0,0.0,0.0,2022-23,Statement 3 - Budget,0.0,0.0,0.0,0.0,0.0,0.0,0.0,0.0,0.0,12.0,Ministry of Defence (Civil),Central Sector Schemes/Projects,1.0,1003.82,3104.28,4108.1,850.0,2500.0,3350.0,895.0,3500.0,4395.0,1055.0,3500.0,4555.0,0.0,0.0,0.0,0.0,0.0,0.0,0.0,0.0,0.0,0.0,,0.0,0.0,0.0,0.0,0.0,0.0,0.0,0.0,0.0,0.0,0.0,0.0
8,Statement 3,,0.0,0.0,0.0,0.0,0.0,0.0,0.0,0.0,0.0,0.0,0.0,0.0,2022-23,Statement 3 - Budget,0.0,0.0,0.0,0.0,0.0,0.0,0.0,0.0,0.0,12.0,Ministry of Defence (Civil),Establishment Expenditure of the Centre,2.0,9118.29,2503.21,11621.5,9281.93,2650.0,11931.93,10207.99,3236.46,13444.45,11135.07,4246.37,15381.44,0.0,0.0,0.0,0.0,0.0,0.0,0.0,0.0,0.0,0.0,,0.0,0.0,0.0,0.0,0.0,0.0,0.0,0.0,0.0,0.0,0.0,0.0
8,Statement 3,,0.0,0.0,0.0,0.0,0.0,0.0,0.0,0.0,0.0,0.0,0.0,0.0,2022-23,Statement 3 - Budget,0.0,0.0,0.0,0.0,0.0,0.0,0.0,0.0,0.0,12.0,Ministry of Defence (Civil),Other Central Sector Expenditure,3.0,1779.16,12.5,1791.66,-48.0,23.41,-24.59,-443.62,191.58,-252.04,-140.06,303.62,163.56,0.0,0.0,0.0,0.0,0.0,0.0,0.0,0.0,0.0,0.0,,0.0,0.0,0.0,0.0,0.0,0.0,0.0,0.0,0.0,0.0,0.0,0.0
8,Statement 3,,0.0,0.0,0.0,0.0,0.0,0.0,0.0,0.0,0.0,0.0,0.0,0.0,2022-23,Statement 3 - Budget,0.0,0.0,0.0,0.0,0.0,0.0,0.0,0.0,0.0,12.0,Defence Services (Revenue),Total Ministry/Department,0.0,205788.59,0.0,205788.59,212027.56,0.0,212027.56,229567.23,0.0,229567.23,233000.54,0.0,233000.54,0.0,0.0,0.0,0.0,0.0,0.0,0.0,0.0,0.0,0.0,,0.0,0.0,0.0,0.0,0.0,0.0,0.0,0.0,0.0,0.0,0.0,0.0
8,Statement 3,,0.0,0.0,0.0,0.0,0.0,0.0,0.0,0.0,0.0,0.0,0.0,0.0,2022-23,Statement 3 - Budget,0.0,0.0,0.0,0.0,0.0,0.0,0.0,0.0,0.0,12.0,Defence Services (Revenue),Establishment Expenditure of the Centre,1.0,205788.59,0.0,205788.59,212027.56,0.0,212027.56,229567.23,0.0,229567.23,233000.54,0.0,233000.54,0.0,0.0,0.0,0.0,0.0,0.0,0.0,0.0,0.0,0.0,,0.0,0.0,0.0,0.0,0.0,0.0,0.0,0.0,0.0,0.0,0.0,0.0
8,Statement 3,,0.0,0.0,0.0,0.0,0.0,0.0,0.0,0.0,0.0,0.0,0.0,0.0,2022-23,Statement 3 - Budget,0.0,0.0,0.0,0.0,0.0,0.0,0.0,0.0,0.0,12.0,Capital Outlay on Defence Services,Total Ministry/Department,0.0,0.0,134304.92,134304.92,0.0,135060.72,135060.72,0.0,138850.9,138850.9,0.0,152369.61,152369.61,0.0,0.0,0.0,0.0,0.0,0.0,0.0,0.0,0.0,0.0,,0.0,0.0,0.0,0.0,0.0,0.0,0.0,0.0,0.0,0.0,0.0,0.0
8,Statement 3,,0.0,0.0,0.0,0.0,0.0,0.0,0.0,0.0,0.0,0.0,0.0,0.0,2022-23,Statement 3 - Budget,0.0,0.0,0.0,0.0,0.0,0.0,0.0,0.0,0.0,12.0,Capital Outlay on Defence Services,Central Sector Schemes/Projects,1.0,0.0,134304.92,134304.92,0.0,135060.72,135060.72,0.0,138850.9,138850.9,0.0,152369.61,152369.61,0.0,0.0,0.0,0.0,0.0,0.0,0.0,0.0,0.0,0.0,,0.0,0.0,0.0,0.0,0.0,0.0,0.0,0.0,0.0,0.0,0.0,0.0
8,Statement 3,,0.0,0.0,0.0,0.0,0.0,0.0,0.0,0.0,0.0,0.0,0.0,0.0,2022-23,Statement 3 - Budget,0.0,0.0,0.0,0.0,0.0,0.0,0.0,0.0,0.0,12.0,Defence Pensions,Total Ministry/Department,0.0,128065.77,0.0,128065.77,115850.0,0.0,115850.0,116878.0,0.0,116878.0,119696.0,0.0,119696.0,0.0,0.0,0.0,0.0,0.0,0.0,0.0,0.0,0.0,0.0,,0.0,0.0,0.0,0.0,0.0,0.0,0.0,0.0,0.0,0.0,0.0,0.0
8,Statement 3,,0.0,0.0,0.0,0.0,0.0,0.0,0.0,0.0,0.0,0.0,0.0,0.0,2022-23,Statement 3 - Budget,0.0,0.0,0.0,0.0,0.0,0.0,0.0,0.0,0.0,12.0,Defence Pensions,Establishment Expenditure of the Centre,1.0,128065.77,0.0,128065.77,115850.0,0.0,115850.0,116878.0,0.0,116878.0,119696.0,0.0,119696.0,0.0,0.0,0.0,0.0,0.0,0.0,0.0,0.0,0.0,0.0,,0.0,0.0,0.0,0.0,0.0,0.0,0.0,0.0,0.0,0.0,0.0,0.0
8,Statement 3,,0.0,0.0,0.0,0.0,0.0,0.0,0.0,0.0,0.0,0.0,0.0,0.0,2022-23,Statement 3 - Budget,0.0,0.0,0.0,0.0,0.0,0.0,0.0,0.0,0.0,12.0,Ministry of Development of North Eastern Region,Total Ministry/Department,0.0,1531.31,322.35,1853.66,2031.51,626.49,2658.0,2021.51,636.49,2658.0,2140.04,659.96,2800.0,0.0,0.0,0.0,0.0,0.0,0.0,0.0,0.0,0.0,0.0,,0.0,0.0,0.0,0.0,0.0,0.0,0.0,0.0,0.0,0.0,0.0,0.0
8,Statement 3,,0.0,0.0,0.0,0.0,0.0,0.0,0.0,0.0,0.0,0.0,0.0,0.0,2022-23,Statement 3 - Budget,0.0,0.0,0.0,0.0,0.0,0.0,0.0,0.0,0.0,12.0,Ministry of Development of North Eastern Region,Central Sector Schemes/Projects,1.0,1516.39,318.35,1834.74,2015.0,622.49,2637.49,1992.34,632.49,2624.83,2115.96,655.96,2771.92,0.0,0.0,0.0,0.0,0.0,0.0,0.0,0.0,0.0,0.0,,0.0,0.0,0.0,0.0,0.0,0.0,0.0,0.0,0.0,0.0,0.0,0.0
8,Statement 3,,0.0,0.0,0.0,0.0,0.0,0.0,0.0,0.0,0.0,0.0,0.0,0.0,2022-23,Statement 3 - Budget,0.0,0.0,0.0,0.0,0.0,0.0,0.0,0.0,0.0,12.0,Ministry of Development of North Eastern Region,Establishment Expenditure of the Centre,2.0,14.92,0.0,14.92,16.51,0.0,16.51,17.84,0.0,17.84,18.41,0.0,18.41,0.0,0.0,0.0,0.0,0.0,0.0,0.0,0.0,0.0,0.0,,0.0,0.0,0.0,0.0,0.0,0.0,0.0,0.0,0.0,0.0,0.0,0.0
8,Statement 3,,0.0,0.0,0.0,0.0,0.0,0.0,0.0,0.0,0.0,0.0,0.0,0.0,2022-23,Statement 3 - Budget,0.0,0.0,0.0,0.0,0.0,0.0,0.0,0.0,0.0,12.0,Ministry of Development of North Eastern Region,Other Central Sector Expenditure,3.0,0.0,4.0,4.0,0.0,4.0,4.0,11.33,4.0,15.33,5.67,4.0,9.67,0.0,0.0,0.0,0.0,0.0,0.0,0.0,0.0,0.0,0.0,,0.0,0.0,0.0,0.0,0.0,0.0,0.0,0.0,0.0,0.0,0.0,0.0
8,Statement 3,,0.0,0.0,0.0,0.0,0.0,0.0,0.0,0.0,0.0,0.0,0.0,0.0,2022-23,Statement 3 - Budget,0.0,0.0,0.0,0.0,0.0,0.0,0.0,0.0,0.0,12.0,Ministry of Earth Sciences,Total Ministry/Department,0.0,1204.9,69.64,1274.54,1734.13,163.0,1897.13,2145.54,224.0,2369.54,2203.51,450.0,2653.51,0.0,0.0,0.0,0.0,0.0,0.0,0.0,0.0,0.0,0.0,,0.0,0.0,0.0,0.0,0.0,0.0,0.0,0.0,0.0,0.0,0.0,0.0
9,Statement 3,,0.0,0.0,0.0,0.0,0.0,0.0,0.0,0.0,0.0,0.0,0.0,0.0,2022-23,Statement 3 - Budget,0.0,0.0,0.0,0.0,0.0,0.0,0.0,0.0,0.0,13.0,Ministry of Earth Sciences,Central Sector Schemes/Projects,1.0,564.49,69.7,634.19,1018.17,163.0,1181.17,897.17,224.0,1121.17,1425.24,450.0,1875.24,0.0,0.0,0.0,0.0,0.0,0.0,0.0,0.0,0.0,0.0,,0.0,0.0,0.0,0.0,0.0,0.0,0.0,0.0,0.0,0.0,0.0,0.0
9,Statement 3,,0.0,0.0,0.0,0.0,0.0,0.0,0.0,0.0,0.0,0.0,0.0,0.0,2022-23,Statement 3 - Budget,0.0,0.0,0.0,0.0,0.0,0.0,0.0,0.0,0.0,13.0,Ministry of Earth Sciences,Establishment Expenditure of the Centre,2.0,467.26,0.0,467.26,517.96,0.0,517.96,1064.96,0.0,1064.96,579.2,0.0,579.2,0.0,0.0,0.0,0.0,0.0,0.0,0.0,0.0,0.0,0.0,,0.0,0.0,0.0,0.0,0.0,0.0,0.0,0.0,0.0,0.0,0.0,0.0
9,Statement 3,,0.0,0.0,0.0,0.0,0.0,0.0,0.0,0.0,0.0,0.0,0.0,0.0,2022-23,Statement 3 - Budget,0.0,0.0,0.0,0.0,0.0,0.0,0.0,0.0,0.0,13.0,Ministry of Earth Sciences,Other Central Sector Expenditure,3.0,173.15,-0.06,173.09,198.0,0.0,198.0,183.41,0.0,183.41,199.07,0.0,199.07,0.0,0.0,0.0,0.0,0.0,0.0,0.0,0.0,0.0,0.0,,0.0,0.0,0.0,0.0,0.0,0.0,0.0,0.0,0.0,0.0,0.0,0.0
9,Statement 3,,0.0,0.0,0.0,0.0,0.0,0.0,0.0,0.0,0.0,0.0,0.0,0.0,2022-23,Statement 3 - Budget,0.0,0.0,0.0,0.0,0.0,0.0,0.0,0.0,0.0,13.0,Department of School Education and Literacy,Total Ministry/Department,0.0,51841.64,0.0,51841.64,54873.66,0.0,54873.66,51969.95,0.0,51969.95,63449.37,0.0,63449.37,0.0,0.0,0.0,0.0,0.0,0.0,0.0,0.0,0.0,0.0,,0.0,0.0,0.0,0.0,0.0,0.0,0.0,0.0,0.0,0.0,0.0,0.0
9,Statement 3,,0.0,0.0,0.0,0.0,0.0,0.0,0.0,0.0,0.0,0.0,0.0,0.0,2022-23,Statement 3 - Budget,0.0,0.0,0.0,0.0,0.0,0.0,0.0,0.0,0.0,13.0,Department of School Education and Literacy,Central Sector Schemes/Projects,1.0,321.96,0.0,321.96,363.5,0.0,363.5,286.2,0.0,286.2,358.26,0.0,358.26,0.0,0.0,0.0,0.0,0.0,0.0,0.0,0.0,0.0,0.0,,0.0,0.0,0.0,0.0,0.0,0.0,0.0,0.0,0.0,0.0,0.0,0.0
9,Statement 3,,0.0,0.0,0.0,0.0,0.0,0.0,0.0,0.0,0.0,0.0,0.0,0.0,2022-23,Statement 3 - Budget,0.0,0.0,0.0,0.0,0.0,0.0,0.0,0.0,0.0,13.0,Department of School Education and Literacy,Centrally Sponsored Schemes,2.0,41107.42,0.0,41107.42,43285.16,0.0,43285.16,40576.5,0.0,40576.5,50694.11,0.0,50694.11,0.0,0.0,0.0,0.0,0.0,0.0,0.0,0.0,0.0,0.0,,0.0,0.0,0.0,0.0,0.0,0.0,0.0,0.0,0.0,0.0,0.0,0.0
9,Statement 3,,0.0,0.0,0.0,0.0,0.0,0.0,0.0,0.0,0.0,0.0,0.0,0.0,2022-23,Statement 3 - Budget,0.0,0.0,0.0,0.0,0.0,0.0,0.0,0.0,0.0,13.0,Department of School Education and Literacy,Establishment Expenditure of the Centre,3.0,28.28,0.0,28.28,33.0,0.0,33.0,34.3,0.0,34.3,38.0,0.0,38.0,0.0,0.0,0.0,0.0,0.0,0.0,0.0,0.0,0.0,0.0,,0.0,0.0,0.0,0.0,0.0,0.0,0.0,0.0,0.0,0.0,0.0,0.0
9,Statement 3,,0.0,0.0,0.0,0.0,0.0,0.0,0.0,0.0,0.0,0.0,0.0,0.0,2022-23,Statement 3 - Budget,0.0,0.0,0.0,0.0,0.0,0.0,0.0,0.0,0.0,13.0,Department of School Education and Literacy,Other Central Sector Expenditure,4.0,10387.96,0.0,10387.96,11192.0,0.0,11192.0,11072.95,0.0,11072.95,12359.0,0.0,12359.0,0.0,0.0,0.0,0.0,0.0,0.0,0.0,0.0,0.0,0.0,,0.0,0.0,0.0,0.0,0.0,0.0,0.0,0.0,0.0,0.0,0.0,0.0
9,Statement 3,,0.0,0.0,0.0,0.0,0.0,0.0,0.0,0.0,0.0,0.0,0.0,0.0,2022-23,Statement 3 - Budget,0.0,0.0,0.0,0.0,0.0,0.0,0.0,0.0,0.0,13.0,Department of School Education and Literacy,Other Grants/Loans/Transfers,5.0,-3.98,0.0,-3.98,0.0,0.0,0.0,0.0,0.0,0.0,0.0,0.0,0.0,0.0,0.0,0.0,0.0,0.0,0.0,0.0,0.0,0.0,0.0,,0.0,0.0,0.0,0.0,0.0,0.0,0.0,0.0,0.0,0.0,0.0,0.0
9,Statement 3,,0.0,0.0,0.0,0.0,0.0,0.0,0.0,0.0,0.0,0.0,0.0,0.0,2022-23,Statement 3 - Budget,0.0,0.0,0.0,0.0,0.0,0.0,0.0,0.0,0.0,13.0,Department of Higher Education,Total Ministry/Department,0.0,32172.02,205.74,32377.76,38325.15,25.5,38350.65,36016.86,14.71,36031.57,40810.34,18.01,40828.35,0.0,0.0,0.0,0.0,0.0,0.0,0.0,0.0,0.0,0.0,,0.0,0.0,0.0,0.0,0.0,0.0,0.0,0.0,0.0,0.0,0.0,0.0
9,Statement 3,,0.0,0.0,0.0,0.0,0.0,0.0,0.0,0.0,0.0,0.0,0.0,0.0,2022-23,Statement 3 - Budget,0.0,0.0,0.0,0.0,0.0,0.0,0.0,0.0,0.0,13.0,Department of Higher Education,Central Sector Schemes/Projects,1.0,4308.95,200.0,4508.95,6068.43,1.0,6069.43,4411.43,0.01,4411.44,5412.0,0.01,5412.01,0.0,0.0,0.0,0.0,0.0,0.0,0.0,0.0,0.0,0.0,,0.0,0.0,0.0,0.0,0.0,0.0,0.0,0.0,0.0,0.0,0.0,0.0
9,Statement 3,,0.0,0.0,0.0,0.0,0.0,0.0,0.0,0.0,0.0,0.0,0.0,0.0,2022-23,Statement 3 - Budget,0.0,0.0,0.0,0.0,0.0,0.0,0.0,0.0,0.0,13.0,Department of Higher Education,Centrally Sponsored Schemes,2.0,159.27,0.0,159.27,3000.0,0.0,3000.0,793.26,0.0,793.26,2042.95,0.0,2042.95,0.0,0.0,0.0,0.0,0.0,0.0,0.0,0.0,0.0,0.0,,0.0,0.0,0.0,0.0,0.0,0.0,0.0,0.0,0.0,0.0,0.0,0.0
9,Statement 3,,0.0,0.0,0.0,0.0,0.0,0.0,0.0,0.0,0.0,0.0,0.0,0.0,2022-23,Statement 3 - Budget,0.0,0.0,0.0,0.0,0.0,0.0,0.0,0.0,0.0,13.0,Department of Higher Education,Establishment Expenditure of the Centre,3.0,155.43,5.74,161.17,222.94,24.5,247.44,215.88,14.7,230.58,255.38,18.0,273.38,0.0,0.0,0.0,0.0,0.0,0.0,0.0,0.0,0.0,0.0,,0.0,0.0,0.0,0.0,0.0,0.0,0.0,0.0,0.0,0.0,0.0,0.0
9,Statement 3,,0.0,0.0,0.0,0.0,0.0,0.0,0.0,0.0,0.0,0.0,0.0,0.0,2022-23,Statement 3 - Budget,0.0,0.0,0.0,0.0,0.0,0.0,0.0,0.0,0.0,13.0,Department of Higher Education,Other Central Sector Expenditure,4.0,26926.36,0.0,26926.36,29023.78,0.0,29023.78,30589.99,0.0,30589.99,33100.0,0.0,33100.0,0.0,0.0,0.0,0.0,0.0,0.0,0.0,0.0,0.0,0.0,,0.0,0.0,0.0,0.0,0.0,0.0,0.0,0.0,0.0,0.0,0.0,0.0
9,Statement 3,,0.0,0.0,0.0,0.0,0.0,0.0,0.0,0.0,0.0,0.0,0.0,0.0,2022-23,Statement 3 - Budget,0.0,0.0,0.0,0.0,0.0,0.0,0.0,0.0,0.0,13.0,Department of Higher Education,Other Grants/Loans/Transfers,5.0,622.01,0.0,622.01,10.0,0.0,10.0,6.3,0.0,6.3,0.01,0.0,0.01,0.0,0.0,0.0,0.0,0.0,0.0,0.0,0.0,0.0,0.0,,0.0,0.0,0.0,0.0,0.0,0.0,0.0,0.0,0.0,0.0,0.0,0.0
9,Statement 3,,0.0,0.0,0.0,0.0,0.0,0.0,0.0,0.0,0.0,0.0,0.0,0.0,2022-23,Statement 3 - Budget,0.0,0.0,0.0,0.0,0.0,0.0,0.0,0.0,0.0,13.0,Ministry of Electronics and Information Technology,Total Ministry/Department,0.0,5045.67,350.63,5396.3,9274.66,446.0,9720.66,9174.25,407.0,9581.25,13911.99,388.01,14300.0,0.0,0.0,0.0,0.0,0.0,0.0,0.0,0.0,0.0,0.0,,0.0,0.0,0.0,0.0,0.0,0.0,0.0,0.0,0.0,0.0,0.0,0.0
9,Statement 3,,0.0,0.0,0.0,0.0,0.0,0.0,0.0,0.0,0.0,0.0,0.0,0.0,2022-23,Statement 3 - Budget,0.0,0.0,0.0,0.0,0.0,0.0,0.0,0.0,0.0,13.0,Ministry of Electronics and Information Technology,Central Sector Schemes/Projects,1.0,2970.54,60.0,3030.54,6776.33,30.0,6806.33,6388.0,0.0,6388.0,10676.17,0.01,10676.18,0.0,0.0,0.0,0.0,0.0,0.0,0.0,0.0,0.0,0.0,,0.0,0.0,0.0,0.0,0.0,0.0,0.0,0.0,0.0,0.0,0.0,0.0
9,Statement 3,,0.0,0.0,0.0,0.0,0.0,0.0,0.0,0.0,0.0,0.0,0.0,0.0,2022-23,Statement 3 - Budget,0.0,0.0,0.0,0.0,0.0,0.0,0.0,0.0,0.0,13.0,Ministry of Electronics and Information Technology,Establishment Expenditure of the Centre,2.0,1308.03,290.63,1598.66,1438.33,416.0,1854.33,1433.28,407.0,1840.28,1515.82,388.0,1903.82,0.0,0.0,0.0,0.0,0.0,0.0,0.0,0.0,0.0,0.0,,0.0,0.0,0.0,0.0,0.0,0.0,0.0,0.0,0.0,0.0,0.0,0.0
9,Statement 3,,0.0,0.0,0.0,0.0,0.0,0.0,0.0,0.0,0.0,0.0,0.0,0.0,2022-23,Statement 3 - Budget,0.0,0.0,0.0,0.0,0.0,0.0,0.0,0.0,0.0,13.0,Ministry of Electronics and Information Technology,Other Central Sector Expenditure,3.0,767.1,0.0,767.1,1060.0,0.0,1060.0,1352.97,0.0,1352.97,1720.0,0.0,1720.0,0.0,0.0,0.0,0.0,0.0,0.0,0.0,0.0,0.0,0.0,,0.0,0.0,0.0,0.0,0.0,0.0,0.0,0.0,0.0,0.0,0.0,0.0
9,Statement 3,,0.0,0.0,0.0,0.0,0.0,0.0,0.0,0.0,0.0,0.0,0.0,0.0,2022-23,Statement 3 - Budget,0.0,0.0,0.0,0.0,0.0,0.0,0.0,0.0,0.0,13.0,"Ministry of Environment, Forests and Climate Change",Total Ministry/Department,0.0,1933.83,33.09,1966.92,2747.45,122.48,2869.93,2471.49,48.51,2520.0,2915.0,115.0,3030.0,0.0,0.0,0.0,0.0,0.0,0.0,0.0,0.0,0.0,0.0,,0.0,0.0,0.0,0.0,0.0,0.0,0.0,0.0,0.0,0.0,0.0,0.0
9,Statement 3,,0.0,0.0,0.0,0.0,0.0,0.0,0.0,0.0,0.0,0.0,0.0,0.0,2022-23,Statement 3 - Budget,0.0,0.0,0.0,0.0,0.0,0.0,0.0,0.0,0.0,13.0,"Ministry of Environment, Forests and Climate Change",Central Sector Schemes/Projects,1.0,553.79,0.0,553.79,993.13,0.0,993.13,800.0,0.0,800.0,963.07,0.0,963.07,0.0,0.0,0.0,0.0,0.0,0.0,0.0,0.0,0.0,0.0,,0.0,0.0,0.0,0.0,0.0,0.0,0.0,0.0,0.0,0.0,0.0,0.0
9,Statement 3,,0.0,0.0,0.0,0.0,0.0,0.0,0.0,0.0,0.0,0.0,0.0,0.0,2022-23,Statement 3 - Budget,0.0,0.0,0.0,0.0,0.0,0.0,0.0,0.0,0.0,13.0,"Ministry of Environment, Forests and Climate Change",Centrally Sponsored Schemes,2.0,552.4,0.0,552.4,766.0,0.0,766.0,670.0,0.0,670.0,930.19,0.0,930.19,0.0,0.0,0.0,0.0,0.0,0.0,0.0,0.0,0.0,0.0,,0.0,0.0,0.0,0.0,0.0,0.0,0.0,0.0,0.0,0.0,0.0,0.0
9,Statement 3,,0.0,0.0,0.0,0.0,0.0,0.0,0.0,0.0,0.0,0.0,0.0,0.0,2022-23,Statement 3 - Budget,0.0,0.0,0.0,0.0,0.0,0.0,0.0,0.0,0.0,13.0,"Ministry of Environment, Forests and Climate Change",Establishment Expenditure of the Centre,3.0,418.97,33.09,452.06,511.82,122.48,634.3,514.99,48.51,563.5,570.79,115.0,685.79,0.0,0.0,0.0,0.0,0.0,0.0,0.0,0.0,0.0,0.0,,0.0,0.0,0.0,0.0,0.0,0.0,0.0,0.0,0.0,0.0,0.0,0.0
9,Statement 3,,0.0,0.0,0.0,0.0,0.0,0.0,0.0,0.0,0.0,0.0,0.0,0.0,2022-23,Statement 3 - Budget,0.0,0.0,0.0,0.0,0.0,0.0,0.0,0.0,0.0,13.0,"Ministry of Environment, Forests and Climate Change",Other Central Sector Expenditure,4.0,408.67,0.0,408.67,476.5,0.0,476.5,486.5,0.0,486.5,450.95,0.0,450.95,0.0,0.0,0.0,0.0,0.0,0.0,0.0,0.0,0.0,0.0,,0.0,0.0,0.0,0.0,0.0,0.0,0.0,0.0,0.0,0.0,0.0,0.0
9,Statement 3,,0.0,0.0,0.0,0.0,0.0,0.0,0.0,0.0,0.0,0.0,0.0,0.0,2022-23,Statement 3 - Budget,0.0,0.0,0.0,0.0,0.0,0.0,0.0,0.0,0.0,13.0,Ministry of External Affairs,Total Ministry/Department,0.0,13190.18,1139.05,14329.23,16663.98,1490.75,18154.73,14919.41,1080.59,16000.0,15833.77,1416.23,17250.0,0.0,0.0,0.0,0.0,0.0,0.0,0.0,0.0,0.0,0.0,,0.0,0.0,0.0,0.0,0.0,0.0,0.0,0.0,0.0,0.0,0.0,0.0
9,Statement 3,,0.0,0.0,0.0,0.0,0.0,0.0,0.0,0.0,0.0,0.0,0.0,0.0,2022-23,Statement 3 - Budget,0.0,0.0,0.0,0.0,0.0,0.0,0.0,0.0,0.0,13.0,Ministry of External Affairs,Central Sector Schemes/Projects,1.0,5053.36,539.15,5592.51,6754.4,880.75,7635.15,5217.84,480.59,5698.43,6043.77,706.23,6750.0,0.0,0.0,0.0,0.0,0.0,0.0,0.0,0.0,0.0,0.0,,0.0,0.0,0.0,0.0,0.0,0.0,0.0,0.0,0.0,0.0,0.0,0.0
9,Statement 3,,0.0,0.0,0.0,0.0,0.0,0.0,0.0,0.0,0.0,0.0,0.0,0.0,2022-23,Statement 3 - Budget,0.0,0.0,0.0,0.0,0.0,0.0,0.0,0.0,0.0,13.0,Ministry of External Affairs,Establishment Expenditure of the Centre,2.0,4242.76,603.34,4846.1,5247.69,610.0,5857.69,5030.95,600.0,5630.95,5451.74,710.0,6161.74,0.0,0.0,0.0,0.0,0.0,0.0,0.0,0.0,0.0,0.0,,0.0,0.0,0.0,0.0,0.0,0.0,0.0,0.0,0.0,0.0,0.0,0.0
9,Statement 3,,0.0,0.0,0.0,0.0,0.0,0.0,0.0,0.0,0.0,0.0,0.0,0.0,2022-23,Statement 3 - Budget,0.0,0.0,0.0,0.0,0.0,0.0,0.0,0.0,0.0,13.0,Ministry of External Affairs,Other Central Sector Expenditure,3.0,3894.06,-3.44,3890.62,4661.89,0.0,4661.89,4670.62,0.0,4670.62,4338.26,0.0,4338.26,0.0,0.0,0.0,0.0,0.0,0.0,0.0,0.0,0.0,0.0,,0.0,0.0,0.0,0.0,0.0,0.0,0.0,0.0,0.0,0.0,0.0,0.0
9,Statement 3,,0.0,0.0,0.0,0.0,0.0,0.0,0.0,0.0,0.0,0.0,0.0,0.0,2022-23,Statement 3 - Budget,0.0,0.0,0.0,0.0,0.0,0.0,0.0,0.0,0.0,13.0,Department of Economic Affairs,Total Ministry/Department,0.0,5413.8,7844.73,13258.53,4520.78,56607.4,61128.18,5090.52,10525.58,15616.1,6143.36,8396.9,14540.26,0.0,0.0,0.0,0.0,0.0,0.0,0.0,0.0,0.0,0.0,,0.0,0.0,0.0,0.0,0.0,0.0,0.0,0.0,0.0,0.0,0.0,0.0
9,Statement 3,,0.0,0.0,0.0,0.0,0.0,0.0,0.0,0.0,0.0,0.0,0.0,0.0,2022-23,Statement 3 - Budget,0.0,0.0,0.0,0.0,0.0,0.0,0.0,0.0,0.0,13.0,Department of Economic Affairs,Central Sector Schemes/Projects,1.0,2632.83,3567.45,6200.28,2244.01,5010.01,7254.02,1434.67,5010.01,6444.68,1703.0,5100.01,6803.01,0.0,0.0,0.0,0.0,0.0,0.0,0.0,0.0,0.0,0.0,,0.0,0.0,0.0,0.0,0.0,0.0,0.0,0.0,0.0,0.0,0.0,0.0
10,Statement 3,,0.0,0.0,0.0,0.0,0.0,0.0,0.0,0.0,0.0,0.0,0.0,0.0,2022-23,Statement 3 - Budget,0.0,0.0,0.0,0.0,0.0,0.0,0.0,0.0,0.0,14.0,Department of Economic Affairs,Establishment Expenditure of the Centre,2.0,155.59,0.0,155.59,196.06,0.0,196.06,215.6,0.0,215.6,248.39,0.0,248.39,0.0,0.0,0.0,0.0,0.0,0.0,0.0,0.0,0.0,0.0,,0.0,0.0,0.0,0.0,0.0,0.0,0.0,0.0,0.0,0.0,0.0,0.0
10,Statement 3,,0.0,0.0,0.0,0.0,0.0,0.0,0.0,0.0,0.0,0.0,0.0,0.0,2022-23,Statement 3 - Budget,0.0,0.0,0.0,0.0,0.0,0.0,0.0,0.0,0.0,14.0,Department of Economic Affairs,Other Central Sector Expenditure,3.0,2625.38,4277.28,6902.66,2080.71,51597.39,53678.1,3440.25,5515.57,8955.82,4191.97,3296.89,7488.86,0.0,0.0,0.0,0.0,0.0,0.0,0.0,0.0,0.0,0.0,,0.0,0.0,0.0,0.0,0.0,0.0,0.0,0.0,0.0,0.0,0.0,0.0
10,Statement 3,,0.0,0.0,0.0,0.0,0.0,0.0,0.0,0.0,0.0,0.0,0.0,0.0,2022-23,Statement 3 - Budget,0.0,0.0,0.0,0.0,0.0,0.0,0.0,0.0,0.0,14.0,Department of Expenditure,Total Ministry/Department,0.0,289.16,0.0,289.16,454.74,0.0,454.74,459.57,0.0,459.57,476.88,0.01,476.89,0.0,0.0,0.0,0.0,0.0,0.0,0.0,0.0,0.0,0.0,,0.0,0.0,0.0,0.0,0.0,0.0,0.0,0.0,0.0,0.0,0.0,0.0
10,Statement 3,,0.0,0.0,0.0,0.0,0.0,0.0,0.0,0.0,0.0,0.0,0.0,0.0,2022-23,Statement 3 - Budget,0.0,0.0,0.0,0.0,0.0,0.0,0.0,0.0,0.0,14.0,Department of Expenditure,Establishment Expenditure of the Centre,1.0,277.75,0.0,277.75,432.92,0.0,432.92,441.14,0.0,441.14,458.81,0.01,458.82,0.0,0.0,0.0,0.0,0.0,0.0,0.0,0.0,0.0,0.0,,0.0,0.0,0.0,0.0,0.0,0.0,0.0,0.0,0.0,0.0,0.0,0.0
10,Statement 3,,0.0,0.0,0.0,0.0,0.0,0.0,0.0,0.0,0.0,0.0,0.0,0.0,2022-23,Statement 3 - Budget,0.0,0.0,0.0,0.0,0.0,0.0,0.0,0.0,0.0,14.0,Department of Expenditure,Other Central Sector Expenditure,2.0,11.41,0.0,11.41,21.82,0.0,21.82,18.43,0.0,18.43,18.07,0.0,18.07,0.0,0.0,0.0,0.0,0.0,0.0,0.0,0.0,0.0,0.0,,0.0,0.0,0.0,0.0,0.0,0.0,0.0,0.0,0.0,0.0,0.0,0.0
10,Statement 3,,0.0,0.0,0.0,0.0,0.0,0.0,0.0,0.0,0.0,0.0,0.0,0.0,2022-23,Statement 3 - Budget,0.0,0.0,0.0,0.0,0.0,0.0,0.0,0.0,0.0,14.0,Department of Financial Services,Total Ministry/Department,0.0,10116.5,12650.0,22766.5,3710.77,25800.02,29510.79,3037.87,32034.0,35071.87,1102.7,4211.03,5313.73,0.0,0.0,0.0,0.0,0.0,0.0,0.0,0.0,0.0,0.0,,0.0,0.0,0.0,0.0,0.0,0.0,0.0,0.0,0.0,0.0,0.0,0.0
10,Statement 3,,0.0,0.0,0.0,0.0,0.0,0.0,0.0,0.0,0.0,0.0,0.0,0.0,2022-23,Statement 3 - Budget,0.0,0.0,0.0,0.0,0.0,0.0,0.0,0.0,0.0,14.0,Department of Financial Services,Central Sector Schemes/Projects,1.0,9910.16,12650.0,22560.16,3498.9,25800.02,29298.92,2826.91,32034.0,34860.91,869.41,4211.03,5080.44,0.0,0.0,0.0,0.0,0.0,0.0,0.0,0.0,0.0,0.0,,0.0,0.0,0.0,0.0,0.0,0.0,0.0,0.0,0.0,0.0,0.0,0.0
10,Statement 3,,0.0,0.0,0.0,0.0,0.0,0.0,0.0,0.0,0.0,0.0,0.0,0.0,2022-23,Statement 3 - Budget,0.0,0.0,0.0,0.0,0.0,0.0,0.0,0.0,0.0,14.0,Department of Financial Services,Establishment Expenditure of the Centre,2.0,206.34,0.0,206.34,211.87,0.0,211.87,210.96,0.0,210.96,233.29,0.0,233.29,0.0,0.0,0.0,0.0,0.0,0.0,0.0,0.0,0.0,0.0,,0.0,0.0,0.0,0.0,0.0,0.0,0.0,0.0,0.0,0.0,0.0,0.0
10,Statement 3,,0.0,0.0,0.0,0.0,0.0,0.0,0.0,0.0,0.0,0.0,0.0,0.0,2022-23,Statement 3 - Budget,0.0,0.0,0.0,0.0,0.0,0.0,0.0,0.0,0.0,14.0,Department of Public Enterprises,Total Ministry/Department,0.0,16.11,0.0,16.11,21.81,0.0,21.81,27.0,150.0,177.0,30.0,0.0,30.0,0.0,0.0,0.0,0.0,0.0,0.0,0.0,0.0,0.0,0.0,,0.0,0.0,0.0,0.0,0.0,0.0,0.0,0.0,0.0,0.0,0.0,0.0
10,Statement 3,,0.0,0.0,0.0,0.0,0.0,0.0,0.0,0.0,0.0,0.0,0.0,0.0,2022-23,Statement 3 - Budget,0.0,0.0,0.0,0.0,0.0,0.0,0.0,0.0,0.0,14.0,Department of Public Enterprises,Central Sector Schemes/Projects,1.0,3.7,0.0,3.7,8.55,0.0,8.55,6.8,0.0,6.8,8.55,0.0,8.55,0.0,0.0,0.0,0.0,0.0,0.0,0.0,0.0,0.0,0.0,,0.0,0.0,0.0,0.0,0.0,0.0,0.0,0.0,0.0,0.0,0.0,0.0
10,Statement 3,,0.0,0.0,0.0,0.0,0.0,0.0,0.0,0.0,0.0,0.0,0.0,0.0,2022-23,Statement 3 - Budget,0.0,0.0,0.0,0.0,0.0,0.0,0.0,0.0,0.0,14.0,Department of Public Enterprises,Establishment Expenditure of the Centre,2.0,12.41,0.0,12.41,13.26,0.0,13.26,20.2,150.0,170.2,21.45,0.0,21.45,0.0,0.0,0.0,0.0,0.0,0.0,0.0,0.0,0.0,0.0,,0.0,0.0,0.0,0.0,0.0,0.0,0.0,0.0,0.0,0.0,0.0,0.0
10,Statement 3,,0.0,0.0,0.0,0.0,0.0,0.0,0.0,0.0,0.0,0.0,0.0,0.0,2022-23,Statement 3 - Budget,0.0,0.0,0.0,0.0,0.0,0.0,0.0,0.0,0.0,14.0,Department of Investment and Public Asset Management,Total Ministry/Department,0.0,71.72,0.0,71.72,110.52,0.0,110.52,96.88,0.0,96.88,290.42,0.0,290.42,0.0,0.0,0.0,0.0,0.0,0.0,0.0,0.0,0.0,0.0,,0.0,0.0,0.0,0.0,0.0,0.0,0.0,0.0,0.0,0.0,0.0,0.0
10,Statement 3,,0.0,0.0,0.0,0.0,0.0,0.0,0.0,0.0,0.0,0.0,0.0,0.0,2022-23,Statement 3 - Budget,0.0,0.0,0.0,0.0,0.0,0.0,0.0,0.0,0.0,14.0,Department of Investment and Public Asset Management,Establishment Expenditure of the Centre,1.0,71.72,0.0,71.72,110.52,0.0,110.52,96.88,0.0,96.88,290.42,0.0,290.42,0.0,0.0,0.0,0.0,0.0,0.0,0.0,0.0,0.0,0.0,,0.0,0.0,0.0,0.0,0.0,0.0,0.0,0.0,0.0,0.0,0.0,0.0
10,Statement 3,,0.0,0.0,0.0,0.0,0.0,0.0,0.0,0.0,0.0,0.0,0.0,0.0,2022-23,Statement 3 - Budget,0.0,0.0,0.0,0.0,0.0,0.0,0.0,0.0,0.0,14.0,Department of Revenue,Total Ministry/Department,0.0,131662.38,0.15,131662.53,101222.36,13.02,101235.38,111893.77,11.67,111905.44,121226.99,4.3,121231.29,0.0,0.0,0.0,0.0,0.0,0.0,0.0,0.0,0.0,0.0,,0.0,0.0,0.0,0.0,0.0,0.0,0.0,0.0,0.0,0.0,0.0,0.0
10,Statement 3,,0.0,0.0,0.0,0.0,0.0,0.0,0.0,0.0,0.0,0.0,0.0,0.0,2022-23,Statement 3 - Budget,0.0,0.0,0.0,0.0,0.0,0.0,0.0,0.0,0.0,14.0,Department of Revenue,Establishment Expenditure of the Centre,1.0,614.58,0.0,614.58,804.31,0.0,804.31,821.21,0.0,821.21,826.64,0.0,826.64,0.0,0.0,0.0,0.0,0.0,0.0,0.0,0.0,0.0,0.0,,0.0,0.0,0.0,0.0,0.0,0.0,0.0,0.0,0.0,0.0,0.0,0.0
10,Statement 3,,0.0,0.0,0.0,0.0,0.0,0.0,0.0,0.0,0.0,0.0,0.0,0.0,2022-23,Statement 3 - Budget,0.0,0.0,0.0,0.0,0.0,0.0,0.0,0.0,0.0,14.0,Department of Revenue,Other Central Sector Expenditure,2.0,328.8,0.15,328.95,418.02,13.02,431.04,277.09,11.67,288.76,400.32,4.3,404.62,0.0,0.0,0.0,0.0,0.0,0.0,0.0,0.0,0.0,0.0,,0.0,0.0,0.0,0.0,0.0,0.0,0.0,0.0,0.0,0.0,0.0,0.0
10,Statement 3,,0.0,0.0,0.0,0.0,0.0,0.0,0.0,0.0,0.0,0.0,0.0,0.0,2022-23,Statement 3 - Budget,0.0,0.0,0.0,0.0,0.0,0.0,0.0,0.0,0.0,14.0,Department of Revenue,Other Grants/Loans/Transfers,3.0,130719.0,0.0,130719.0,100000.03,0.0,100000.03,110795.47,0.0,110795.47,120000.03,0.0,120000.03,0.0,0.0,0.0,0.0,0.0,0.0,0.0,0.0,0.0,0.0,,0.0,0.0,0.0,0.0,0.0,0.0,0.0,0.0,0.0,0.0,0.0,0.0
10,Statement 3,,0.0,0.0,0.0,0.0,0.0,0.0,0.0,0.0,0.0,0.0,0.0,0.0,2022-23,Statement 3 - Budget,0.0,0.0,0.0,0.0,0.0,0.0,0.0,0.0,0.0,14.0,Direct Taxes,Total Ministry/Department,0.0,7223.29,173.09,7396.38,8180.34,350.0,8530.34,8206.89,300.0,8506.89,8866.8,440.0,9306.8,0.0,0.0,0.0,0.0,0.0,0.0,0.0,0.0,0.0,0.0,,0.0,0.0,0.0,0.0,0.0,0.0,0.0,0.0,0.0,0.0,0.0,0.0
10,Statement 3,,0.0,0.0,0.0,0.0,0.0,0.0,0.0,0.0,0.0,0.0,0.0,0.0,2022-23,Statement 3 - Budget,0.0,0.0,0.0,0.0,0.0,0.0,0.0,0.0,0.0,14.0,Direct Taxes,Establishment Expenditure of the Centre,1.0,7223.29,172.1,7395.39,8180.34,350.0,8530.34,8206.89,300.0,8506.89,8866.8,440.0,9306.8,0.0,0.0,0.0,0.0,0.0,0.0,0.0,0.0,0.0,0.0,,0.0,0.0,0.0,0.0,0.0,0.0,0.0,0.0,0.0,0.0,0.0,0.0
10,Statement 3,,0.0,0.0,0.0,0.0,0.0,0.0,0.0,0.0,0.0,0.0,0.0,0.0,2022-23,Statement 3 - Budget,0.0,0.0,0.0,0.0,0.0,0.0,0.0,0.0,0.0,14.0,Direct Taxes,Other Central Sector Expenditure,2.0,0.0,0.99,0.99,0.0,0.0,0.0,0.0,0.0,0.0,0.0,0.0,0.0,0.0,0.0,0.0,0.0,0.0,0.0,0.0,0.0,0.0,0.0,,0.0,0.0,0.0,0.0,0.0,0.0,0.0,0.0,0.0,0.0,0.0,0.0
10,Statement 3,,0.0,0.0,0.0,0.0,0.0,0.0,0.0,0.0,0.0,0.0,0.0,0.0,2022-23,Statement 3 - Budget,0.0,0.0,0.0,0.0,0.0,0.0,0.0,0.0,0.0,14.0,Indirect Taxes,Total Ministry/Department,0.0,7164.02,216.1,7380.12,20882.77,452.0,21334.77,73960.49,978.0,74938.49,39738.67,1400.0,41138.67,0.0,0.0,0.0,0.0,0.0,0.0,0.0,0.0,0.0,0.0,,0.0,0.0,0.0,0.0,0.0,0.0,0.0,0.0,0.0,0.0,0.0,0.0
10,Statement 3,,0.0,0.0,0.0,0.0,0.0,0.0,0.0,0.0,0.0,0.0,0.0,0.0,2022-23,Statement 3 - Budget,0.0,0.0,0.0,0.0,0.0,0.0,0.0,0.0,0.0,14.0,Indirect Taxes,Establishment Expenditure of the Centre,1.0,7164.02,216.1,7380.12,20882.77,452.0,21334.77,73960.49,978.0,74938.49,39738.67,1400.0,41138.67,0.0,0.0,0.0,0.0,0.0,0.0,0.0,0.0,0.0,0.0,,0.0,0.0,0.0,0.0,0.0,0.0,0.0,0.0,0.0,0.0,0.0,0.0
10,Statement 3,,0.0,0.0,0.0,0.0,0.0,0.0,0.0,0.0,0.0,0.0,0.0,0.0,2022-23,Statement 3 - Budget,0.0,0.0,0.0,0.0,0.0,0.0,0.0,0.0,0.0,14.0,Indian Audit and Accounts Department,Total Ministry/Department,0.0,4732.52,7.91,4740.43,5067.19,24.95,5092.14,5049.69,54.95,5104.64,5596.14,24.0,5620.14,0.0,0.0,0.0,0.0,0.0,0.0,0.0,0.0,0.0,0.0,,0.0,0.0,0.0,0.0,0.0,0.0,0.0,0.0,0.0,0.0,0.0,0.0
10,Statement 3,,0.0,0.0,0.0,0.0,0.0,0.0,0.0,0.0,0.0,0.0,0.0,0.0,2022-23,Statement 3 - Budget,0.0,0.0,0.0,0.0,0.0,0.0,0.0,0.0,0.0,14.0,Indian Audit and Accounts Department,Establishment Expenditure of the Centre,1.0,4732.52,7.91,4740.43,5067.19,24.95,5092.14,5049.69,54.95,5104.64,5596.14,24.0,5620.14,0.0,0.0,0.0,0.0,0.0,0.0,0.0,0.0,0.0,0.0,,0.0,0.0,0.0,0.0,0.0,0.0,0.0,0.0,0.0,0.0,0.0,0.0
10,Statement 3,,0.0,0.0,0.0,0.0,0.0,0.0,0.0,0.0,0.0,0.0,0.0,0.0,2022-23,Statement 3 - Budget,0.0,0.0,0.0,0.0,0.0,0.0,0.0,0.0,0.0,14.0,Interest Payments,Total Ministry/Department,0.0,679868.58,0.0,679868.58,809701.32,0.0,809701.32,813791.0,0.0,813791.0,940651.02,0.0,940651.02,0.0,0.0,0.0,0.0,0.0,0.0,0.0,0.0,0.0,0.0,,0.0,0.0,0.0,0.0,0.0,0.0,0.0,0.0,0.0,0.0,0.0,0.0
10,Statement 3,,0.0,0.0,0.0,0.0,0.0,0.0,0.0,0.0,0.0,0.0,0.0,0.0,2022-23,Statement 3 - Budget,0.0,0.0,0.0,0.0,0.0,0.0,0.0,0.0,0.0,14.0,Interest Payments,Other Central Sector Expenditure,1.0,679868.58,0.0,679868.58,809701.32,0.0,809701.32,813791.0,0.0,813791.0,940651.02,0.0,940651.02,0.0,0.0,0.0,0.0,0.0,0.0,0.0,0.0,0.0,0.0,,0.0,0.0,0.0,0.0,0.0,0.0,0.0,0.0,0.0,0.0,0.0,0.0
10,Statement 3,,0.0,0.0,0.0,0.0,0.0,0.0,0.0,0.0,0.0,0.0,0.0,0.0,2022-23,Statement 3 - Budget,0.0,0.0,0.0,0.0,0.0,0.0,0.0,0.0,0.0,14.0,Repayment of Debt,Total Ministry/Department,0.0,0.0,0.0,0.0,0.0,0.0,0.0,0.0,0.0,0.0,0.0,0.0,0.0,0.0,0.0,0.0,0.0,0.0,0.0,0.0,0.0,0.0,0.0,,0.0,0.0,0.0,0.0,0.0,0.0,0.0,0.0,0.0,0.0,0.0,0.0
10,Statement 3,,0.0,0.0,0.0,0.0,0.0,0.0,0.0,0.0,0.0,0.0,0.0,0.0,2022-23,Statement 3 - Budget,0.0,0.0,0.0,0.0,0.0,0.0,0.0,0.0,0.0,14.0,Repayment of Debt,Other Central Sector Expenditure,1.0,0.0,0.0,0.0,0.0,0.0,0.0,0.0,0.0,0.0,0.0,0.0,0.0,0.0,0.0,0.0,0.0,0.0,0.0,0.0,0.0,0.0,0.0,,0.0,0.0,0.0,0.0,0.0,0.0,0.0,0.0,0.0,0.0,0.0,0.0
10,Statement 3,,0.0,0.0,0.0,0.0,0.0,0.0,0.0,0.0,0.0,0.0,0.0,0.0,2022-23,Statement 3 - Budget,0.0,0.0,0.0,0.0,0.0,0.0,0.0,0.0,0.0,14.0,Pensions,Total Ministry/Department,0.0,62724.63,0.0,62724.63,55873.12,0.0,55873.12,63005.12,0.0,63005.12,65840.81,0.0,65840.81,0.0,0.0,0.0,0.0,0.0,0.0,0.0,0.0,0.0,0.0,,0.0,0.0,0.0,0.0,0.0,0.0,0.0,0.0,0.0,0.0,0.0,0.0
10,Statement 3,,0.0,0.0,0.0,0.0,0.0,0.0,0.0,0.0,0.0,0.0,0.0,0.0,2022-23,Statement 3 - Budget,0.0,0.0,0.0,0.0,0.0,0.0,0.0,0.0,0.0,14.0,Pensions,Establishment Expenditure of the Centre,1.0,62724.63,0.0,62724.63,55873.12,0.0,55873.12,63005.12,0.0,63005.12,65840.81,0.0,65840.81,0.0,0.0,0.0,0.0,0.0,0.0,0.0,0.0,0.0,0.0,,0.0,0.0,0.0,0.0,0.0,0.0,0.0,0.0,0.0,0.0,0.0,0.0
10,Statement 3,,0.0,0.0,0.0,0.0,0.0,0.0,0.0,0.0,0.0,0.0,0.0,0.0,2022-23,Statement 3 - Budget,0.0,0.0,0.0,0.0,0.0,0.0,0.0,0.0,0.0,14.0,Transfers to States,Total Ministry/Department,0.0,191922.55,19552.15,211474.7,280133.77,13168.23,293302.0,264578.15,20816.08,285394.23,222440.0,111899.42,334339.42,0.0,0.0,0.0,0.0,0.0,0.0,0.0,0.0,0.0,0.0,,0.0,0.0,0.0,0.0,0.0,0.0,0.0,0.0,0.0,0.0,0.0,0.0
11,Statement 3,,0.0,0.0,0.0,0.0,0.0,0.0,0.0,0.0,0.0,0.0,0.0,0.0,2022-23,Statement 3 - Budget,0.0,0.0,0.0,0.0,0.0,0.0,0.0,0.0,0.0,15.0,Transfers to States,Finance Commission Grants,1.0,184062.5,0.0,184062.5,220843.0,0.0,220843.0,211065.0,0.0,211065.0,192108.0,0.0,192108.0,0.0,0.0,0.0,0.0,0.0,0.0,0.0,0.0,0.0,0.0,,0.0,0.0,0.0,0.0,0.0,0.0,0.0,0.0,0.0,0.0,0.0,0.0
11,Statement 3,,0.0,0.0,0.0,0.0,0.0,0.0,0.0,0.0,0.0,0.0,0.0,0.0,2022-23,Statement 3 - Budget,0.0,0.0,0.0,0.0,0.0,0.0,0.0,0.0,0.0,15.0,Transfers to States,Other Grants/Loans/Transfers,2.0,7860.05,19552.15,27412.2,59290.77,13168.23,72459.0,53513.15,20816.08,74329.23,30332.0,111899.42,142231.42,0.0,0.0,0.0,0.0,0.0,0.0,0.0,0.0,0.0,0.0,,0.0,0.0,0.0,0.0,0.0,0.0,0.0,0.0,0.0,0.0,0.0,0.0
11,Statement 3,,0.0,0.0,0.0,0.0,0.0,0.0,0.0,0.0,0.0,0.0,0.0,0.0,2022-23,Statement 3 - Budget,0.0,0.0,0.0,0.0,0.0,0.0,0.0,0.0,0.0,15.0,Department of Fisheries,Total Ministry/Department,0.0,877.94,4.69,882.63,1192.16,28.68,1220.84,1389.54,17.75,1407.29,2093.9,24.57,2118.47,0.0,0.0,0.0,0.0,0.0,0.0,0.0,0.0,0.0,0.0,,0.0,0.0,0.0,0.0,0.0,0.0,0.0,0.0,0.0,0.0,0.0,0.0
11,Statement 3,,0.0,0.0,0.0,0.0,0.0,0.0,0.0,0.0,0.0,0.0,0.0,0.0,2022-23,Statement 3 - Budget,0.0,0.0,0.0,0.0,0.0,0.0,0.0,0.0,0.0,15.0,Department of Fisheries,Centrally Sponsored Schemes,1.0,708.58,0.0,708.58,1015.0,0.0,1015.0,1210.0,0.0,1210.0,1891.0,0.0,1891.0,0.0,0.0,0.0,0.0,0.0,0.0,0.0,0.0,0.0,0.0,,0.0,0.0,0.0,0.0,0.0,0.0,0.0,0.0,0.0,0.0,0.0,0.0
11,Statement 3,,0.0,0.0,0.0,0.0,0.0,0.0,0.0,0.0,0.0,0.0,0.0,0.0,2022-23,Statement 3 - Budget,0.0,0.0,0.0,0.0,0.0,0.0,0.0,0.0,0.0,15.0,Department of Fisheries,Establishment Expenditure of the Centre,2.0,134.11,4.69,138.8,149.32,28.68,178.0,157.5,17.75,175.25,179.5,24.57,204.07,0.0,0.0,0.0,0.0,0.0,0.0,0.0,0.0,0.0,0.0,,0.0,0.0,0.0,0.0,0.0,0.0,0.0,0.0,0.0,0.0,0.0,0.0
11,Statement 3,,0.0,0.0,0.0,0.0,0.0,0.0,0.0,0.0,0.0,0.0,0.0,0.0,2022-23,Statement 3 - Budget,0.0,0.0,0.0,0.0,0.0,0.0,0.0,0.0,0.0,15.0,Department of Fisheries,Other Central Sector Expenditure,3.0,35.25,0.0,35.25,27.84,0.0,27.84,22.04,0.0,22.04,23.4,0.0,23.4,0.0,0.0,0.0,0.0,0.0,0.0,0.0,0.0,0.0,0.0,,0.0,0.0,0.0,0.0,0.0,0.0,0.0,0.0,0.0,0.0,0.0,0.0
11,Statement 3,,0.0,0.0,0.0,0.0,0.0,0.0,0.0,0.0,0.0,0.0,0.0,0.0,2022-23,Statement 3 - Budget,0.0,0.0,0.0,0.0,0.0,0.0,0.0,0.0,0.0,15.0,Department of Animal Husbandry and Dairying,Total Ministry/Department,0.0,2460.02,3.52,2463.54,3057.59,44.39,3101.98,2700.17,13.58,2713.75,3862.8,56.04,3918.84,0.0,0.0,0.0,0.0,0.0,0.0,0.0,0.0,0.0,0.0,,0.0,0.0,0.0,0.0,0.0,0.0,0.0,0.0,0.0,0.0,0.0,0.0
11,Statement 3,,0.0,0.0,0.0,0.0,0.0,0.0,0.0,0.0,0.0,0.0,0.0,0.0,2022-23,Statement 3 - Budget,0.0,0.0,0.0,0.0,0.0,0.0,0.0,0.0,0.0,15.0,Department of Animal Husbandry and Dairying,Central Sector Schemes/Projects,1.0,858.0,0.0,858.0,1753.0,0.0,1753.0,1148.0,0.0,1148.0,2315.0,0.0,2315.0,0.0,0.0,0.0,0.0,0.0,0.0,0.0,0.0,0.0,0.0,,0.0,0.0,0.0,0.0,0.0,0.0,0.0,0.0,0.0,0.0,0.0,0.0
11,Statement 3,,0.0,0.0,0.0,0.0,0.0,0.0,0.0,0.0,0.0,0.0,0.0,0.0,2022-23,Statement 3 - Budget,0.0,0.0,0.0,0.0,0.0,0.0,0.0,0.0,0.0,15.0,Department of Animal Husbandry and Dairying,Centrally Sponsored Schemes,2.0,1457.73,0.0,1457.73,1177.04,0.0,1177.04,1394.01,0.0,1394.01,1394.76,0.0,1394.76,0.0,0.0,0.0,0.0,0.0,0.0,0.0,0.0,0.0,0.0,,0.0,0.0,0.0,0.0,0.0,0.0,0.0,0.0,0.0,0.0,0.0,0.0
11,Statement 3,,0.0,0.0,0.0,0.0,0.0,0.0,0.0,0.0,0.0,0.0,0.0,0.0,2022-23,Statement 3 - Budget,0.0,0.0,0.0,0.0,0.0,0.0,0.0,0.0,0.0,15.0,Department of Animal Husbandry and Dairying,Establishment Expenditure of the Centre,3.0,135.29,3.52,138.81,158.55,3.39,161.94,158.16,3.58,161.74,170.92,24.92,195.84,0.0,0.0,0.0,0.0,0.0,0.0,0.0,0.0,0.0,0.0,,0.0,0.0,0.0,0.0,0.0,0.0,0.0,0.0,0.0,0.0,0.0,0.0
11,Statement 3,,0.0,0.0,0.0,0.0,0.0,0.0,0.0,0.0,0.0,0.0,0.0,0.0,2022-23,Statement 3 - Budget,0.0,0.0,0.0,0.0,0.0,0.0,0.0,0.0,0.0,15.0,Department of Animal Husbandry and Dairying,Other Central Sector Expenditure,4.0,9.0,0.0,9.0,-31.0,41.0,10.0,0.0,10.0,10.0,-17.88,31.12,13.24,0.0,0.0,0.0,0.0,0.0,0.0,0.0,0.0,0.0,0.0,,0.0,0.0,0.0,0.0,0.0,0.0,0.0,0.0,0.0,0.0,0.0,0.0
11,Statement 3,,0.0,0.0,0.0,0.0,0.0,0.0,0.0,0.0,0.0,0.0,0.0,0.0,2022-23,Statement 3 - Budget,0.0,0.0,0.0,0.0,0.0,0.0,0.0,0.0,0.0,15.0,Ministry of Food Processing Industries,Total Ministry/Department,0.0,1145.52,0.0,1145.52,1308.66,0.0,1308.66,1304.12,0.0,1304.12,2941.99,0.0,2941.99,0.0,0.0,0.0,0.0,0.0,0.0,0.0,0.0,0.0,0.0,,0.0,0.0,0.0,0.0,0.0,0.0,0.0,0.0,0.0,0.0,0.0,0.0
11,Statement 3,,0.0,0.0,0.0,0.0,0.0,0.0,0.0,0.0,0.0,0.0,0.0,0.0,2022-23,Statement 3 - Budget,0.0,0.0,0.0,0.0,0.0,0.0,0.0,0.0,0.0,15.0,Ministry of Food Processing Industries,Central Sector Schemes/Projects,1.0,667.05,0.0,667.05,700.0,0.0,700.0,801.0,0.0,801.0,1922.0,0.0,1922.0,0.0,0.0,0.0,0.0,0.0,0.0,0.0,0.0,0.0,0.0,,0.0,0.0,0.0,0.0,0.0,0.0,0.0,0.0,0.0,0.0,0.0,0.0
11,Statement 3,,0.0,0.0,0.0,0.0,0.0,0.0,0.0,0.0,0.0,0.0,0.0,0.0,2022-23,Statement 3 - Budget,0.0,0.0,0.0,0.0,0.0,0.0,0.0,0.0,0.0,15.0,Ministry of Food Processing Industries,Centrally Sponsored Schemes,2.0,387.75,0.0,387.75,500.0,0.0,500.0,399.0,0.0,399.0,900.0,0.0,900.0,0.0,0.0,0.0,0.0,0.0,0.0,0.0,0.0,0.0,0.0,,0.0,0.0,0.0,0.0,0.0,0.0,0.0,0.0,0.0,0.0,0.0,0.0
11,Statement 3,,0.0,0.0,0.0,0.0,0.0,0.0,0.0,0.0,0.0,0.0,0.0,0.0,2022-23,Statement 3 - Budget,0.0,0.0,0.0,0.0,0.0,0.0,0.0,0.0,0.0,15.0,Ministry of Food Processing Industries,Establishment Expenditure of the Centre,3.0,26.63,0.0,26.63,36.26,0.0,36.26,35.62,0.0,35.62,40.18,0.0,40.18,0.0,0.0,0.0,0.0,0.0,0.0,0.0,0.0,0.0,0.0,,0.0,0.0,0.0,0.0,0.0,0.0,0.0,0.0,0.0,0.0,0.0,0.0
11,Statement 3,,0.0,0.0,0.0,0.0,0.0,0.0,0.0,0.0,0.0,0.0,0.0,0.0,2022-23,Statement 3 - Budget,0.0,0.0,0.0,0.0,0.0,0.0,0.0,0.0,0.0,15.0,Ministry of Food Processing Industries,Other Central Sector Expenditure,4.0,64.09,0.0,64.09,72.4,0.0,72.4,68.5,0.0,68.5,79.81,0.0,79.81,0.0,0.0,0.0,0.0,0.0,0.0,0.0,0.0,0.0,0.0,,0.0,0.0,0.0,0.0,0.0,0.0,0.0,0.0,0.0,0.0,0.0,0.0
11,Statement 3,,0.0,0.0,0.0,0.0,0.0,0.0,0.0,0.0,0.0,0.0,0.0,0.0,2022-23,Statement 3 - Budget,0.0,0.0,0.0,0.0,0.0,0.0,0.0,0.0,0.0,15.0,Department of Health and Family Welfare,Total Ministry/Department,0.0,73982.34,3586.99,77569.33,68760.03,2508.74,71268.77,79107.61,3813.04,82920.65,77367.43,5632.57,83000.0,0.0,0.0,0.0,0.0,0.0,0.0,0.0,0.0,0.0,0.0,,0.0,0.0,0.0,0.0,0.0,0.0,0.0,0.0,0.0,0.0,0.0,0.0
11,Statement 3,,0.0,0.0,0.0,0.0,0.0,0.0,0.0,0.0,0.0,0.0,0.0,0.0,2022-23,Statement 3 - Budget,0.0,0.0,0.0,0.0,0.0,0.0,0.0,0.0,0.0,15.0,Department of Health and Family Welfare,Central Sector Schemes/Projects,1.0,18656.38,3162.06,21818.44,8622.65,1943.98,10566.63,10892.07,3331.24,14223.31,10315.63,4847.59,15163.22,0.0,0.0,0.0,0.0,0.0,0.0,0.0,0.0,0.0,0.0,,0.0,0.0,0.0,0.0,0.0,0.0,0.0,0.0,0.0,0.0,0.0,0.0
11,Statement 3,,0.0,0.0,0.0,0.0,0.0,0.0,0.0,0.0,0.0,0.0,0.0,0.0,2022-23,Statement 3 - Budget,0.0,0.0,0.0,0.0,0.0,0.0,0.0,0.0,0.0,15.0,Department of Health and Family Welfare,Centrally Sponsored Schemes,2.0,39569.16,0.0,39569.16,42972.5,5.0,42977.5,50586.14,5.0,50591.14,47629.07,5.0,47634.07,0.0,0.0,0.0,0.0,0.0,0.0,0.0,0.0,0.0,0.0,,0.0,0.0,0.0,0.0,0.0,0.0,0.0,0.0,0.0,0.0,0.0,0.0
11,Statement 3,,0.0,0.0,0.0,0.0,0.0,0.0,0.0,0.0,0.0,0.0,0.0,0.0,2022-23,Statement 3 - Budget,0.0,0.0,0.0,0.0,0.0,0.0,0.0,0.0,0.0,15.0,Department of Health and Family Welfare,Establishment Expenditure of the Centre,3.0,5132.49,414.83,5547.32,5777.76,468.04,6245.8,5570.67,429.8,6000.47,6209.9,646.83,6856.73,0.0,0.0,0.0,0.0,0.0,0.0,0.0,0.0,0.0,0.0,,0.0,0.0,0.0,0.0,0.0,0.0,0.0,0.0,0.0,0.0,0.0,0.0
11,Statement 3,,0.0,0.0,0.0,0.0,0.0,0.0,0.0,0.0,0.0,0.0,0.0,0.0,2022-23,Statement 3 - Budget,0.0,0.0,0.0,0.0,0.0,0.0,0.0,0.0,0.0,15.0,Department of Health and Family Welfare,Other Central Sector Expenditure,4.0,10624.31,10.1,10634.41,11387.12,91.72,11478.84,12058.73,47.0,12105.73,13212.83,133.15,13345.98,0.0,0.0,0.0,0.0,0.0,0.0,0.0,0.0,0.0,0.0,,0.0,0.0,0.0,0.0,0.0,0.0,0.0,0.0,0.0,0.0,0.0,0.0
11,Statement 3,,0.0,0.0,0.0,0.0,0.0,0.0,0.0,0.0,0.0,0.0,0.0,0.0,2022-23,Statement 3 - Budget,0.0,0.0,0.0,0.0,0.0,0.0,0.0,0.0,0.0,15.0,Department of Health Research,Total Ministry/Department,0.0,3124.59,0.0,3124.59,2663.0,0.0,2663.0,3080.0,0.0,3080.0,3200.65,0.0,3200.65,0.0,0.0,0.0,0.0,0.0,0.0,0.0,0.0,0.0,0.0,,0.0,0.0,0.0,0.0,0.0,0.0,0.0,0.0,0.0,0.0,0.0,0.0
11,Statement 3,,0.0,0.0,0.0,0.0,0.0,0.0,0.0,0.0,0.0,0.0,0.0,0.0,2022-23,Statement 3 - Budget,0.0,0.0,0.0,0.0,0.0,0.0,0.0,0.0,0.0,15.0,Department of Health Research,Central Sector Schemes/Projects,1.0,1484.03,0.0,1484.03,260.0,0.0,260.0,907.93,0.0,907.93,954.65,0.0,954.65,0.0,0.0,0.0,0.0,0.0,0.0,0.0,0.0,0.0,0.0,,0.0,0.0,0.0,0.0,0.0,0.0,0.0,0.0,0.0,0.0,0.0,0.0
11,Statement 3,,0.0,0.0,0.0,0.0,0.0,0.0,0.0,0.0,0.0,0.0,0.0,0.0,2022-23,Statement 3 - Budget,0.0,0.0,0.0,0.0,0.0,0.0,0.0,0.0,0.0,15.0,Department of Health Research,Establishment Expenditure of the Centre,2.0,28.77,0.0,28.77,45.0,0.0,45.0,39.0,0.0,39.0,48.0,0.0,48.0,0.0,0.0,0.0,0.0,0.0,0.0,0.0,0.0,0.0,0.0,,0.0,0.0,0.0,0.0,0.0,0.0,0.0,0.0,0.0,0.0,0.0,0.0
11,Statement 3,,0.0,0.0,0.0,0.0,0.0,0.0,0.0,0.0,0.0,0.0,0.0,0.0,2022-23,Statement 3 - Budget,0.0,0.0,0.0,0.0,0.0,0.0,0.0,0.0,0.0,15.0,Department of Health Research,Other Central Sector Expenditure,3.0,1611.79,0.0,1611.79,2358.0,0.0,2358.0,2133.07,0.0,2133.07,2198.0,0.0,2198.0,0.0,0.0,0.0,0.0,0.0,0.0,0.0,0.0,0.0,0.0,,0.0,0.0,0.0,0.0,0.0,0.0,0.0,0.0,0.0,0.0,0.0,0.0
11,Statement 3,,0.0,0.0,0.0,0.0,0.0,0.0,0.0,0.0,0.0,0.0,0.0,0.0,2022-23,Statement 3 - Budget,0.0,0.0,0.0,0.0,0.0,0.0,0.0,0.0,0.0,15.0,Ministry of Heavy Industries,Total Ministry/Department,0.0,555.34,311.56,866.9,927.85,67.42,995.27,1053.95,127.05,1181.0,3213.79,92.21,3306.0,0.0,0.0,0.0,0.0,0.0,0.0,0.0,0.0,0.0,0.0,,0.0,0.0,0.0,0.0,0.0,0.0,0.0,0.0,0.0,0.0,0.0,0.0
11,Statement 3,,0.0,0.0,0.0,0.0,0.0,0.0,0.0,0.0,0.0,0.0,0.0,0.0,2022-23,Statement 3 - Budget,0.0,0.0,0.0,0.0,0.0,0.0,0.0,0.0,0.0,15.0,Ministry of Heavy Industries,Central Sector Schemes/Projects,1.0,386.13,114.3,500.43,869.75,67.22,936.97,838.05,17.0,855.05,3119.53,23.62,3143.15,0.0,0.0,0.0,0.0,0.0,0.0,0.0,0.0,0.0,0.0,,0.0,0.0,0.0,0.0,0.0,0.0,0.0,0.0,0.0,0.0,0.0,0.0
11,Statement 3,,0.0,0.0,0.0,0.0,0.0,0.0,0.0,0.0,0.0,0.0,0.0,0.0,2022-23,Statement 3 - Budget,0.0,0.0,0.0,0.0,0.0,0.0,0.0,0.0,0.0,15.0,Ministry of Heavy Industries,Establishment Expenditure of the Centre,2.0,32.39,0.0,32.39,41.09,0.0,41.09,30.68,0.0,30.68,32.93,0.0,32.93,0.0,0.0,0.0,0.0,0.0,0.0,0.0,0.0,0.0,0.0,,0.0,0.0,0.0,0.0,0.0,0.0,0.0,0.0,0.0,0.0,0.0,0.0
11,Statement 3,,0.0,0.0,0.0,0.0,0.0,0.0,0.0,0.0,0.0,0.0,0.0,0.0,2022-23,Statement 3 - Budget,0.0,0.0,0.0,0.0,0.0,0.0,0.0,0.0,0.0,15.0,Ministry of Heavy Industries,Other Central Sector Expenditure,3.0,136.82,197.26,334.08,17.01,0.2,17.21,185.22,110.05,295.27,61.33,68.59,129.92,0.0,0.0,0.0,0.0,0.0,0.0,0.0,0.0,0.0,0.0,,0.0,0.0,0.0,0.0,0.0,0.0,0.0,0.0,0.0,0.0,0.0,0.0
11,Statement 3,,0.0,0.0,0.0,0.0,0.0,0.0,0.0,0.0,0.0,0.0,0.0,0.0,2022-23,Statement 3 - Budget,0.0,0.0,0.0,0.0,0.0,0.0,0.0,0.0,0.0,15.0,Ministry of Home Affairs,Total Ministry/Department,0.0,3580.44,275.28,3855.72,7333.41,286.99,7620.4,4237.96,320.65,4558.61,7384.62,236.38,7621.0,0.0,0.0,0.0,0.0,0.0,0.0,0.0,0.0,0.0,0.0,,0.0,0.0,0.0,0.0,0.0,0.0,0.0,0.0,0.0,0.0,0.0,0.0
12,Statement 3,,0.0,0.0,0.0,0.0,0.0,0.0,0.0,0.0,0.0,0.0,0.0,0.0,2022-23,Statement 3 - Budget,0.0,0.0,0.0,0.0,0.0,0.0,0.0,0.0,0.0,16.0,Ministry of Home Affairs,Central Sector Schemes/Projects,1.0,1245.67,105.55,1351.22,1569.07,72.05,1641.12,1691.41,128.0,1819.41,1535.64,86.04,1621.68,0.0,0.0,0.0,0.0,0.0,0.0,0.0,0.0,0.0,0.0,,0.0,0.0,0.0,0.0,0.0,0.0,0.0,0.0,0.0,0.0,0.0,0.0
12,Statement 3,,0.0,0.0,0.0,0.0,0.0,0.0,0.0,0.0,0.0,0.0,0.0,0.0,2022-23,Statement 3 - Budget,0.0,0.0,0.0,0.0,0.0,0.0,0.0,0.0,0.0,16.0,Ministry of Home Affairs,Establishment Expenditure of the Centre,2.0,1507.63,92.29,1599.92,1875.31,134.94,2010.25,1879.67,137.65,2017.32,2017.31,107.34,2124.65,0.0,0.0,0.0,0.0,0.0,0.0,0.0,0.0,0.0,0.0,,0.0,0.0,0.0,0.0,0.0,0.0,0.0,0.0,0.0,0.0,0.0,0.0
12,Statement 3,,0.0,0.0,0.0,0.0,0.0,0.0,0.0,0.0,0.0,0.0,0.0,0.0,2022-23,Statement 3 - Budget,0.0,0.0,0.0,0.0,0.0,0.0,0.0,0.0,0.0,16.0,Ministry of Home Affairs,Other Central Sector Expenditure,3.0,716.81,77.44,794.25,3841.0,80.0,3921.0,615.37,55.0,670.37,3802.65,43.0,3845.65,0.0,0.0,0.0,0.0,0.0,0.0,0.0,0.0,0.0,0.0,,0.0,0.0,0.0,0.0,0.0,0.0,0.0,0.0,0.0,0.0,0.0,0.0
12,Statement 3,,0.0,0.0,0.0,0.0,0.0,0.0,0.0,0.0,0.0,0.0,0.0,0.0,2022-23,Statement 3 - Budget,0.0,0.0,0.0,0.0,0.0,0.0,0.0,0.0,0.0,16.0,Ministry of Home Affairs,Other Grants/Loans/Transfers,4.0,110.33,0.0,110.33,48.03,0.0,48.03,51.51,0.0,51.51,29.02,0.0,29.02,0.0,0.0,0.0,0.0,0.0,0.0,0.0,0.0,0.0,0.0,,0.0,0.0,0.0,0.0,0.0,0.0,0.0,0.0,0.0,0.0,0.0,0.0
12,Statement 3,,0.0,0.0,0.0,0.0,0.0,0.0,0.0,0.0,0.0,0.0,0.0,0.0,2022-23,Statement 3 - Budget,0.0,0.0,0.0,0.0,0.0,0.0,0.0,0.0,0.0,16.0,Cabinet,Total Ministry/Department,0.0,1186.08,0.0,1186.08,1961.04,137.0,2098.04,1588.0,137.0,1725.0,1202.22,508.82,1711.04,0.0,0.0,0.0,0.0,0.0,0.0,0.0,0.0,0.0,0.0,,0.0,0.0,0.0,0.0,0.0,0.0,0.0,0.0,0.0,0.0,0.0,0.0
12,Statement 3,,0.0,0.0,0.0,0.0,0.0,0.0,0.0,0.0,0.0,0.0,0.0,0.0,2022-23,Statement 3 - Budget,0.0,0.0,0.0,0.0,0.0,0.0,0.0,0.0,0.0,16.0,Cabinet,Establishment Expenditure of the Centre,1.0,1186.08,0.0,1186.08,1961.04,137.0,2098.04,1588.0,137.0,1725.0,1202.22,508.82,1711.04,0.0,0.0,0.0,0.0,0.0,0.0,0.0,0.0,0.0,0.0,,0.0,0.0,0.0,0.0,0.0,0.0,0.0,0.0,0.0,0.0,0.0,0.0
12,Statement 3,,0.0,0.0,0.0,0.0,0.0,0.0,0.0,0.0,0.0,0.0,0.0,0.0,2022-23,Statement 3 - Budget,0.0,0.0,0.0,0.0,0.0,0.0,0.0,0.0,0.0,16.0,Police,Total Ministry/Department,0.0,86675.81,4934.84,91610.65,94086.59,9715.93,103802.52,101369.11,7897.19,109266.3,107187.99,10500.0,117687.99,0.0,0.0,0.0,0.0,0.0,0.0,0.0,0.0,0.0,0.0,,0.0,0.0,0.0,0.0,0.0,0.0,0.0,0.0,0.0,0.0,0.0,0.0
12,Statement 3,,0.0,0.0,0.0,0.0,0.0,0.0,0.0,0.0,0.0,0.0,0.0,0.0,2022-23,Statement 3 - Budget,0.0,0.0,0.0,0.0,0.0,0.0,0.0,0.0,0.0,16.0,Police,Central Sector Schemes/Projects,1.0,498.07,3292.11,3790.18,491.86,5642.7,6134.56,725.54,5561.24,6286.78,2209.04,6767.55,8976.59,0.0,0.0,0.0,0.0,0.0,0.0,0.0,0.0,0.0,0.0,,0.0,0.0,0.0,0.0,0.0,0.0,0.0,0.0,0.0,0.0,0.0,0.0
12,Statement 3,,0.0,0.0,0.0,0.0,0.0,0.0,0.0,0.0,0.0,0.0,0.0,0.0,2022-23,Statement 3 - Budget,0.0,0.0,0.0,0.0,0.0,0.0,0.0,0.0,0.0,16.0,Police,Centrally Sponsored Schemes,2.0,2120.83,0.0,2120.83,3368.82,0.0,3368.82,3567.5,0.0,3567.5,3319.88,0.0,3319.88,0.0,0.0,0.0,0.0,0.0,0.0,0.0,0.0,0.0,0.0,,0.0,0.0,0.0,0.0,0.0,0.0,0.0,0.0,0.0,0.0,0.0,0.0
12,Statement 3,,0.0,0.0,0.0,0.0,0.0,0.0,0.0,0.0,0.0,0.0,0.0,0.0,2022-23,Statement 3 - Budget,0.0,0.0,0.0,0.0,0.0,0.0,0.0,0.0,0.0,16.0,Police,Establishment Expenditure of the Centre,3.0,84321.65,1223.16,85544.81,88796.18,2092.23,90888.41,95412.27,1634.95,97047.22,100283.25,2403.25,102686.5,0.0,0.0,0.0,0.0,0.0,0.0,0.0,0.0,0.0,0.0,,0.0,0.0,0.0,0.0,0.0,0.0,0.0,0.0,0.0,0.0,0.0,0.0
12,Statement 3,,0.0,0.0,0.0,0.0,0.0,0.0,0.0,0.0,0.0,0.0,0.0,0.0,2022-23,Statement 3 - Budget,0.0,0.0,0.0,0.0,0.0,0.0,0.0,0.0,0.0,16.0,Police,Other Central Sector Expenditure,4.0,1017.34,542.79,1560.13,1429.73,1981.0,3410.73,1663.8,701.0,2364.8,1375.82,1329.2,2705.02,0.0,0.0,0.0,0.0,0.0,0.0,0.0,0.0,0.0,0.0,,0.0,0.0,0.0,0.0,0.0,0.0,0.0,0.0,0.0,0.0,0.0,0.0
12,Statement 3,,0.0,0.0,0.0,0.0,0.0,0.0,0.0,0.0,0.0,0.0,0.0,0.0,2022-23,Statement 3 - Budget,0.0,0.0,0.0,0.0,0.0,0.0,0.0,0.0,0.0,16.0,Police,Other Grants/Loans/Transfers,5.0,-1282.08,-123.22,-1405.3,0.0,0.0,0.0,0.0,0.0,0.0,0.0,0.0,0.0,0.0,0.0,0.0,0.0,0.0,0.0,0.0,0.0,0.0,0.0,,0.0,0.0,0.0,0.0,0.0,0.0,0.0,0.0,0.0,0.0,0.0,0.0
12,Statement 3,,0.0,0.0,0.0,0.0,0.0,0.0,0.0,0.0,0.0,0.0,0.0,0.0,2022-23,Statement 3 - Budget,0.0,0.0,0.0,0.0,0.0,0.0,0.0,0.0,0.0,16.0,Andaman and Nicobar Islands,Total Ministry/Department,0.0,4482.15,342.44,4824.59,4651.24,666.17,5317.41,5411.55,512.09,5923.64,5116.43,587.22,5703.65,0.0,0.0,0.0,0.0,0.0,0.0,0.0,0.0,0.0,0.0,,0.0,0.0,0.0,0.0,0.0,0.0,0.0,0.0,0.0,0.0,0.0,0.0
12,Statement 3,,0.0,0.0,0.0,0.0,0.0,0.0,0.0,0.0,0.0,0.0,0.0,0.0,2022-23,Statement 3 - Budget,0.0,0.0,0.0,0.0,0.0,0.0,0.0,0.0,0.0,16.0,Andaman and Nicobar Islands,Establishment Expenditure of the Centre,1.0,2217.09,0.0,2217.09,2349.55,0.0,2349.55,2398.87,1.79,2400.66,2502.2,0.0,2502.2,0.0,0.0,0.0,0.0,0.0,0.0,0.0,0.0,0.0,0.0,,0.0,0.0,0.0,0.0,0.0,0.0,0.0,0.0,0.0,0.0,0.0,0.0
12,Statement 3,,0.0,0.0,0.0,0.0,0.0,0.0,0.0,0.0,0.0,0.0,0.0,0.0,2022-23,Statement 3 - Budget,0.0,0.0,0.0,0.0,0.0,0.0,0.0,0.0,0.0,16.0,Andaman and Nicobar Islands,Other Central Sector Expenditure,2.0,2265.06,342.44,2607.5,2301.69,666.17,2967.86,3012.68,510.3,3522.98,2614.23,587.22,3201.45,0.0,0.0,0.0,0.0,0.0,0.0,0.0,0.0,0.0,0.0,,0.0,0.0,0.0,0.0,0.0,0.0,0.0,0.0,0.0,0.0,0.0,0.0
12,Statement 3,,0.0,0.0,0.0,0.0,0.0,0.0,0.0,0.0,0.0,0.0,0.0,0.0,2022-23,Statement 3 - Budget,0.0,0.0,0.0,0.0,0.0,0.0,0.0,0.0,0.0,16.0,Chandigarh,Total Ministry/Department,0.0,3882.38,341.28,4223.66,4162.67,498.45,4661.12,4049.18,379.07,4428.25,4427.46,419.33,4846.79,0.0,0.0,0.0,0.0,0.0,0.0,0.0,0.0,0.0,0.0,,0.0,0.0,0.0,0.0,0.0,0.0,0.0,0.0,0.0,0.0,0.0,0.0
12,Statement 3,,0.0,0.0,0.0,0.0,0.0,0.0,0.0,0.0,0.0,0.0,0.0,0.0,2022-23,Statement 3 - Budget,0.0,0.0,0.0,0.0,0.0,0.0,0.0,0.0,0.0,16.0,Chandigarh,Establishment Expenditure of the Centre,1.0,2196.6,0.0,2196.6,2411.03,0.0,2411.03,2382.79,0.0,2382.79,2582.37,0.0,2582.37,0.0,0.0,0.0,0.0,0.0,0.0,0.0,0.0,0.0,0.0,,0.0,0.0,0.0,0.0,0.0,0.0,0.0,0.0,0.0,0.0,0.0,0.0
12,Statement 3,,0.0,0.0,0.0,0.0,0.0,0.0,0.0,0.0,0.0,0.0,0.0,0.0,2022-23,Statement 3 - Budget,0.0,0.0,0.0,0.0,0.0,0.0,0.0,0.0,0.0,16.0,Chandigarh,Other Central Sector Expenditure,2.0,1685.78,341.28,2027.06,1751.64,498.45,2250.09,1666.39,379.07,2045.46,1845.09,419.33,2264.42,0.0,0.0,0.0,0.0,0.0,0.0,0.0,0.0,0.0,0.0,,0.0,0.0,0.0,0.0,0.0,0.0,0.0,0.0,0.0,0.0,0.0,0.0
12,Statement 3,,0.0,0.0,0.0,0.0,0.0,0.0,0.0,0.0,0.0,0.0,0.0,0.0,2022-23,Statement 3 - Budget,0.0,0.0,0.0,0.0,0.0,0.0,0.0,0.0,0.0,16.0,Dadra and Nagar Haveli and Daman and Diu,Total Ministry/Department,0.0,1005.14,373.41,1378.55,1439.76,764.83,2204.59,1439.76,873.04,2312.8,1499.0,875.1,2374.1,0.0,0.0,0.0,0.0,0.0,0.0,0.0,0.0,0.0,0.0,,0.0,0.0,0.0,0.0,0.0,0.0,0.0,0.0,0.0,0.0,0.0,0.0
12,Statement 3,,0.0,0.0,0.0,0.0,0.0,0.0,0.0,0.0,0.0,0.0,0.0,0.0,2022-23,Statement 3 - Budget,0.0,0.0,0.0,0.0,0.0,0.0,0.0,0.0,0.0,16.0,Dadra and Nagar Haveli and Daman and Diu,Establishment Expenditure of the Centre,1.0,545.52,0.0,545.52,624.71,0.0,624.71,638.06,0.0,638.06,672.38,0.0,672.38,0.0,0.0,0.0,0.0,0.0,0.0,0.0,0.0,0.0,0.0,,0.0,0.0,0.0,0.0,0.0,0.0,0.0,0.0,0.0,0.0,0.0,0.0
12,Statement 3,,0.0,0.0,0.0,0.0,0.0,0.0,0.0,0.0,0.0,0.0,0.0,0.0,2022-23,Statement 3 - Budget,0.0,0.0,0.0,0.0,0.0,0.0,0.0,0.0,0.0,16.0,Dadra and Nagar Haveli and Daman and Diu,Other Central Sector Expenditure,2.0,459.62,373.41,833.03,815.05,764.83,1579.88,801.7,873.04,1674.74,826.62,875.1,1701.72,0.0,0.0,0.0,0.0,0.0,0.0,0.0,0.0,0.0,0.0,,0.0,0.0,0.0,0.0,0.0,0.0,0.0,0.0,0.0,0.0,0.0,0.0
12,Statement 3,,0.0,0.0,0.0,0.0,0.0,0.0,0.0,0.0,0.0,0.0,0.0,0.0,2022-23,Statement 3 - Budget,0.0,0.0,0.0,0.0,0.0,0.0,0.0,0.0,0.0,16.0,Ladakh,Total Ministry/Department,0.0,1585.16,788.58,2373.74,2331.64,3626.36,5958.0,2331.64,3626.36,5958.0,2553.29,3404.71,5958.0,0.0,0.0,0.0,0.0,0.0,0.0,0.0,0.0,0.0,0.0,,0.0,0.0,0.0,0.0,0.0,0.0,0.0,0.0,0.0,0.0,0.0,0.0
12,Statement 3,,0.0,0.0,0.0,0.0,0.0,0.0,0.0,0.0,0.0,0.0,0.0,0.0,2022-23,Statement 3 - Budget,0.0,0.0,0.0,0.0,0.0,0.0,0.0,0.0,0.0,16.0,Ladakh,Establishment Expenditure of the Centre,1.0,1327.94,0.0,1327.94,1736.08,0.0,1736.08,1791.61,0.0,1791.61,1946.34,0.0,1946.34,0.0,0.0,0.0,0.0,0.0,0.0,0.0,0.0,0.0,0.0,,0.0,0.0,0.0,0.0,0.0,0.0,0.0,0.0,0.0,0.0,0.0,0.0
12,Statement 3,,0.0,0.0,0.0,0.0,0.0,0.0,0.0,0.0,0.0,0.0,0.0,0.0,2022-23,Statement 3 - Budget,0.0,0.0,0.0,0.0,0.0,0.0,0.0,0.0,0.0,16.0,Ladakh,Other Central Sector Expenditure,2.0,257.22,788.58,1045.8,595.56,3626.36,4221.92,540.03,3626.36,4166.39,606.95,3404.71,4011.66,0.0,0.0,0.0,0.0,0.0,0.0,0.0,0.0,0.0,0.0,,0.0,0.0,0.0,0.0,0.0,0.0,0.0,0.0,0.0,0.0,0.0,0.0
12,Statement 3,,0.0,0.0,0.0,0.0,0.0,0.0,0.0,0.0,0.0,0.0,0.0,0.0,2022-23,Statement 3 - Budget,0.0,0.0,0.0,0.0,0.0,0.0,0.0,0.0,0.0,16.0,Lakshadweep,Total Ministry/Department,0.0,1129.91,102.25,1232.16,1211.71,228.85,1440.56,1206.46,89.8,1296.26,1173.1,221.65,1394.75,0.0,0.0,0.0,0.0,0.0,0.0,0.0,0.0,0.0,0.0,,0.0,0.0,0.0,0.0,0.0,0.0,0.0,0.0,0.0,0.0,0.0,0.0
12,Statement 3,,0.0,0.0,0.0,0.0,0.0,0.0,0.0,0.0,0.0,0.0,0.0,0.0,2022-23,Statement 3 - Budget,0.0,0.0,0.0,0.0,0.0,0.0,0.0,0.0,0.0,16.0,Lakshadweep,Establishment Expenditure of the Centre,1.0,384.79,0.0,384.79,404.6,0.0,404.6,415.5,0.0,415.5,444.6,0.0,444.6,0.0,0.0,0.0,0.0,0.0,0.0,0.0,0.0,0.0,0.0,,0.0,0.0,0.0,0.0,0.0,0.0,0.0,0.0,0.0,0.0,0.0,0.0
12,Statement 3,,0.0,0.0,0.0,0.0,0.0,0.0,0.0,0.0,0.0,0.0,0.0,0.0,2022-23,Statement 3 - Budget,0.0,0.0,0.0,0.0,0.0,0.0,0.0,0.0,0.0,16.0,Lakshadweep,Other Central Sector Expenditure,2.0,745.12,102.25,847.37,807.11,228.85,1035.96,790.96,89.8,880.76,728.5,221.65,950.15,0.0,0.0,0.0,0.0,0.0,0.0,0.0,0.0,0.0,0.0,,0.0,0.0,0.0,0.0,0.0,0.0,0.0,0.0,0.0,0.0,0.0,0.0
12,Statement 3,,0.0,0.0,0.0,0.0,0.0,0.0,0.0,0.0,0.0,0.0,0.0,0.0,2022-23,Statement 3 - Budget,0.0,0.0,0.0,0.0,0.0,0.0,0.0,0.0,0.0,16.0,Transfers to Delhi,Total Ministry/Department,0.0,1112.49,0.0,1112.49,957.5,0.01,957.51,1030.01,0.0,1030.01,1168.0,0.0,1168.0,0.0,0.0,0.0,0.0,0.0,0.0,0.0,0.0,0.0,0.0,,0.0,0.0,0.0,0.0,0.0,0.0,0.0,0.0,0.0,0.0,0.0,0.0
12,Statement 3,,0.0,0.0,0.0,0.0,0.0,0.0,0.0,0.0,0.0,0.0,0.0,0.0,2022-23,Statement 3 - Budget,0.0,0.0,0.0,0.0,0.0,0.0,0.0,0.0,0.0,16.0,Transfers to Delhi,Other Grants/Loans/Transfers,1.0,1112.49,0.0,1112.49,957.5,0.01,957.51,1030.01,0.0,1030.01,1168.0,0.0,1168.0,0.0,0.0,0.0,0.0,0.0,0.0,0.0,0.0,0.0,0.0,,0.0,0.0,0.0,0.0,0.0,0.0,0.0,0.0,0.0,0.0,0.0,0.0
12,Statement 3,,0.0,0.0,0.0,0.0,0.0,0.0,0.0,0.0,0.0,0.0,0.0,0.0,2022-23,Statement 3 - Budget,0.0,0.0,0.0,0.0,0.0,0.0,0.0,0.0,0.0,16.0,Transfers to Jammu and Kashmir,Total Ministry/Department,0.0,30757.0,0.0,30757.0,30757.0,0.0,30757.0,34704.46,0.0,34704.46,35581.44,0.0,35581.44,0.0,0.0,0.0,0.0,0.0,0.0,0.0,0.0,0.0,0.0,,0.0,0.0,0.0,0.0,0.0,0.0,0.0,0.0,0.0,0.0,0.0,0.0
12,Statement 3,,0.0,0.0,0.0,0.0,0.0,0.0,0.0,0.0,0.0,0.0,0.0,0.0,2022-23,Statement 3 - Budget,0.0,0.0,0.0,0.0,0.0,0.0,0.0,0.0,0.0,16.0,Transfers to Jammu and Kashmir,Other Grants/Loans/Transfers,1.0,30757.0,0.0,30757.0,30757.0,0.0,30757.0,34704.46,0.0,34704.46,35581.44,0.0,35581.44,0.0,0.0,0.0,0.0,0.0,0.0,0.0,0.0,0.0,0.0,,0.0,0.0,0.0,0.0,0.0,0.0,0.0,0.0,0.0,0.0,0.0,0.0
13,Statement 3,,0.0,0.0,0.0,0.0,0.0,0.0,0.0,0.0,0.0,0.0,0.0,0.0,2022-23,Statement 3 - Budget,0.0,0.0,0.0,0.0,0.0,0.0,0.0,0.0,0.0,17.0,Transfers to Puducherry,Total Ministry/Department,0.0,1703.0,0.0,1703.0,1729.78,0.01,1729.79,1879.78,0.01,1879.79,1729.78,0.01,1729.79,0.0,0.0,0.0,0.0,0.0,0.0,0.0,0.0,0.0,0.0,,0.0,0.0,0.0,0.0,0.0,0.0,0.0,0.0,0.0,0.0,0.0,0.0
13,Statement 3,,0.0,0.0,0.0,0.0,0.0,0.0,0.0,0.0,0.0,0.0,0.0,0.0,2022-23,Statement 3 - Budget,0.0,0.0,0.0,0.0,0.0,0.0,0.0,0.0,0.0,17.0,Transfers to Puducherry,Other Grants/Loans/Transfers,1.0,1703.0,0.0,1703.0,1729.78,0.01,1729.79,1879.78,0.01,1879.79,1729.78,0.01,1729.79,0.0,0.0,0.0,0.0,0.0,0.0,0.0,0.0,0.0,0.0,,0.0,0.0,0.0,0.0,0.0,0.0,0.0,0.0,0.0,0.0,0.0,0.0
13,Statement 3,,0.0,0.0,0.0,0.0,0.0,0.0,0.0,0.0,0.0,0.0,0.0,0.0,2022-23,Statement 3 - Budget,0.0,0.0,0.0,0.0,0.0,0.0,0.0,0.0,0.0,17.0,Ministry of Housing and Urban Affairs,Total Ministry/Department,0.0,36397.28,10303.68,46700.96,28821.99,25759.01,54581.0,47893.76,25956.5,73850.26,49208.45,27341.01,76549.46,0.0,0.0,0.0,0.0,0.0,0.0,0.0,0.0,0.0,0.0,,0.0,0.0,0.0,0.0,0.0,0.0,0.0,0.0,0.0,0.0,0.0,0.0
13,Statement 3,,0.0,0.0,0.0,0.0,0.0,0.0,0.0,0.0,0.0,0.0,0.0,0.0,2022-23,Statement 3 - Budget,0.0,0.0,0.0,0.0,0.0,0.0,0.0,0.0,0.0,17.0,Ministry of Housing and Urban Affairs,Central Sector Schemes/Projects,1.0,2427.44,10163.68,12591.12,540.01,25634.01,26174.02,605.01,25851.5,26456.51,275.01,27226.01,27501.02,0.0,0.0,0.0,0.0,0.0,0.0,0.0,0.0,0.0,0.0,,0.0,0.0,0.0,0.0,0.0,0.0,0.0,0.0,0.0,0.0,0.0,0.0
13,Statement 3,,0.0,0.0,0.0,0.0,0.0,0.0,0.0,0.0,0.0,0.0,0.0,0.0,2022-23,Statement 3 - Budget,0.0,0.0,0.0,0.0,0.0,0.0,0.0,0.0,0.0,17.0,Ministry of Housing and Urban Affairs,Centrally Sponsored Schemes,2.0,32554.26,0.0,32554.26,24845.0,0.0,24845.0,43695.0,0.0,43695.0,45300.0,0.0,45300.0,0.0,0.0,0.0,0.0,0.0,0.0,0.0,0.0,0.0,0.0,,0.0,0.0,0.0,0.0,0.0,0.0,0.0,0.0,0.0,0.0,0.0,0.0
13,Statement 3,,0.0,0.0,0.0,0.0,0.0,0.0,0.0,0.0,0.0,0.0,0.0,0.0,2022-23,Statement 3 - Budget,0.0,0.0,0.0,0.0,0.0,0.0,0.0,0.0,0.0,17.0,Ministry of Housing and Urban Affairs,Establishment Expenditure of the Centre,3.0,1349.3,0.0,1349.3,3370.47,0.0,3370.47,3555.57,0.0,3555.57,3570.03,0.0,3570.03,0.0,0.0,0.0,0.0,0.0,0.0,0.0,0.0,0.0,0.0,,0.0,0.0,0.0,0.0,0.0,0.0,0.0,0.0,0.0,0.0,0.0,0.0
13,Statement 3,,0.0,0.0,0.0,0.0,0.0,0.0,0.0,0.0,0.0,0.0,0.0,0.0,2022-23,Statement 3 - Budget,0.0,0.0,0.0,0.0,0.0,0.0,0.0,0.0,0.0,17.0,Ministry of Housing and Urban Affairs,Other Central Sector Expenditure,4.0,66.28,140.0,206.28,66.51,125.0,191.51,38.18,105.0,143.18,63.41,115.0,178.41,0.0,0.0,0.0,0.0,0.0,0.0,0.0,0.0,0.0,0.0,,0.0,0.0,0.0,0.0,0.0,0.0,0.0,0.0,0.0,0.0,0.0,0.0
13,Statement 3,,0.0,0.0,0.0,0.0,0.0,0.0,0.0,0.0,0.0,0.0,0.0,0.0,2022-23,Statement 3 - Budget,0.0,0.0,0.0,0.0,0.0,0.0,0.0,0.0,0.0,17.0,Ministry of Information and Broadcasting,Total Ministry/Department,0.0,3370.3,6.32,3376.62,4058.61,12.62,4071.23,3743.59,21.1,3764.69,3955.12,25.65,3980.77,0.0,0.0,0.0,0.0,0.0,0.0,0.0,0.0,0.0,0.0,,0.0,0.0,0.0,0.0,0.0,0.0,0.0,0.0,0.0,0.0,0.0,0.0
13,Statement 3,,0.0,0.0,0.0,0.0,0.0,0.0,0.0,0.0,0.0,0.0,0.0,0.0,2022-23,Statement 3 - Budget,0.0,0.0,0.0,0.0,0.0,0.0,0.0,0.0,0.0,17.0,Ministry of Information and Broadcasting,Central Sector Schemes/Projects,1.0,327.02,6.32,333.34,619.43,12.62,632.05,428.9,21.1,450.0,604.35,25.65,630.0,0.0,0.0,0.0,0.0,0.0,0.0,0.0,0.0,0.0,0.0,,0.0,0.0,0.0,0.0,0.0,0.0,0.0,0.0,0.0,0.0,0.0,0.0
13,Statement 3,,0.0,0.0,0.0,0.0,0.0,0.0,0.0,0.0,0.0,0.0,0.0,0.0,2022-23,Statement 3 - Budget,0.0,0.0,0.0,0.0,0.0,0.0,0.0,0.0,0.0,17.0,Ministry of Information and Broadcasting,Establishment Expenditure of the Centre,2.0,429.07,0.0,429.07,563.77,0.0,563.77,530.47,0.0,530.47,582.87,0.0,582.87,0.0,0.0,0.0,0.0,0.0,0.0,0.0,0.0,0.0,0.0,,0.0,0.0,0.0,0.0,0.0,0.0,0.0,0.0,0.0,0.0,0.0,0.0
13,Statement 3,,0.0,0.0,0.0,0.0,0.0,0.0,0.0,0.0,0.0,0.0,0.0,0.0,2022-23,Statement 3 - Budget,0.0,0.0,0.0,0.0,0.0,0.0,0.0,0.0,0.0,17.0,Ministry of Information and Broadcasting,Other Central Sector Expenditure,3.0,2614.21,0.0,2614.21,2875.41,0.0,2875.41,2784.22,0.0,2784.22,2767.9,0.0,2767.9,0.0,0.0,0.0,0.0,0.0,0.0,0.0,0.0,0.0,0.0,,0.0,0.0,0.0,0.0,0.0,0.0,0.0,0.0,0.0,0.0,0.0,0.0
13,Statement 3,,0.0,0.0,0.0,0.0,0.0,0.0,0.0,0.0,0.0,0.0,0.0,0.0,2022-23,Statement 3 - Budget,0.0,0.0,0.0,0.0,0.0,0.0,0.0,0.0,0.0,17.0,"Department of Water Resources, River Development and",Total Ministry/Department,0.0,7079.46,152.63,7232.09,8700.8,321.77,9022.57,17806.07,202.63,18008.7,18548.05,419.83,18967.88,0.0,0.0,0.0,0.0,0.0,0.0,0.0,0.0,0.0,0.0,,0.0,0.0,0.0,0.0,0.0,0.0,0.0,0.0,0.0,0.0,0.0,0.0
13,Statement 3,,0.0,0.0,0.0,0.0,0.0,0.0,0.0,0.0,0.0,0.0,0.0,0.0,2022-23,Statement 3 - Budget,0.0,0.0,0.0,0.0,0.0,0.0,0.0,0.0,0.0,17.0,"Department of Water Resources, River Development and",Central Sector Schemes/Projects,1.0,1822.96,144.43,1967.39,2138.26,317.76,2456.02,2755.14,185.66,2940.8,4826.88,393.98,5220.86,0.0,0.0,0.0,0.0,0.0,0.0,0.0,0.0,0.0,0.0,,0.0,0.0,0.0,0.0,0.0,0.0,0.0,0.0,0.0,0.0,0.0,0.0
13,Statement 3,,0.0,0.0,0.0,0.0,0.0,0.0,0.0,0.0,0.0,0.0,0.0,0.0,2022-23,Statement 3 - Budget,0.0,0.0,0.0,0.0,0.0,0.0,0.0,0.0,0.0,17.0,"Department of Water Resources, River Development and",Centrally Sponsored Schemes,2.0,4475.95,0.84,4476.79,5685.67,2.82,5688.49,14020.48,1.76,14022.24,12602.83,2.29,12605.12,0.0,0.0,0.0,0.0,0.0,0.0,0.0,0.0,0.0,0.0,,0.0,0.0,0.0,0.0,0.0,0.0,0.0,0.0,0.0,0.0,0.0,0.0
13,Statement 3,,0.0,0.0,0.0,0.0,0.0,0.0,0.0,0.0,0.0,0.0,0.0,0.0,2022-23,Statement 3 - Budget,0.0,0.0,0.0,0.0,0.0,0.0,0.0,0.0,0.0,17.0,"Department of Water Resources, River Development and",Establishment Expenditure of the Centre,3.0,780.55,7.36,787.91,876.87,1.19,878.06,1030.45,15.21,1045.66,1118.34,23.56,1141.9,0.0,0.0,0.0,0.0,0.0,0.0,0.0,0.0,0.0,0.0,,0.0,0.0,0.0,0.0,0.0,0.0,0.0,0.0,0.0,0.0,0.0,0.0
13,Statement 3,,0.0,0.0,0.0,0.0,0.0,0.0,0.0,0.0,0.0,0.0,0.0,0.0,2022-23,Statement 3 - Budget,0.0,0.0,0.0,0.0,0.0,0.0,0.0,0.0,0.0,17.0,Department of Drinking Water and Sanitation,Total Ministry/Department,0.0,15967.3,0.0,15967.3,60030.45,0.0,60030.45,51036.9,0.0,51036.9,67221.12,0.0,67221.12,0.0,0.0,0.0,0.0,0.0,0.0,0.0,0.0,0.0,0.0,,0.0,0.0,0.0,0.0,0.0,0.0,0.0,0.0,0.0,0.0,0.0,0.0
13,Statement 3,,0.0,0.0,0.0,0.0,0.0,0.0,0.0,0.0,0.0,0.0,0.0,0.0,2022-23,Statement 3 - Budget,0.0,0.0,0.0,0.0,0.0,0.0,0.0,0.0,0.0,17.0,Department of Drinking Water and Sanitation,Centrally Sponsored Schemes,1.0,15943.16,0.0,15943.16,60005.1,0.0,60005.1,51011.0,0.0,51011.0,67192.0,0.0,67192.0,0.0,0.0,0.0,0.0,0.0,0.0,0.0,0.0,0.0,0.0,,0.0,0.0,0.0,0.0,0.0,0.0,0.0,0.0,0.0,0.0,0.0,0.0
13,Statement 3,,0.0,0.0,0.0,0.0,0.0,0.0,0.0,0.0,0.0,0.0,0.0,0.0,2022-23,Statement 3 - Budget,0.0,0.0,0.0,0.0,0.0,0.0,0.0,0.0,0.0,17.0,Department of Drinking Water and Sanitation,Establishment Expenditure of the Centre,2.0,24.14,0.0,24.14,25.35,0.0,25.35,25.9,0.0,25.9,29.12,0.0,29.12,0.0,0.0,0.0,0.0,0.0,0.0,0.0,0.0,0.0,0.0,,0.0,0.0,0.0,0.0,0.0,0.0,0.0,0.0,0.0,0.0,0.0,0.0
13,Statement 3,,0.0,0.0,0.0,0.0,0.0,0.0,0.0,0.0,0.0,0.0,0.0,0.0,2022-23,Statement 3 - Budget,0.0,0.0,0.0,0.0,0.0,0.0,0.0,0.0,0.0,17.0,Ministry of Labour and Employment,Total Ministry/Department,0.0,12894.27,26.1,12920.37,13269.37,37.13,13306.5,14224.52,24.2,14248.72,16846.37,47.31,16893.68,0.0,0.0,0.0,0.0,0.0,0.0,0.0,0.0,0.0,0.0,,0.0,0.0,0.0,0.0,0.0,0.0,0.0,0.0,0.0,0.0,0.0,0.0
13,Statement 3,,0.0,0.0,0.0,0.0,0.0,0.0,0.0,0.0,0.0,0.0,0.0,0.0,2022-23,Statement 3 - Budget,0.0,0.0,0.0,0.0,0.0,0.0,0.0,0.0,0.0,17.0,Ministry of Labour and Employment,Central Sector Schemes/Projects,1.0,11011.47,0.31,11011.78,11673.6,0.5,11674.1,13283.6,0.5,13284.1,16084.1,0.0,16084.1,0.0,0.0,0.0,0.0,0.0,0.0,0.0,0.0,0.0,0.0,,0.0,0.0,0.0,0.0,0.0,0.0,0.0,0.0,0.0,0.0,0.0,0.0
13,Statement 3,,0.0,0.0,0.0,0.0,0.0,0.0,0.0,0.0,0.0,0.0,0.0,0.0,2022-23,Statement 3 - Budget,0.0,0.0,0.0,0.0,0.0,0.0,0.0,0.0,0.0,17.0,Ministry of Labour and Employment,Centrally Sponsored Schemes,2.0,1309.61,0.06,1309.67,976.8,0.1,976.9,299.8,0.1,299.9,74.9,0.1,75.0,0.0,0.0,0.0,0.0,0.0,0.0,0.0,0.0,0.0,0.0,,0.0,0.0,0.0,0.0,0.0,0.0,0.0,0.0,0.0,0.0,0.0,0.0
13,Statement 3,,0.0,0.0,0.0,0.0,0.0,0.0,0.0,0.0,0.0,0.0,0.0,0.0,2022-23,Statement 3 - Budget,0.0,0.0,0.0,0.0,0.0,0.0,0.0,0.0,0.0,17.0,Ministry of Labour and Employment,Establishment Expenditure of the Centre,3.0,485.87,25.73,511.6,513.97,36.53,550.5,519.57,23.6,543.17,571.97,47.21,619.18,0.0,0.0,0.0,0.0,0.0,0.0,0.0,0.0,0.0,0.0,,0.0,0.0,0.0,0.0,0.0,0.0,0.0,0.0,0.0,0.0,0.0,0.0
13,Statement 3,,0.0,0.0,0.0,0.0,0.0,0.0,0.0,0.0,0.0,0.0,0.0,0.0,2022-23,Statement 3 - Budget,0.0,0.0,0.0,0.0,0.0,0.0,0.0,0.0,0.0,17.0,Ministry of Labour and Employment,Other Central Sector Expenditure,4.0,87.32,0.0,87.32,105.0,0.0,105.0,121.55,0.0,121.55,115.4,0.0,115.4,0.0,0.0,0.0,0.0,0.0,0.0,0.0,0.0,0.0,0.0,,0.0,0.0,0.0,0.0,0.0,0.0,0.0,0.0,0.0,0.0,0.0,0.0
13,Statement 3,,0.0,0.0,0.0,0.0,0.0,0.0,0.0,0.0,0.0,0.0,0.0,0.0,2022-23,Statement 3 - Budget,0.0,0.0,0.0,0.0,0.0,0.0,0.0,0.0,0.0,17.0,Law and Justice,Total Ministry/Department,0.0,1271.3,286.0,1557.3,1545.82,1100.0,2645.82,3089.0,1122.0,4211.0,1778.48,1615.0,3393.48,0.0,0.0,0.0,0.0,0.0,0.0,0.0,0.0,0.0,0.0,,0.0,0.0,0.0,0.0,0.0,0.0,0.0,0.0,0.0,0.0,0.0,0.0
13,Statement 3,,0.0,0.0,0.0,0.0,0.0,0.0,0.0,0.0,0.0,0.0,0.0,0.0,2022-23,Statement 3 - Budget,0.0,0.0,0.0,0.0,0.0,0.0,0.0,0.0,0.0,17.0,Law and Justice,Central Sector Schemes/Projects,1.0,213.22,0.0,213.22,138.82,0.0,138.82,138.82,0.0,138.82,41.0,0.0,41.0,0.0,0.0,0.0,0.0,0.0,0.0,0.0,0.0,0.0,0.0,,0.0,0.0,0.0,0.0,0.0,0.0,0.0,0.0,0.0,0.0,0.0,0.0
13,Statement 3,,0.0,0.0,0.0,0.0,0.0,0.0,0.0,0.0,0.0,0.0,0.0,0.0,2022-23,Statement 3 - Budget,0.0,0.0,0.0,0.0,0.0,0.0,0.0,0.0,0.0,17.0,Law and Justice,Centrally Sponsored Schemes,2.0,599.0,0.0,599.0,784.0,0.0,784.0,778.44,0.0,778.44,858.0,0.0,858.0,0.0,0.0,0.0,0.0,0.0,0.0,0.0,0.0,0.0,0.0,,0.0,0.0,0.0,0.0,0.0,0.0,0.0,0.0,0.0,0.0,0.0,0.0
13,Statement 3,,0.0,0.0,0.0,0.0,0.0,0.0,0.0,0.0,0.0,0.0,0.0,0.0,2022-23,Statement 3 - Budget,0.0,0.0,0.0,0.0,0.0,0.0,0.0,0.0,0.0,17.0,Law and Justice,Establishment Expenditure of the Centre,3.0,278.24,0.0,278.24,337.2,100.0,437.2,344.13,122.0,466.13,365.98,115.0,480.98,0.0,0.0,0.0,0.0,0.0,0.0,0.0,0.0,0.0,0.0,,0.0,0.0,0.0,0.0,0.0,0.0,0.0,0.0,0.0,0.0,0.0,0.0
13,Statement 3,,0.0,0.0,0.0,0.0,0.0,0.0,0.0,0.0,0.0,0.0,0.0,0.0,2022-23,Statement 3 - Budget,0.0,0.0,0.0,0.0,0.0,0.0,0.0,0.0,0.0,17.0,Law and Justice,Other Central Sector Expenditure,4.0,110.0,0.0,110.0,116.5,0.0,116.5,191.75,0.0,191.75,196.5,0.0,196.5,0.0,0.0,0.0,0.0,0.0,0.0,0.0,0.0,0.0,0.0,,0.0,0.0,0.0,0.0,0.0,0.0,0.0,0.0,0.0,0.0,0.0,0.0
13,Statement 3,,0.0,0.0,0.0,0.0,0.0,0.0,0.0,0.0,0.0,0.0,0.0,0.0,2022-23,Statement 3 - Budget,0.0,0.0,0.0,0.0,0.0,0.0,0.0,0.0,0.0,17.0,Law and Justice,Other Grants/Loans/Transfers,5.0,70.84,286.0,356.84,169.3,1000.0,1169.3,1635.86,1000.0,2635.86,317.0,1500.0,1817.0,0.0,0.0,0.0,0.0,0.0,0.0,0.0,0.0,0.0,0.0,,0.0,0.0,0.0,0.0,0.0,0.0,0.0,0.0,0.0,0.0,0.0,0.0
13,Statement 3,,0.0,0.0,0.0,0.0,0.0,0.0,0.0,0.0,0.0,0.0,0.0,0.0,2022-23,Statement 3 - Budget,0.0,0.0,0.0,0.0,0.0,0.0,0.0,0.0,0.0,17.0,Election Commission,Total Ministry/Department,0.0,188.98,4.51,193.49,242.16,7.0,249.16,252.0,7.0,259.0,253.0,7.0,260.0,0.0,0.0,0.0,0.0,0.0,0.0,0.0,0.0,0.0,0.0,,0.0,0.0,0.0,0.0,0.0,0.0,0.0,0.0,0.0,0.0,0.0,0.0
14,Statement 3,,0.0,0.0,0.0,0.0,0.0,0.0,0.0,0.0,0.0,0.0,0.0,0.0,2022-23,Statement 3 - Budget,0.0,0.0,0.0,0.0,0.0,0.0,0.0,0.0,0.0,18.0,Election Commission,Establishment Expenditure of the Centre,1.0,192.88,6.0,198.88,242.16,7.0,249.16,252.0,7.0,259.0,253.0,7.0,260.0,0.0,0.0,0.0,0.0,0.0,0.0,0.0,0.0,0.0,0.0,,0.0,0.0,0.0,0.0,0.0,0.0,0.0,0.0,0.0,0.0,0.0,0.0
14,Statement 3,,0.0,0.0,0.0,0.0,0.0,0.0,0.0,0.0,0.0,0.0,0.0,0.0,2022-23,Statement 3 - Budget,0.0,0.0,0.0,0.0,0.0,0.0,0.0,0.0,0.0,18.0,Election Commission,Other Central Sector Expenditure,2.0,-3.9,-1.49,-5.39,0.0,0.0,0.0,0.0,0.0,0.0,0.0,0.0,0.0,0.0,0.0,0.0,0.0,0.0,0.0,0.0,0.0,0.0,0.0,,0.0,0.0,0.0,0.0,0.0,0.0,0.0,0.0,0.0,0.0,0.0,0.0
14,Statement 3,,0.0,0.0,0.0,0.0,0.0,0.0,0.0,0.0,0.0,0.0,0.0,0.0,2022-23,Statement 3 - Budget,0.0,0.0,0.0,0.0,0.0,0.0,0.0,0.0,0.0,18.0,Supreme Court of India,Total Ministry/Department,0.0,328.0,0.0,328.0,334.96,0.0,334.96,350.86,0.0,350.86,401.46,0.0,401.46,0.0,0.0,0.0,0.0,0.0,0.0,0.0,0.0,0.0,0.0,,0.0,0.0,0.0,0.0,0.0,0.0,0.0,0.0,0.0,0.0,0.0,0.0
14,Statement 3,,0.0,0.0,0.0,0.0,0.0,0.0,0.0,0.0,0.0,0.0,0.0,0.0,2022-23,Statement 3 - Budget,0.0,0.0,0.0,0.0,0.0,0.0,0.0,0.0,0.0,18.0,Supreme Court of India,Establishment Expenditure of the Centre,1.0,328.0,0.0,328.0,334.96,0.0,334.96,350.86,0.0,350.86,401.46,0.0,401.46,0.0,0.0,0.0,0.0,0.0,0.0,0.0,0.0,0.0,0.0,,0.0,0.0,0.0,0.0,0.0,0.0,0.0,0.0,0.0,0.0,0.0,0.0
14,Statement 3,,0.0,0.0,0.0,0.0,0.0,0.0,0.0,0.0,0.0,0.0,0.0,0.0,2022-23,Statement 3 - Budget,0.0,0.0,0.0,0.0,0.0,0.0,0.0,0.0,0.0,18.0,"Ministry of Micro, Small and Medium Enterprises",Total Ministry/Department,0.0,5431.64,23.63,5455.27,15329.65,370.0,15699.65,15335.45,364.2,15699.65,20916.0,506.0,21422.0,0.0,0.0,0.0,0.0,0.0,0.0,0.0,0.0,0.0,0.0,,0.0,0.0,0.0,0.0,0.0,0.0,0.0,0.0,0.0,0.0,0.0,0.0
14,Statement 3,,0.0,0.0,0.0,0.0,0.0,0.0,0.0,0.0,0.0,0.0,0.0,0.0,2022-23,Statement 3 - Budget,0.0,0.0,0.0,0.0,0.0,0.0,0.0,0.0,0.0,18.0,"Ministry of Micro, Small and Medium Enterprises",Central Sector Schemes/Projects,1.0,5328.56,23.63,5352.19,15259.21,370.0,15629.21,15276.2,364.2,15640.4,20851.85,506.0,21357.85,0.0,0.0,0.0,0.0,0.0,0.0,0.0,0.0,0.0,0.0,,0.0,0.0,0.0,0.0,0.0,0.0,0.0,0.0,0.0,0.0,0.0,0.0
14,Statement 3,,0.0,0.0,0.0,0.0,0.0,0.0,0.0,0.0,0.0,0.0,0.0,0.0,2022-23,Statement 3 - Budget,0.0,0.0,0.0,0.0,0.0,0.0,0.0,0.0,0.0,18.0,"Ministry of Micro, Small and Medium Enterprises",Centrally Sponsored Schemes,2.0,0.0,0.0,0.0,0.04,0.0,0.04,0.0,0.0,0.0,0.0,0.0,0.0,0.0,0.0,0.0,0.0,0.0,0.0,0.0,0.0,0.0,0.0,,0.0,0.0,0.0,0.0,0.0,0.0,0.0,0.0,0.0,0.0,0.0,0.0
14,Statement 3,,0.0,0.0,0.0,0.0,0.0,0.0,0.0,0.0,0.0,0.0,0.0,0.0,2022-23,Statement 3 - Budget,0.0,0.0,0.0,0.0,0.0,0.0,0.0,0.0,0.0,18.0,"Ministry of Micro, Small and Medium Enterprises",Establishment Expenditure of the Centre,3.0,295.64,0.0,295.64,70.4,0.0,70.4,59.25,0.0,59.25,64.15,0.0,64.15,0.0,0.0,0.0,0.0,0.0,0.0,0.0,0.0,0.0,0.0,,0.0,0.0,0.0,0.0,0.0,0.0,0.0,0.0,0.0,0.0,0.0,0.0
14,Statement 3,,0.0,0.0,0.0,0.0,0.0,0.0,0.0,0.0,0.0,0.0,0.0,0.0,2022-23,Statement 3 - Budget,0.0,0.0,0.0,0.0,0.0,0.0,0.0,0.0,0.0,18.0,"Ministry of Micro, Small and Medium Enterprises",Other Central Sector Expenditure,4.0,-192.56,0.0,-192.56,0.0,0.0,0.0,0.0,0.0,0.0,0.0,0.0,0.0,0.0,0.0,0.0,0.0,0.0,0.0,0.0,0.0,0.0,0.0,,0.0,0.0,0.0,0.0,0.0,0.0,0.0,0.0,0.0,0.0,0.0,0.0
14,Statement 3,,0.0,0.0,0.0,0.0,0.0,0.0,0.0,0.0,0.0,0.0,0.0,0.0,2022-23,Statement 3 - Budget,0.0,0.0,0.0,0.0,0.0,0.0,0.0,0.0,0.0,18.0,Ministry of Mines,Total Ministry/Department,0.0,1296.06,51.81,1347.87,1398.49,68.33,1466.82,1426.28,53.72,1480.0,1446.79,61.21,1508.0,0.0,0.0,0.0,0.0,0.0,0.0,0.0,0.0,0.0,0.0,,0.0,0.0,0.0,0.0,0.0,0.0,0.0,0.0,0.0,0.0,0.0,0.0
14,Statement 3,,0.0,0.0,0.0,0.0,0.0,0.0,0.0,0.0,0.0,0.0,0.0,0.0,2022-23,Statement 3 - Budget,0.0,0.0,0.0,0.0,0.0,0.0,0.0,0.0,0.0,18.0,Ministry of Mines,Establishment Expenditure of the Centre,1.0,807.59,0.0,807.59,804.52,0.0,804.52,840.78,0.0,840.78,853.02,0.0,853.02,0.0,0.0,0.0,0.0,0.0,0.0,0.0,0.0,0.0,0.0,,0.0,0.0,0.0,0.0,0.0,0.0,0.0,0.0,0.0,0.0,0.0,0.0
14,Statement 3,,0.0,0.0,0.0,0.0,0.0,0.0,0.0,0.0,0.0,0.0,0.0,0.0,2022-23,Statement 3 - Budget,0.0,0.0,0.0,0.0,0.0,0.0,0.0,0.0,0.0,18.0,Ministry of Mines,Other Central Sector Expenditure,2.0,488.47,51.81,540.28,593.97,68.33,662.3,585.5,53.72,639.22,593.77,61.21,654.98,0.0,0.0,0.0,0.0,0.0,0.0,0.0,0.0,0.0,0.0,,0.0,0.0,0.0,0.0,0.0,0.0,0.0,0.0,0.0,0.0,0.0,0.0
14,Statement 3,,0.0,0.0,0.0,0.0,0.0,0.0,0.0,0.0,0.0,0.0,0.0,0.0,2022-23,Statement 3 - Budget,0.0,0.0,0.0,0.0,0.0,0.0,0.0,0.0,0.0,18.0,Ministry of Minority Affairs,Total Ministry/Department,0.0,3810.29,110.0,3920.29,4657.75,153.02,4810.77,4246.45,100.0,4346.45,4861.5,159.0,5020.5,0.0,0.0,0.0,0.0,0.0,0.0,0.0,0.0,0.0,0.0,,0.0,0.0,0.0,0.0,0.0,0.0,0.0,0.0,0.0,0.0,0.0,0.0
14,Statement 3,,0.0,0.0,0.0,0.0,0.0,0.0,0.0,0.0,0.0,0.0,0.0,0.0,2022-23,Statement 3 - Budget,0.0,0.0,0.0,0.0,0.0,0.0,0.0,0.0,0.0,18.0,Ministry of Minority Affairs,Central Sector Schemes/Projects,1.0,2688.12,110.0,2798.12,2863.0,153.0,3016.0,2745.85,100.0,2845.85,2915.91,159.0,3074.91,0.0,0.0,0.0,0.0,0.0,0.0,0.0,0.0,0.0,0.0,,0.0,0.0,0.0,0.0,0.0,0.0,0.0,0.0,0.0,0.0,0.0,0.0
14,Statement 3,,0.0,0.0,0.0,0.0,0.0,0.0,0.0,0.0,0.0,0.0,0.0,0.0,2022-23,Statement 3 - Budget,0.0,0.0,0.0,0.0,0.0,0.0,0.0,0.0,0.0,18.0,Ministry of Minority Affairs,Centrally Sponsored Schemes,2.0,1083.33,0.0,1083.33,1563.99,0.01,1564.0,1373.55,0.0,1373.55,1810.0,0.0,1810.0,0.0,0.0,0.0,0.0,0.0,0.0,0.0,0.0,0.0,0.0,,0.0,0.0,0.0,0.0,0.0,0.0,0.0,0.0,0.0,0.0,0.0,0.0
14,Statement 3,,0.0,0.0,0.0,0.0,0.0,0.0,0.0,0.0,0.0,0.0,0.0,0.0,2022-23,Statement 3 - Budget,0.0,0.0,0.0,0.0,0.0,0.0,0.0,0.0,0.0,18.0,Ministry of Minority Affairs,Establishment Expenditure of the Centre,3.0,28.65,0.0,28.65,125.99,0.01,126.0,38.94,0.0,38.94,120.03,0.0,120.03,0.0,0.0,0.0,0.0,0.0,0.0,0.0,0.0,0.0,0.0,,0.0,0.0,0.0,0.0,0.0,0.0,0.0,0.0,0.0,0.0,0.0,0.0
14,Statement 3,,0.0,0.0,0.0,0.0,0.0,0.0,0.0,0.0,0.0,0.0,0.0,0.0,2022-23,Statement 3 - Budget,0.0,0.0,0.0,0.0,0.0,0.0,0.0,0.0,0.0,18.0,Ministry of Minority Affairs,Other Central Sector Expenditure,4.0,10.19,0.0,10.19,104.77,0.0,104.77,88.11,0.0,88.11,15.56,0.0,15.56,0.0,0.0,0.0,0.0,0.0,0.0,0.0,0.0,0.0,0.0,,0.0,0.0,0.0,0.0,0.0,0.0,0.0,0.0,0.0,0.0,0.0,0.0
14,Statement 3,,0.0,0.0,0.0,0.0,0.0,0.0,0.0,0.0,0.0,0.0,0.0,0.0,2022-23,Statement 3 - Budget,0.0,0.0,0.0,0.0,0.0,0.0,0.0,0.0,0.0,18.0,Ministry of New and Renewable Energy,Total Ministry/Department,0.0,2493.34,149.96,2643.3,5743.0,10.0,5753.0,5071.8,2610.0,7681.8,6888.94,11.74,6900.68,0.0,0.0,0.0,0.0,0.0,0.0,0.0,0.0,0.0,0.0,,0.0,0.0,0.0,0.0,0.0,0.0,0.0,0.0,0.0,0.0,0.0,0.0
14,Statement 3,,0.0,0.0,0.0,0.0,0.0,0.0,0.0,0.0,0.0,0.0,0.0,0.0,2022-23,Statement 3 - Budget,0.0,0.0,0.0,0.0,0.0,0.0,0.0,0.0,0.0,18.0,Ministry of New and Renewable Energy,Central Sector Schemes/Projects,1.0,2866.81,0.0,2866.81,5645.28,0.0,5645.28,4987.5,0.0,4987.5,6787.93,0.0,6787.93,0.0,0.0,0.0,0.0,0.0,0.0,0.0,0.0,0.0,0.0,,0.0,0.0,0.0,0.0,0.0,0.0,0.0,0.0,0.0,0.0,0.0,0.0
14,Statement 3,,0.0,0.0,0.0,0.0,0.0,0.0,0.0,0.0,0.0,0.0,0.0,0.0,2022-23,Statement 3 - Budget,0.0,0.0,0.0,0.0,0.0,0.0,0.0,0.0,0.0,18.0,Ministry of New and Renewable Energy,Establishment Expenditure of the Centre,2.0,34.21,149.96,184.17,49.05,10.0,59.05,44.3,110.0,154.3,56.01,11.74,67.75,0.0,0.0,0.0,0.0,0.0,0.0,0.0,0.0,0.0,0.0,,0.0,0.0,0.0,0.0,0.0,0.0,0.0,0.0,0.0,0.0,0.0,0.0
14,Statement 3,,0.0,0.0,0.0,0.0,0.0,0.0,0.0,0.0,0.0,0.0,0.0,0.0,2022-23,Statement 3 - Budget,0.0,0.0,0.0,0.0,0.0,0.0,0.0,0.0,0.0,18.0,Ministry of New and Renewable Energy,Other Central Sector Expenditure,3.0,-407.68,0.0,-407.68,48.67,0.0,48.67,40.0,2500.0,2540.0,45.0,0.0,45.0,0.0,0.0,0.0,0.0,0.0,0.0,0.0,0.0,0.0,0.0,,0.0,0.0,0.0,0.0,0.0,0.0,0.0,0.0,0.0,0.0,0.0,0.0
14,Statement 3,,0.0,0.0,0.0,0.0,0.0,0.0,0.0,0.0,0.0,0.0,0.0,0.0,2022-23,Statement 3 - Budget,0.0,0.0,0.0,0.0,0.0,0.0,0.0,0.0,0.0,18.0,Ministry of Panchayati Raj,Total Ministry/Department,0.0,686.26,0.0,686.26,913.43,0.0,913.43,868.38,0.0,868.38,868.57,0.0,868.57,0.0,0.0,0.0,0.0,0.0,0.0,0.0,0.0,0.0,0.0,,0.0,0.0,0.0,0.0,0.0,0.0,0.0,0.0,0.0,0.0,0.0,0.0
14,Statement 3,,0.0,0.0,0.0,0.0,0.0,0.0,0.0,0.0,0.0,0.0,0.0,0.0,2022-23,Statement 3 - Budget,0.0,0.0,0.0,0.0,0.0,0.0,0.0,0.0,0.0,18.0,Ministry of Panchayati Raj,Central Sector Schemes/Projects,1.0,89.31,0.0,89.31,215.2,0.0,215.2,148.19,0.0,148.19,163.2,0.0,163.2,0.0,0.0,0.0,0.0,0.0,0.0,0.0,0.0,0.0,0.0,,0.0,0.0,0.0,0.0,0.0,0.0,0.0,0.0,0.0,0.0,0.0,0.0
14,Statement 3,,0.0,0.0,0.0,0.0,0.0,0.0,0.0,0.0,0.0,0.0,0.0,0.0,2022-23,Statement 3 - Budget,0.0,0.0,0.0,0.0,0.0,0.0,0.0,0.0,0.0,18.0,Ministry of Panchayati Raj,Centrally Sponsored Schemes,2.0,567.4,0.0,567.4,661.0,0.0,661.0,682.22,0.0,682.22,663.0,0.0,663.0,0.0,0.0,0.0,0.0,0.0,0.0,0.0,0.0,0.0,0.0,,0.0,0.0,0.0,0.0,0.0,0.0,0.0,0.0,0.0,0.0,0.0,0.0
14,Statement 3,,0.0,0.0,0.0,0.0,0.0,0.0,0.0,0.0,0.0,0.0,0.0,0.0,2022-23,Statement 3 - Budget,0.0,0.0,0.0,0.0,0.0,0.0,0.0,0.0,0.0,18.0,Ministry of Panchayati Raj,Establishment Expenditure of the Centre,3.0,29.55,0.0,29.55,37.23,0.0,37.23,37.97,0.0,37.97,42.37,0.0,42.37,0.0,0.0,0.0,0.0,0.0,0.0,0.0,0.0,0.0,0.0,,0.0,0.0,0.0,0.0,0.0,0.0,0.0,0.0,0.0,0.0,0.0,0.0
14,Statement 3,,0.0,0.0,0.0,0.0,0.0,0.0,0.0,0.0,0.0,0.0,0.0,0.0,2022-23,Statement 3 - Budget,0.0,0.0,0.0,0.0,0.0,0.0,0.0,0.0,0.0,18.0,Ministry of Parliamentary Affairs,Total Ministry/Department,0.0,28.98,0.0,28.98,65.07,0.0,65.07,65.0,0.0,65.0,66.4,0.0,66.4,0.0,0.0,0.0,0.0,0.0,0.0,0.0,0.0,0.0,0.0,,0.0,0.0,0.0,0.0,0.0,0.0,0.0,0.0,0.0,0.0,0.0,0.0
14,Statement 3,,0.0,0.0,0.0,0.0,0.0,0.0,0.0,0.0,0.0,0.0,0.0,0.0,2022-23,Statement 3 - Budget,0.0,0.0,0.0,0.0,0.0,0.0,0.0,0.0,0.0,18.0,Ministry of Parliamentary Affairs,Establishment Expenditure of the Centre,1.0,28.98,0.0,28.98,65.07,0.0,65.07,65.0,0.0,65.0,66.4,0.0,66.4,0.0,0.0,0.0,0.0,0.0,0.0,0.0,0.0,0.0,0.0,,0.0,0.0,0.0,0.0,0.0,0.0,0.0,0.0,0.0,0.0,0.0,0.0
14,Statement 3,,0.0,0.0,0.0,0.0,0.0,0.0,0.0,0.0,0.0,0.0,0.0,0.0,2022-23,Statement 3 - Budget,0.0,0.0,0.0,0.0,0.0,0.0,0.0,0.0,0.0,18.0,"Ministry of Personnel, Public Grievances and Pensions",Total Ministry/Department,0.0,1525.33,116.18,1641.51,1860.21,198.36,2058.57,1796.4,153.6,1950.0,2111.88,225.3,2337.18,0.0,0.0,0.0,0.0,0.0,0.0,0.0,0.0,0.0,0.0,,0.0,0.0,0.0,0.0,0.0,0.0,0.0,0.0,0.0,0.0,0.0,0.0
14,Statement 3,,0.0,0.0,0.0,0.0,0.0,0.0,0.0,0.0,0.0,0.0,0.0,0.0,2022-23,Statement 3 - Budget,0.0,0.0,0.0,0.0,0.0,0.0,0.0,0.0,0.0,18.0,"Ministry of Personnel, Public Grievances and Pensions",Central Sector Schemes/Projects,1.0,55.38,40.78,96.16,107.31,91.01,198.32,86.99,62.01,149.0,176.66,78.34,255.0,0.0,0.0,0.0,0.0,0.0,0.0,0.0,0.0,0.0,0.0,,0.0,0.0,0.0,0.0,0.0,0.0,0.0,0.0,0.0,0.0,0.0,0.0
14,Statement 3,,0.0,0.0,0.0,0.0,0.0,0.0,0.0,0.0,0.0,0.0,0.0,0.0,2022-23,Statement 3 - Budget,0.0,0.0,0.0,0.0,0.0,0.0,0.0,0.0,0.0,18.0,"Ministry of Personnel, Public Grievances and Pensions",Establishment Expenditure of the Centre,2.0,1438.99,71.02,1510.01,1581.96,107.35,1689.31,1607.49,91.59,1699.08,1503.57,146.96,1650.53,0.0,0.0,0.0,0.0,0.0,0.0,0.0,0.0,0.0,0.0,,0.0,0.0,0.0,0.0,0.0,0.0,0.0,0.0,0.0,0.0,0.0,0.0
14,Statement 3,,0.0,0.0,0.0,0.0,0.0,0.0,0.0,0.0,0.0,0.0,0.0,0.0,2022-23,Statement 3 - Budget,0.0,0.0,0.0,0.0,0.0,0.0,0.0,0.0,0.0,18.0,"Ministry of Personnel, Public Grievances and Pensions",Other Central Sector Expenditure,3.0,30.96,4.38,35.34,170.94,0.0,170.94,101.92,0.0,101.92,431.65,0.0,431.65,0.0,0.0,0.0,0.0,0.0,0.0,0.0,0.0,0.0,0.0,,0.0,0.0,0.0,0.0,0.0,0.0,0.0,0.0,0.0,0.0,0.0,0.0
15,Statement 3,,0.0,0.0,0.0,0.0,0.0,0.0,0.0,0.0,0.0,0.0,0.0,0.0,2022-23,Statement 3 - Budget,0.0,0.0,0.0,0.0,0.0,0.0,0.0,0.0,0.0,19.0,Central Vigilance Commission,Total Ministry/Department,0.0,33.49,0.0,33.49,38.67,0.0,38.67,38.63,0.0,38.63,41.96,0.0,41.96,0.0,0.0,0.0,0.0,0.0,0.0,0.0,0.0,0.0,0.0,,0.0,0.0,0.0,0.0,0.0,0.0,0.0,0.0,0.0,0.0,0.0,0.0
15,Statement 3,,0.0,0.0,0.0,0.0,0.0,0.0,0.0,0.0,0.0,0.0,0.0,0.0,2022-23,Statement 3 - Budget,0.0,0.0,0.0,0.0,0.0,0.0,0.0,0.0,0.0,19.0,Central Vigilance Commission,Establishment Expenditure of the Centre,1.0,33.49,0.0,33.49,38.67,0.0,38.67,38.63,0.0,38.63,41.96,0.0,41.96,0.0,0.0,0.0,0.0,0.0,0.0,0.0,0.0,0.0,0.0,,0.0,0.0,0.0,0.0,0.0,0.0,0.0,0.0,0.0,0.0,0.0,0.0
15,Statement 3,,0.0,0.0,0.0,0.0,0.0,0.0,0.0,0.0,0.0,0.0,0.0,0.0,2022-23,Statement 3 - Budget,0.0,0.0,0.0,0.0,0.0,0.0,0.0,0.0,0.0,19.0,Ministry of Petroleum and Natural Gas,Total Ministry/Department,0.0,39876.88,2313.0,42189.88,15516.78,427.0,15943.78,8448.47,397.66,8846.13,8339.86,600.0,8939.86,0.0,0.0,0.0,0.0,0.0,0.0,0.0,0.0,0.0,0.0,,0.0,0.0,0.0,0.0,0.0,0.0,0.0,0.0,0.0,0.0,0.0,0.0
15,Statement 3,,0.0,0.0,0.0,0.0,0.0,0.0,0.0,0.0,0.0,0.0,0.0,0.0,2022-23,Statement 3 - Budget,0.0,0.0,0.0,0.0,0.0,0.0,0.0,0.0,0.0,19.0,Ministry of Petroleum and Natural Gas,Central Sector Schemes/Projects,1.0,39554.45,2313.0,41867.45,15268.0,427.0,15695.0,8221.48,397.66,8619.14,8137.82,600.0,8737.82,0.0,0.0,0.0,0.0,0.0,0.0,0.0,0.0,0.0,0.0,,0.0,0.0,0.0,0.0,0.0,0.0,0.0,0.0,0.0,0.0,0.0,0.0
15,Statement 3,,0.0,0.0,0.0,0.0,0.0,0.0,0.0,0.0,0.0,0.0,0.0,0.0,2022-23,Statement 3 - Budget,0.0,0.0,0.0,0.0,0.0,0.0,0.0,0.0,0.0,19.0,Ministry of Petroleum and Natural Gas,Establishment Expenditure of the Centre,2.0,34.33,0.0,34.33,45.41,0.0,45.41,47.15,0.0,47.15,49.16,0.0,49.16,0.0,0.0,0.0,0.0,0.0,0.0,0.0,0.0,0.0,0.0,,0.0,0.0,0.0,0.0,0.0,0.0,0.0,0.0,0.0,0.0,0.0,0.0
15,Statement 3,,0.0,0.0,0.0,0.0,0.0,0.0,0.0,0.0,0.0,0.0,0.0,0.0,2022-23,Statement 3 - Budget,0.0,0.0,0.0,0.0,0.0,0.0,0.0,0.0,0.0,19.0,Ministry of Petroleum and Natural Gas,Other Central Sector Expenditure,3.0,288.1,0.0,288.1,203.37,0.0,203.37,179.84,0.0,179.84,152.88,0.0,152.88,0.0,0.0,0.0,0.0,0.0,0.0,0.0,0.0,0.0,0.0,,0.0,0.0,0.0,0.0,0.0,0.0,0.0,0.0,0.0,0.0,0.0,0.0
15,Statement 3,,0.0,0.0,0.0,0.0,0.0,0.0,0.0,0.0,0.0,0.0,0.0,0.0,2022-23,Statement 3 - Budget,0.0,0.0,0.0,0.0,0.0,0.0,0.0,0.0,0.0,19.0,Ministry of Planning,Total Ministry/Department,0.0,748.4,0.28,748.68,1061.99,0.78,1062.77,1070.01,0.77,1070.78,310.67,10.75,321.42,0.0,0.0,0.0,0.0,0.0,0.0,0.0,0.0,0.0,0.0,,0.0,0.0,0.0,0.0,0.0,0.0,0.0,0.0,0.0,0.0,0.0,0.0
15,Statement 3,,0.0,0.0,0.0,0.0,0.0,0.0,0.0,0.0,0.0,0.0,0.0,0.0,2022-23,Statement 3 - Budget,0.0,0.0,0.0,0.0,0.0,0.0,0.0,0.0,0.0,19.0,Ministry of Planning,Central Sector Schemes/Projects,1.0,641.78,0.28,642.06,954.22,0.78,955.0,928.7,0.77,929.47,151.32,10.75,162.07,0.0,0.0,0.0,0.0,0.0,0.0,0.0,0.0,0.0,0.0,,0.0,0.0,0.0,0.0,0.0,0.0,0.0,0.0,0.0,0.0,0.0,0.0
15,Statement 3,,0.0,0.0,0.0,0.0,0.0,0.0,0.0,0.0,0.0,0.0,0.0,0.0,2022-23,Statement 3 - Budget,0.0,0.0,0.0,0.0,0.0,0.0,0.0,0.0,0.0,19.0,Ministry of Planning,Establishment Expenditure of the Centre,2.0,97.73,0.0,97.73,98.1,0.0,98.1,132.05,0.0,132.05,149.49,0.0,149.49,0.0,0.0,0.0,0.0,0.0,0.0,0.0,0.0,0.0,0.0,,0.0,0.0,0.0,0.0,0.0,0.0,0.0,0.0,0.0,0.0,0.0,0.0
15,Statement 3,,0.0,0.0,0.0,0.0,0.0,0.0,0.0,0.0,0.0,0.0,0.0,0.0,2022-23,Statement 3 - Budget,0.0,0.0,0.0,0.0,0.0,0.0,0.0,0.0,0.0,19.0,Ministry of Planning,Other Central Sector Expenditure,3.0,8.89,0.0,8.89,9.67,0.0,9.67,9.26,0.0,9.26,9.86,0.0,9.86,0.0,0.0,0.0,0.0,0.0,0.0,0.0,0.0,0.0,0.0,,0.0,0.0,0.0,0.0,0.0,0.0,0.0,0.0,0.0,0.0,0.0,0.0
15,Statement 3,,0.0,0.0,0.0,0.0,0.0,0.0,0.0,0.0,0.0,0.0,0.0,0.0,2022-23,Statement 3 - Budget,0.0,0.0,0.0,0.0,0.0,0.0,0.0,0.0,0.0,19.0,"Ministry of Ports, Shipping and Waterways",Total Ministry/Department,0.0,1219.07,168.63,1387.7,1519.35,183.0,1702.35,976.57,608.8,1585.37,1135.19,574.31,1709.5,0.0,0.0,0.0,0.0,0.0,0.0,0.0,0.0,0.0,0.0,,0.0,0.0,0.0,0.0,0.0,0.0,0.0,0.0,0.0,0.0,0.0,0.0
15,Statement 3,,0.0,0.0,0.0,0.0,0.0,0.0,0.0,0.0,0.0,0.0,0.0,0.0,2022-23,Statement 3 - Budget,0.0,0.0,0.0,0.0,0.0,0.0,0.0,0.0,0.0,19.0,"Ministry of Ports, Shipping and Waterways",Central Sector Schemes/Projects,1.0,885.92,159.99,1045.91,1102.5,158.0,1260.5,492.18,100.0,592.18,622.29,0.0,622.29,0.0,0.0,0.0,0.0,0.0,0.0,0.0,0.0,0.0,0.0,,0.0,0.0,0.0,0.0,0.0,0.0,0.0,0.0,0.0,0.0,0.0,0.0
15,Statement 3,,0.0,0.0,0.0,0.0,0.0,0.0,0.0,0.0,0.0,0.0,0.0,0.0,2022-23,Statement 3 - Budget,0.0,0.0,0.0,0.0,0.0,0.0,0.0,0.0,0.0,19.0,"Ministry of Ports, Shipping and Waterways",Establishment Expenditure of the Centre,2.0,54.5,0.0,54.5,77.0,0.0,77.0,75.14,0.0,75.14,80.0,0.0,80.0,0.0,0.0,0.0,0.0,0.0,0.0,0.0,0.0,0.0,0.0,,0.0,0.0,0.0,0.0,0.0,0.0,0.0,0.0,0.0,0.0,0.0,0.0
15,Statement 3,,0.0,0.0,0.0,0.0,0.0,0.0,0.0,0.0,0.0,0.0,0.0,0.0,2022-23,Statement 3 - Budget,0.0,0.0,0.0,0.0,0.0,0.0,0.0,0.0,0.0,19.0,"Ministry of Ports, Shipping and Waterways",Other Central Sector Expenditure,3.0,278.65,8.64,287.29,339.85,25.0,364.85,409.25,508.8,918.05,432.9,574.31,1007.21,0.0,0.0,0.0,0.0,0.0,0.0,0.0,0.0,0.0,0.0,,0.0,0.0,0.0,0.0,0.0,0.0,0.0,0.0,0.0,0.0,0.0,0.0
15,Statement 3,,0.0,0.0,0.0,0.0,0.0,0.0,0.0,0.0,0.0,0.0,0.0,0.0,2022-23,Statement 3 - Budget,0.0,0.0,0.0,0.0,0.0,0.0,0.0,0.0,0.0,19.0,Ministry of Power,Total Ministry/Department,0.0,10211.94,369.98,10581.92,13757.03,1564.97,15322.0,14236.38,1085.62,15322.0,16061.63,13.11,16074.74,0.0,0.0,0.0,0.0,0.0,0.0,0.0,0.0,0.0,0.0,,0.0,0.0,0.0,0.0,0.0,0.0,0.0,0.0,0.0,0.0,0.0,0.0
15,Statement 3,,0.0,0.0,0.0,0.0,0.0,0.0,0.0,0.0,0.0,0.0,0.0,0.0,2022-23,Statement 3 - Budget,0.0,0.0,0.0,0.0,0.0,0.0,0.0,0.0,0.0,19.0,Ministry of Power,Central Sector Schemes/Projects,1.0,7271.02,318.67,7589.69,9444.17,1564.95,11009.12,10527.52,1085.62,11613.14,11192.69,13.11,11205.8,0.0,0.0,0.0,0.0,0.0,0.0,0.0,0.0,0.0,0.0,,0.0,0.0,0.0,0.0,0.0,0.0,0.0,0.0,0.0,0.0,0.0,0.0
15,Statement 3,,0.0,0.0,0.0,0.0,0.0,0.0,0.0,0.0,0.0,0.0,0.0,0.0,2022-23,Statement 3 - Budget,0.0,0.0,0.0,0.0,0.0,0.0,0.0,0.0,0.0,19.0,Ministry of Power,Establishment Expenditure of the Centre,2.0,188.48,0.0,188.48,226.6,0.0,226.6,210.05,0.0,210.05,231.79,0.0,231.79,0.0,0.0,0.0,0.0,0.0,0.0,0.0,0.0,0.0,0.0,,0.0,0.0,0.0,0.0,0.0,0.0,0.0,0.0,0.0,0.0,0.0,0.0
15,Statement 3,,0.0,0.0,0.0,0.0,0.0,0.0,0.0,0.0,0.0,0.0,0.0,0.0,2022-23,Statement 3 - Budget,0.0,0.0,0.0,0.0,0.0,0.0,0.0,0.0,0.0,19.0,Ministry of Power,Other Central Sector Expenditure,3.0,2752.44,51.31,2803.75,4086.26,0.02,4086.28,3498.81,0.0,3498.81,4637.15,0.0,4637.15,0.0,0.0,0.0,0.0,0.0,0.0,0.0,0.0,0.0,0.0,,0.0,0.0,0.0,0.0,0.0,0.0,0.0,0.0,0.0,0.0,0.0,0.0
15,Statement 3,,0.0,0.0,0.0,0.0,0.0,0.0,0.0,0.0,0.0,0.0,0.0,0.0,2022-23,Statement 3 - Budget,0.0,0.0,0.0,0.0,0.0,0.0,0.0,0.0,0.0,19.0,"Staff, Household and Allowances of the President",Total Ministry/Department,0.0,68.13,0.0,68.13,74.47,0.0,74.47,70.0,0.0,70.0,79.45,0.0,79.45,0.0,0.0,0.0,0.0,0.0,0.0,0.0,0.0,0.0,0.0,,0.0,0.0,0.0,0.0,0.0,0.0,0.0,0.0,0.0,0.0,0.0,0.0
15,Statement 3,,0.0,0.0,0.0,0.0,0.0,0.0,0.0,0.0,0.0,0.0,0.0,0.0,2022-23,Statement 3 - Budget,0.0,0.0,0.0,0.0,0.0,0.0,0.0,0.0,0.0,19.0,"Staff, Household and Allowances of the President",Establishment Expenditure of the Centre,1.0,68.13,0.0,68.13,74.47,0.0,74.47,70.0,0.0,70.0,79.45,0.0,79.45,0.0,0.0,0.0,0.0,0.0,0.0,0.0,0.0,0.0,0.0,,0.0,0.0,0.0,0.0,0.0,0.0,0.0,0.0,0.0,0.0,0.0,0.0
15,Statement 3,,0.0,0.0,0.0,0.0,0.0,0.0,0.0,0.0,0.0,0.0,0.0,0.0,2022-23,Statement 3 - Budget,0.0,0.0,0.0,0.0,0.0,0.0,0.0,0.0,0.0,19.0,Lok Sabha,Total Ministry/Department,0.0,559.79,0.0,559.79,855.0,0.0,855.0,700.45,0.0,700.45,800.0,0.0,800.0,0.0,0.0,0.0,0.0,0.0,0.0,0.0,0.0,0.0,0.0,,0.0,0.0,0.0,0.0,0.0,0.0,0.0,0.0,0.0,0.0,0.0,0.0
15,Statement 3,,0.0,0.0,0.0,0.0,0.0,0.0,0.0,0.0,0.0,0.0,0.0,0.0,2022-23,Statement 3 - Budget,0.0,0.0,0.0,0.0,0.0,0.0,0.0,0.0,0.0,19.0,Lok Sabha,Establishment Expenditure of the Centre,1.0,559.79,0.0,559.79,855.0,0.0,855.0,700.45,0.0,700.45,800.0,0.0,800.0,0.0,0.0,0.0,0.0,0.0,0.0,0.0,0.0,0.0,0.0,,0.0,0.0,0.0,0.0,0.0,0.0,0.0,0.0,0.0,0.0,0.0,0.0
15,Statement 3,,0.0,0.0,0.0,0.0,0.0,0.0,0.0,0.0,0.0,0.0,0.0,0.0,2022-23,Statement 3 - Budget,0.0,0.0,0.0,0.0,0.0,0.0,0.0,0.0,0.0,19.0,Rajya Sabha,Total Ministry/Department,0.0,346.51,0.0,346.51,446.5,0.0,446.5,405.54,0.0,405.54,430.96,0.0,430.96,0.0,0.0,0.0,0.0,0.0,0.0,0.0,0.0,0.0,0.0,,0.0,0.0,0.0,0.0,0.0,0.0,0.0,0.0,0.0,0.0,0.0,0.0
15,Statement 3,,0.0,0.0,0.0,0.0,0.0,0.0,0.0,0.0,0.0,0.0,0.0,0.0,2022-23,Statement 3 - Budget,0.0,0.0,0.0,0.0,0.0,0.0,0.0,0.0,0.0,19.0,Rajya Sabha,Establishment Expenditure of the Centre,1.0,346.51,0.0,346.51,446.5,0.0,446.5,405.54,0.0,405.54,430.96,0.0,430.96,0.0,0.0,0.0,0.0,0.0,0.0,0.0,0.0,0.0,0.0,,0.0,0.0,0.0,0.0,0.0,0.0,0.0,0.0,0.0,0.0,0.0,0.0
15,Statement 3,,0.0,0.0,0.0,0.0,0.0,0.0,0.0,0.0,0.0,0.0,0.0,0.0,2022-23,Statement 3 - Budget,0.0,0.0,0.0,0.0,0.0,0.0,0.0,0.0,0.0,19.0,Secretariat of the Vice-President,Total Ministry/Department,0.0,5.93,0.0,5.93,7.43,0.0,7.43,7.31,0.0,7.31,8.64,0.0,8.64,0.0,0.0,0.0,0.0,0.0,0.0,0.0,0.0,0.0,0.0,,0.0,0.0,0.0,0.0,0.0,0.0,0.0,0.0,0.0,0.0,0.0,0.0
15,Statement 3,,0.0,0.0,0.0,0.0,0.0,0.0,0.0,0.0,0.0,0.0,0.0,0.0,2022-23,Statement 3 - Budget,0.0,0.0,0.0,0.0,0.0,0.0,0.0,0.0,0.0,19.0,Secretariat of the Vice-President,Establishment Expenditure of the Centre,1.0,5.93,0.0,5.93,7.43,0.0,7.43,7.31,0.0,7.31,8.64,0.0,8.64,0.0,0.0,0.0,0.0,0.0,0.0,0.0,0.0,0.0,0.0,,0.0,0.0,0.0,0.0,0.0,0.0,0.0,0.0,0.0,0.0,0.0,0.0
15,Statement 3,,0.0,0.0,0.0,0.0,0.0,0.0,0.0,0.0,0.0,0.0,0.0,0.0,2022-23,Statement 3 - Budget,0.0,0.0,0.0,0.0,0.0,0.0,0.0,0.0,0.0,19.0,Union Public Service Commission,Total Ministry/Department,0.0,284.94,0.0,284.94,304.17,0.0,304.17,316.18,0.0,316.18,330.58,0.0,330.58,0.0,0.0,0.0,0.0,0.0,0.0,0.0,0.0,0.0,0.0,,0.0,0.0,0.0,0.0,0.0,0.0,0.0,0.0,0.0,0.0,0.0,0.0
15,Statement 3,,0.0,0.0,0.0,0.0,0.0,0.0,0.0,0.0,0.0,0.0,0.0,0.0,2022-23,Statement 3 - Budget,0.0,0.0,0.0,0.0,0.0,0.0,0.0,0.0,0.0,19.0,Union Public Service Commission,Establishment Expenditure of the Centre,1.0,284.94,0.0,284.94,304.17,0.0,304.17,316.18,0.0,316.18,330.58,0.0,330.58,0.0,0.0,0.0,0.0,0.0,0.0,0.0,0.0,0.0,0.0,,0.0,0.0,0.0,0.0,0.0,0.0,0.0,0.0,0.0,0.0,0.0,0.0
15,Statement 3,,0.0,0.0,0.0,0.0,0.0,0.0,0.0,0.0,0.0,0.0,0.0,0.0,2022-23,Statement 3 - Budget,0.0,0.0,0.0,0.0,0.0,0.0,0.0,0.0,0.0,19.0,Ministry of Railways,Total Ministry/Department,0.0,2835.63,109323.69,112159.32,2954.64,107100.0,110054.64,2956.12,117100.0,120056.12,3267.13,137100.0,140367.13,0.0,0.0,0.0,0.0,0.0,0.0,0.0,0.0,0.0,0.0,,0.0,0.0,0.0,0.0,0.0,0.0,0.0,0.0,0.0,0.0,0.0,0.0
15,Statement 3,,0.0,0.0,0.0,0.0,0.0,0.0,0.0,0.0,0.0,0.0,0.0,0.0,2022-23,Statement 3 - Budget,0.0,0.0,0.0,0.0,0.0,0.0,0.0,0.0,0.0,19.0,Ministry of Railways,Central Sector Schemes/Projects,1.0,0.0,109323.69,109323.69,0.0,107100.0,107100.0,0.0,117100.0,117100.0,0.0,137100.0,137100.0,0.0,0.0,0.0,0.0,0.0,0.0,0.0,0.0,0.0,0.0,,0.0,0.0,0.0,0.0,0.0,0.0,0.0,0.0,0.0,0.0,0.0,0.0
15,Statement 3,,0.0,0.0,0.0,0.0,0.0,0.0,0.0,0.0,0.0,0.0,0.0,0.0,2022-23,Statement 3 - Budget,0.0,0.0,0.0,0.0,0.0,0.0,0.0,0.0,0.0,19.0,Ministry of Railways,Establishment Expenditure of the Centre,2.0,2835.63,0.0,2835.63,2954.64,0.0,2954.64,2956.12,0.0,2956.12,3267.13,0.0,3267.13,0.0,0.0,0.0,0.0,0.0,0.0,0.0,0.0,0.0,0.0,,0.0,0.0,0.0,0.0,0.0,0.0,0.0,0.0,0.0,0.0,0.0,0.0
15,Statement 3,,0.0,0.0,0.0,0.0,0.0,0.0,0.0,0.0,0.0,0.0,0.0,0.0,2022-23,Statement 3 - Budget,0.0,0.0,0.0,0.0,0.0,0.0,0.0,0.0,0.0,19.0,Ministry of Road Transport and Highways,Total Ministry/Department,0.0,9964.27,89194.82,99159.09,9870.89,108230.11,118101.0,9898.44,121250.63,131149.07,11363.71,187744.0,199107.71,0.0,0.0,0.0,0.0,0.0,0.0,0.0,0.0,0.0,0.0,,0.0,0.0,0.0,0.0,0.0,0.0,0.0,0.0,0.0,0.0,0.0,0.0
16,Statement 3,,0.0,0.0,0.0,0.0,0.0,0.0,0.0,0.0,0.0,0.0,0.0,0.0,2022-23,Statement 3 - Budget,0.0,0.0,0.0,0.0,0.0,0.0,0.0,0.0,0.0,20.0,Ministry of Road Transport and Highways,Central Sector Schemes/Projects,1.0,9833.57,89194.82,99028.39,9717.24,108230.11,117947.35,9744.79,121250.63,130995.42,11200.48,187744.0,198944.48,0.0,0.0,0.0,0.0,0.0,0.0,0.0,0.0,0.0,0.0,,0.0,0.0,0.0,0.0,0.0,0.0,0.0,0.0,0.0,0.0,0.0,0.0
16,Statement 3,,0.0,0.0,0.0,0.0,0.0,0.0,0.0,0.0,0.0,0.0,0.0,0.0,2022-23,Statement 3 - Budget,0.0,0.0,0.0,0.0,0.0,0.0,0.0,0.0,0.0,20.0,Ministry of Road Transport and Highways,Establishment Expenditure of the Centre,2.0,130.7,0.0,130.7,153.65,0.0,153.65,153.65,0.0,153.65,163.23,0.0,163.23,0.0,0.0,0.0,0.0,0.0,0.0,0.0,0.0,0.0,0.0,,0.0,0.0,0.0,0.0,0.0,0.0,0.0,0.0,0.0,0.0,0.0,0.0
16,Statement 3,,0.0,0.0,0.0,0.0,0.0,0.0,0.0,0.0,0.0,0.0,0.0,0.0,2022-23,Statement 3 - Budget,0.0,0.0,0.0,0.0,0.0,0.0,0.0,0.0,0.0,20.0,Department of Rural Development,Total Ministry/Department,0.0,196416.71,0.0,196416.71,131519.08,0.0,131519.08,153558.07,0.0,153558.07,135944.29,0.0,135944.29,0.0,0.0,0.0,0.0,0.0,0.0,0.0,0.0,0.0,0.0,,0.0,0.0,0.0,0.0,0.0,0.0,0.0,0.0,0.0,0.0,0.0,0.0
16,Statement 3,,0.0,0.0,0.0,0.0,0.0,0.0,0.0,0.0,0.0,0.0,0.0,0.0,2022-23,Statement 3 - Budget,0.0,0.0,0.0,0.0,0.0,0.0,0.0,0.0,0.0,20.0,Department of Rural Development,Central Sector Schemes/Projects,1.0,215.61,0.0,215.61,364.39,0.0,364.39,176.54,0.0,176.54,212.2,0.0,212.2,0.0,0.0,0.0,0.0,0.0,0.0,0.0,0.0,0.0,0.0,,0.0,0.0,0.0,0.0,0.0,0.0,0.0,0.0,0.0,0.0,0.0,0.0
16,Statement 3,,0.0,0.0,0.0,0.0,0.0,0.0,0.0,0.0,0.0,0.0,0.0,0.0,2022-23,Statement 3 - Budget,0.0,0.0,0.0,0.0,0.0,0.0,0.0,0.0,0.0,20.0,Department of Rural Development,Centrally Sponsored Schemes,2.0,196146.73,0.0,196146.73,130977.61,0.0,130977.61,153204.45,0.0,153204.45,135538.73,0.0,135538.73,0.0,0.0,0.0,0.0,0.0,0.0,0.0,0.0,0.0,0.0,,0.0,0.0,0.0,0.0,0.0,0.0,0.0,0.0,0.0,0.0,0.0,0.0
16,Statement 3,,0.0,0.0,0.0,0.0,0.0,0.0,0.0,0.0,0.0,0.0,0.0,0.0,2022-23,Statement 3 - Budget,0.0,0.0,0.0,0.0,0.0,0.0,0.0,0.0,0.0,20.0,Department of Rural Development,Establishment Expenditure of the Centre,3.0,61.55,0.0,61.55,53.08,0.0,53.08,53.08,0.0,53.08,57.9,0.0,57.9,0.0,0.0,0.0,0.0,0.0,0.0,0.0,0.0,0.0,0.0,,0.0,0.0,0.0,0.0,0.0,0.0,0.0,0.0,0.0,0.0,0.0,0.0
16,Statement 3,,0.0,0.0,0.0,0.0,0.0,0.0,0.0,0.0,0.0,0.0,0.0,0.0,2022-23,Statement 3 - Budget,0.0,0.0,0.0,0.0,0.0,0.0,0.0,0.0,0.0,20.0,Department of Rural Development,Other Central Sector Expenditure,4.0,-7.18,0.0,-7.18,124.0,0.0,124.0,124.0,0.0,124.0,135.46,0.0,135.46,0.0,0.0,0.0,0.0,0.0,0.0,0.0,0.0,0.0,0.0,,0.0,0.0,0.0,0.0,0.0,0.0,0.0,0.0,0.0,0.0,0.0,0.0
16,Statement 3,,0.0,0.0,0.0,0.0,0.0,0.0,0.0,0.0,0.0,0.0,0.0,0.0,2022-23,Statement 3 - Budget,0.0,0.0,0.0,0.0,0.0,0.0,0.0,0.0,0.0,20.0,Department of Land Resources,Total Ministry/Department,0.0,1175.98,0.0,1175.98,2170.42,0.0,2170.42,1484.52,0.0,1484.52,2259.34,0.0,2259.34,0.0,0.0,0.0,0.0,0.0,0.0,0.0,0.0,0.0,0.0,,0.0,0.0,0.0,0.0,0.0,0.0,0.0,0.0,0.0,0.0,0.0,0.0
16,Statement 3,,0.0,0.0,0.0,0.0,0.0,0.0,0.0,0.0,0.0,0.0,0.0,0.0,2022-23,Statement 3 - Budget,0.0,0.0,0.0,0.0,0.0,0.0,0.0,0.0,0.0,20.0,Department of Land Resources,Central Sector Schemes/Projects,1.0,225.14,0.0,225.14,150.0,0.0,150.0,250.0,0.0,250.0,239.25,0.0,239.25,0.0,0.0,0.0,0.0,0.0,0.0,0.0,0.0,0.0,0.0,,0.0,0.0,0.0,0.0,0.0,0.0,0.0,0.0,0.0,0.0,0.0,0.0
16,Statement 3,,0.0,0.0,0.0,0.0,0.0,0.0,0.0,0.0,0.0,0.0,0.0,0.0,2022-23,Statement 3 - Budget,0.0,0.0,0.0,0.0,0.0,0.0,0.0,0.0,0.0,20.0,Department of Land Resources,Centrally Sponsored Schemes,2.0,937.84,0.0,937.84,2000.0,0.0,2000.0,1216.0,0.0,1216.0,2000.0,0.0,2000.0,0.0,0.0,0.0,0.0,0.0,0.0,0.0,0.0,0.0,0.0,,0.0,0.0,0.0,0.0,0.0,0.0,0.0,0.0,0.0,0.0,0.0,0.0
16,Statement 3,,0.0,0.0,0.0,0.0,0.0,0.0,0.0,0.0,0.0,0.0,0.0,0.0,2022-23,Statement 3 - Budget,0.0,0.0,0.0,0.0,0.0,0.0,0.0,0.0,0.0,20.0,Department of Land Resources,Establishment Expenditure of the Centre,3.0,13.0,0.0,13.0,20.42,0.0,20.42,18.52,0.0,18.52,20.09,0.0,20.09,0.0,0.0,0.0,0.0,0.0,0.0,0.0,0.0,0.0,0.0,,0.0,0.0,0.0,0.0,0.0,0.0,0.0,0.0,0.0,0.0,0.0,0.0
16,Statement 3,,0.0,0.0,0.0,0.0,0.0,0.0,0.0,0.0,0.0,0.0,0.0,0.0,2022-23,Statement 3 - Budget,0.0,0.0,0.0,0.0,0.0,0.0,0.0,0.0,0.0,20.0,Department of Science and Technology,Total Ministry/Department,0.0,4807.08,86.48,4893.56,5945.39,122.0,6067.39,5170.8,69.2,5240.0,5917.3,82.7,6000.0,0.0,0.0,0.0,0.0,0.0,0.0,0.0,0.0,0.0,0.0,,0.0,0.0,0.0,0.0,0.0,0.0,0.0,0.0,0.0,0.0,0.0,0.0
16,Statement 3,,0.0,0.0,0.0,0.0,0.0,0.0,0.0,0.0,0.0,0.0,0.0,0.0,2022-23,Statement 3 - Budget,0.0,0.0,0.0,0.0,0.0,0.0,0.0,0.0,0.0,20.0,Department of Science and Technology,Central Sector Schemes/Projects,1.0,2189.39,0.0,2189.39,2915.69,0.0,2915.69,2141.58,0.0,2141.58,2894.55,0.0,2894.55,0.0,0.0,0.0,0.0,0.0,0.0,0.0,0.0,0.0,0.0,,0.0,0.0,0.0,0.0,0.0,0.0,0.0,0.0,0.0,0.0,0.0,0.0
16,Statement 3,,0.0,0.0,0.0,0.0,0.0,0.0,0.0,0.0,0.0,0.0,0.0,0.0,2022-23,Statement 3 - Budget,0.0,0.0,0.0,0.0,0.0,0.0,0.0,0.0,0.0,20.0,Department of Science and Technology,Establishment Expenditure of the Centre,2.0,503.77,86.48,590.25,591.7,122.0,713.7,566.22,69.2,635.42,619.75,82.7,702.45,0.0,0.0,0.0,0.0,0.0,0.0,0.0,0.0,0.0,0.0,,0.0,0.0,0.0,0.0,0.0,0.0,0.0,0.0,0.0,0.0,0.0,0.0
16,Statement 3,,0.0,0.0,0.0,0.0,0.0,0.0,0.0,0.0,0.0,0.0,0.0,0.0,2022-23,Statement 3 - Budget,0.0,0.0,0.0,0.0,0.0,0.0,0.0,0.0,0.0,20.0,Department of Science and Technology,Other Central Sector Expenditure,3.0,2113.92,0.0,2113.92,2438.0,0.0,2438.0,2463.0,0.0,2463.0,2403.0,0.0,2403.0,0.0,0.0,0.0,0.0,0.0,0.0,0.0,0.0,0.0,0.0,,0.0,0.0,0.0,0.0,0.0,0.0,0.0,0.0,0.0,0.0,0.0,0.0
16,Statement 3,,0.0,0.0,0.0,0.0,0.0,0.0,0.0,0.0,0.0,0.0,0.0,0.0,2022-23,Statement 3 - Budget,0.0,0.0,0.0,0.0,0.0,0.0,0.0,0.0,0.0,20.0,Department of Biotechnology,Total Ministry/Department,0.0,2259.1,0.0,2259.1,3502.37,0.0,3502.37,2961.0,0.0,2961.0,2581.0,0.0,2581.0,0.0,0.0,0.0,0.0,0.0,0.0,0.0,0.0,0.0,0.0,,0.0,0.0,0.0,0.0,0.0,0.0,0.0,0.0,0.0,0.0,0.0,0.0
16,Statement 3,,0.0,0.0,0.0,0.0,0.0,0.0,0.0,0.0,0.0,0.0,0.0,0.0,2022-23,Statement 3 - Budget,0.0,0.0,0.0,0.0,0.0,0.0,0.0,0.0,0.0,20.0,Department of Biotechnology,Central Sector Schemes/Projects,1.0,1628.32,0.0,1628.32,2620.28,0.0,2620.28,2204.0,0.0,2204.0,1680.0,0.0,1680.0,0.0,0.0,0.0,0.0,0.0,0.0,0.0,0.0,0.0,0.0,,0.0,0.0,0.0,0.0,0.0,0.0,0.0,0.0,0.0,0.0,0.0,0.0
16,Statement 3,,0.0,0.0,0.0,0.0,0.0,0.0,0.0,0.0,0.0,0.0,0.0,0.0,2022-23,Statement 3 - Budget,0.0,0.0,0.0,0.0,0.0,0.0,0.0,0.0,0.0,20.0,Department of Biotechnology,Establishment Expenditure of the Centre,2.0,26.4,0.0,26.4,35.18,0.0,35.18,34.82,0.0,34.82,35.18,0.0,35.18,0.0,0.0,0.0,0.0,0.0,0.0,0.0,0.0,0.0,0.0,,0.0,0.0,0.0,0.0,0.0,0.0,0.0,0.0,0.0,0.0,0.0,0.0
16,Statement 3,,0.0,0.0,0.0,0.0,0.0,0.0,0.0,0.0,0.0,0.0,0.0,0.0,2022-23,Statement 3 - Budget,0.0,0.0,0.0,0.0,0.0,0.0,0.0,0.0,0.0,20.0,Department of Biotechnology,Other Central Sector Expenditure,3.0,604.38,0.0,604.38,846.91,0.0,846.91,722.18,0.0,722.18,865.82,0.0,865.82,0.0,0.0,0.0,0.0,0.0,0.0,0.0,0.0,0.0,0.0,,0.0,0.0,0.0,0.0,0.0,0.0,0.0,0.0,0.0,0.0,0.0,0.0
16,Statement 3,,0.0,0.0,0.0,0.0,0.0,0.0,0.0,0.0,0.0,0.0,0.0,0.0,2022-23,Statement 3 - Budget,0.0,0.0,0.0,0.0,0.0,0.0,0.0,0.0,0.0,20.0,Department of Scientific and Industrial Research,Total Ministry/Department,0.0,4193.4,5.42,4198.82,5202.12,22.15,5224.27,5285.57,12.15,5297.72,5623.96,12.5,5636.46,0.0,0.0,0.0,0.0,0.0,0.0,0.0,0.0,0.0,0.0,,0.0,0.0,0.0,0.0,0.0,0.0,0.0,0.0,0.0,0.0,0.0,0.0
16,Statement 3,,0.0,0.0,0.0,0.0,0.0,0.0,0.0,0.0,0.0,0.0,0.0,0.0,2022-23,Statement 3 - Budget,0.0,0.0,0.0,0.0,0.0,0.0,0.0,0.0,0.0,20.0,Department of Scientific and Industrial Research,Central Sector Schemes/Projects,1.0,20.13,1.8,21.93,33.35,1.65,35.0,30.35,1.65,32.0,37.0,2.0,39.0,0.0,0.0,0.0,0.0,0.0,0.0,0.0,0.0,0.0,0.0,,0.0,0.0,0.0,0.0,0.0,0.0,0.0,0.0,0.0,0.0,0.0,0.0
16,Statement 3,,0.0,0.0,0.0,0.0,0.0,0.0,0.0,0.0,0.0,0.0,0.0,0.0,2022-23,Statement 3 - Budget,0.0,0.0,0.0,0.0,0.0,0.0,0.0,0.0,0.0,20.0,Department of Scientific and Industrial Research,Establishment Expenditure of the Centre,2.0,11.76,3.5,15.26,17.0,20.0,37.0,14.0,10.0,24.0,17.7,10.0,27.7,0.0,0.0,0.0,0.0,0.0,0.0,0.0,0.0,0.0,0.0,,0.0,0.0,0.0,0.0,0.0,0.0,0.0,0.0,0.0,0.0,0.0,0.0
16,Statement 3,,0.0,0.0,0.0,0.0,0.0,0.0,0.0,0.0,0.0,0.0,0.0,0.0,2022-23,Statement 3 - Budget,0.0,0.0,0.0,0.0,0.0,0.0,0.0,0.0,0.0,20.0,Department of Scientific and Industrial Research,Other Central Sector Expenditure,3.0,4161.51,0.12,4161.63,5151.77,0.5,5152.27,5241.22,0.5,5241.72,5569.26,0.5,5569.76,0.0,0.0,0.0,0.0,0.0,0.0,0.0,0.0,0.0,0.0,,0.0,0.0,0.0,0.0,0.0,0.0,0.0,0.0,0.0,0.0,0.0,0.0
16,Statement 3,,0.0,0.0,0.0,0.0,0.0,0.0,0.0,0.0,0.0,0.0,0.0,0.0,2022-23,Statement 3 - Budget,0.0,0.0,0.0,0.0,0.0,0.0,0.0,0.0,0.0,20.0,Ministry of Skill Development and Entrepreneurship,Total Ministry/Department,0.0,2551.24,74.17,2625.41,2711.53,73.7,2785.23,2701.53,83.7,2785.23,2847.54,151.46,2999.0,0.0,0.0,0.0,0.0,0.0,0.0,0.0,0.0,0.0,0.0,,0.0,0.0,0.0,0.0,0.0,0.0,0.0,0.0,0.0,0.0,0.0,0.0
16,Statement 3,,0.0,0.0,0.0,0.0,0.0,0.0,0.0,0.0,0.0,0.0,0.0,0.0,2022-23,Statement 3 - Budget,0.0,0.0,0.0,0.0,0.0,0.0,0.0,0.0,0.0,20.0,Ministry of Skill Development and Entrepreneurship,Centrally Sponsored Schemes,1.0,2372.61,0.02,2372.63,2504.83,0.17,2505.0,2453.3,0.17,2453.47,2613.07,0.17,2613.24,0.0,0.0,0.0,0.0,0.0,0.0,0.0,0.0,0.0,0.0,,0.0,0.0,0.0,0.0,0.0,0.0,0.0,0.0,0.0,0.0,0.0,0.0
16,Statement 3,,0.0,0.0,0.0,0.0,0.0,0.0,0.0,0.0,0.0,0.0,0.0,0.0,2022-23,Statement 3 - Budget,0.0,0.0,0.0,0.0,0.0,0.0,0.0,0.0,0.0,20.0,Ministry of Skill Development and Entrepreneurship,Establishment Expenditure of the Centre,2.0,185.57,74.15,259.72,206.7,73.53,280.23,248.23,83.53,331.76,234.47,151.29,385.76,0.0,0.0,0.0,0.0,0.0,0.0,0.0,0.0,0.0,0.0,,0.0,0.0,0.0,0.0,0.0,0.0,0.0,0.0,0.0,0.0,0.0,0.0
16,Statement 3,,0.0,0.0,0.0,0.0,0.0,0.0,0.0,0.0,0.0,0.0,0.0,0.0,2022-23,Statement 3 - Budget,0.0,0.0,0.0,0.0,0.0,0.0,0.0,0.0,0.0,20.0,Ministry of Skill Development and Entrepreneurship,Other Central Sector Expenditure,3.0,-6.94,0.0,-6.94,0.0,0.0,0.0,0.0,0.0,0.0,0.0,0.0,0.0,0.0,0.0,0.0,0.0,0.0,0.0,0.0,0.0,0.0,0.0,,0.0,0.0,0.0,0.0,0.0,0.0,0.0,0.0,0.0,0.0,0.0,0.0
16,Statement 3,,0.0,0.0,0.0,0.0,0.0,0.0,0.0,0.0,0.0,0.0,0.0,0.0,2022-23,Statement 3 - Budget,0.0,0.0,0.0,0.0,0.0,0.0,0.0,0.0,0.0,20.0,Department of Social Justice and Empowerment,Total Ministry/Department,0.0,7965.03,100.0,8065.03,10147.62,370.0,10517.62,10085.0,95.0,10180.0,11687.51,235.0,11922.51,0.0,0.0,0.0,0.0,0.0,0.0,0.0,0.0,0.0,0.0,,0.0,0.0,0.0,0.0,0.0,0.0,0.0,0.0,0.0,0.0,0.0,0.0
16,Statement 3,,0.0,0.0,0.0,0.0,0.0,0.0,0.0,0.0,0.0,0.0,0.0,0.0,2022-23,Statement 3 - Budget,0.0,0.0,0.0,0.0,0.0,0.0,0.0,0.0,0.0,20.0,Department of Social Justice and Empowerment,Central Sector Schemes/Projects,1.0,454.51,0.0,454.51,1275.0,120.0,1395.0,656.4,90.0,746.4,859.5,110.0,969.5,0.0,0.0,0.0,0.0,0.0,0.0,0.0,0.0,0.0,0.0,,0.0,0.0,0.0,0.0,0.0,0.0,0.0,0.0,0.0,0.0,0.0,0.0
16,Statement 3,,0.0,0.0,0.0,0.0,0.0,0.0,0.0,0.0,0.0,0.0,0.0,0.0,2022-23,Statement 3 - Budget,0.0,0.0,0.0,0.0,0.0,0.0,0.0,0.0,0.0,20.0,Department of Social Justice and Empowerment,Centrally Sponsored Schemes,2.0,7374.6,0.0,7374.6,8705.62,0.0,8705.62,9251.6,0.0,9251.6,10641.01,0.0,10641.01,0.0,0.0,0.0,0.0,0.0,0.0,0.0,0.0,0.0,0.0,,0.0,0.0,0.0,0.0,0.0,0.0,0.0,0.0,0.0,0.0,0.0,0.0
17,Statement 3,,0.0,0.0,0.0,0.0,0.0,0.0,0.0,0.0,0.0,0.0,0.0,0.0,2022-23,Statement 3 - Budget,0.0,0.0,0.0,0.0,0.0,0.0,0.0,0.0,0.0,21.0,Department of Social Justice and Empowerment,Establishment Expenditure of the Centre,3.0,81.04,0.0,81.04,121.0,0.0,121.0,121.0,0.0,121.0,127.0,0.0,127.0,0.0,0.0,0.0,0.0,0.0,0.0,0.0,0.0,0.0,0.0,,0.0,0.0,0.0,0.0,0.0,0.0,0.0,0.0,0.0,0.0,0.0,0.0
17,Statement 3,,0.0,0.0,0.0,0.0,0.0,0.0,0.0,0.0,0.0,0.0,0.0,0.0,2022-23,Statement 3 - Budget,0.0,0.0,0.0,0.0,0.0,0.0,0.0,0.0,0.0,21.0,Department of Social Justice and Empowerment,Other Central Sector Expenditure,4.0,54.88,100.0,154.88,46.0,250.0,296.0,56.0,5.0,61.0,60.0,125.0,185.0,0.0,0.0,0.0,0.0,0.0,0.0,0.0,0.0,0.0,0.0,,0.0,0.0,0.0,0.0,0.0,0.0,0.0,0.0,0.0,0.0,0.0,0.0
17,Statement 3,,0.0,0.0,0.0,0.0,0.0,0.0,0.0,0.0,0.0,0.0,0.0,0.0,2022-23,Statement 3 - Budget,0.0,0.0,0.0,0.0,0.0,0.0,0.0,0.0,0.0,21.0,Department of Empowerment of Persons with Disabilities,Total Ministry/Department,0.0,852.52,0.0,852.52,1171.76,0.01,1171.77,1044.31,0.0,1044.31,1212.41,0.01,1212.42,0.0,0.0,0.0,0.0,0.0,0.0,0.0,0.0,0.0,0.0,,0.0,0.0,0.0,0.0,0.0,0.0,0.0,0.0,0.0,0.0,0.0,0.0
17,Statement 3,,0.0,0.0,0.0,0.0,0.0,0.0,0.0,0.0,0.0,0.0,0.0,0.0,2022-23,Statement 3 - Budget,0.0,0.0,0.0,0.0,0.0,0.0,0.0,0.0,0.0,21.0,Department of Empowerment of Persons with Disabilities,Central Sector Schemes/Projects,1.0,506.93,0.0,506.93,709.77,0.0,709.77,572.31,0.0,572.31,740.39,0.0,740.39,0.0,0.0,0.0,0.0,0.0,0.0,0.0,0.0,0.0,0.0,,0.0,0.0,0.0,0.0,0.0,0.0,0.0,0.0,0.0,0.0,0.0,0.0
17,Statement 3,,0.0,0.0,0.0,0.0,0.0,0.0,0.0,0.0,0.0,0.0,0.0,0.0,2022-23,Statement 3 - Budget,0.0,0.0,0.0,0.0,0.0,0.0,0.0,0.0,0.0,21.0,Department of Empowerment of Persons with Disabilities,Establishment Expenditure of the Centre,2.0,23.46,0.0,23.46,34.06,0.0,34.06,34.0,0.0,34.0,40.5,0.0,40.5,0.0,0.0,0.0,0.0,0.0,0.0,0.0,0.0,0.0,0.0,,0.0,0.0,0.0,0.0,0.0,0.0,0.0,0.0,0.0,0.0,0.0,0.0
17,Statement 3,,0.0,0.0,0.0,0.0,0.0,0.0,0.0,0.0,0.0,0.0,0.0,0.0,2022-23,Statement 3 - Budget,0.0,0.0,0.0,0.0,0.0,0.0,0.0,0.0,0.0,21.0,Department of Empowerment of Persons with Disabilities,Other Central Sector Expenditure,3.0,322.13,0.0,322.13,427.93,0.01,427.94,438.0,0.0,438.0,431.52,0.01,431.53,0.0,0.0,0.0,0.0,0.0,0.0,0.0,0.0,0.0,0.0,,0.0,0.0,0.0,0.0,0.0,0.0,0.0,0.0,0.0,0.0,0.0,0.0
17,Statement 3,,0.0,0.0,0.0,0.0,0.0,0.0,0.0,0.0,0.0,0.0,0.0,0.0,2022-23,Statement 3 - Budget,0.0,0.0,0.0,0.0,0.0,0.0,0.0,0.0,0.0,21.0,Department of Space,Total Ministry/Department,0.0,4840.45,4633.96,9474.41,5720.46,8228.63,13949.09,5720.46,6921.54,12642.0,6234.4,7465.6,13700.0,0.0,0.0,0.0,0.0,0.0,0.0,0.0,0.0,0.0,0.0,,0.0,0.0,0.0,0.0,0.0,0.0,0.0,0.0,0.0,0.0,0.0,0.0
17,Statement 3,,0.0,0.0,0.0,0.0,0.0,0.0,0.0,0.0,0.0,0.0,0.0,0.0,2022-23,Statement 3 - Budget,0.0,0.0,0.0,0.0,0.0,0.0,0.0,0.0,0.0,21.0,Department of Space,Central Sector Schemes/Projects,1.0,4063.63,4614.98,8678.61,4810.37,7520.75,12331.12,4770.08,6168.84,10938.92,5193.7,7448.3,12642.0,0.0,0.0,0.0,0.0,0.0,0.0,0.0,0.0,0.0,0.0,,0.0,0.0,0.0,0.0,0.0,0.0,0.0,0.0,0.0,0.0,0.0,0.0
17,Statement 3,,0.0,0.0,0.0,0.0,0.0,0.0,0.0,0.0,0.0,0.0,0.0,0.0,2022-23,Statement 3 - Budget,0.0,0.0,0.0,0.0,0.0,0.0,0.0,0.0,0.0,21.0,Department of Space,Establishment Expenditure of the Centre,2.0,154.88,21.51,176.39,178.59,7.88,186.47,197.83,8.17,206.0,242.7,16.3,259.0,0.0,0.0,0.0,0.0,0.0,0.0,0.0,0.0,0.0,0.0,,0.0,0.0,0.0,0.0,0.0,0.0,0.0,0.0,0.0,0.0,0.0,0.0
17,Statement 3,,0.0,0.0,0.0,0.0,0.0,0.0,0.0,0.0,0.0,0.0,0.0,0.0,2022-23,Statement 3 - Budget,0.0,0.0,0.0,0.0,0.0,0.0,0.0,0.0,0.0,21.0,Department of Space,Other Central Sector Expenditure,3.0,621.94,-2.53,619.41,731.5,700.0,1431.5,752.55,744.53,1497.08,798.0,1.0,799.0,0.0,0.0,0.0,0.0,0.0,0.0,0.0,0.0,0.0,0.0,,0.0,0.0,0.0,0.0,0.0,0.0,0.0,0.0,0.0,0.0,0.0,0.0
17,Statement 3,,0.0,0.0,0.0,0.0,0.0,0.0,0.0,0.0,0.0,0.0,0.0,0.0,2022-23,Statement 3 - Budget,0.0,0.0,0.0,0.0,0.0,0.0,0.0,0.0,0.0,21.0,Ministry of Statistics and Programme Implementation,Total Ministry/Department,0.0,2420.38,2.88,2423.26,1396.09,13.04,1409.13,3721.17,15.83,3737.0,5378.08,20.0,5398.08,0.0,0.0,0.0,0.0,0.0,0.0,0.0,0.0,0.0,0.0,,0.0,0.0,0.0,0.0,0.0,0.0,0.0,0.0,0.0,0.0,0.0,0.0
17,Statement 3,,0.0,0.0,0.0,0.0,0.0,0.0,0.0,0.0,0.0,0.0,0.0,0.0,2022-23,Statement 3 - Budget,0.0,0.0,0.0,0.0,0.0,0.0,0.0,0.0,0.0,21.0,Ministry of Statistics and Programme Implementation,Central Sector Schemes/Projects,1.0,1751.84,2.88,1754.72,633.94,13.04,646.98,2964.67,15.83,2980.5,4507.11,20.0,4527.11,0.0,0.0,0.0,0.0,0.0,0.0,0.0,0.0,0.0,0.0,,0.0,0.0,0.0,0.0,0.0,0.0,0.0,0.0,0.0,0.0,0.0,0.0
17,Statement 3,,0.0,0.0,0.0,0.0,0.0,0.0,0.0,0.0,0.0,0.0,0.0,0.0,2022-23,Statement 3 - Budget,0.0,0.0,0.0,0.0,0.0,0.0,0.0,0.0,0.0,21.0,Ministry of Statistics and Programme Implementation,Establishment Expenditure of the Centre,2.0,682.92,0.0,682.92,762.15,0.0,762.15,756.5,0.0,756.5,870.97,0.0,870.97,0.0,0.0,0.0,0.0,0.0,0.0,0.0,0.0,0.0,0.0,,0.0,0.0,0.0,0.0,0.0,0.0,0.0,0.0,0.0,0.0,0.0,0.0
17,Statement 3,,0.0,0.0,0.0,0.0,0.0,0.0,0.0,0.0,0.0,0.0,0.0,0.0,2022-23,Statement 3 - Budget,0.0,0.0,0.0,0.0,0.0,0.0,0.0,0.0,0.0,21.0,Ministry of Statistics and Programme Implementation,Other Central Sector Expenditure,3.0,-14.38,0.0,-14.38,0.0,0.0,0.0,0.0,0.0,0.0,0.0,0.0,0.0,0.0,0.0,0.0,0.0,0.0,0.0,0.0,0.0,0.0,0.0,,0.0,0.0,0.0,0.0,0.0,0.0,0.0,0.0,0.0,0.0,0.0,0.0
17,Statement 3,,0.0,0.0,0.0,0.0,0.0,0.0,0.0,0.0,0.0,0.0,0.0,0.0,2022-23,Statement 3 - Budget,0.0,0.0,0.0,0.0,0.0,0.0,0.0,0.0,0.0,21.0,Ministry of Steel,Total Ministry/Department,0.0,74.31,0.0,74.31,39.25,0.0,39.25,43.0,0.0,43.0,47.0,0.0,47.0,0.0,0.0,0.0,0.0,0.0,0.0,0.0,0.0,0.0,0.0,,0.0,0.0,0.0,0.0,0.0,0.0,0.0,0.0,0.0,0.0,0.0,0.0
17,Statement 3,,0.0,0.0,0.0,0.0,0.0,0.0,0.0,0.0,0.0,0.0,0.0,0.0,2022-23,Statement 3 - Budget,0.0,0.0,0.0,0.0,0.0,0.0,0.0,0.0,0.0,21.0,Ministry of Steel,Central Sector Schemes/Projects,1.0,0.54,0.0,0.54,5.0,0.0,5.0,4.81,0.0,4.81,4.49,0.0,4.49,0.0,0.0,0.0,0.0,0.0,0.0,0.0,0.0,0.0,0.0,,0.0,0.0,0.0,0.0,0.0,0.0,0.0,0.0,0.0,0.0,0.0,0.0
17,Statement 3,,0.0,0.0,0.0,0.0,0.0,0.0,0.0,0.0,0.0,0.0,0.0,0.0,2022-23,Statement 3 - Budget,0.0,0.0,0.0,0.0,0.0,0.0,0.0,0.0,0.0,21.0,Ministry of Steel,Establishment Expenditure of the Centre,2.0,29.06,0.0,29.06,32.78,0.0,32.78,36.73,0.0,36.73,40.51,0.0,40.51,0.0,0.0,0.0,0.0,0.0,0.0,0.0,0.0,0.0,0.0,,0.0,0.0,0.0,0.0,0.0,0.0,0.0,0.0,0.0,0.0,0.0,0.0
17,Statement 3,,0.0,0.0,0.0,0.0,0.0,0.0,0.0,0.0,0.0,0.0,0.0,0.0,2022-23,Statement 3 - Budget,0.0,0.0,0.0,0.0,0.0,0.0,0.0,0.0,0.0,21.0,Ministry of Steel,Other Central Sector Expenditure,3.0,44.71,0.0,44.71,1.47,0.0,1.47,1.46,0.0,1.46,2.0,0.0,2.0,0.0,0.0,0.0,0.0,0.0,0.0,0.0,0.0,0.0,0.0,,0.0,0.0,0.0,0.0,0.0,0.0,0.0,0.0,0.0,0.0,0.0,0.0
17,Statement 3,,0.0,0.0,0.0,0.0,0.0,0.0,0.0,0.0,0.0,0.0,0.0,0.0,2022-23,Statement 3 - Budget,0.0,0.0,0.0,0.0,0.0,0.0,0.0,0.0,0.0,21.0,Ministry of Textiles,Total Ministry/Department,0.0,3061.36,48.09,3109.45,3591.61,40.03,3631.64,11408.81,40.51,11449.32,12357.11,25.03,12382.14,0.0,0.0,0.0,0.0,0.0,0.0,0.0,0.0,0.0,0.0,,0.0,0.0,0.0,0.0,0.0,0.0,0.0,0.0,0.0,0.0,0.0,0.0
17,Statement 3,,0.0,0.0,0.0,0.0,0.0,0.0,0.0,0.0,0.0,0.0,0.0,0.0,2022-23,Statement 3 - Budget,0.0,0.0,0.0,0.0,0.0,0.0,0.0,0.0,0.0,21.0,Ministry of Textiles,Central Sector Schemes/Projects,1.0,3020.69,48.09,3068.78,3404.61,40.0,3444.61,11222.93,40.48,11263.41,12011.92,5.0,12016.92,0.0,0.0,0.0,0.0,0.0,0.0,0.0,0.0,0.0,0.0,,0.0,0.0,0.0,0.0,0.0,0.0,0.0,0.0,0.0,0.0,0.0,0.0
17,Statement 3,,0.0,0.0,0.0,0.0,0.0,0.0,0.0,0.0,0.0,0.0,0.0,0.0,2022-23,Statement 3 - Budget,0.0,0.0,0.0,0.0,0.0,0.0,0.0,0.0,0.0,21.0,Ministry of Textiles,Establishment Expenditure of the Centre,2.0,78.19,0.0,78.19,102.0,0.0,102.0,100.88,0.0,100.88,317.18,20.0,337.18,0.0,0.0,0.0,0.0,0.0,0.0,0.0,0.0,0.0,0.0,,0.0,0.0,0.0,0.0,0.0,0.0,0.0,0.0,0.0,0.0,0.0,0.0
17,Statement 3,,0.0,0.0,0.0,0.0,0.0,0.0,0.0,0.0,0.0,0.0,0.0,0.0,2022-23,Statement 3 - Budget,0.0,0.0,0.0,0.0,0.0,0.0,0.0,0.0,0.0,21.0,Ministry of Textiles,Other Central Sector Expenditure,3.0,-37.52,0.0,-37.52,85.0,0.03,85.03,85.0,0.03,85.03,28.01,0.03,28.04,0.0,0.0,0.0,0.0,0.0,0.0,0.0,0.0,0.0,0.0,,0.0,0.0,0.0,0.0,0.0,0.0,0.0,0.0,0.0,0.0,0.0,0.0
17,Statement 3,,0.0,0.0,0.0,0.0,0.0,0.0,0.0,0.0,0.0,0.0,0.0,0.0,2022-23,Statement 3 - Budget,0.0,0.0,0.0,0.0,0.0,0.0,0.0,0.0,0.0,21.0,Ministry of Tourism,Total Ministry/Department,0.0,1096.82,0.0,1096.82,2026.77,0.0,2026.77,969.8,0.0,969.8,2400.0,0.0,2400.0,0.0,0.0,0.0,0.0,0.0,0.0,0.0,0.0,0.0,0.0,,0.0,0.0,0.0,0.0,0.0,0.0,0.0,0.0,0.0,0.0,0.0,0.0
17,Statement 3,,0.0,0.0,0.0,0.0,0.0,0.0,0.0,0.0,0.0,0.0,0.0,0.0,2022-23,Statement 3 - Budget,0.0,0.0,0.0,0.0,0.0,0.0,0.0,0.0,0.0,21.0,Ministry of Tourism,Central Sector Schemes/Projects,1.0,992.15,0.0,992.15,1895.4,0.0,1895.4,846.23,0.0,846.23,2270.34,0.0,2270.34,0.0,0.0,0.0,0.0,0.0,0.0,0.0,0.0,0.0,0.0,,0.0,0.0,0.0,0.0,0.0,0.0,0.0,0.0,0.0,0.0,0.0,0.0
17,Statement 3,,0.0,0.0,0.0,0.0,0.0,0.0,0.0,0.0,0.0,0.0,0.0,0.0,2022-23,Statement 3 - Budget,0.0,0.0,0.0,0.0,0.0,0.0,0.0,0.0,0.0,21.0,Ministry of Tourism,Centrally Sponsored Schemes,2.0,6.25,0.0,6.25,5.27,0.0,5.27,5.27,0.0,5.27,5.27,0.0,5.27,0.0,0.0,0.0,0.0,0.0,0.0,0.0,0.0,0.0,0.0,,0.0,0.0,0.0,0.0,0.0,0.0,0.0,0.0,0.0,0.0,0.0,0.0
17,Statement 3,,0.0,0.0,0.0,0.0,0.0,0.0,0.0,0.0,0.0,0.0,0.0,0.0,2022-23,Statement 3 - Budget,0.0,0.0,0.0,0.0,0.0,0.0,0.0,0.0,0.0,21.0,Ministry of Tourism,Establishment Expenditure of the Centre,3.0,98.42,0.0,98.42,126.1,0.0,126.1,118.3,0.0,118.3,124.39,0.0,124.39,0.0,0.0,0.0,0.0,0.0,0.0,0.0,0.0,0.0,0.0,,0.0,0.0,0.0,0.0,0.0,0.0,0.0,0.0,0.0,0.0,0.0,0.0
17,Statement 3,,0.0,0.0,0.0,0.0,0.0,0.0,0.0,0.0,0.0,0.0,0.0,0.0,2022-23,Statement 3 - Budget,0.0,0.0,0.0,0.0,0.0,0.0,0.0,0.0,0.0,21.0,Ministry of Tribal Affairs,Total Ministry/Department,0.0,5494.51,0.0,5494.51,7524.85,0.02,7524.87,6181.3,0.0,6181.3,8401.92,50.0,8451.92,0.0,0.0,0.0,0.0,0.0,0.0,0.0,0.0,0.0,0.0,,0.0,0.0,0.0,0.0,0.0,0.0,0.0,0.0,0.0,0.0,0.0,0.0
17,Statement 3,,0.0,0.0,0.0,0.0,0.0,0.0,0.0,0.0,0.0,0.0,0.0,0.0,2022-23,Statement 3 - Budget,0.0,0.0,0.0,0.0,0.0,0.0,0.0,0.0,0.0,21.0,Ministry of Tribal Affairs,Central Sector Schemes/Projects,1.0,1489.42,0.0,1489.42,1831.03,0.02,1831.05,1428.74,0.0,1428.74,2895.53,50.0,2945.53,0.0,0.0,0.0,0.0,0.0,0.0,0.0,0.0,0.0,0.0,,0.0,0.0,0.0,0.0,0.0,0.0,0.0,0.0,0.0,0.0,0.0,0.0
17,Statement 3,,0.0,0.0,0.0,0.0,0.0,0.0,0.0,0.0,0.0,0.0,0.0,0.0,2022-23,Statement 3 - Budget,0.0,0.0,0.0,0.0,0.0,0.0,0.0,0.0,0.0,21.0,Ministry of Tribal Affairs,Centrally Sponsored Schemes,2.0,3172.12,0.0,3172.12,4303.01,0.0,4303.01,3797.72,0.0,3797.72,4111.38,0.0,4111.38,0.0,0.0,0.0,0.0,0.0,0.0,0.0,0.0,0.0,0.0,,0.0,0.0,0.0,0.0,0.0,0.0,0.0,0.0,0.0,0.0,0.0,0.0
17,Statement 3,,0.0,0.0,0.0,0.0,0.0,0.0,0.0,0.0,0.0,0.0,0.0,0.0,2022-23,Statement 3 - Budget,0.0,0.0,0.0,0.0,0.0,0.0,0.0,0.0,0.0,21.0,Ministry of Tribal Affairs,Establishment Expenditure of the Centre,3.0,32.97,0.0,32.97,40.8,0.0,40.8,54.84,0.0,54.84,45.0,0.0,45.0,0.0,0.0,0.0,0.0,0.0,0.0,0.0,0.0,0.0,0.0,,0.0,0.0,0.0,0.0,0.0,0.0,0.0,0.0,0.0,0.0,0.0,0.0
18,Statement 3,,0.0,0.0,0.0,0.0,0.0,0.0,0.0,0.0,0.0,0.0,0.0,0.0,2022-23,Statement 3 - Budget,0.0,0.0,0.0,0.0,0.0,0.0,0.0,0.0,0.0,22.0,Ministry of Tribal Affairs,Other Grants/Loans/Transfers,4.0,800.0,0.0,800.0,1350.01,0.0,1350.01,900.0,0.0,900.0,1350.01,0.0,1350.01,0.0,0.0,0.0,0.0,0.0,0.0,0.0,0.0,0.0,0.0,,0.0,0.0,0.0,0.0,0.0,0.0,0.0,0.0,0.0,0.0,0.0,0.0
18,Statement 3,,0.0,0.0,0.0,0.0,0.0,0.0,0.0,0.0,0.0,0.0,0.0,0.0,2022-23,Statement 3 - Budget,0.0,0.0,0.0,0.0,0.0,0.0,0.0,0.0,0.0,22.0,Ministry of Women and Child Development,Total Ministry/Department,0.0,19230.58,0.48,19231.06,24430.0,5.0,24435.0,23198.0,2.0,23200.0,25170.28,2.0,25172.28,0.0,0.0,0.0,0.0,0.0,0.0,0.0,0.0,0.0,0.0,,0.0,0.0,0.0,0.0,0.0,0.0,0.0,0.0,0.0,0.0,0.0,0.0
18,Statement 3,,0.0,0.0,0.0,0.0,0.0,0.0,0.0,0.0,0.0,0.0,0.0,0.0,2022-23,Statement 3 - Budget,0.0,0.0,0.0,0.0,0.0,0.0,0.0,0.0,0.0,22.0,Ministry of Women and Child Development,Centrally Sponsored Schemes,1.0,19007.7,0.48,19008.18,24157.0,5.0,24162.0,22958.29,2.0,22960.29,24937.35,2.0,24939.35,0.0,0.0,0.0,0.0,0.0,0.0,0.0,0.0,0.0,0.0,,0.0,0.0,0.0,0.0,0.0,0.0,0.0,0.0,0.0,0.0,0.0,0.0
18,Statement 3,,0.0,0.0,0.0,0.0,0.0,0.0,0.0,0.0,0.0,0.0,0.0,0.0,2022-23,Statement 3 - Budget,0.0,0.0,0.0,0.0,0.0,0.0,0.0,0.0,0.0,22.0,Ministry of Women and Child Development,Establishment Expenditure of the Centre,2.0,54.72,0.0,54.72,77.8,0.0,77.8,69.48,0.0,69.48,73.1,0.0,73.1,0.0,0.0,0.0,0.0,0.0,0.0,0.0,0.0,0.0,0.0,,0.0,0.0,0.0,0.0,0.0,0.0,0.0,0.0,0.0,0.0,0.0,0.0
18,Statement 3,,0.0,0.0,0.0,0.0,0.0,0.0,0.0,0.0,0.0,0.0,0.0,0.0,2022-23,Statement 3 - Budget,0.0,0.0,0.0,0.0,0.0,0.0,0.0,0.0,0.0,22.0,Ministry of Women and Child Development,Other Central Sector Expenditure,3.0,168.16,0.0,168.16,195.2,0.0,195.2,170.23,0.0,170.23,159.83,0.0,159.83,0.0,0.0,0.0,0.0,0.0,0.0,0.0,0.0,0.0,0.0,,0.0,0.0,0.0,0.0,0.0,0.0,0.0,0.0,0.0,0.0,0.0,0.0
18,Statement 3,,0.0,0.0,0.0,0.0,0.0,0.0,0.0,0.0,0.0,0.0,0.0,0.0,2022-23,Statement 3 - Budget,0.0,0.0,0.0,0.0,0.0,0.0,0.0,0.0,0.0,22.0,Ministry of Youth Affairs and Sports,Total Ministry/Department,0.0,1748.45,0.0,1748.45,2549.41,46.73,2596.14,2754.52,2.5,2757.02,3057.28,5.32,3062.6,0.0,0.0,0.0,0.0,0.0,0.0,0.0,0.0,0.0,0.0,,0.0,0.0,0.0,0.0,0.0,0.0,0.0,0.0,0.0,0.0,0.0,0.0
18,Statement 3,,0.0,0.0,0.0,0.0,0.0,0.0,0.0,0.0,0.0,0.0,0.0,0.0,2022-23,Statement 3 - Budget,0.0,0.0,0.0,0.0,0.0,0.0,0.0,0.0,0.0,22.0,Ministry of Youth Affairs and Sports,Central Sector Schemes/Projects,1.0,778.43,0.0,778.43,1395.01,3.0,1398.01,1566.5,2.5,1569.0,1827.18,5.32,1832.5,0.0,0.0,0.0,0.0,0.0,0.0,0.0,0.0,0.0,0.0,,0.0,0.0,0.0,0.0,0.0,0.0,0.0,0.0,0.0,0.0,0.0,0.0
18,Statement 3,,0.0,0.0,0.0,0.0,0.0,0.0,0.0,0.0,0.0,0.0,0.0,0.0,2022-23,Statement 3 - Budget,0.0,0.0,0.0,0.0,0.0,0.0,0.0,0.0,0.0,22.0,Ministry of Youth Affairs and Sports,Establishment Expenditure of the Centre,2.0,29.66,0.0,29.66,36.0,0.0,36.0,35.02,0.0,35.02,39.1,0.0,39.1,0.0,0.0,0.0,0.0,0.0,0.0,0.0,0.0,0.0,0.0,,0.0,0.0,0.0,0.0,0.0,0.0,0.0,0.0,0.0,0.0,0.0,0.0
18,Statement 3,,0.0,0.0,0.0,0.0,0.0,0.0,0.0,0.0,0.0,0.0,0.0,0.0,2022-23,Statement 3 - Budget,0.0,0.0,0.0,0.0,0.0,0.0,0.0,0.0,0.0,22.0,Ministry of Youth Affairs and Sports,Other Central Sector Expenditure,3.0,940.36,0.0,940.36,1118.4,43.73,1162.13,1153.0,0.0,1153.0,1191.0,0.0,1191.0,0.0,0.0,0.0,0.0,0.0,0.0,0.0,0.0,0.0,0.0,,0.0,0.0,0.0,0.0,0.0,0.0,0.0,0.0,0.0,0.0,0.0,0.0
18,Statement 3,,0.0,0.0,0.0,0.0,0.0,0.0,0.0,0.0,0.0,0.0,0.0,0.0,2022-23,Statement 3 - Budget,0.0,0.0,0.0,0.0,0.0,0.0,0.0,0.0,0.0,22.0,Grand Total,Statement 3 aggregate,0.0,3083518.99,426317.39,3509836.38,2928999.89,554235.74,3483235.63,3167288.43,602711.3,3769999.73,3194662.9,750245.77,3944908.67,0.0,0.0,0.0,0.0,0.0,0.0,0.0,0.0,0.0,0.0,,0.0,0.0,0.0,0.0,0.0,0.0,0.0,0.0,0.0,0.0,0.0,0.0
18,Statement 3,,0.0,0.0,0.0,0.0,0.0,0.0,0.0,0.0,0.0,0.0,0.0,0.0,2022-23,Statement 3 - Budget,0.0,0.0,0.0,0.0,0.0,0.0,0.0,0.0,0.0,22.0,Central Sector Schemes/Projects,Statement 3 aggregate,0.0,968810.82,388006.47,1356817.29,607968.41,443735.0,1051703.41,718124.25,476953.33,1195077.58,622308.81,558775.44,1181084.25,0.0,0.0,0.0,0.0,0.0,0.0,0.0,0.0,0.0,0.0,,0.0,0.0,0.0,0.0,0.0,0.0,0.0,0.0,0.0,0.0,0.0,0.0
18,Statement 3,,0.0,0.0,0.0,0.0,0.0,0.0,0.0,0.0,0.0,0.0,0.0,0.0,2022-23,Statement 3 - Budget,0.0,0.0,0.0,0.0,0.0,0.0,0.0,0.0,0.0,22.0,Centrally Sponsored Schemes,Statement 3 aggregate,0.0,383952.49,23.2,383975.69,381235.45,69.1,381304.55,415305.23,45.58,415350.81,442771.63,9.56,442781.19,0.0,0.0,0.0,0.0,0.0,0.0,0.0,0.0,0.0,0.0,,0.0,0.0,0.0,0.0,0.0,0.0,0.0,0.0,0.0,0.0,0.0,0.0
18,Statement 3,,0.0,0.0,0.0,0.0,0.0,0.0,0.0,0.0,0.0,0.0,0.0,0.0,2022-23,Statement 3 - Budget,0.0,0.0,0.0,0.0,0.0,0.0,0.0,0.0,0.0,22.0,Establishment Expenditure of the Centre,Statement 3 aggregate,0.0,588042.14,6407.24,594449.38,600756.99,8257.12,609014.11,691357.36,9183.65,700541.01,680191.56,12022.59,692214.15,0.0,0.0,0.0,0.0,0.0,0.0,0.0,0.0,0.0,0.0,,0.0,0.0,0.0,0.0,0.0,0.0,0.0,0.0,0.0,0.0,0.0,0.0
18,Statement 3,,0.0,0.0,0.0,0.0,0.0,0.0,0.0,0.0,0.0,0.0,0.0,0.0,2022-23,Statement 3 - Budget,0.0,0.0,0.0,0.0,0.0,0.0,0.0,0.0,0.0,22.0,Finance Commission Grants,Statement 3 aggregate,0.0,184062.5,0.0,184062.5,220843.0,0.0,220843.0,211065.0,0.0,211065.0,192108.0,0.0,192108.0,0.0,0.0,0.0,0.0,0.0,0.0,0.0,0.0,0.0,0.0,,0.0,0.0,0.0,0.0,0.0,0.0,0.0,0.0,0.0,0.0,0.0,0.0
18,Statement 3,,0.0,0.0,0.0,0.0,0.0,0.0,0.0,0.0,0.0,0.0,0.0,0.0,2022-23,Statement 3 - Budget,0.0,0.0,0.0,0.0,0.0,0.0,0.0,0.0,0.0,22.0,Other Central Sector Expenditure,Statement 3 aggregate,0.0,786182.53,12091.85,798274.38,923883.62,88002.77,1011886.39,926920.05,94710.48,1021630.53,1066775.61,66037.42,1132813.03,0.0,0.0,0.0,0.0,0.0,0.0,0.0,0.0,0.0,0.0,,0.0,0.0,0.0,0.0,0.0,0.0,0.0,0.0,0.0,0.0,0.0,0.0
18,Statement 3,,0.0,0.0,0.0,0.0,0.0,0.0,0.0,0.0,0.0,0.0,0.0,0.0,2022-23,Statement 3 - Budget,0.0,0.0,0.0,0.0,0.0,0.0,0.0,0.0,0.0,22.0,Other Grants/Loans/Transfers,Statement 3 aggregate,0.0,172468.51,19788.63,192257.14,194312.42,14171.75,208484.17,204516.54,21818.26,226334.8,190507.29,113400.76,303908.05,0.0,0.0,0.0,0.0,0.0,0.0,0.0,0.0,0.0,0.0,,0.0,0.0,0.0,0.0,0.0,0.0,0.0,0.0,0.0,0.0,0.0,0.0
4,Statement 3,,0.0,0.0,0.0,0.0,0.0,0.0,0.0,0.0,0.0,0.0,0.0,0.0,2023-24,Statement 3 - Budget,0.0,0.0,0.0,0.0,0.0,0.0,0.0,0.0,0.0,10.0,Department of Agriculture and Farmers Welfare,TOTAL / Ministry,0.0,0.0,0.0,0.0,0.0,0.0,0.0,0.0,0.0,0.0,123960.75,39.25,124000.0,1.0,114454.67,12.89,114467.56,110203.2,51.33,110254.53,115489.37,42.42,115531.79,,0.0,0.0,0.0,0.0,0.0,0.0,0.0,0.0,0.0,0.0,0.0,0.0
4,Statement 3,,0.0,0.0,0.0,0.0,0.0,0.0,0.0,0.0,0.0,0.0,0.0,0.0,2023-24,Statement 3 - Budget,0.0,0.0,0.0,0.0,0.0,0.0,0.0,0.0,0.0,10.0,Department of Agriculture and Farmers Welfare,Central Sector Schemes/Projects,1.0,0.0,0.0,0.0,0.0,0.0,0.0,0.0,0.0,0.0,105710.0,0.0,105710.0,1.0,105368.88,0.0,105368.88,97296.97,0.0,97296.97,98980.03,0.0,98980.03,,0.0,0.0,0.0,0.0,0.0,0.0,0.0,0.0,0.0,0.0,0.0,0.0
4,Statement 3,,0.0,0.0,0.0,0.0,0.0,0.0,0.0,0.0,0.0,0.0,0.0,0.0,2023-24,Statement 3 - Budget,0.0,0.0,0.0,0.0,0.0,0.0,0.0,0.0,0.0,10.0,Department of Agriculture and Farmers Welfare,Centrally Sponsored Schemes,2.0,0.0,0.0,0.0,0.0,0.0,0.0,0.0,0.0,0.0,17616.0,0.0,17616.0,1.0,8157.2,12.89,8170.09,12000.0,0.0,12000.0,14675.82,0.0,14675.82,,0.0,0.0,0.0,0.0,0.0,0.0,0.0,0.0,0.0,0.0,0.0,0.0
4,Statement 3,,0.0,0.0,0.0,0.0,0.0,0.0,0.0,0.0,0.0,0.0,0.0,0.0,2023-24,Statement 3 - Budget,0.0,0.0,0.0,0.0,0.0,0.0,0.0,0.0,0.0,10.0,Department of Agriculture and Farmers Welfare,Establishment Expenditure of the Centre,3.0,0.0,0.0,0.0,0.0,0.0,0.0,0.0,0.0,0.0,594.25,39.25,633.5,1.0,879.9,0.0,879.9,875.66,51.33,926.99,1362.95,42.42,1405.37,,0.0,0.0,0.0,0.0,0.0,0.0,0.0,0.0,0.0,0.0,0.0,0.0
4,Statement 3,,0.0,0.0,0.0,0.0,0.0,0.0,0.0,0.0,0.0,0.0,0.0,0.0,2023-24,Statement 3 - Budget,0.0,0.0,0.0,0.0,0.0,0.0,0.0,0.0,0.0,10.0,Department of Agriculture and Farmers Welfare,Other Central Sector Expenditure,4.0,0.0,0.0,0.0,0.0,0.0,0.0,0.0,0.0,0.0,40.5,0.0,40.5,1.0,48.69,0.0,48.69,30.57,0.0,30.57,470.57,0.0,470.57,,0.0,0.0,0.0,0.0,0.0,0.0,0.0,0.0,0.0,0.0,0.0,0.0
4,Statement 3,,0.0,0.0,0.0,0.0,0.0,0.0,0.0,0.0,0.0,0.0,0.0,0.0,2023-24,Statement 3 - Budget,0.0,0.0,0.0,0.0,0.0,0.0,0.0,0.0,0.0,10.0,Department of Agriculture and Farmers Welfare,TOTAL,0.0,0.0,0.0,0.0,0.0,0.0,0.0,0.0,0.0,0.0,0.0,0.0,124000.0,1.0,0.0,0.0,114467.56,0.0,0.0,110254.53,0.0,0.0,115531.79,,0.0,0.0,0.0,0.0,0.0,0.0,0.0,0.0,0.0,0.0,0.0,0.0
4,Statement 3,,0.0,0.0,0.0,0.0,0.0,0.0,0.0,0.0,0.0,0.0,0.0,0.0,2023-24,Statement 3 - Budget,0.0,0.0,0.0,0.0,0.0,0.0,0.0,0.0,0.0,10.0,Department of Agricultural Research and Education,TOTAL / Ministry,0.0,0.0,0.0,0.0,0.0,0.0,0.0,0.0,0.0,0.0,8513.62,0.0,8513.62,2.0,8368.01,0.0,8368.01,8658.89,0.0,8658.89,9493.59,10.41,9504.0,,0.0,0.0,0.0,0.0,0.0,0.0,0.0,0.0,0.0,0.0,0.0,0.0
4,Statement 3,,0.0,0.0,0.0,0.0,0.0,0.0,0.0,0.0,0.0,0.0,0.0,0.0,2023-24,Statement 3 - Budget,0.0,0.0,0.0,0.0,0.0,0.0,0.0,0.0,0.0,10.0,Department of Agricultural Research and Education,Central Sector Schemes/Projects,1.0,0.0,0.0,0.0,0.0,0.0,0.0,0.0,0.0,0.0,1995.83,0.0,1995.83,2.0,2327.71,0.0,2327.71,1995.61,0.0,1995.61,2423.41,0.0,2423.41,,0.0,0.0,0.0,0.0,0.0,0.0,0.0,0.0,0.0,0.0,0.0,0.0
4,Statement 3,,0.0,0.0,0.0,0.0,0.0,0.0,0.0,0.0,0.0,0.0,0.0,0.0,2023-24,Statement 3 - Budget,0.0,0.0,0.0,0.0,0.0,0.0,0.0,0.0,0.0,10.0,Department of Agricultural Research and Education,Establishment Expenditure of the Centre,2.0,0.0,0.0,0.0,0.0,0.0,0.0,0.0,0.0,0.0,39.68,0.0,39.68,2.0,12.62,0.0,12.62,44.8,0.0,44.8,33.3,10.41,43.71,,0.0,0.0,0.0,0.0,0.0,0.0,0.0,0.0,0.0,0.0,0.0,0.0
4,Statement 3,,0.0,0.0,0.0,0.0,0.0,0.0,0.0,0.0,0.0,0.0,0.0,0.0,2023-24,Statement 3 - Budget,0.0,0.0,0.0,0.0,0.0,0.0,0.0,0.0,0.0,10.0,Department of Agricultural Research and Education,Other Central Sector Expenditure,3.0,0.0,0.0,0.0,0.0,0.0,0.0,0.0,0.0,0.0,6478.11,0.0,6478.11,2.0,6027.68,0.0,6027.68,6618.48,0.0,6618.48,7036.88,0.0,7036.88,,0.0,0.0,0.0,0.0,0.0,0.0,0.0,0.0,0.0,0.0,0.0,0.0
4,Statement 3,,0.0,0.0,0.0,0.0,0.0,0.0,0.0,0.0,0.0,0.0,0.0,0.0,2023-24,Statement 3 - Budget,0.0,0.0,0.0,0.0,0.0,0.0,0.0,0.0,0.0,10.0,Department of Agricultural Research and Education,TOTAL,0.0,0.0,0.0,0.0,0.0,0.0,0.0,0.0,0.0,0.0,0.0,0.0,8513.62,2.0,0.0,0.0,8368.01,0.0,0.0,8658.89,0.0,0.0,9504.0,,0.0,0.0,0.0,0.0,0.0,0.0,0.0,0.0,0.0,0.0,0.0,0.0
4,Statement 3,,0.0,0.0,0.0,0.0,0.0,0.0,0.0,0.0,0.0,0.0,0.0,0.0,2023-24,Statement 3 - Budget,0.0,0.0,0.0,0.0,0.0,0.0,0.0,0.0,0.0,10.0,Atomic Energy,TOTAL / Ministry,0.0,0.0,0.0,0.0,0.0,0.0,0.0,0.0,0.0,0.0,8440.34,14283.24,22723.58,3.0,7294.93,15318.33,22613.26,12824.97,13140.7,25965.67,9096.99,15981.5,25078.49,,0.0,0.0,0.0,0.0,0.0,0.0,0.0,0.0,0.0,0.0,0.0,0.0
4,Statement 3,,0.0,0.0,0.0,0.0,0.0,0.0,0.0,0.0,0.0,0.0,0.0,0.0,2023-24,Statement 3 - Budget,0.0,0.0,0.0,0.0,0.0,0.0,0.0,0.0,0.0,10.0,Atomic Energy,Central Sector Schemes/Projects,1.0,0.0,0.0,0.0,0.0,0.0,0.0,0.0,0.0,0.0,616.6,6819.22,7435.82,3.0,-1597.6,6248.57,4650.97,1660.44,6511.33,8171.77,237.52,6725.67,6963.19,,0.0,0.0,0.0,0.0,0.0,0.0,0.0,0.0,0.0,0.0,0.0,0.0
4,Statement 3,,0.0,0.0,0.0,0.0,0.0,0.0,0.0,0.0,0.0,0.0,0.0,0.0,2023-24,Statement 3 - Budget,0.0,0.0,0.0,0.0,0.0,0.0,0.0,0.0,0.0,10.0,Atomic Energy,Establishment Expenditure of the Centre,2.0,0.0,0.0,0.0,0.0,0.0,0.0,0.0,0.0,0.0,4810.64,-109.1,4701.54,3.0,6534.53,192.76,6727.29,7931.18,-121.63,7809.55,5664.07,-354.17,5309.9,,0.0,0.0,0.0,0.0,0.0,0.0,0.0,0.0,0.0,0.0,0.0,0.0
4,Statement 3,,0.0,0.0,0.0,0.0,0.0,0.0,0.0,0.0,0.0,0.0,0.0,0.0,2023-24,Statement 3 - Budget,0.0,0.0,0.0,0.0,0.0,0.0,0.0,0.0,0.0,10.0,Atomic Energy,Other Central Sector Expenditure,3.0,0.0,0.0,0.0,0.0,0.0,0.0,0.0,0.0,0.0,3013.1,7573.12,10586.22,3.0,2358.0,8877.0,11235.0,3233.35,6751.0,9984.35,3195.4,9610.0,12805.4,,0.0,0.0,0.0,0.0,0.0,0.0,0.0,0.0,0.0,0.0,0.0,0.0
4,Statement 3,,0.0,0.0,0.0,0.0,0.0,0.0,0.0,0.0,0.0,0.0,0.0,0.0,2023-24,Statement 3 - Budget,0.0,0.0,0.0,0.0,0.0,0.0,0.0,0.0,0.0,10.0,Atomic Energy,TOTAL,0.0,0.0,0.0,0.0,0.0,0.0,0.0,0.0,0.0,0.0,0.0,0.0,22723.58,3.0,0.0,0.0,22613.26,0.0,0.0,25965.67,0.0,0.0,25078.49,,0.0,0.0,0.0,0.0,0.0,0.0,0.0,0.0,0.0,0.0,0.0,0.0
4,Statement 3,,0.0,0.0,0.0,0.0,0.0,0.0,0.0,0.0,0.0,0.0,0.0,0.0,2023-24,Statement 3 - Budget,0.0,0.0,0.0,0.0,0.0,0.0,0.0,0.0,0.0,10.0,Ministry of Ayush,TOTAL / Ministry,0.0,0.0,0.0,0.0,0.0,0.0,0.0,0.0,0.0,0.0,3050.0,0.0,3050.0,4.0,2359.08,0.0,2359.08,2845.75,0.0,2845.75,3641.56,5.94,3647.5,,0.0,0.0,0.0,0.0,0.0,0.0,0.0,0.0,0.0,0.0,0.0,0.0
4,Statement 3,,0.0,0.0,0.0,0.0,0.0,0.0,0.0,0.0,0.0,0.0,0.0,0.0,2023-24,Statement 3 - Budget,0.0,0.0,0.0,0.0,0.0,0.0,0.0,0.0,0.0,10.0,Ministry of Ayush,Central Sector Schemes/Projects,1.0,0.0,0.0,0.0,0.0,0.0,0.0,0.0,0.0,0.0,306.98,0.0,306.98,4.0,192.14,0.0,192.14,250.16,0.0,250.16,185.44,0.0,185.44,,0.0,0.0,0.0,0.0,0.0,0.0,0.0,0.0,0.0,0.0,0.0,0.0
4,Statement 3,,0.0,0.0,0.0,0.0,0.0,0.0,0.0,0.0,0.0,0.0,0.0,0.0,2023-24,Statement 3 - Budget,0.0,0.0,0.0,0.0,0.0,0.0,0.0,0.0,0.0,10.0,Ministry of Ayush,Centrally Sponsored Schemes,2.0,0.0,0.0,0.0,0.0,0.0,0.0,0.0,0.0,0.0,800.0,0.0,800.0,4.0,458.87,0.0,458.87,650.0,0.0,650.0,1200.0,0.0,1200.0,,0.0,0.0,0.0,0.0,0.0,0.0,0.0,0.0,0.0,0.0,0.0,0.0
4,Statement 3,,0.0,0.0,0.0,0.0,0.0,0.0,0.0,0.0,0.0,0.0,0.0,0.0,2023-24,Statement 3 - Budget,0.0,0.0,0.0,0.0,0.0,0.0,0.0,0.0,0.0,10.0,Ministry of Ayush,Establishment Expenditure of the Centre,3.0,0.0,0.0,0.0,0.0,0.0,0.0,0.0,0.0,0.0,72.92,0.0,72.92,4.0,73.56,0.0,73.56,70.54,0.0,70.54,73.82,5.94,79.76,,0.0,0.0,0.0,0.0,0.0,0.0,0.0,0.0,0.0,0.0,0.0,0.0
4,Statement 3,,0.0,0.0,0.0,0.0,0.0,0.0,0.0,0.0,0.0,0.0,0.0,0.0,2023-24,Statement 3 - Budget,0.0,0.0,0.0,0.0,0.0,0.0,0.0,0.0,0.0,10.0,Ministry of Ayush,Other Central Sector Expenditure,4.0,0.0,0.0,0.0,0.0,0.0,0.0,0.0,0.0,0.0,1870.1,0.0,1870.1,4.0,1634.51,0.0,1634.51,1875.05,0.0,1875.05,2182.3,0.0,2182.3,,0.0,0.0,0.0,0.0,0.0,0.0,0.0,0.0,0.0,0.0,0.0,0.0
4,Statement 3,,0.0,0.0,0.0,0.0,0.0,0.0,0.0,0.0,0.0,0.0,0.0,0.0,2023-24,Statement 3 - Budget,0.0,0.0,0.0,0.0,0.0,0.0,0.0,0.0,0.0,10.0,Ministry of Ayush,TOTAL,0.0,0.0,0.0,0.0,0.0,0.0,0.0,0.0,0.0,0.0,0.0,0.0,3050.0,4.0,0.0,0.0,2359.08,0.0,0.0,2845.75,0.0,0.0,3647.5,,0.0,0.0,0.0,0.0,0.0,0.0,0.0,0.0,0.0,0.0,0.0,0.0
4,Statement 3,,0.0,0.0,0.0,0.0,0.0,0.0,0.0,0.0,0.0,0.0,0.0,0.0,2023-24,Statement 3 - Budget,0.0,0.0,0.0,0.0,0.0,0.0,0.0,0.0,0.0,10.0,Department of Chemicals and Petrochemicals,TOTAL / Ministry,0.0,0.0,0.0,0.0,0.0,0.0,0.0,0.0,0.0,0.0,207.67,1.33,209.0,5.0,206.01,2.17,208.18,150.68,0.0,150.68,172.55,0.9,173.45,,0.0,0.0,0.0,0.0,0.0,0.0,0.0,0.0,0.0,0.0,0.0,0.0
4,Statement 3,,0.0,0.0,0.0,0.0,0.0,0.0,0.0,0.0,0.0,0.0,0.0,0.0,2023-24,Statement 3 - Budget,0.0,0.0,0.0,0.0,0.0,0.0,0.0,0.0,0.0,10.0,Department of Chemicals and Petrochemicals,Central Sector Schemes/Projects,1.0,0.0,0.0,0.0,0.0,0.0,0.0,0.0,0.0,0.0,51.5,0.0,51.5,5.0,54.71,0.0,54.71,32.0,0.0,32.0,22.0,0.0,22.0,,0.0,0.0,0.0,0.0,0.0,0.0,0.0,0.0,0.0,0.0,0.0,0.0
4,Statement 3,,0.0,0.0,0.0,0.0,0.0,0.0,0.0,0.0,0.0,0.0,0.0,0.0,2023-24,Statement 3 - Budget,0.0,0.0,0.0,0.0,0.0,0.0,0.0,0.0,0.0,10.0,Department of Chemicals and Petrochemicals,Establishment Expenditure of the Centre,2.0,0.0,0.0,0.0,0.0,0.0,0.0,0.0,0.0,0.0,21.35,0.0,21.35,5.0,19.44,0.0,19.44,21.0,0.0,21.0,21.69,0.86,22.55,,0.0,0.0,0.0,0.0,0.0,0.0,0.0,0.0,0.0,0.0,0.0,0.0
5,Statement 3,,0.0,0.0,0.0,0.0,0.0,0.0,0.0,0.0,0.0,0.0,0.0,0.0,2023-24,Statement 3 - Budget,0.0,0.0,0.0,0.0,0.0,0.0,0.0,0.0,0.0,11.0,Department of Chemicals and Petrochemicals,EXPENDITURE OF MINISTRIES AND DEPARTMENTS 3. Other Central Sector Expenditure,0.0,0.0,0.0,0.0,0.0,0.0,0.0,0.0,0.0,0.0,134.82,0.0,134.82,5.0,131.86,0.0,131.86,97.68,0.0,97.68,128.86,0.04,128.9,,0.0,0.0,0.0,0.0,0.0,0.0,0.0,0.0,0.0,0.0,0.0,0.0
5,Statement 3,,0.0,0.0,0.0,0.0,0.0,0.0,0.0,0.0,0.0,0.0,0.0,0.0,2023-24,Statement 3 - Budget,0.0,0.0,0.0,0.0,0.0,0.0,0.0,0.0,0.0,11.0,Department of Chemicals and Petrochemicals,Other Grants/Loans/Transfers,4.0,0.0,0.0,0.0,0.0,0.0,0.0,0.0,0.0,0.0,0.0,1.33,1.33,5.0,0.0,2.17,2.17,0.0,0.0,0.0,0.0,0.0,0.0,,0.0,0.0,0.0,0.0,0.0,0.0,0.0,0.0,0.0,0.0,0.0,0.0
5,Statement 3,,0.0,0.0,0.0,0.0,0.0,0.0,0.0,0.0,0.0,0.0,0.0,0.0,2023-24,Statement 3 - Budget,0.0,0.0,0.0,0.0,0.0,0.0,0.0,0.0,0.0,11.0,Department of Chemicals and Petrochemicals,TOTAL,0.0,0.0,0.0,0.0,0.0,0.0,0.0,0.0,0.0,0.0,0.0,0.0,209.0,5.0,0.0,0.0,208.18,0.0,0.0,150.68,0.0,0.0,173.45,,0.0,0.0,0.0,0.0,0.0,0.0,0.0,0.0,0.0,0.0,0.0,0.0
5,Statement 3,,0.0,0.0,0.0,0.0,0.0,0.0,0.0,0.0,0.0,0.0,0.0,0.0,2023-24,Statement 3 - Budget,0.0,0.0,0.0,0.0,0.0,0.0,0.0,0.0,0.0,11.0,Department of Fertilisers,TOTAL / Ministry,0.0,0.0,0.0,0.0,0.0,0.0,0.0,0.0,0.0,0.0,105262.18,0.05,105262.23,6.0,153724.43,81.56,153805.99,225261.62,0.0,225261.62,175145.79,2.69,175148.48,,0.0,0.0,0.0,0.0,0.0,0.0,0.0,0.0,0.0,0.0,0.0,0.0
5,Statement 3,,0.0,0.0,0.0,0.0,0.0,0.0,0.0,0.0,0.0,0.0,0.0,0.0,2023-24,Statement 3 - Budget,0.0,0.0,0.0,0.0,0.0,0.0,0.0,0.0,0.0,11.0,Department of Fertilisers,Central Sector Schemes/Projects,1.0,0.0,0.0,0.0,0.0,0.0,0.0,0.0,0.0,0.0,105222.32,0.0,105222.32,6.0,153758.1,0.0,153758.1,225222.32,0.0,225222.32,175103.17,0.2,175103.37,,0.0,0.0,0.0,0.0,0.0,0.0,0.0,0.0,0.0,0.0,0.0,0.0
5,Statement 3,,0.0,0.0,0.0,0.0,0.0,0.0,0.0,0.0,0.0,0.0,0.0,0.0,2023-24,Statement 3 - Budget,0.0,0.0,0.0,0.0,0.0,0.0,0.0,0.0,0.0,11.0,Department of Fertilisers,Establishment Expenditure of the Centre,2.0,0.0,0.0,0.0,0.0,0.0,0.0,0.0,0.0,0.0,39.75,0.0,39.75,6.0,33.44,0.0,33.44,39.25,0.0,39.25,42.51,2.44,44.95,,0.0,0.0,0.0,0.0,0.0,0.0,0.0,0.0,0.0,0.0,0.0,0.0
5,Statement 3,,0.0,0.0,0.0,0.0,0.0,0.0,0.0,0.0,0.0,0.0,0.0,0.0,2023-24,Statement 3 - Budget,0.0,0.0,0.0,0.0,0.0,0.0,0.0,0.0,0.0,11.0,Department of Fertilisers,Other Central Sector Expenditure,3.0,0.0,0.0,0.0,0.0,0.0,0.0,0.0,0.0,0.0,0.11,0.05,0.16,6.0,-67.11,81.56,14.45,0.05,0.0,0.05,0.11,0.05,0.16,,0.0,0.0,0.0,0.0,0.0,0.0,0.0,0.0,0.0,0.0,0.0,0.0
5,Statement 3,,0.0,0.0,0.0,0.0,0.0,0.0,0.0,0.0,0.0,0.0,0.0,0.0,2023-24,Statement 3 - Budget,0.0,0.0,0.0,0.0,0.0,0.0,0.0,0.0,0.0,11.0,Department of Fertilisers,TOTAL,0.0,0.0,0.0,0.0,0.0,0.0,0.0,0.0,0.0,0.0,0.0,0.0,105262.23,6.0,0.0,0.0,153805.99,0.0,0.0,225261.62,0.0,0.0,175148.48,,0.0,0.0,0.0,0.0,0.0,0.0,0.0,0.0,0.0,0.0,0.0,0.0
5,Statement 3,,0.0,0.0,0.0,0.0,0.0,0.0,0.0,0.0,0.0,0.0,0.0,0.0,2023-24,Statement 3 - Budget,0.0,0.0,0.0,0.0,0.0,0.0,0.0,0.0,0.0,11.0,Department of Pharmaceuticals,TOTAL / Ministry,0.0,0.0,0.0,0.0,0.0,0.0,0.0,0.0,0.0,0.0,2238.85,5.3,2244.15,7.0,629.74,145.09,774.83,2263.24,5.3,2268.54,3158.87,1.19,3160.06,,0.0,0.0,0.0,0.0,0.0,0.0,0.0,0.0,0.0,0.0,0.0,0.0
5,Statement 3,,0.0,0.0,0.0,0.0,0.0,0.0,0.0,0.0,0.0,0.0,0.0,0.0,2023-24,Statement 3 - Budget,0.0,0.0,0.0,0.0,0.0,0.0,0.0,0.0,0.0,11.0,Department of Pharmaceuticals,Central Sector Schemes/Projects,1.0,0.0,0.0,0.0,0.0,0.0,0.0,0.0,0.0,0.0,2157.5,0.0,2157.5,7.0,578.39,0.0,578.39,2180.05,0.0,2180.05,3120.0,0.0,3120.0,,0.0,0.0,0.0,0.0,0.0,0.0,0.0,0.0,0.0,0.0,0.0,0.0
5,Statement 3,,0.0,0.0,0.0,0.0,0.0,0.0,0.0,0.0,0.0,0.0,0.0,0.0,2023-24,Statement 3 - Budget,0.0,0.0,0.0,0.0,0.0,0.0,0.0,0.0,0.0,11.0,Department of Pharmaceuticals,Establishment Expenditure of the Centre,2.0,0.0,0.0,0.0,0.0,0.0,0.0,0.0,0.0,0.0,36.35,0.0,36.35,7.0,29.45,0.0,29.45,36.39,0.0,36.39,38.87,1.13,40.0,,0.0,0.0,0.0,0.0,0.0,0.0,0.0,0.0,0.0,0.0,0.0,0.0
5,Statement 3,,0.0,0.0,0.0,0.0,0.0,0.0,0.0,0.0,0.0,0.0,0.0,0.0,2023-24,Statement 3 - Budget,0.0,0.0,0.0,0.0,0.0,0.0,0.0,0.0,0.0,11.0,Department of Pharmaceuticals,Other Central Sector Expenditure,3.0,0.0,0.0,0.0,0.0,0.0,0.0,0.0,0.0,0.0,45.0,5.3,50.3,7.0,22.0,145.09,167.09,46.8,5.3,52.1,0.0,0.06,0.06,,0.0,0.0,0.0,0.0,0.0,0.0,0.0,0.0,0.0,0.0,0.0,0.0
5,Statement 3,,0.0,0.0,0.0,0.0,0.0,0.0,0.0,0.0,0.0,0.0,0.0,0.0,2023-24,Statement 3 - Budget,0.0,0.0,0.0,0.0,0.0,0.0,0.0,0.0,0.0,11.0,Department of Pharmaceuticals,Other Grants/Loans/Transfers,4.0,0.0,0.0,0.0,0.0,0.0,0.0,0.0,0.0,0.0,0.0,0.0,0.0,7.0,-0.1,0.0,-0.1,0.0,0.0,0.0,0.0,0.0,0.0,,0.0,0.0,0.0,0.0,0.0,0.0,0.0,0.0,0.0,0.0,0.0,0.0
5,Statement 3,,0.0,0.0,0.0,0.0,0.0,0.0,0.0,0.0,0.0,0.0,0.0,0.0,2023-24,Statement 3 - Budget,0.0,0.0,0.0,0.0,0.0,0.0,0.0,0.0,0.0,11.0,Department of Pharmaceuticals,TOTAL,0.0,0.0,0.0,0.0,0.0,0.0,0.0,0.0,0.0,0.0,0.0,0.0,2244.15,7.0,0.0,0.0,774.83,0.0,0.0,2268.54,0.0,0.0,3160.06,,0.0,0.0,0.0,0.0,0.0,0.0,0.0,0.0,0.0,0.0,0.0,0.0
5,Statement 3,,0.0,0.0,0.0,0.0,0.0,0.0,0.0,0.0,0.0,0.0,0.0,0.0,2023-24,Statement 3 - Budget,0.0,0.0,0.0,0.0,0.0,0.0,0.0,0.0,0.0,11.0,Ministry of Civil Aviation,TOTAL / Ministry,0.0,0.0,0.0,0.0,0.0,0.0,0.0,0.0,0.0,0.0,10590.54,76.46,10667.0,8.0,4991.14,66927.0,71918.14,9277.24,86.46,9363.7,3026.7,86.66,3113.36,,0.0,0.0,0.0,0.0,0.0,0.0,0.0,0.0,0.0,0.0,0.0,0.0
5,Statement 3,,0.0,0.0,0.0,0.0,0.0,0.0,0.0,0.0,0.0,0.0,0.0,0.0,2023-24,Statement 3 - Budget,0.0,0.0,0.0,0.0,0.0,0.0,0.0,0.0,0.0,11.0,Ministry of Civil Aviation,Central Sector Schemes/Projects,1.0,0.0,0.0,0.0,0.0,0.0,0.0,0.0,0.0,0.0,9899.95,0.0,9899.95,8.0,2488.16,0.0,2488.16,8358.14,0.0,8358.14,1277.09,0.0,1277.09,,0.0,0.0,0.0,0.0,0.0,0.0,0.0,0.0,0.0,0.0,0.0,0.0
5,Statement 3,,0.0,0.0,0.0,0.0,0.0,0.0,0.0,0.0,0.0,0.0,0.0,0.0,2023-24,Statement 3 - Budget,0.0,0.0,0.0,0.0,0.0,0.0,0.0,0.0,0.0,11.0,Ministry of Civil Aviation,Establishment Expenditure of the Centre,2.0,0.0,0.0,0.0,0.0,0.0,0.0,0.0,0.0,0.0,512.57,76.45,589.02,8.0,339.16,61.6,400.76,481.04,86.45,567.49,555.1,86.66,641.76,,0.0,0.0,0.0,0.0,0.0,0.0,0.0,0.0,0.0,0.0,0.0,0.0
5,Statement 3,,0.0,0.0,0.0,0.0,0.0,0.0,0.0,0.0,0.0,0.0,0.0,0.0,2023-24,Statement 3 - Budget,0.0,0.0,0.0,0.0,0.0,0.0,0.0,0.0,0.0,11.0,Ministry of Civil Aviation,Other Central Sector Expenditure,3.0,0.0,0.0,0.0,0.0,0.0,0.0,0.0,0.0,0.0,178.02,0.01,178.03,8.0,2163.82,66865.4,69029.22,438.06,0.01,438.07,1194.51,0.0,1194.51,,0.0,0.0,0.0,0.0,0.0,0.0,0.0,0.0,0.0,0.0,0.0,0.0
5,Statement 3,,0.0,0.0,0.0,0.0,0.0,0.0,0.0,0.0,0.0,0.0,0.0,0.0,2023-24,Statement 3 - Budget,0.0,0.0,0.0,0.0,0.0,0.0,0.0,0.0,0.0,11.0,Ministry of Civil Aviation,TOTAL,0.0,0.0,0.0,0.0,0.0,0.0,0.0,0.0,0.0,0.0,0.0,0.0,10667.0,8.0,0.0,0.0,71918.14,0.0,0.0,9363.7,0.0,0.0,3113.36,,0.0,0.0,0.0,0.0,0.0,0.0,0.0,0.0,0.0,0.0,0.0,0.0
5,Statement 3,,0.0,0.0,0.0,0.0,0.0,0.0,0.0,0.0,0.0,0.0,0.0,0.0,2023-24,Statement 3 - Budget,0.0,0.0,0.0,0.0,0.0,0.0,0.0,0.0,0.0,11.0,Ministry of Coal,TOTAL / Ministry,0.0,0.0,0.0,0.0,0.0,0.0,0.0,0.0,0.0,0.0,393.24,0.0,393.24,9.0,573.68,0.0,573.68,117.88,0.0,117.88,190.77,1.55,192.32,,0.0,0.0,0.0,0.0,0.0,0.0,0.0,0.0,0.0,0.0,0.0,0.0
5,Statement 3,,0.0,0.0,0.0,0.0,0.0,0.0,0.0,0.0,0.0,0.0,0.0,0.0,2023-24,Statement 3 - Budget,0.0,0.0,0.0,0.0,0.0,0.0,0.0,0.0,0.0,11.0,Ministry of Coal,Central Sector Schemes/Projects,1.0,0.0,0.0,0.0,0.0,0.0,0.0,0.0,0.0,0.0,314.54,0.0,314.54,9.0,496.08,0.0,496.08,62.89,0.0,62.89,113.5,0.0,113.5,,0.0,0.0,0.0,0.0,0.0,0.0,0.0,0.0,0.0,0.0,0.0,0.0
5,Statement 3,,0.0,0.0,0.0,0.0,0.0,0.0,0.0,0.0,0.0,0.0,0.0,0.0,2023-24,Statement 3 - Budget,0.0,0.0,0.0,0.0,0.0,0.0,0.0,0.0,0.0,11.0,Ministry of Coal,Establishment Expenditure of the Centre,2.0,0.0,0.0,0.0,0.0,0.0,0.0,0.0,0.0,0.0,65.74,0.0,65.74,9.0,47.99,0.0,47.99,54.42,0.0,54.42,66.63,1.55,68.18,,0.0,0.0,0.0,0.0,0.0,0.0,0.0,0.0,0.0,0.0,0.0,0.0
5,Statement 3,,0.0,0.0,0.0,0.0,0.0,0.0,0.0,0.0,0.0,0.0,0.0,0.0,2023-24,Statement 3 - Budget,0.0,0.0,0.0,0.0,0.0,0.0,0.0,0.0,0.0,11.0,Ministry of Coal,Other Central Sector Expenditure,3.0,0.0,0.0,0.0,0.0,0.0,0.0,0.0,0.0,0.0,12.96,0.0,12.96,9.0,29.61,0.0,29.61,0.57,0.0,0.57,10.64,0.0,10.64,,0.0,0.0,0.0,0.0,0.0,0.0,0.0,0.0,0.0,0.0,0.0,0.0
5,Statement 3,,0.0,0.0,0.0,0.0,0.0,0.0,0.0,0.0,0.0,0.0,0.0,0.0,2023-24,Statement 3 - Budget,0.0,0.0,0.0,0.0,0.0,0.0,0.0,0.0,0.0,11.0,Ministry of Coal,TOTAL,0.0,0.0,0.0,0.0,0.0,0.0,0.0,0.0,0.0,0.0,0.0,0.0,393.24,9.0,0.0,0.0,573.68,0.0,0.0,117.88,0.0,0.0,192.32,,0.0,0.0,0.0,0.0,0.0,0.0,0.0,0.0,0.0,0.0,0.0,0.0
5,Statement 3,,0.0,0.0,0.0,0.0,0.0,0.0,0.0,0.0,0.0,0.0,0.0,0.0,2023-24,Statement 3 - Budget,0.0,0.0,0.0,0.0,0.0,0.0,0.0,0.0,0.0,11.0,Department of Commerce,TOTAL / Ministry,0.0,0.0,0.0,0.0,0.0,0.0,0.0,0.0,0.0,0.0,5673.0,400.0,6073.0,10.0,6528.04,779.76,7307.8,6056.0,400.0,6456.0,5216.43,38.15,5254.58,,0.0,0.0,0.0,0.0,0.0,0.0,0.0,0.0,0.0,0.0,0.0,0.0
5,Statement 3,,0.0,0.0,0.0,0.0,0.0,0.0,0.0,0.0,0.0,0.0,0.0,0.0,2023-24,Statement 3 - Budget,0.0,0.0,0.0,0.0,0.0,0.0,0.0,0.0,0.0,11.0,Department of Commerce,Central Sector Schemes/Projects,1.0,0.0,0.0,0.0,0.0,0.0,0.0,0.0,0.0,0.0,4809.4,400.0,5209.4,10.0,5872.05,760.0,6632.05,5220.41,388.0,5608.41,4351.46,0.01,4351.47,,0.0,0.0,0.0,0.0,0.0,0.0,0.0,0.0,0.0,0.0,0.0,0.0
6,Statement 3,,0.0,0.0,0.0,0.0,0.0,0.0,0.0,0.0,0.0,0.0,0.0,0.0,2023-24,Statement 3 - Budget,0.0,0.0,0.0,0.0,0.0,0.0,0.0,0.0,0.0,12.0,Department of Commerce,EXPENDITURE OF MINISTRIES AND DEPARTMENTS 2. Establishment Expenditure of the Centre,0.0,0.0,0.0,0.0,0.0,0.0,0.0,0.0,0.0,0.0,805.87,0.0,805.87,10.0,684.3,27.0,711.3,793.39,12.0,805.39,801.47,38.14,839.61,,0.0,0.0,0.0,0.0,0.0,0.0,0.0,0.0,0.0,0.0,0.0,0.0
6,Statement 3,,0.0,0.0,0.0,0.0,0.0,0.0,0.0,0.0,0.0,0.0,0.0,0.0,2023-24,Statement 3 - Budget,0.0,0.0,0.0,0.0,0.0,0.0,0.0,0.0,0.0,12.0,Department of Commerce,Other Central Sector Expenditure,3.0,0.0,0.0,0.0,0.0,0.0,0.0,0.0,0.0,0.0,57.73,0.0,57.73,10.0,-28.31,-7.24,-35.55,42.2,0.0,42.2,63.5,0.0,63.5,,0.0,0.0,0.0,0.0,0.0,0.0,0.0,0.0,0.0,0.0,0.0,0.0
6,Statement 3,,0.0,0.0,0.0,0.0,0.0,0.0,0.0,0.0,0.0,0.0,0.0,0.0,2023-24,Statement 3 - Budget,0.0,0.0,0.0,0.0,0.0,0.0,0.0,0.0,0.0,12.0,Department of Commerce,TOTAL,0.0,0.0,0.0,0.0,0.0,0.0,0.0,0.0,0.0,0.0,0.0,0.0,6073.0,10.0,0.0,0.0,7307.8,0.0,0.0,6456.0,0.0,0.0,5254.58,,0.0,0.0,0.0,0.0,0.0,0.0,0.0,0.0,0.0,0.0,0.0,0.0
6,Statement 3,,0.0,0.0,0.0,0.0,0.0,0.0,0.0,0.0,0.0,0.0,0.0,0.0,2023-24,Statement 3 - Budget,0.0,0.0,0.0,0.0,0.0,0.0,0.0,0.0,0.0,12.0,Department for Promotion of Industry and Internal Trade,TOTAL / Ministry,0.0,0.0,0.0,0.0,0.0,0.0,0.0,0.0,0.0,0.0,7048.0,1300.0,8348.0,11.0,6566.38,1685.57,8251.95,5362.57,1362.44,6725.01,6548.93,1651.7,8200.63,,0.0,0.0,0.0,0.0,0.0,0.0,0.0,0.0,0.0,0.0,0.0,0.0
6,Statement 3,,0.0,0.0,0.0,0.0,0.0,0.0,0.0,0.0,0.0,0.0,0.0,0.0,2023-24,Statement 3 - Budget,0.0,0.0,0.0,0.0,0.0,0.0,0.0,0.0,0.0,12.0,Department for Promotion of Industry and Internal Trade,Central Sector Schemes/Projects,1.0,0.0,0.0,0.0,0.0,0.0,0.0,0.0,0.0,0.0,6406.89,1283.5,7690.39,11.0,6043.16,1675.58,7718.74,4651.64,1329.02,5980.66,5741.88,1630.15,7372.03,,0.0,0.0,0.0,0.0,0.0,0.0,0.0,0.0,0.0,0.0,0.0,0.0
6,Statement 3,,0.0,0.0,0.0,0.0,0.0,0.0,0.0,0.0,0.0,0.0,0.0,0.0,2023-24,Statement 3 - Budget,0.0,0.0,0.0,0.0,0.0,0.0,0.0,0.0,0.0,12.0,Department for Promotion of Industry and Internal Trade,Establishment Expenditure of the Centre,2.0,0.0,0.0,0.0,0.0,0.0,0.0,0.0,0.0,0.0,435.5,16.5,452.0,11.0,407.71,9.99,417.7,540.33,33.42,573.75,626.8,21.55,648.35,,0.0,0.0,0.0,0.0,0.0,0.0,0.0,0.0,0.0,0.0,0.0,0.0
6,Statement 3,,0.0,0.0,0.0,0.0,0.0,0.0,0.0,0.0,0.0,0.0,0.0,0.0,2023-24,Statement 3 - Budget,0.0,0.0,0.0,0.0,0.0,0.0,0.0,0.0,0.0,12.0,Department for Promotion of Industry and Internal Trade,Other Central Sector Expenditure,3.0,0.0,0.0,0.0,0.0,0.0,0.0,0.0,0.0,0.0,205.61,0.0,205.61,11.0,115.51,0.0,115.51,170.6,0.0,170.6,180.25,0.0,180.25,,0.0,0.0,0.0,0.0,0.0,0.0,0.0,0.0,0.0,0.0,0.0,0.0
6,Statement 3,,0.0,0.0,0.0,0.0,0.0,0.0,0.0,0.0,0.0,0.0,0.0,0.0,2023-24,Statement 3 - Budget,0.0,0.0,0.0,0.0,0.0,0.0,0.0,0.0,0.0,12.0,Department for Promotion of Industry and Internal Trade,TOTAL,0.0,0.0,0.0,0.0,0.0,0.0,0.0,0.0,0.0,0.0,0.0,0.0,8348.0,11.0,0.0,0.0,8251.95,0.0,0.0,6725.01,0.0,0.0,8200.63,,0.0,0.0,0.0,0.0,0.0,0.0,0.0,0.0,0.0,0.0,0.0,0.0
6,Statement 3,,0.0,0.0,0.0,0.0,0.0,0.0,0.0,0.0,0.0,0.0,0.0,0.0,2023-24,Statement 3 - Budget,0.0,0.0,0.0,0.0,0.0,0.0,0.0,0.0,0.0,12.0,Department of Posts,TOTAL / Ministry,0.0,0.0,0.0,0.0,0.0,0.0,0.0,0.0,0.0,0.0,19931.4,888.62,20820.02,12.0,18860.63,885.55,19746.18,22162.42,1494.02,23656.44,24417.05,1396.95,25814.0,,0.0,0.0,0.0,0.0,0.0,0.0,0.0,0.0,0.0,0.0,0.0,0.0
6,Statement 3,,0.0,0.0,0.0,0.0,0.0,0.0,0.0,0.0,0.0,0.0,0.0,0.0,2023-24,Statement 3 - Budget,0.0,0.0,0.0,0.0,0.0,0.0,0.0,0.0,0.0,12.0,Department of Posts,Central Sector Schemes/Projects,1.0,0.0,0.0,0.0,0.0,0.0,0.0,0.0,0.0,0.0,384.88,870.62,1255.5,12.0,306.12,870.73,1176.85,292.89,1476.02,1768.91,149.36,1378.95,1528.31,,0.0,0.0,0.0,0.0,0.0,0.0,0.0,0.0,0.0,0.0,0.0,0.0
6,Statement 3,,0.0,0.0,0.0,0.0,0.0,0.0,0.0,0.0,0.0,0.0,0.0,0.0,2023-24,Statement 3 - Budget,0.0,0.0,0.0,0.0,0.0,0.0,0.0,0.0,0.0,12.0,Department of Posts,Establishment Expenditure of the Centre,2.0,0.0,0.0,0.0,0.0,0.0,0.0,0.0,0.0,0.0,19546.52,18.0,19564.52,12.0,18554.51,14.82,18569.33,21869.53,18.0,21887.53,24267.69,18.0,24285.69,,0.0,0.0,0.0,0.0,0.0,0.0,0.0,0.0,0.0,0.0,0.0,0.0
6,Statement 3,,0.0,0.0,0.0,0.0,0.0,0.0,0.0,0.0,0.0,0.0,0.0,0.0,2023-24,Statement 3 - Budget,0.0,0.0,0.0,0.0,0.0,0.0,0.0,0.0,0.0,12.0,Department of Posts,TOTAL,0.0,0.0,0.0,0.0,0.0,0.0,0.0,0.0,0.0,0.0,0.0,0.0,20820.02,12.0,0.0,0.0,19746.18,0.0,0.0,23656.44,0.0,0.0,25814.0,,0.0,0.0,0.0,0.0,0.0,0.0,0.0,0.0,0.0,0.0,0.0,0.0
6,Statement 3,,0.0,0.0,0.0,0.0,0.0,0.0,0.0,0.0,0.0,0.0,0.0,0.0,2023-24,Statement 3 - Budget,0.0,0.0,0.0,0.0,0.0,0.0,0.0,0.0,0.0,12.0,Department of Telecommunications,TOTAL / Ministry,0.0,0.0,0.0,0.0,0.0,0.0,0.0,0.0,0.0,0.0,30436.38,54150.42,84586.8,13.0,28470.55,3327.82,31798.37,44575.22,37245.89,81821.11,35887.23,61691.82,97579.05,,0.0,0.0,0.0,0.0,0.0,0.0,0.0,0.0,0.0,0.0,0.0,0.0
6,Statement 3,,0.0,0.0,0.0,0.0,0.0,0.0,0.0,0.0,0.0,0.0,0.0,0.0,2023-24,Statement 3 - Budget,0.0,0.0,0.0,0.0,0.0,0.0,0.0,0.0,0.0,12.0,Department of Telecommunications,Central Sector Schemes/Projects,1.0,0.0,0.0,0.0,0.0,0.0,0.0,0.0,0.0,0.0,2611.18,9066.82,11678.0,13.0,8365.9,3114.65,11480.55,1749.27,3637.46,5386.73,6391.55,8451.77,14843.32,,0.0,0.0,0.0,0.0,0.0,0.0,0.0,0.0,0.0,0.0,0.0,0.0
6,Statement 3,,0.0,0.0,0.0,0.0,0.0,0.0,0.0,0.0,0.0,0.0,0.0,0.0,2023-24,Statement 3 - Budget,0.0,0.0,0.0,0.0,0.0,0.0,0.0,0.0,0.0,12.0,Department of Telecommunications,Establishment Expenditure of the Centre,2.0,0.0,0.0,0.0,0.0,0.0,0.0,0.0,0.0,0.0,20042.92,163.6,20206.52,13.0,15786.53,141.61,15928.14,20469.37,151.6,20620.97,21899.86,143.05,22042.91,,0.0,0.0,0.0,0.0,0.0,0.0,0.0,0.0,0.0,0.0,0.0,0.0
6,Statement 3,,0.0,0.0,0.0,0.0,0.0,0.0,0.0,0.0,0.0,0.0,0.0,0.0,2023-24,Statement 3 - Budget,0.0,0.0,0.0,0.0,0.0,0.0,0.0,0.0,0.0,12.0,Department of Telecommunications,Other Central Sector Expenditure,3.0,0.0,0.0,0.0,0.0,0.0,0.0,0.0,0.0,0.0,7782.28,44920.0,52702.28,13.0,4318.12,71.56,4389.68,22356.58,33456.83,55813.41,7595.82,53097.0,60692.82,,0.0,0.0,0.0,0.0,0.0,0.0,0.0,0.0,0.0,0.0,0.0,0.0
6,Statement 3,,0.0,0.0,0.0,0.0,0.0,0.0,0.0,0.0,0.0,0.0,0.0,0.0,2023-24,Statement 3 - Budget,0.0,0.0,0.0,0.0,0.0,0.0,0.0,0.0,0.0,12.0,Department of Telecommunications,TOTAL,0.0,0.0,0.0,0.0,0.0,0.0,0.0,0.0,0.0,0.0,0.0,0.0,84586.8,13.0,0.0,0.0,31798.37,0.0,0.0,81821.11,0.0,0.0,97579.05,,0.0,0.0,0.0,0.0,0.0,0.0,0.0,0.0,0.0,0.0,0.0,0.0
6,Statement 3,,0.0,0.0,0.0,0.0,0.0,0.0,0.0,0.0,0.0,0.0,0.0,0.0,2023-24,Statement 3 - Budget,0.0,0.0,0.0,0.0,0.0,0.0,0.0,0.0,0.0,12.0,Department of Consumer Affairs,TOTAL / Ministry,0.0,0.0,0.0,0.0,0.0,0.0,0.0,0.0,0.0,0.0,1705.03,19.85,1724.88,14.0,2191.98,18.53,2210.51,192.93,26.62,219.55,222.59,28.07,250.66,,0.0,0.0,0.0,0.0,0.0,0.0,0.0,0.0,0.0,0.0,0.0,0.0
6,Statement 3,,0.0,0.0,0.0,0.0,0.0,0.0,0.0,0.0,0.0,0.0,0.0,0.0,2023-24,Statement 3 - Budget,0.0,0.0,0.0,0.0,0.0,0.0,0.0,0.0,0.0,12.0,Department of Consumer Affairs,Central Sector Schemes/Projects,1.0,0.0,0.0,0.0,0.0,0.0,0.0,0.0,0.0,0.0,1579.15,19.85,1599.0,14.0,2093.51,18.53,2112.04,71.72,26.62,98.34,86.47,27.03,113.5,,0.0,0.0,0.0,0.0,0.0,0.0,0.0,0.0,0.0,0.0,0.0,0.0
6,Statement 3,,0.0,0.0,0.0,0.0,0.0,0.0,0.0,0.0,0.0,0.0,0.0,0.0,2023-24,Statement 3 - Budget,0.0,0.0,0.0,0.0,0.0,0.0,0.0,0.0,0.0,12.0,Department of Consumer Affairs,Establishment Expenditure of the Centre,2.0,0.0,0.0,0.0,0.0,0.0,0.0,0.0,0.0,0.0,125.88,0.0,125.88,14.0,98.47,0.0,98.47,121.21,0.0,121.21,136.12,1.04,137.16,,0.0,0.0,0.0,0.0,0.0,0.0,0.0,0.0,0.0,0.0,0.0,0.0
6,Statement 3,,0.0,0.0,0.0,0.0,0.0,0.0,0.0,0.0,0.0,0.0,0.0,0.0,2023-24,Statement 3 - Budget,0.0,0.0,0.0,0.0,0.0,0.0,0.0,0.0,0.0,12.0,Department of Consumer Affairs,TOTAL,0.0,0.0,0.0,0.0,0.0,0.0,0.0,0.0,0.0,0.0,0.0,0.0,1724.88,14.0,0.0,0.0,2210.51,0.0,0.0,219.55,0.0,0.0,250.66,,0.0,0.0,0.0,0.0,0.0,0.0,0.0,0.0,0.0,0.0,0.0,0.0
6,Statement 3,,0.0,0.0,0.0,0.0,0.0,0.0,0.0,0.0,0.0,0.0,0.0,0.0,2023-24,Statement 3 - Budget,0.0,0.0,0.0,0.0,0.0,0.0,0.0,0.0,0.0,12.0,Department of Food and Public Distribution,TOTAL / Ministry,0.0,0.0,0.0,0.0,0.0,0.0,0.0,0.0,0.0,0.0,213929.91,2029.67,215959.58,15.0,301730.39,2630.4,304360.79,294274.13,2029.7,296303.83,205363.57,150.37,205513.94,,0.0,0.0,0.0,0.0,0.0,0.0,0.0,0.0,0.0,0.0,0.0,0.0
6,Statement 3,,0.0,0.0,0.0,0.0,0.0,0.0,0.0,0.0,0.0,0.0,0.0,0.0,2023-24,Statement 3 - Budget,0.0,0.0,0.0,0.0,0.0,0.0,0.0,0.0,0.0,12.0,Department of Food and Public Distribution,Central Sector Schemes/Projects,1.0,0.0,0.0,0.0,0.0,0.0,0.0,0.0,0.0,0.0,207192.29,98.81,207291.1,15.0,301603.35,126.1,301729.45,287545.75,96.71,287642.46,197768.57,100.0,197868.57,,0.0,0.0,0.0,0.0,0.0,0.0,0.0,0.0,0.0,0.0,0.0,0.0
6,Statement 3,,0.0,0.0,0.0,0.0,0.0,0.0,0.0,0.0,0.0,0.0,0.0,0.0,2023-24,Statement 3 - Budget,0.0,0.0,0.0,0.0,0.0,0.0,0.0,0.0,0.0,12.0,Department of Food and Public Distribution,Centrally Sponsored Schemes,2.0,0.0,0.0,0.0,0.0,0.0,0.0,0.0,0.0,0.0,6582.13,0.0,6582.13,15.0,10.01,0.0,10.01,6581.43,0.0,6581.43,7424.6,0.0,7424.6,,0.0,0.0,0.0,0.0,0.0,0.0,0.0,0.0,0.0,0.0,0.0,0.0
6,Statement 3,,0.0,0.0,0.0,0.0,0.0,0.0,0.0,0.0,0.0,0.0,0.0,0.0,2023-24,Statement 3 - Budget,0.0,0.0,0.0,0.0,0.0,0.0,0.0,0.0,0.0,12.0,Department of Food and Public Distribution,Establishment Expenditure of the Centre,3.0,0.0,0.0,0.0,0.0,0.0,0.0,0.0,0.0,0.0,133.07,30.86,163.93,15.0,104.21,4.3,108.51,124.47,32.99,157.46,144.39,50.37,194.76,,0.0,0.0,0.0,0.0,0.0,0.0,0.0,0.0,0.0,0.0,0.0,0.0
6,Statement 3,,0.0,0.0,0.0,0.0,0.0,0.0,0.0,0.0,0.0,0.0,0.0,0.0,2023-24,Statement 3 - Budget,0.0,0.0,0.0,0.0,0.0,0.0,0.0,0.0,0.0,12.0,Department of Food and Public Distribution,Other Central Sector Expenditure,4.0,0.0,0.0,0.0,0.0,0.0,0.0,0.0,0.0,0.0,22.42,1900.0,1922.42,15.0,12.82,2500.0,2512.82,22.48,1900.0,1922.48,26.01,0.0,26.01,,0.0,0.0,0.0,0.0,0.0,0.0,0.0,0.0,0.0,0.0,0.0,0.0
7,Statement 3,,0.0,0.0,0.0,0.0,0.0,0.0,0.0,0.0,0.0,0.0,0.0,0.0,2023-24,Statement 3 - Budget,0.0,0.0,0.0,0.0,0.0,0.0,0.0,0.0,0.0,13.0,Department of Food and Public Distribution,EXPENDITURE OF MINISTRIES AND DEPARTMENTS Total:,0.0,0.0,0.0,0.0,0.0,0.0,0.0,0.0,0.0,0.0,0.0,0.0,215959.58,15.0,0.0,0.0,304360.79,0.0,0.0,296303.83,0.0,0.0,205513.94,,0.0,0.0,0.0,0.0,0.0,0.0,0.0,0.0,0.0,0.0,0.0,0.0
7,Statement 3,,0.0,0.0,0.0,0.0,0.0,0.0,0.0,0.0,0.0,0.0,0.0,0.0,2023-24,Statement 3 - Budget,0.0,0.0,0.0,0.0,0.0,0.0,0.0,0.0,0.0,13.0,Ministry of Cooperation,TOTAL / Ministry,0.0,0.0,0.0,0.0,0.0,0.0,0.0,0.0,0.0,0.0,889.0,11.0,900.0,16.0,0.0,0.0,0.0,1459.74,165.0,1624.74,1149.38,1.0,1150.38,,0.0,0.0,0.0,0.0,0.0,0.0,0.0,0.0,0.0,0.0,0.0,0.0
7,Statement 3,,0.0,0.0,0.0,0.0,0.0,0.0,0.0,0.0,0.0,0.0,0.0,0.0,2023-24,Statement 3 - Budget,0.0,0.0,0.0,0.0,0.0,0.0,0.0,0.0,0.0,13.0,Ministry of Cooperation,Central Sector Schemes/Projects,1.0,0.0,0.0,0.0,0.0,0.0,0.0,0.0,0.0,0.0,106.0,0.0,106.0,16.0,0.0,0.0,0.0,719.96,0.0,719.96,55.01,0.0,55.01,,0.0,0.0,0.0,0.0,0.0,0.0,0.0,0.0,0.0,0.0,0.0,0.0
7,Statement 3,,0.0,0.0,0.0,0.0,0.0,0.0,0.0,0.0,0.0,0.0,0.0,0.0,2023-24,Statement 3 - Budget,0.0,0.0,0.0,0.0,0.0,0.0,0.0,0.0,0.0,13.0,Ministry of Cooperation,Centrally Sponsored Schemes,2.0,0.0,0.0,0.0,0.0,0.0,0.0,0.0,0.0,0.0,624.0,0.0,624.0,16.0,0.0,0.0,0.0,624.0,0.0,624.0,968.25,0.0,968.25,,0.0,0.0,0.0,0.0,0.0,0.0,0.0,0.0,0.0,0.0,0.0,0.0
7,Statement 3,,0.0,0.0,0.0,0.0,0.0,0.0,0.0,0.0,0.0,0.0,0.0,0.0,2023-24,Statement 3 - Budget,0.0,0.0,0.0,0.0,0.0,0.0,0.0,0.0,0.0,13.0,Ministry of Cooperation,Establishment Expenditure of the Centre,3.0,0.0,0.0,0.0,0.0,0.0,0.0,0.0,0.0,0.0,109.0,11.0,120.0,16.0,0.0,0.0,0.0,68.0,165.0,233.0,75.0,1.0,76.0,,0.0,0.0,0.0,0.0,0.0,0.0,0.0,0.0,0.0,0.0,0.0,0.0
7,Statement 3,,0.0,0.0,0.0,0.0,0.0,0.0,0.0,0.0,0.0,0.0,0.0,0.0,2023-24,Statement 3 - Budget,0.0,0.0,0.0,0.0,0.0,0.0,0.0,0.0,0.0,13.0,Ministry of Cooperation,Other Central Sector Expenditure,4.0,0.0,0.0,0.0,0.0,0.0,0.0,0.0,0.0,0.0,50.0,0.0,50.0,16.0,0.0,0.0,0.0,47.78,0.0,47.78,51.12,0.0,51.12,,0.0,0.0,0.0,0.0,0.0,0.0,0.0,0.0,0.0,0.0,0.0,0.0
7,Statement 3,,0.0,0.0,0.0,0.0,0.0,0.0,0.0,0.0,0.0,0.0,0.0,0.0,2023-24,Statement 3 - Budget,0.0,0.0,0.0,0.0,0.0,0.0,0.0,0.0,0.0,13.0,Ministry of Cooperation,TOTAL,0.0,0.0,0.0,0.0,0.0,0.0,0.0,0.0,0.0,0.0,0.0,0.0,900.0,16.0,0.0,0.0,0.0,0.0,0.0,1624.74,0.0,0.0,1150.38,,0.0,0.0,0.0,0.0,0.0,0.0,0.0,0.0,0.0,0.0,0.0,0.0
7,Statement 3,,0.0,0.0,0.0,0.0,0.0,0.0,0.0,0.0,0.0,0.0,0.0,0.0,2023-24,Statement 3 - Budget,0.0,0.0,0.0,0.0,0.0,0.0,0.0,0.0,0.0,13.0,Ministry of Corporate Affairs,TOTAL / Ministry,0.0,0.0,0.0,0.0,0.0,0.0,0.0,0.0,0.0,0.0,692.52,40.5,733.02,17.0,588.18,40.18,628.36,594.86,35.5,630.36,714.19,42.0,756.19,,0.0,0.0,0.0,0.0,0.0,0.0,0.0,0.0,0.0,0.0,0.0,0.0
7,Statement 3,,0.0,0.0,0.0,0.0,0.0,0.0,0.0,0.0,0.0,0.0,0.0,0.0,2023-24,Statement 3 - Budget,0.0,0.0,0.0,0.0,0.0,0.0,0.0,0.0,0.0,13.0,Ministry of Corporate Affairs,Central Sector Schemes/Projects,1.0,0.0,0.0,0.0,0.0,0.0,0.0,0.0,0.0,0.0,5.68,0.5,6.18,17.0,4.45,0.18,4.63,5.67,0.5,6.17,0.02,0.0,0.02,,0.0,0.0,0.0,0.0,0.0,0.0,0.0,0.0,0.0,0.0,0.0,0.0
7,Statement 3,,0.0,0.0,0.0,0.0,0.0,0.0,0.0,0.0,0.0,0.0,0.0,0.0,2023-24,Statement 3 - Budget,0.0,0.0,0.0,0.0,0.0,0.0,0.0,0.0,0.0,13.0,Ministry of Corporate Affairs,Establishment Expenditure of the Centre,2.0,0.0,0.0,0.0,0.0,0.0,0.0,0.0,0.0,0.0,582.82,0.0,582.82,17.0,510.34,0.0,510.34,510.11,0.0,510.11,621.32,0.0,621.32,,0.0,0.0,0.0,0.0,0.0,0.0,0.0,0.0,0.0,0.0,0.0,0.0
7,Statement 3,,0.0,0.0,0.0,0.0,0.0,0.0,0.0,0.0,0.0,0.0,0.0,0.0,2023-24,Statement 3 - Budget,0.0,0.0,0.0,0.0,0.0,0.0,0.0,0.0,0.0,13.0,Ministry of Corporate Affairs,Other Central Sector Expenditure,3.0,0.0,0.0,0.0,0.0,0.0,0.0,0.0,0.0,0.0,104.02,40.0,144.02,17.0,73.39,40.0,113.39,79.08,35.0,114.08,92.85,42.0,134.85,,0.0,0.0,0.0,0.0,0.0,0.0,0.0,0.0,0.0,0.0,0.0,0.0
7,Statement 3,,0.0,0.0,0.0,0.0,0.0,0.0,0.0,0.0,0.0,0.0,0.0,0.0,2023-24,Statement 3 - Budget,0.0,0.0,0.0,0.0,0.0,0.0,0.0,0.0,0.0,13.0,Ministry of Corporate Affairs,TOTAL,0.0,0.0,0.0,0.0,0.0,0.0,0.0,0.0,0.0,0.0,0.0,0.0,733.02,17.0,0.0,0.0,628.36,0.0,0.0,630.36,0.0,0.0,756.19,,0.0,0.0,0.0,0.0,0.0,0.0,0.0,0.0,0.0,0.0,0.0,0.0
7,Statement 3,,0.0,0.0,0.0,0.0,0.0,0.0,0.0,0.0,0.0,0.0,0.0,0.0,2023-24,Statement 3 - Budget,0.0,0.0,0.0,0.0,0.0,0.0,0.0,0.0,0.0,13.0,Ministry of Culture,TOTAL / Ministry,0.0,0.0,0.0,0.0,0.0,0.0,0.0,0.0,0.0,0.0,2920.89,88.16,3009.05,18.0,2504.37,39.39,2543.76,3274.91,88.16,3363.07,3114.25,285.4,3399.65,,0.0,0.0,0.0,0.0,0.0,0.0,0.0,0.0,0.0,0.0,0.0,0.0
7,Statement 3,,0.0,0.0,0.0,0.0,0.0,0.0,0.0,0.0,0.0,0.0,0.0,0.0,2023-24,Statement 3 - Budget,0.0,0.0,0.0,0.0,0.0,0.0,0.0,0.0,0.0,13.0,Ministry of Culture,Central Sector Schemes/Projects,1.0,0.0,0.0,0.0,0.0,0.0,0.0,0.0,0.0,0.0,531.55,1.0,532.55,18.0,436.2,0.0,436.2,836.89,0.0,836.89,650.74,0.0,650.74,,0.0,0.0,0.0,0.0,0.0,0.0,0.0,0.0,0.0,0.0,0.0,0.0
7,Statement 3,,0.0,0.0,0.0,0.0,0.0,0.0,0.0,0.0,0.0,0.0,0.0,0.0,2023-24,Statement 3 - Budget,0.0,0.0,0.0,0.0,0.0,0.0,0.0,0.0,0.0,13.0,Ministry of Culture,Establishment Expenditure of the Centre,2.0,0.0,0.0,0.0,0.0,0.0,0.0,0.0,0.0,0.0,1366.01,87.16,1453.17,18.0,1163.29,39.39,1202.68,1335.14,88.16,1423.3,1417.29,285.4,1702.69,,0.0,0.0,0.0,0.0,0.0,0.0,0.0,0.0,0.0,0.0,0.0,0.0
7,Statement 3,,0.0,0.0,0.0,0.0,0.0,0.0,0.0,0.0,0.0,0.0,0.0,0.0,2023-24,Statement 3 - Budget,0.0,0.0,0.0,0.0,0.0,0.0,0.0,0.0,0.0,13.0,Ministry of Culture,Other Central Sector Expenditure,3.0,0.0,0.0,0.0,0.0,0.0,0.0,0.0,0.0,0.0,1023.33,0.0,1023.33,18.0,904.88,0.0,904.88,1102.88,0.0,1102.88,1046.22,0.0,1046.22,,0.0,0.0,0.0,0.0,0.0,0.0,0.0,0.0,0.0,0.0,0.0,0.0
7,Statement 3,,0.0,0.0,0.0,0.0,0.0,0.0,0.0,0.0,0.0,0.0,0.0,0.0,2023-24,Statement 3 - Budget,0.0,0.0,0.0,0.0,0.0,0.0,0.0,0.0,0.0,13.0,Ministry of Culture,TOTAL,0.0,0.0,0.0,0.0,0.0,0.0,0.0,0.0,0.0,0.0,0.0,0.0,3009.05,18.0,0.0,0.0,2543.76,0.0,0.0,3363.07,0.0,0.0,3399.65,,0.0,0.0,0.0,0.0,0.0,0.0,0.0,0.0,0.0,0.0,0.0,0.0
7,Statement 3,,0.0,0.0,0.0,0.0,0.0,0.0,0.0,0.0,0.0,0.0,0.0,0.0,2023-24,Statement 3 - Budget,0.0,0.0,0.0,0.0,0.0,0.0,0.0,0.0,0.0,13.0,Ministry of Defence (Civil),TOTAL / Ministry,0.0,0.0,0.0,0.0,0.0,0.0,0.0,0.0,0.0,0.0,12050.01,8049.99,20100.0,19.0,10535.84,6799.29,17335.13,13897.34,7978.79,21876.13,13837.71,8774.79,22612.5,,0.0,0.0,0.0,0.0,0.0,0.0,0.0,0.0,0.0,0.0,0.0,0.0
7,Statement 3,,0.0,0.0,0.0,0.0,0.0,0.0,0.0,0.0,0.0,0.0,0.0,0.0,2023-24,Statement 3 - Budget,0.0,0.0,0.0,0.0,0.0,0.0,0.0,0.0,0.0,13.0,Ministry of Defence (Civil),Central Sector Schemes/Projects,1.0,0.0,0.0,0.0,0.0,0.0,0.0,0.0,0.0,0.0,1055.0,3500.0,4555.0,19.0,877.5,3481.17,4358.67,950.0,4500.0,5450.0,1005.0,5000.0,6005.0,,0.0,0.0,0.0,0.0,0.0,0.0,0.0,0.0,0.0,0.0,0.0,0.0
7,Statement 3,,0.0,0.0,0.0,0.0,0.0,0.0,0.0,0.0,0.0,0.0,0.0,0.0,2023-24,Statement 3 - Budget,0.0,0.0,0.0,0.0,0.0,0.0,0.0,0.0,0.0,13.0,Ministry of Defence (Civil),Establishment Expenditure of the Centre,2.0,0.0,0.0,0.0,0.0,0.0,0.0,0.0,0.0,0.0,11135.07,4246.37,15381.44,19.0,10064.27,3189.19,13253.46,13112.12,3300.0,16412.12,13016.27,3671.29,16687.56,,0.0,0.0,0.0,0.0,0.0,0.0,0.0,0.0,0.0,0.0,0.0,0.0
7,Statement 3,,0.0,0.0,0.0,0.0,0.0,0.0,0.0,0.0,0.0,0.0,0.0,0.0,2023-24,Statement 3 - Budget,0.0,0.0,0.0,0.0,0.0,0.0,0.0,0.0,0.0,13.0,Ministry of Defence (Civil),Other Central Sector Expenditure,3.0,0.0,0.0,0.0,0.0,0.0,0.0,0.0,0.0,0.0,-140.06,303.62,163.56,19.0,-405.93,128.93,-277.0,-164.78,178.79,14.01,-183.56,103.5,-80.06,,0.0,0.0,0.0,0.0,0.0,0.0,0.0,0.0,0.0,0.0,0.0,0.0
7,Statement 3,,0.0,0.0,0.0,0.0,0.0,0.0,0.0,0.0,0.0,0.0,0.0,0.0,2023-24,Statement 3 - Budget,0.0,0.0,0.0,0.0,0.0,0.0,0.0,0.0,0.0,13.0,Ministry of Defence (Civil),TOTAL,0.0,0.0,0.0,0.0,0.0,0.0,0.0,0.0,0.0,0.0,0.0,0.0,20100.0,19.0,0.0,0.0,17335.13,0.0,0.0,21876.13,0.0,0.0,22612.5,,0.0,0.0,0.0,0.0,0.0,0.0,0.0,0.0,0.0,0.0,0.0,0.0
7,Statement 3,,0.0,0.0,0.0,0.0,0.0,0.0,0.0,0.0,0.0,0.0,0.0,0.0,2023-24,Statement 3 - Budget,0.0,0.0,0.0,0.0,0.0,0.0,0.0,0.0,0.0,13.0,Defence Services (Revenue),TOTAL / Ministry,0.0,0.0,0.0,0.0,0.0,0.0,0.0,0.0,0.0,0.0,233000.54,0.0,233000.54,20.0,228558.93,0.0,228558.93,259500.48,0.0,259500.48,270120.14,0.0,270120.14,,0.0,0.0,0.0,0.0,0.0,0.0,0.0,0.0,0.0,0.0,0.0,0.0
7,Statement 3,,0.0,0.0,0.0,0.0,0.0,0.0,0.0,0.0,0.0,0.0,0.0,0.0,2023-24,Statement 3 - Budget,0.0,0.0,0.0,0.0,0.0,0.0,0.0,0.0,0.0,13.0,Defence Services (Revenue),Establishment Expenditure of the Centre,1.0,0.0,0.0,0.0,0.0,0.0,0.0,0.0,0.0,0.0,233000.54,0.0,233000.54,20.0,228558.93,0.0,228558.93,259500.48,0.0,259500.48,270120.14,0.0,270120.14,,0.0,0.0,0.0,0.0,0.0,0.0,0.0,0.0,0.0,0.0,0.0,0.0
7,Statement 3,,0.0,0.0,0.0,0.0,0.0,0.0,0.0,0.0,0.0,0.0,0.0,0.0,2023-24,Statement 3 - Budget,0.0,0.0,0.0,0.0,0.0,0.0,0.0,0.0,0.0,13.0,Capital Outlay on Defence Services,TOTAL / Ministry,0.0,0.0,0.0,0.0,0.0,0.0,0.0,0.0,0.0,0.0,0.0,152369.61,152369.61,21.0,0.0,137986.97,137986.97,0.0,150000.0,150000.0,0.0,162600.0,162600.0,,0.0,0.0,0.0,0.0,0.0,0.0,0.0,0.0,0.0,0.0,0.0,0.0
7,Statement 3,,0.0,0.0,0.0,0.0,0.0,0.0,0.0,0.0,0.0,0.0,0.0,0.0,2023-24,Statement 3 - Budget,0.0,0.0,0.0,0.0,0.0,0.0,0.0,0.0,0.0,13.0,Capital Outlay on Defence Services,Central Sector Schemes/Projects,1.0,0.0,0.0,0.0,0.0,0.0,0.0,0.0,0.0,0.0,0.0,152369.61,152369.61,21.0,0.0,137986.97,137986.97,0.0,150000.0,150000.0,0.0,162600.0,162600.0,,0.0,0.0,0.0,0.0,0.0,0.0,0.0,0.0,0.0,0.0,0.0,0.0
8,Statement 3,,0.0,0.0,0.0,0.0,0.0,0.0,0.0,0.0,0.0,0.0,0.0,0.0,2023-24,Statement 3 - Budget,0.0,0.0,0.0,0.0,0.0,0.0,0.0,0.0,0.0,14.0,Capital Outlay on Defence Services,Defence Pensions,0.0,0.0,0.0,0.0,0.0,0.0,0.0,0.0,0.0,0.0,119696.0,0.0,119696.0,22.0,116799.85,0.0,116799.85,153414.49,0.0,153414.49,138205.0,0.0,138205.0,,0.0,0.0,0.0,0.0,0.0,0.0,0.0,0.0,0.0,0.0,0.0,0.0
8,Statement 3,,0.0,0.0,0.0,0.0,0.0,0.0,0.0,0.0,0.0,0.0,0.0,0.0,2023-24,Statement 3 - Budget,0.0,0.0,0.0,0.0,0.0,0.0,0.0,0.0,0.0,14.0,Capital Outlay on Defence Services,Establishment Expenditure of the Centre,1.0,0.0,0.0,0.0,0.0,0.0,0.0,0.0,0.0,0.0,119696.0,0.0,119696.0,22.0,116799.85,0.0,116799.85,153414.49,0.0,153414.49,138205.0,0.0,138205.0,,0.0,0.0,0.0,0.0,0.0,0.0,0.0,0.0,0.0,0.0,0.0,0.0
8,Statement 3,,0.0,0.0,0.0,0.0,0.0,0.0,0.0,0.0,0.0,0.0,0.0,0.0,2023-24,Statement 3 - Budget,0.0,0.0,0.0,0.0,0.0,0.0,0.0,0.0,0.0,14.0,Ministry of Development of North Eastern Region,TOTAL / Ministry,0.0,0.0,0.0,0.0,0.0,0.0,0.0,0.0,0.0,0.0,2140.04,659.96,2800.0,23.0,1987.55,665.89,2653.44,2017.32,737.73,2755.05,1798.75,4093.25,5892.0,,0.0,0.0,0.0,0.0,0.0,0.0,0.0,0.0,0.0,0.0,0.0,0.0
8,Statement 3,,0.0,0.0,0.0,0.0,0.0,0.0,0.0,0.0,0.0,0.0,0.0,0.0,2023-24,Statement 3 - Budget,0.0,0.0,0.0,0.0,0.0,0.0,0.0,0.0,0.0,14.0,Ministry of Development of North Eastern Region,Central Sector Schemes/Projects,1.0,0.0,0.0,0.0,0.0,0.0,0.0,0.0,0.0,0.0,2115.96,655.96,2771.92,23.0,1958.45,661.89,2620.34,1981.44,733.73,2715.17,1762.7,4088.3,5851.0,,0.0,0.0,0.0,0.0,0.0,0.0,0.0,0.0,0.0,0.0,0.0,0.0
8,Statement 3,,0.0,0.0,0.0,0.0,0.0,0.0,0.0,0.0,0.0,0.0,0.0,0.0,2023-24,Statement 3 - Budget,0.0,0.0,0.0,0.0,0.0,0.0,0.0,0.0,0.0,14.0,Ministry of Development of North Eastern Region,Establishment Expenditure of the Centre,2.0,0.0,0.0,0.0,0.0,0.0,0.0,0.0,0.0,0.0,18.41,0.0,18.41,23.0,18.09,0.0,18.09,30.21,0.0,30.21,30.38,0.95,31.33,,0.0,0.0,0.0,0.0,0.0,0.0,0.0,0.0,0.0,0.0,0.0,0.0
8,Statement 3,,0.0,0.0,0.0,0.0,0.0,0.0,0.0,0.0,0.0,0.0,0.0,0.0,2023-24,Statement 3 - Budget,0.0,0.0,0.0,0.0,0.0,0.0,0.0,0.0,0.0,14.0,Ministry of Development of North Eastern Region,Other Central Sector Expenditure,3.0,0.0,0.0,0.0,0.0,0.0,0.0,0.0,0.0,0.0,5.67,4.0,9.67,23.0,11.01,4.0,15.01,5.67,4.0,9.67,5.67,4.0,9.67,,0.0,0.0,0.0,0.0,0.0,0.0,0.0,0.0,0.0,0.0,0.0,0.0
8,Statement 3,,0.0,0.0,0.0,0.0,0.0,0.0,0.0,0.0,0.0,0.0,0.0,0.0,2023-24,Statement 3 - Budget,0.0,0.0,0.0,0.0,0.0,0.0,0.0,0.0,0.0,14.0,Ministry of Development of North Eastern Region,TOTAL,0.0,0.0,0.0,0.0,0.0,0.0,0.0,0.0,0.0,0.0,0.0,0.0,2800.0,23.0,0.0,0.0,2653.44,0.0,0.0,2755.05,0.0,0.0,5892.0,,0.0,0.0,0.0,0.0,0.0,0.0,0.0,0.0,0.0,0.0,0.0,0.0
8,Statement 3,,0.0,0.0,0.0,0.0,0.0,0.0,0.0,0.0,0.0,0.0,0.0,0.0,2023-24,Statement 3 - Budget,0.0,0.0,0.0,0.0,0.0,0.0,0.0,0.0,0.0,14.0,Ministry of Earth Sciences,TOTAL / Ministry,0.0,0.0,0.0,0.0,0.0,0.0,0.0,0.0,0.0,0.0,2203.51,450.0,2653.51,24.0,2084.89,99.54,2184.43,1867.82,188.65,2056.47,2646.07,673.81,3319.88,,0.0,0.0,0.0,0.0,0.0,0.0,0.0,0.0,0.0,0.0,0.0,0.0
8,Statement 3,,0.0,0.0,0.0,0.0,0.0,0.0,0.0,0.0,0.0,0.0,0.0,0.0,2023-24,Statement 3 - Budget,0.0,0.0,0.0,0.0,0.0,0.0,0.0,0.0,0.0,14.0,Ministry of Earth Sciences,Central Sector Schemes/Projects,1.0,0.0,0.0,0.0,0.0,0.0,0.0,0.0,0.0,0.0,1425.24,450.0,1875.24,24.0,877.79,99.54,977.33,1136.48,188.65,1325.13,1404.77,666.23,2071.0,,0.0,0.0,0.0,0.0,0.0,0.0,0.0,0.0,0.0,0.0,0.0,0.0
8,Statement 3,,0.0,0.0,0.0,0.0,0.0,0.0,0.0,0.0,0.0,0.0,0.0,0.0,2023-24,Statement 3 - Budget,0.0,0.0,0.0,0.0,0.0,0.0,0.0,0.0,0.0,14.0,Ministry of Earth Sciences,Establishment Expenditure of the Centre,2.0,0.0,0.0,0.0,0.0,0.0,0.0,0.0,0.0,0.0,579.2,0.0,579.2,24.0,1030.27,0.0,1030.27,537.23,0.0,537.23,1036.4,7.58,1043.98,,0.0,0.0,0.0,0.0,0.0,0.0,0.0,0.0,0.0,0.0,0.0,0.0
8,Statement 3,,0.0,0.0,0.0,0.0,0.0,0.0,0.0,0.0,0.0,0.0,0.0,0.0,2023-24,Statement 3 - Budget,0.0,0.0,0.0,0.0,0.0,0.0,0.0,0.0,0.0,14.0,Ministry of Earth Sciences,Other Central Sector Expenditure,3.0,0.0,0.0,0.0,0.0,0.0,0.0,0.0,0.0,0.0,199.07,0.0,199.07,24.0,176.83,0.0,176.83,194.11,0.0,194.11,204.9,0.0,204.9,,0.0,0.0,0.0,0.0,0.0,0.0,0.0,0.0,0.0,0.0,0.0,0.0
8,Statement 3,,0.0,0.0,0.0,0.0,0.0,0.0,0.0,0.0,0.0,0.0,0.0,0.0,2023-24,Statement 3 - Budget,0.0,0.0,0.0,0.0,0.0,0.0,0.0,0.0,0.0,14.0,Ministry of Earth Sciences,TOTAL,0.0,0.0,0.0,0.0,0.0,0.0,0.0,0.0,0.0,0.0,0.0,0.0,2653.51,24.0,0.0,0.0,2184.43,0.0,0.0,2056.47,0.0,0.0,3319.88,,0.0,0.0,0.0,0.0,0.0,0.0,0.0,0.0,0.0,0.0,0.0,0.0
8,Statement 3,,0.0,0.0,0.0,0.0,0.0,0.0,0.0,0.0,0.0,0.0,0.0,0.0,2023-24,Statement 3 - Budget,0.0,0.0,0.0,0.0,0.0,0.0,0.0,0.0,0.0,14.0,Department of School Education and Literacy,TOTAL / Ministry,0.0,0.0,0.0,0.0,0.0,0.0,0.0,0.0,0.0,0.0,63449.37,0.0,63449.37,25.0,46821.51,0.0,46821.51,59052.78,0.0,59052.78,68804.3,0.55,68804.85,,0.0,0.0,0.0,0.0,0.0,0.0,0.0,0.0,0.0,0.0,0.0,0.0
8,Statement 3,,0.0,0.0,0.0,0.0,0.0,0.0,0.0,0.0,0.0,0.0,0.0,0.0,2023-24,Statement 3 - Budget,0.0,0.0,0.0,0.0,0.0,0.0,0.0,0.0,0.0,14.0,Department of School Education and Literacy,Central Sector Schemes/Projects,1.0,0.0,0.0,0.0,0.0,0.0,0.0,0.0,0.0,0.0,358.26,0.0,358.26,25.0,252.78,0.0,252.78,303.81,0.0,303.81,364.01,0.0,364.01,,0.0,0.0,0.0,0.0,0.0,0.0,0.0,0.0,0.0,0.0,0.0,0.0
8,Statement 3,,0.0,0.0,0.0,0.0,0.0,0.0,0.0,0.0,0.0,0.0,0.0,0.0,2023-24,Statement 3 - Budget,0.0,0.0,0.0,0.0,0.0,0.0,0.0,0.0,0.0,14.0,Department of School Education and Literacy,Centrally Sponsored Schemes,2.0,0.0,0.0,0.0,0.0,0.0,0.0,0.0,0.0,0.0,50694.11,0.0,50694.11,25.0,35607.41,0.0,35607.41,45849.67,0.0,45849.67,54010.47,0.0,54010.47,,0.0,0.0,0.0,0.0,0.0,0.0,0.0,0.0,0.0,0.0,0.0,0.0
8,Statement 3,,0.0,0.0,0.0,0.0,0.0,0.0,0.0,0.0,0.0,0.0,0.0,0.0,2023-24,Statement 3 - Budget,0.0,0.0,0.0,0.0,0.0,0.0,0.0,0.0,0.0,14.0,Department of School Education and Literacy,Establishment Expenditure of the Centre,3.0,0.0,0.0,0.0,0.0,0.0,0.0,0.0,0.0,0.0,38.0,0.0,38.0,25.0,30.38,0.0,30.38,40.0,0.0,40.0,38.46,0.55,39.01,,0.0,0.0,0.0,0.0,0.0,0.0,0.0,0.0,0.0,0.0,0.0,0.0
8,Statement 3,,0.0,0.0,0.0,0.0,0.0,0.0,0.0,0.0,0.0,0.0,0.0,0.0,2023-24,Statement 3 - Budget,0.0,0.0,0.0,0.0,0.0,0.0,0.0,0.0,0.0,14.0,Department of School Education and Literacy,Other Central Sector Expenditure,4.0,0.0,0.0,0.0,0.0,0.0,0.0,0.0,0.0,0.0,12359.0,0.0,12359.0,25.0,10932.72,0.0,10932.72,12859.3,0.0,12859.3,14391.36,0.0,14391.36,,0.0,0.0,0.0,0.0,0.0,0.0,0.0,0.0,0.0,0.0,0.0,0.0
8,Statement 3,,0.0,0.0,0.0,0.0,0.0,0.0,0.0,0.0,0.0,0.0,0.0,0.0,2023-24,Statement 3 - Budget,0.0,0.0,0.0,0.0,0.0,0.0,0.0,0.0,0.0,14.0,Department of School Education and Literacy,Other Grants/Loans/Transfers,5.0,0.0,0.0,0.0,0.0,0.0,0.0,0.0,0.0,0.0,0.0,0.0,0.0,25.0,-1.78,0.0,-1.78,0.0,0.0,0.0,0.0,0.0,0.0,,0.0,0.0,0.0,0.0,0.0,0.0,0.0,0.0,0.0,0.0,0.0,0.0
8,Statement 3,,0.0,0.0,0.0,0.0,0.0,0.0,0.0,0.0,0.0,0.0,0.0,0.0,2023-24,Statement 3 - Budget,0.0,0.0,0.0,0.0,0.0,0.0,0.0,0.0,0.0,14.0,Department of School Education and Literacy,TOTAL,0.0,0.0,0.0,0.0,0.0,0.0,0.0,0.0,0.0,0.0,0.0,0.0,63449.37,25.0,0.0,0.0,46821.51,0.0,0.0,59052.78,0.0,0.0,68804.85,,0.0,0.0,0.0,0.0,0.0,0.0,0.0,0.0,0.0,0.0,0.0,0.0
8,Statement 3,,0.0,0.0,0.0,0.0,0.0,0.0,0.0,0.0,0.0,0.0,0.0,0.0,2023-24,Statement 3 - Budget,0.0,0.0,0.0,0.0,0.0,0.0,0.0,0.0,0.0,14.0,Department of Higher Education,TOTAL / Ministry,0.0,0.0,0.0,0.0,0.0,0.0,0.0,0.0,0.0,0.0,40810.34,18.01,40828.35,26.0,33518.89,12.02,33530.91,40810.34,18.01,40828.35,44082.1,12.52,44094.62,,0.0,0.0,0.0,0.0,0.0,0.0,0.0,0.0,0.0,0.0,0.0,0.0
8,Statement 3,,0.0,0.0,0.0,0.0,0.0,0.0,0.0,0.0,0.0,0.0,0.0,0.0,2023-24,Statement 3 - Budget,0.0,0.0,0.0,0.0,0.0,0.0,0.0,0.0,0.0,14.0,Department of Higher Education,Central Sector Schemes/Projects,1.0,0.0,0.0,0.0,0.0,0.0,0.0,0.0,0.0,0.0,5412.0,0.01,5412.01,26.0,3668.03,0.0,3668.03,4413.01,0.01,4413.02,4968.03,0.0,4968.03,,0.0,0.0,0.0,0.0,0.0,0.0,0.0,0.0,0.0,0.0,0.0,0.0
8,Statement 3,,0.0,0.0,0.0,0.0,0.0,0.0,0.0,0.0,0.0,0.0,0.0,0.0,2023-24,Statement 3 - Budget,0.0,0.0,0.0,0.0,0.0,0.0,0.0,0.0,0.0,14.0,Department of Higher Education,Centrally Sponsored Schemes,2.0,0.0,0.0,0.0,0.0,0.0,0.0,0.0,0.0,0.0,2042.95,0.0,2042.95,26.0,-233.14,0.0,-233.14,360.67,0.0,360.67,1500.0,0.0,1500.0,,0.0,0.0,0.0,0.0,0.0,0.0,0.0,0.0,0.0,0.0,0.0,0.0
8,Statement 3,,0.0,0.0,0.0,0.0,0.0,0.0,0.0,0.0,0.0,0.0,0.0,0.0,2023-24,Statement 3 - Budget,0.0,0.0,0.0,0.0,0.0,0.0,0.0,0.0,0.0,14.0,Department of Higher Education,Establishment Expenditure of the Centre,3.0,0.0,0.0,0.0,0.0,0.0,0.0,0.0,0.0,0.0,255.38,18.0,273.38,26.0,175.8,12.02,187.82,252.49,18.0,270.49,278.33,12.52,290.85,,0.0,0.0,0.0,0.0,0.0,0.0,0.0,0.0,0.0,0.0,0.0,0.0
8,Statement 3,,0.0,0.0,0.0,0.0,0.0,0.0,0.0,0.0,0.0,0.0,0.0,0.0,2023-24,Statement 3 - Budget,0.0,0.0,0.0,0.0,0.0,0.0,0.0,0.0,0.0,14.0,Department of Higher Education,Other Central Sector Expenditure,4.0,0.0,0.0,0.0,0.0,0.0,0.0,0.0,0.0,0.0,33100.0,0.0,33100.0,26.0,29898.2,0.0,29898.2,35783.07,0.0,35783.07,37335.74,0.0,37335.74,,0.0,0.0,0.0,0.0,0.0,0.0,0.0,0.0,0.0,0.0,0.0,0.0
8,Statement 3,,0.0,0.0,0.0,0.0,0.0,0.0,0.0,0.0,0.0,0.0,0.0,0.0,2023-24,Statement 3 - Budget,0.0,0.0,0.0,0.0,0.0,0.0,0.0,0.0,0.0,14.0,Department of Higher Education,Other Grants/Loans/Transfers,5.0,0.0,0.0,0.0,0.0,0.0,0.0,0.0,0.0,0.0,0.01,0.0,0.01,26.0,10.0,0.0,10.0,1.1,0.0,1.1,0.0,0.0,0.0,,0.0,0.0,0.0,0.0,0.0,0.0,0.0,0.0,0.0,0.0,0.0,0.0
8,Statement 3,,0.0,0.0,0.0,0.0,0.0,0.0,0.0,0.0,0.0,0.0,0.0,0.0,2023-24,Statement 3 - Budget,0.0,0.0,0.0,0.0,0.0,0.0,0.0,0.0,0.0,14.0,Department of Higher Education,TOTAL,0.0,0.0,0.0,0.0,0.0,0.0,0.0,0.0,0.0,0.0,0.0,0.0,40828.35,26.0,0.0,0.0,33530.91,0.0,0.0,40828.35,0.0,0.0,44094.62,,0.0,0.0,0.0,0.0,0.0,0.0,0.0,0.0,0.0,0.0,0.0,0.0
9,Statement 3,,0.0,0.0,0.0,0.0,0.0,0.0,0.0,0.0,0.0,0.0,0.0,0.0,2023-24,Statement 3 - Budget,0.0,0.0,0.0,0.0,0.0,0.0,0.0,0.0,0.0,15.0,EXPENDITURE OF MINISTRIES AND DEPARTMENTS,TOTAL / Ministry,0.0,0.0,0.0,0.0,0.0,0.0,0.0,0.0,0.0,0.0,13911.99,388.01,14300.0,27.0,7766.88,351.77,8118.65,11443.49,276.46,11719.95,16180.36,368.68,16549.04,,0.0,0.0,0.0,0.0,0.0,0.0,0.0,0.0,0.0,0.0,0.0,0.0
9,Statement 3,,0.0,0.0,0.0,0.0,0.0,0.0,0.0,0.0,0.0,0.0,0.0,0.0,2023-24,Statement 3 - Budget,0.0,0.0,0.0,0.0,0.0,0.0,0.0,0.0,0.0,15.0,Ministry of Electronics and Information Technology,Central Sector Schemes/Projects,1.0,0.0,0.0,0.0,0.0,0.0,0.0,0.0,0.0,0.0,10676.17,0.01,10676.18,27.0,4504.36,0.0,4504.36,7803.5,0.0,7803.5,12440.28,0.0,12440.28,,0.0,0.0,0.0,0.0,0.0,0.0,0.0,0.0,0.0,0.0,0.0,0.0
9,Statement 3,,0.0,0.0,0.0,0.0,0.0,0.0,0.0,0.0,0.0,0.0,0.0,0.0,2023-24,Statement 3 - Budget,0.0,0.0,0.0,0.0,0.0,0.0,0.0,0.0,0.0,15.0,Ministry of Electronics and Information Technology,Establishment Expenditure of the Centre,2.0,0.0,0.0,0.0,0.0,0.0,0.0,0.0,0.0,0.0,1515.82,388.0,1903.82,27.0,1396.34,351.77,1748.11,1637.99,276.46,1914.45,1672.08,368.68,2040.76,,0.0,0.0,0.0,0.0,0.0,0.0,0.0,0.0,0.0,0.0,0.0,0.0
9,Statement 3,,0.0,0.0,0.0,0.0,0.0,0.0,0.0,0.0,0.0,0.0,0.0,0.0,2023-24,Statement 3 - Budget,0.0,0.0,0.0,0.0,0.0,0.0,0.0,0.0,0.0,15.0,Ministry of Electronics and Information Technology,Other Central Sector Expenditure,3.0,0.0,0.0,0.0,0.0,0.0,0.0,0.0,0.0,0.0,1720.0,0.0,1720.0,27.0,1866.18,0.0,1866.18,2002.0,0.0,2002.0,2068.0,0.0,2068.0,,0.0,0.0,0.0,0.0,0.0,0.0,0.0,0.0,0.0,0.0,0.0,0.0
9,Statement 3,,0.0,0.0,0.0,0.0,0.0,0.0,0.0,0.0,0.0,0.0,0.0,0.0,2023-24,Statement 3 - Budget,0.0,0.0,0.0,0.0,0.0,0.0,0.0,0.0,0.0,15.0,Ministry of Electronics and Information Technology,TOTAL,0.0,0.0,0.0,0.0,0.0,0.0,0.0,0.0,0.0,0.0,0.0,0.0,14300.0,27.0,0.0,0.0,8118.65,0.0,0.0,11719.95,0.0,0.0,16549.04,,0.0,0.0,0.0,0.0,0.0,0.0,0.0,0.0,0.0,0.0,0.0,0.0
9,Statement 3,,0.0,0.0,0.0,0.0,0.0,0.0,0.0,0.0,0.0,0.0,0.0,0.0,2023-24,Statement 3 - Budget,0.0,0.0,0.0,0.0,0.0,0.0,0.0,0.0,0.0,15.0,"Ministry of Environment, Forests and Climate Change",TOTAL / Ministry,0.0,0.0,0.0,0.0,0.0,0.0,0.0,0.0,0.0,0.0,2915.0,115.0,3030.0,28.0,2402.25,30.43,2432.68,2405.24,72.76,2478.0,2934.02,145.38,3079.4,,0.0,0.0,0.0,0.0,0.0,0.0,0.0,0.0,0.0,0.0,0.0,0.0
9,Statement 3,,0.0,0.0,0.0,0.0,0.0,0.0,0.0,0.0,0.0,0.0,0.0,0.0,2023-24,Statement 3 - Budget,0.0,0.0,0.0,0.0,0.0,0.0,0.0,0.0,0.0,15.0,"Ministry of Environment, Forests and Climate Change",Central Sector Schemes/Projects,1.0,0.0,0.0,0.0,0.0,0.0,0.0,0.0,0.0,0.0,963.07,0.0,963.07,28.0,762.45,0.0,762.45,820.27,0.0,820.27,948.76,0.0,948.76,,0.0,0.0,0.0,0.0,0.0,0.0,0.0,0.0,0.0,0.0,0.0,0.0
9,Statement 3,,0.0,0.0,0.0,0.0,0.0,0.0,0.0,0.0,0.0,0.0,0.0,0.0,2023-24,Statement 3 - Budget,0.0,0.0,0.0,0.0,0.0,0.0,0.0,0.0,0.0,15.0,"Ministry of Environment, Forests and Climate Change",Centrally Sponsored Schemes,2.0,0.0,0.0,0.0,0.0,0.0,0.0,0.0,0.0,0.0,930.19,0.0,930.19,28.0,657.47,0.0,657.47,549.18,0.0,549.18,758.8,0.0,758.8,,0.0,0.0,0.0,0.0,0.0,0.0,0.0,0.0,0.0,0.0,0.0,0.0
9,Statement 3,,0.0,0.0,0.0,0.0,0.0,0.0,0.0,0.0,0.0,0.0,0.0,0.0,2023-24,Statement 3 - Budget,0.0,0.0,0.0,0.0,0.0,0.0,0.0,0.0,0.0,15.0,"Ministry of Environment, Forests and Climate Change",Establishment Expenditure of the Centre,3.0,0.0,0.0,0.0,0.0,0.0,0.0,0.0,0.0,0.0,570.79,115.0,685.79,28.0,493.5,30.43,523.93,568.2,72.76,640.96,758.06,145.38,903.44,,0.0,0.0,0.0,0.0,0.0,0.0,0.0,0.0,0.0,0.0,0.0,0.0
9,Statement 3,,0.0,0.0,0.0,0.0,0.0,0.0,0.0,0.0,0.0,0.0,0.0,0.0,2023-24,Statement 3 - Budget,0.0,0.0,0.0,0.0,0.0,0.0,0.0,0.0,0.0,15.0,"Ministry of Environment, Forests and Climate Change",Other Central Sector Expenditure,4.0,0.0,0.0,0.0,0.0,0.0,0.0,0.0,0.0,0.0,450.95,0.0,450.95,28.0,488.83,0.0,488.83,467.59,0.0,467.59,468.4,0.0,468.4,,0.0,0.0,0.0,0.0,0.0,0.0,0.0,0.0,0.0,0.0,0.0,0.0
9,Statement 3,,0.0,0.0,0.0,0.0,0.0,0.0,0.0,0.0,0.0,0.0,0.0,0.0,2023-24,Statement 3 - Budget,0.0,0.0,0.0,0.0,0.0,0.0,0.0,0.0,0.0,15.0,"Ministry of Environment, Forests and Climate Change",TOTAL,0.0,0.0,0.0,0.0,0.0,0.0,0.0,0.0,0.0,0.0,0.0,0.0,3030.0,28.0,0.0,0.0,2432.68,0.0,0.0,2478.0,0.0,0.0,3079.4,,0.0,0.0,0.0,0.0,0.0,0.0,0.0,0.0,0.0,0.0,0.0,0.0
9,Statement 3,,0.0,0.0,0.0,0.0,0.0,0.0,0.0,0.0,0.0,0.0,0.0,0.0,2023-24,Statement 3 - Budget,0.0,0.0,0.0,0.0,0.0,0.0,0.0,0.0,0.0,15.0,Ministry of External Affairs,TOTAL / Ministry,0.0,0.0,0.0,0.0,0.0,0.0,0.0,0.0,0.0,0.0,15833.77,1416.23,17250.0,29.0,13277.35,868.25,14145.6,15789.1,1183.69,16972.79,16529.79,1520.21,18050.0,,0.0,0.0,0.0,0.0,0.0,0.0,0.0,0.0,0.0,0.0,0.0,0.0
9,Statement 3,,0.0,0.0,0.0,0.0,0.0,0.0,0.0,0.0,0.0,0.0,0.0,0.0,2023-24,Statement 3 - Budget,0.0,0.0,0.0,0.0,0.0,0.0,0.0,0.0,0.0,15.0,Ministry of External Affairs,Central Sector Schemes/Projects,1.0,0.0,0.0,0.0,0.0,0.0,0.0,0.0,0.0,0.0,6043.77,706.23,6750.0,29.0,4496.48,443.42,4939.9,5284.83,720.87,6005.7,5080.24,768.34,5848.58,,0.0,0.0,0.0,0.0,0.0,0.0,0.0,0.0,0.0,0.0,0.0,0.0
9,Statement 3,,0.0,0.0,0.0,0.0,0.0,0.0,0.0,0.0,0.0,0.0,0.0,0.0,2023-24,Statement 3 - Budget,0.0,0.0,0.0,0.0,0.0,0.0,0.0,0.0,0.0,15.0,Ministry of External Affairs,Establishment Expenditure of the Centre,2.0,0.0,0.0,0.0,0.0,0.0,0.0,0.0,0.0,0.0,5451.74,710.0,6161.74,29.0,4477.18,425.27,4902.45,5656.35,462.82,6119.17,6193.48,751.87,6945.35,,0.0,0.0,0.0,0.0,0.0,0.0,0.0,0.0,0.0,0.0,0.0,0.0
9,Statement 3,,0.0,0.0,0.0,0.0,0.0,0.0,0.0,0.0,0.0,0.0,0.0,0.0,2023-24,Statement 3 - Budget,0.0,0.0,0.0,0.0,0.0,0.0,0.0,0.0,0.0,15.0,Ministry of External Affairs,Other Central Sector Expenditure,3.0,0.0,0.0,0.0,0.0,0.0,0.0,0.0,0.0,0.0,4338.26,0.0,4338.26,29.0,4303.69,-0.44,4303.25,4847.92,0.0,4847.92,5256.07,0.0,5256.07,,0.0,0.0,0.0,0.0,0.0,0.0,0.0,0.0,0.0,0.0,0.0,0.0
9,Statement 3,,0.0,0.0,0.0,0.0,0.0,0.0,0.0,0.0,0.0,0.0,0.0,0.0,2023-24,Statement 3 - Budget,0.0,0.0,0.0,0.0,0.0,0.0,0.0,0.0,0.0,15.0,Ministry of External Affairs,TOTAL,0.0,0.0,0.0,0.0,0.0,0.0,0.0,0.0,0.0,0.0,0.0,0.0,17250.0,29.0,0.0,0.0,14145.6,0.0,0.0,16972.79,0.0,0.0,18050.0,,0.0,0.0,0.0,0.0,0.0,0.0,0.0,0.0,0.0,0.0,0.0,0.0
9,Statement 3,,0.0,0.0,0.0,0.0,0.0,0.0,0.0,0.0,0.0,0.0,0.0,0.0,2023-24,Statement 3 - Budget,0.0,0.0,0.0,0.0,0.0,0.0,0.0,0.0,0.0,15.0,Department of Economic Affairs,TOTAL / Ministry,0.0,0.0,0.0,0.0,0.0,0.0,0.0,0.0,0.0,0.0,6143.36,8396.9,14540.26,30.0,4536.95,7731.25,12268.2,6803.8,4944.07,11747.87,6321.62,4559.43,10881.05,,0.0,0.0,0.0,0.0,0.0,0.0,0.0,0.0,0.0,0.0,0.0,0.0
9,Statement 3,,0.0,0.0,0.0,0.0,0.0,0.0,0.0,0.0,0.0,0.0,0.0,0.0,2023-24,Statement 3 - Budget,0.0,0.0,0.0,0.0,0.0,0.0,0.0,0.0,0.0,15.0,Department of Economic Affairs,Central Sector Schemes/Projects,1.0,0.0,0.0,0.0,0.0,0.0,0.0,0.0,0.0,0.0,1703.0,5100.01,6803.01,30.0,1116.83,1236.93,2353.76,2408.1,2018.7,4426.8,1827.0,1998.0,3825.0,,0.0,0.0,0.0,0.0,0.0,0.0,0.0,0.0,0.0,0.0,0.0,0.0
9,Statement 3,,0.0,0.0,0.0,0.0,0.0,0.0,0.0,0.0,0.0,0.0,0.0,0.0,2023-24,Statement 3 - Budget,0.0,0.0,0.0,0.0,0.0,0.0,0.0,0.0,0.0,15.0,Department of Economic Affairs,Establishment Expenditure of the Centre,2.0,0.0,0.0,0.0,0.0,0.0,0.0,0.0,0.0,0.0,248.39,0.0,248.39,30.0,189.05,0.0,189.05,271.98,0.0,271.98,280.07,15.26,295.33,,0.0,0.0,0.0,0.0,0.0,0.0,0.0,0.0,0.0,0.0,0.0,0.0
9,Statement 3,,0.0,0.0,0.0,0.0,0.0,0.0,0.0,0.0,0.0,0.0,0.0,0.0,2023-24,Statement 3 - Budget,0.0,0.0,0.0,0.0,0.0,0.0,0.0,0.0,0.0,15.0,Department of Economic Affairs,Other Central Sector Expenditure,3.0,0.0,0.0,0.0,0.0,0.0,0.0,0.0,0.0,0.0,4191.97,3296.89,7488.86,30.0,3231.07,6494.32,9725.39,4123.72,2925.37,7049.09,4214.55,2546.17,6760.72,,0.0,0.0,0.0,0.0,0.0,0.0,0.0,0.0,0.0,0.0,0.0,0.0
9,Statement 3,,0.0,0.0,0.0,0.0,0.0,0.0,0.0,0.0,0.0,0.0,0.0,0.0,2023-24,Statement 3 - Budget,0.0,0.0,0.0,0.0,0.0,0.0,0.0,0.0,0.0,15.0,Department of Economic Affairs,TOTAL,0.0,0.0,0.0,0.0,0.0,0.0,0.0,0.0,0.0,0.0,0.0,0.0,14540.26,30.0,0.0,0.0,12268.2,0.0,0.0,11747.87,0.0,0.0,10881.05,,0.0,0.0,0.0,0.0,0.0,0.0,0.0,0.0,0.0,0.0,0.0,0.0
9,Statement 3,,0.0,0.0,0.0,0.0,0.0,0.0,0.0,0.0,0.0,0.0,0.0,0.0,2023-24,Statement 3 - Budget,0.0,0.0,0.0,0.0,0.0,0.0,0.0,0.0,0.0,15.0,Department of Expenditure,TOTAL / Ministry,0.0,0.0,0.0,0.0,0.0,0.0,0.0,0.0,0.0,0.0,476.88,0.01,476.89,31.0,370.85,0.0,370.85,429.99,0.01,430.0,389.26,128.08,517.34,,0.0,0.0,0.0,0.0,0.0,0.0,0.0,0.0,0.0,0.0,0.0,0.0
9,Statement 3,,0.0,0.0,0.0,0.0,0.0,0.0,0.0,0.0,0.0,0.0,0.0,0.0,2023-24,Statement 3 - Budget,0.0,0.0,0.0,0.0,0.0,0.0,0.0,0.0,0.0,15.0,Department of Expenditure,Establishment Expenditure of the Centre,1.0,0.0,0.0,0.0,0.0,0.0,0.0,0.0,0.0,0.0,458.81,0.01,458.82,31.0,354.08,0.0,354.08,415.19,0.01,415.2,374.16,128.08,502.24,,0.0,0.0,0.0,0.0,0.0,0.0,0.0,0.0,0.0,0.0,0.0,0.0
9,Statement 3,,0.0,0.0,0.0,0.0,0.0,0.0,0.0,0.0,0.0,0.0,0.0,0.0,2023-24,Statement 3 - Budget,0.0,0.0,0.0,0.0,0.0,0.0,0.0,0.0,0.0,15.0,Department of Expenditure,Other Central Sector Expenditure,2.0,0.0,0.0,0.0,0.0,0.0,0.0,0.0,0.0,0.0,18.07,0.0,18.07,31.0,16.77,0.0,16.77,14.8,0.0,14.8,15.1,0.0,15.1,,0.0,0.0,0.0,0.0,0.0,0.0,0.0,0.0,0.0,0.0,0.0,0.0
9,Statement 3,,0.0,0.0,0.0,0.0,0.0,0.0,0.0,0.0,0.0,0.0,0.0,0.0,2023-24,Statement 3 - Budget,0.0,0.0,0.0,0.0,0.0,0.0,0.0,0.0,0.0,15.0,Department of Expenditure,TOTAL,0.0,0.0,0.0,0.0,0.0,0.0,0.0,0.0,0.0,0.0,0.0,0.0,476.89,31.0,0.0,0.0,370.85,0.0,0.0,430.0,0.0,0.0,517.34,,0.0,0.0,0.0,0.0,0.0,0.0,0.0,0.0,0.0,0.0,0.0,0.0
9,Statement 3,,0.0,0.0,0.0,0.0,0.0,0.0,0.0,0.0,0.0,0.0,0.0,0.0,2023-24,Statement 3 - Budget,0.0,0.0,0.0,0.0,0.0,0.0,0.0,0.0,0.0,15.0,Department of Financial Services,TOTAL / Ministry,0.0,0.0,0.0,0.0,0.0,0.0,0.0,0.0,0.0,0.0,1102.7,4211.03,5313.73,32.0,7375.98,36634.0,44009.98,1366.42,3536.0,4902.42,1112.35,212.29,1324.64,,0.0,0.0,0.0,0.0,0.0,0.0,0.0,0.0,0.0,0.0,0.0,0.0
9,Statement 3,,0.0,0.0,0.0,0.0,0.0,0.0,0.0,0.0,0.0,0.0,0.0,0.0,2023-24,Statement 3 - Budget,0.0,0.0,0.0,0.0,0.0,0.0,0.0,0.0,0.0,15.0,Department of Financial Services,Central Sector Schemes/Projects,1.0,0.0,0.0,0.0,0.0,0.0,0.0,0.0,0.0,0.0,869.41,4211.03,5080.44,32.0,7191.78,36634.0,43825.78,1121.28,3536.0,4657.28,824.59,200.05,1024.64,,0.0,0.0,0.0,0.0,0.0,0.0,0.0,0.0,0.0,0.0,0.0,0.0
10,Statement 3,,0.0,0.0,0.0,0.0,0.0,0.0,0.0,0.0,0.0,0.0,0.0,0.0,2023-24,Statement 3 - Budget,0.0,0.0,0.0,0.0,0.0,0.0,0.0,0.0,0.0,16.0,Department of Financial Services,EXPENDITURE OF MINISTRIES AND DEPARTMENTS 2. Establishment Expenditure of the Centre,0.0,0.0,0.0,0.0,0.0,0.0,0.0,0.0,0.0,0.0,233.29,0.0,233.29,32.0,184.2,0.0,184.2,245.14,0.0,245.14,287.76,12.24,300.0,,0.0,0.0,0.0,0.0,0.0,0.0,0.0,0.0,0.0,0.0,0.0,0.0
10,Statement 3,,0.0,0.0,0.0,0.0,0.0,0.0,0.0,0.0,0.0,0.0,0.0,0.0,2023-24,Statement 3 - Budget,0.0,0.0,0.0,0.0,0.0,0.0,0.0,0.0,0.0,16.0,Department of Financial Services,TOTAL,0.0,0.0,0.0,0.0,0.0,0.0,0.0,0.0,0.0,0.0,0.0,0.0,5313.73,32.0,0.0,0.0,44009.98,0.0,0.0,4902.42,0.0,0.0,1324.64,,0.0,0.0,0.0,0.0,0.0,0.0,0.0,0.0,0.0,0.0,0.0,0.0
10,Statement 3,,0.0,0.0,0.0,0.0,0.0,0.0,0.0,0.0,0.0,0.0,0.0,0.0,2023-24,Statement 3 - Budget,0.0,0.0,0.0,0.0,0.0,0.0,0.0,0.0,0.0,16.0,Department of Public Enterprises,TOTAL / Ministry,0.0,0.0,0.0,0.0,0.0,0.0,0.0,0.0,0.0,0.0,30.0,0.0,30.0,33.0,23.27,0.0,23.27,33.13,150.0,183.13,32.15,0.9,33.05,,0.0,0.0,0.0,0.0,0.0,0.0,0.0,0.0,0.0,0.0,0.0,0.0
10,Statement 3,,0.0,0.0,0.0,0.0,0.0,0.0,0.0,0.0,0.0,0.0,0.0,0.0,2023-24,Statement 3 - Budget,0.0,0.0,0.0,0.0,0.0,0.0,0.0,0.0,0.0,16.0,Department of Public Enterprises,Central Sector Schemes/Projects,1.0,0.0,0.0,0.0,0.0,0.0,0.0,0.0,0.0,0.0,8.55,0.0,8.55,33.0,6.79,0.0,6.79,8.02,0.0,8.02,9.91,0.0,9.91,,0.0,0.0,0.0,0.0,0.0,0.0,0.0,0.0,0.0,0.0,0.0,0.0
10,Statement 3,,0.0,0.0,0.0,0.0,0.0,0.0,0.0,0.0,0.0,0.0,0.0,0.0,2023-24,Statement 3 - Budget,0.0,0.0,0.0,0.0,0.0,0.0,0.0,0.0,0.0,16.0,Department of Public Enterprises,Establishment Expenditure of the Centre,2.0,0.0,0.0,0.0,0.0,0.0,0.0,0.0,0.0,0.0,21.45,0.0,21.45,33.0,16.48,0.0,16.48,25.11,150.0,175.11,22.24,0.9,23.14,,0.0,0.0,0.0,0.0,0.0,0.0,0.0,0.0,0.0,0.0,0.0,0.0
10,Statement 3,,0.0,0.0,0.0,0.0,0.0,0.0,0.0,0.0,0.0,0.0,0.0,0.0,2023-24,Statement 3 - Budget,0.0,0.0,0.0,0.0,0.0,0.0,0.0,0.0,0.0,16.0,Department of Public Enterprises,TOTAL,0.0,0.0,0.0,0.0,0.0,0.0,0.0,0.0,0.0,0.0,0.0,0.0,30.0,33.0,0.0,0.0,23.27,0.0,0.0,183.13,0.0,0.0,33.05,,0.0,0.0,0.0,0.0,0.0,0.0,0.0,0.0,0.0,0.0,0.0,0.0
10,Statement 3,,0.0,0.0,0.0,0.0,0.0,0.0,0.0,0.0,0.0,0.0,0.0,0.0,2023-24,Statement 3 - Budget,0.0,0.0,0.0,0.0,0.0,0.0,0.0,0.0,0.0,16.0,Department of Investment and Public Asset Management,(DIPAM),0.0,0.0,0.0,0.0,0.0,0.0,0.0,0.0,0.0,0.0,290.42,0.0,290.42,34.0,86.55,0.0,86.55,197.06,0.0,197.06,93.46,1.46,94.92,,0.0,0.0,0.0,0.0,0.0,0.0,0.0,0.0,0.0,0.0,0.0,0.0
10,Statement 3,,0.0,0.0,0.0,0.0,0.0,0.0,0.0,0.0,0.0,0.0,0.0,0.0,2023-24,Statement 3 - Budget,0.0,0.0,0.0,0.0,0.0,0.0,0.0,0.0,0.0,16.0,Department of Investment and Public Asset Management,Establishment Expenditure of the Centre,1.0,0.0,0.0,0.0,0.0,0.0,0.0,0.0,0.0,0.0,290.42,0.0,290.42,34.0,86.55,0.0,86.55,197.06,0.0,197.06,93.46,1.46,94.92,,0.0,0.0,0.0,0.0,0.0,0.0,0.0,0.0,0.0,0.0,0.0,0.0
10,Statement 3,,0.0,0.0,0.0,0.0,0.0,0.0,0.0,0.0,0.0,0.0,0.0,0.0,2023-24,Statement 3 - Budget,0.0,0.0,0.0,0.0,0.0,0.0,0.0,0.0,0.0,16.0,Department of Revenue,TOTAL / Ministry,0.0,0.0,0.0,0.0,0.0,0.0,0.0,0.0,0.0,0.0,121226.99,4.3,121231.29,35.0,111859.2,3.66,111862.86,131192.43,34.3,131226.73,146227.84,119.84,146347.68,,0.0,0.0,0.0,0.0,0.0,0.0,0.0,0.0,0.0,0.0,0.0,0.0
10,Statement 3,,0.0,0.0,0.0,0.0,0.0,0.0,0.0,0.0,0.0,0.0,0.0,0.0,2023-24,Statement 3 - Budget,0.0,0.0,0.0,0.0,0.0,0.0,0.0,0.0,0.0,16.0,Department of Revenue,Establishment Expenditure of the Centre,1.0,0.0,0.0,0.0,0.0,0.0,0.0,0.0,0.0,0.0,826.64,0.0,826.64,35.0,789.7,0.0,789.7,831.97,0.0,831.97,793.18,71.44,864.62,,0.0,0.0,0.0,0.0,0.0,0.0,0.0,0.0,0.0,0.0,0.0,0.0
10,Statement 3,,0.0,0.0,0.0,0.0,0.0,0.0,0.0,0.0,0.0,0.0,0.0,0.0,2023-24,Statement 3 - Budget,0.0,0.0,0.0,0.0,0.0,0.0,0.0,0.0,0.0,16.0,Department of Revenue,Other Central Sector Expenditure,2.0,0.0,0.0,0.0,0.0,0.0,0.0,0.0,0.0,0.0,400.32,4.3,404.62,35.0,274.03,3.66,277.69,360.46,34.3,394.76,434.63,48.4,483.03,,0.0,0.0,0.0,0.0,0.0,0.0,0.0,0.0,0.0,0.0,0.0,0.0
10,Statement 3,,0.0,0.0,0.0,0.0,0.0,0.0,0.0,0.0,0.0,0.0,0.0,0.0,2023-24,Statement 3 - Budget,0.0,0.0,0.0,0.0,0.0,0.0,0.0,0.0,0.0,16.0,Department of Revenue,Other Grants/Loans/Transfers,3.0,0.0,0.0,0.0,0.0,0.0,0.0,0.0,0.0,0.0,120000.03,0.0,120000.03,35.0,110795.47,0.0,110795.47,130000.0,0.0,130000.0,145000.03,0.0,145000.03,,0.0,0.0,0.0,0.0,0.0,0.0,0.0,0.0,0.0,0.0,0.0,0.0
10,Statement 3,,0.0,0.0,0.0,0.0,0.0,0.0,0.0,0.0,0.0,0.0,0.0,0.0,2023-24,Statement 3 - Budget,0.0,0.0,0.0,0.0,0.0,0.0,0.0,0.0,0.0,16.0,Department of Revenue,TOTAL,0.0,0.0,0.0,0.0,0.0,0.0,0.0,0.0,0.0,0.0,0.0,0.0,121231.29,35.0,0.0,0.0,111862.86,0.0,0.0,131226.73,0.0,0.0,146347.68,,0.0,0.0,0.0,0.0,0.0,0.0,0.0,0.0,0.0,0.0,0.0,0.0
10,Statement 3,,0.0,0.0,0.0,0.0,0.0,0.0,0.0,0.0,0.0,0.0,0.0,0.0,2023-24,Statement 3 - Budget,0.0,0.0,0.0,0.0,0.0,0.0,0.0,0.0,0.0,16.0,Department of Revenue,Direct Taxes,0.0,0.0,0.0,0.0,0.0,0.0,0.0,0.0,0.0,0.0,8866.8,440.0,9306.8,36.0,7478.69,215.26,7693.95,8759.43,669.72,9429.15,8282.87,1608.0,9890.87,,0.0,0.0,0.0,0.0,0.0,0.0,0.0,0.0,0.0,0.0,0.0,0.0
10,Statement 3,,0.0,0.0,0.0,0.0,0.0,0.0,0.0,0.0,0.0,0.0,0.0,0.0,2023-24,Statement 3 - Budget,0.0,0.0,0.0,0.0,0.0,0.0,0.0,0.0,0.0,16.0,Department of Revenue,Establishment Expenditure of the Centre,1.0,0.0,0.0,0.0,0.0,0.0,0.0,0.0,0.0,0.0,8866.8,440.0,9306.8,36.0,7478.69,213.56,7692.25,8759.43,669.72,9429.15,8282.87,558.0,8840.87,,0.0,0.0,0.0,0.0,0.0,0.0,0.0,0.0,0.0,0.0,0.0,0.0
10,Statement 3,,0.0,0.0,0.0,0.0,0.0,0.0,0.0,0.0,0.0,0.0,0.0,0.0,2023-24,Statement 3 - Budget,0.0,0.0,0.0,0.0,0.0,0.0,0.0,0.0,0.0,16.0,Department of Revenue,Other Central Sector Expenditure,2.0,0.0,0.0,0.0,0.0,0.0,0.0,0.0,0.0,0.0,0.0,0.0,0.0,36.0,0.0,1.7,1.7,0.0,0.0,0.0,0.0,1050.0,1050.0,,0.0,0.0,0.0,0.0,0.0,0.0,0.0,0.0,0.0,0.0,0.0,0.0
10,Statement 3,,0.0,0.0,0.0,0.0,0.0,0.0,0.0,0.0,0.0,0.0,0.0,0.0,2023-24,Statement 3 - Budget,0.0,0.0,0.0,0.0,0.0,0.0,0.0,0.0,0.0,16.0,Department of Revenue,TOTAL,0.0,0.0,0.0,0.0,0.0,0.0,0.0,0.0,0.0,0.0,0.0,0.0,9306.8,36.0,0.0,0.0,7693.95,0.0,0.0,9429.15,0.0,0.0,9890.87,,0.0,0.0,0.0,0.0,0.0,0.0,0.0,0.0,0.0,0.0,0.0,0.0
10,Statement 3,,0.0,0.0,0.0,0.0,0.0,0.0,0.0,0.0,0.0,0.0,0.0,0.0,2023-24,Statement 3 - Budget,0.0,0.0,0.0,0.0,0.0,0.0,0.0,0.0,0.0,16.0,Department of Revenue,Indirect Taxes,0.0,0.0,0.0,0.0,0.0,0.0,0.0,0.0,0.0,0.0,39738.67,1400.0,41138.67,37.0,56907.4,679.29,57586.69,35749.44,938.0,36687.44,36305.08,2205.0,38510.08,,0.0,0.0,0.0,0.0,0.0,0.0,0.0,0.0,0.0,0.0,0.0,0.0
10,Statement 3,,0.0,0.0,0.0,0.0,0.0,0.0,0.0,0.0,0.0,0.0,0.0,0.0,2023-24,Statement 3 - Budget,0.0,0.0,0.0,0.0,0.0,0.0,0.0,0.0,0.0,16.0,Department of Revenue,Central Sector Schemes/Projects,1.0,0.0,0.0,0.0,0.0,0.0,0.0,0.0,0.0,0.0,0.0,0.0,0.0,37.0,0.0,0.0,0.0,27109.72,0.0,27109.72,27554.59,0.0,27554.59,,0.0,0.0,0.0,0.0,0.0,0.0,0.0,0.0,0.0,0.0,0.0,0.0
10,Statement 3,,0.0,0.0,0.0,0.0,0.0,0.0,0.0,0.0,0.0,0.0,0.0,0.0,2023-24,Statement 3 - Budget,0.0,0.0,0.0,0.0,0.0,0.0,0.0,0.0,0.0,16.0,Department of Revenue,Establishment Expenditure of the Centre,2.0,0.0,0.0,0.0,0.0,0.0,0.0,0.0,0.0,0.0,39738.67,1400.0,41138.67,37.0,56907.4,679.29,57586.69,8639.72,938.0,9577.72,8750.49,2205.0,10955.49,,0.0,0.0,0.0,0.0,0.0,0.0,0.0,0.0,0.0,0.0,0.0,0.0
10,Statement 3,,0.0,0.0,0.0,0.0,0.0,0.0,0.0,0.0,0.0,0.0,0.0,0.0,2023-24,Statement 3 - Budget,0.0,0.0,0.0,0.0,0.0,0.0,0.0,0.0,0.0,16.0,Department of Revenue,TOTAL,0.0,0.0,0.0,0.0,0.0,0.0,0.0,0.0,0.0,0.0,0.0,0.0,41138.67,37.0,0.0,0.0,57586.69,0.0,0.0,36687.44,0.0,0.0,38510.08,,0.0,0.0,0.0,0.0,0.0,0.0,0.0,0.0,0.0,0.0,0.0,0.0
10,Statement 3,,0.0,0.0,0.0,0.0,0.0,0.0,0.0,0.0,0.0,0.0,0.0,0.0,2023-24,Statement 3 - Budget,0.0,0.0,0.0,0.0,0.0,0.0,0.0,0.0,0.0,16.0,Department of Revenue,Indian Audit and Accounts Department,0.0,0.0,0.0,0.0,0.0,0.0,0.0,0.0,0.0,0.0,5596.14,24.0,5620.14,38.0,5022.72,14.8,5037.52,5488.91,158.21,5647.12,5669.93,136.2,5806.13,,0.0,0.0,0.0,0.0,0.0,0.0,0.0,0.0,0.0,0.0,0.0,0.0
10,Statement 3,,0.0,0.0,0.0,0.0,0.0,0.0,0.0,0.0,0.0,0.0,0.0,0.0,2023-24,Statement 3 - Budget,0.0,0.0,0.0,0.0,0.0,0.0,0.0,0.0,0.0,16.0,Department of Revenue,Establishment Expenditure of the Centre,1.0,0.0,0.0,0.0,0.0,0.0,0.0,0.0,0.0,0.0,5596.14,24.0,5620.14,38.0,5022.72,14.8,5037.52,5488.91,158.21,5647.12,5669.93,136.2,5806.13,,0.0,0.0,0.0,0.0,0.0,0.0,0.0,0.0,0.0,0.0,0.0,0.0
10,Statement 3,,0.0,0.0,0.0,0.0,0.0,0.0,0.0,0.0,0.0,0.0,0.0,0.0,2023-24,Statement 3 - Budget,0.0,0.0,0.0,0.0,0.0,0.0,0.0,0.0,0.0,16.0,Department of Revenue,Interest Payments,0.0,0.0,0.0,0.0,0.0,0.0,0.0,0.0,0.0,0.0,940651.02,0.0,940651.02,39.0,805499.15,0.0,805499.15,940651.02,0.0,940651.02,1079971.0,0.0,1079971.0,,0.0,0.0,0.0,0.0,0.0,0.0,0.0,0.0,0.0,0.0,0.0,0.0
10,Statement 3,,0.0,0.0,0.0,0.0,0.0,0.0,0.0,0.0,0.0,0.0,0.0,0.0,2023-24,Statement 3 - Budget,0.0,0.0,0.0,0.0,0.0,0.0,0.0,0.0,0.0,16.0,Department of Revenue,Other Central Sector Expenditure,1.0,0.0,0.0,0.0,0.0,0.0,0.0,0.0,0.0,0.0,940651.02,0.0,940651.02,39.0,805499.15,0.0,805499.15,940651.02,0.0,940651.02,1079971.0,0.0,1079971.0,,0.0,0.0,0.0,0.0,0.0,0.0,0.0,0.0,0.0,0.0,0.0,0.0
11,Statement 3,,0.0,0.0,0.0,0.0,0.0,0.0,0.0,0.0,0.0,0.0,0.0,0.0,2023-24,Statement 3 - Budget,0.0,0.0,0.0,0.0,0.0,0.0,0.0,0.0,0.0,17.0,Repayment of Debt,TOTAL / Ministry,0.0,0.0,0.0,0.0,0.0,0.0,0.0,0.0,0.0,0.0,0.0,0.0,0.0,40.0,0.0,0.0,0.0,0.0,0.0,0.0,0.0,0.0,0.0,,0.0,0.0,0.0,0.0,0.0,0.0,0.0,0.0,0.0,0.0,0.0,0.0
11,Statement 3,,0.0,0.0,0.0,0.0,0.0,0.0,0.0,0.0,0.0,0.0,0.0,0.0,2023-24,Statement 3 - Budget,0.0,0.0,0.0,0.0,0.0,0.0,0.0,0.0,0.0,17.0,Repayment of Debt,Other Central Sector Expenditure,1.0,0.0,0.0,0.0,0.0,0.0,0.0,0.0,0.0,0.0,0.0,0.0,0.0,40.0,0.0,0.0,0.0,0.0,0.0,0.0,0.0,0.0,0.0,,0.0,0.0,0.0,0.0,0.0,0.0,0.0,0.0,0.0,0.0,0.0,0.0
11,Statement 3,,0.0,0.0,0.0,0.0,0.0,0.0,0.0,0.0,0.0,0.0,0.0,0.0,2023-24,Statement 3 - Budget,0.0,0.0,0.0,0.0,0.0,0.0,0.0,0.0,0.0,17.0,Pensions,TOTAL / Ministry,0.0,0.0,0.0,0.0,0.0,0.0,0.0,0.0,0.0,0.0,65840.81,0.0,65840.81,41.0,64592.45,0.0,64592.45,67340.0,0.0,67340.0,71701.0,0.0,71701.0,,0.0,0.0,0.0,0.0,0.0,0.0,0.0,0.0,0.0,0.0,0.0,0.0
11,Statement 3,,0.0,0.0,0.0,0.0,0.0,0.0,0.0,0.0,0.0,0.0,0.0,0.0,2023-24,Statement 3 - Budget,0.0,0.0,0.0,0.0,0.0,0.0,0.0,0.0,0.0,17.0,Pensions,Establishment Expenditure of the Centre,1.0,0.0,0.0,0.0,0.0,0.0,0.0,0.0,0.0,0.0,65840.81,0.0,65840.81,41.0,64592.45,0.0,64592.45,67340.0,0.0,67340.0,71701.0,0.0,71701.0,,0.0,0.0,0.0,0.0,0.0,0.0,0.0,0.0,0.0,0.0,0.0,0.0
11,Statement 3,,0.0,0.0,0.0,0.0,0.0,0.0,0.0,0.0,0.0,0.0,0.0,0.0,2023-24,Statement 3 - Budget,0.0,0.0,0.0,0.0,0.0,0.0,0.0,0.0,0.0,17.0,Transfers to States,TOTAL / Ministry,0.0,0.0,0.0,0.0,0.0,0.0,0.0,0.0,0.0,0.0,222440.0,111899.42,334339.42,42.0,252046.02,22533.77,274579.79,185524.2,85411.4,270935.6,187260.01,137381.4,324641.41,,0.0,0.0,0.0,0.0,0.0,0.0,0.0,0.0,0.0,0.0,0.0,0.0
11,Statement 3,,0.0,0.0,0.0,0.0,0.0,0.0,0.0,0.0,0.0,0.0,0.0,0.0,2023-24,Statement 3 - Budget,0.0,0.0,0.0,0.0,0.0,0.0,0.0,0.0,0.0,17.0,Transfers to States,Finance Commission Grants,1.0,0.0,0.0,0.0,0.0,0.0,0.0,0.0,0.0,0.0,192108.0,0.0,192108.0,42.0,207434.75,0.0,207434.75,173257.2,0.0,173257.2,165480.0,0.0,165480.0,,0.0,0.0,0.0,0.0,0.0,0.0,0.0,0.0,0.0,0.0,0.0,0.0
11,Statement 3,,0.0,0.0,0.0,0.0,0.0,0.0,0.0,0.0,0.0,0.0,0.0,0.0,2023-24,Statement 3 - Budget,0.0,0.0,0.0,0.0,0.0,0.0,0.0,0.0,0.0,17.0,Transfers to States,Other Grants/Loans/Transfers,2.0,0.0,0.0,0.0,0.0,0.0,0.0,0.0,0.0,0.0,30332.0,111899.42,142231.42,42.0,44611.27,22533.77,67145.04,12267.0,85411.4,97678.4,21780.01,137381.4,159161.41,,0.0,0.0,0.0,0.0,0.0,0.0,0.0,0.0,0.0,0.0,0.0,0.0
11,Statement 3,,0.0,0.0,0.0,0.0,0.0,0.0,0.0,0.0,0.0,0.0,0.0,0.0,2023-24,Statement 3 - Budget,0.0,0.0,0.0,0.0,0.0,0.0,0.0,0.0,0.0,17.0,Transfers to States,TOTAL,0.0,0.0,0.0,0.0,0.0,0.0,0.0,0.0,0.0,0.0,0.0,0.0,334339.42,42.0,0.0,0.0,274579.79,0.0,0.0,270935.6,0.0,0.0,324641.41,,0.0,0.0,0.0,0.0,0.0,0.0,0.0,0.0,0.0,0.0,0.0,0.0
11,Statement 3,,0.0,0.0,0.0,0.0,0.0,0.0,0.0,0.0,0.0,0.0,0.0,0.0,2023-24,Statement 3 - Budget,0.0,0.0,0.0,0.0,0.0,0.0,0.0,0.0,0.0,17.0,Department of Fisheries,TOTAL / Ministry,0.0,0.0,0.0,0.0,0.0,0.0,0.0,0.0,0.0,0.0,2093.9,24.57,2118.47,43.0,1347.44,11.17,1358.61,1617.13,7.05,1624.18,2228.37,20.4,2248.77,,0.0,0.0,0.0,0.0,0.0,0.0,0.0,0.0,0.0,0.0,0.0,0.0
11,Statement 3,,0.0,0.0,0.0,0.0,0.0,0.0,0.0,0.0,0.0,0.0,0.0,0.0,2023-24,Statement 3 - Budget,0.0,0.0,0.0,0.0,0.0,0.0,0.0,0.0,0.0,17.0,Department of Fisheries,Centrally Sponsored Schemes,1.0,0.0,0.0,0.0,0.0,0.0,0.0,0.0,0.0,0.0,1891.0,0.0,1891.0,43.0,1177.64,0.0,1177.64,1422.0,0.0,1422.0,2025.0,0.0,2025.0,,0.0,0.0,0.0,0.0,0.0,0.0,0.0,0.0,0.0,0.0,0.0,0.0
11,Statement 3,,0.0,0.0,0.0,0.0,0.0,0.0,0.0,0.0,0.0,0.0,0.0,0.0,2023-24,Statement 3 - Budget,0.0,0.0,0.0,0.0,0.0,0.0,0.0,0.0,0.0,17.0,Department of Fisheries,Establishment Expenditure of the Centre,2.0,0.0,0.0,0.0,0.0,0.0,0.0,0.0,0.0,0.0,179.5,24.57,204.07,43.0,147.8,11.17,158.97,177.53,7.05,184.58,179.17,20.4,199.57,,0.0,0.0,0.0,0.0,0.0,0.0,0.0,0.0,0.0,0.0,0.0,0.0
11,Statement 3,,0.0,0.0,0.0,0.0,0.0,0.0,0.0,0.0,0.0,0.0,0.0,0.0,2023-24,Statement 3 - Budget,0.0,0.0,0.0,0.0,0.0,0.0,0.0,0.0,0.0,17.0,Department of Fisheries,Other Central Sector Expenditure,3.0,0.0,0.0,0.0,0.0,0.0,0.0,0.0,0.0,0.0,23.4,0.0,23.4,43.0,22.0,0.0,22.0,17.6,0.0,17.6,24.2,0.0,24.2,,0.0,0.0,0.0,0.0,0.0,0.0,0.0,0.0,0.0,0.0,0.0,0.0
11,Statement 3,,0.0,0.0,0.0,0.0,0.0,0.0,0.0,0.0,0.0,0.0,0.0,0.0,2023-24,Statement 3 - Budget,0.0,0.0,0.0,0.0,0.0,0.0,0.0,0.0,0.0,17.0,Department of Fisheries,TOTAL,0.0,0.0,0.0,0.0,0.0,0.0,0.0,0.0,0.0,0.0,0.0,0.0,2118.47,43.0,0.0,0.0,1358.61,0.0,0.0,1624.18,0.0,0.0,2248.77,,0.0,0.0,0.0,0.0,0.0,0.0,0.0,0.0,0.0,0.0,0.0,0.0
11,Statement 3,,0.0,0.0,0.0,0.0,0.0,0.0,0.0,0.0,0.0,0.0,0.0,0.0,2023-24,Statement 3 - Budget,0.0,0.0,0.0,0.0,0.0,0.0,0.0,0.0,0.0,17.0,Department of Animal Husbandry and Dairying,TOTAL / Ministry,0.0,0.0,0.0,0.0,0.0,0.0,0.0,0.0,0.0,0.0,3862.8,56.04,3918.84,44.0,2582.26,2.21,2584.47,3082.05,23.12,3105.17,4289.09,38.76,4327.85,,0.0,0.0,0.0,0.0,0.0,0.0,0.0,0.0,0.0,0.0,0.0,0.0
11,Statement 3,,0.0,0.0,0.0,0.0,0.0,0.0,0.0,0.0,0.0,0.0,0.0,0.0,2023-24,Statement 3 - Budget,0.0,0.0,0.0,0.0,0.0,0.0,0.0,0.0,0.0,17.0,Department of Animal Husbandry and Dairying,Central Sector Schemes/Projects,1.0,0.0,0.0,0.0,0.0,0.0,0.0,0.0,0.0,0.0,2315.0,0.0,2315.0,44.0,1163.88,0.0,1163.88,1705.02,0.0,1705.02,2689.71,0.0,2689.71,,0.0,0.0,0.0,0.0,0.0,0.0,0.0,0.0,0.0,0.0,0.0,0.0
11,Statement 3,,0.0,0.0,0.0,0.0,0.0,0.0,0.0,0.0,0.0,0.0,0.0,0.0,2023-24,Statement 3 - Budget,0.0,0.0,0.0,0.0,0.0,0.0,0.0,0.0,0.0,17.0,Department of Animal Husbandry and Dairying,Centrally Sponsored Schemes,2.0,0.0,0.0,0.0,0.0,0.0,0.0,0.0,0.0,0.0,1394.76,0.0,1394.76,44.0,1273.73,0.0,1273.73,1200.0,0.0,1200.0,1395.93,10.0,1405.93,,0.0,0.0,0.0,0.0,0.0,0.0,0.0,0.0,0.0,0.0,0.0,0.0
11,Statement 3,,0.0,0.0,0.0,0.0,0.0,0.0,0.0,0.0,0.0,0.0,0.0,0.0,2023-24,Statement 3 - Budget,0.0,0.0,0.0,0.0,0.0,0.0,0.0,0.0,0.0,17.0,Department of Animal Husbandry and Dairying,Establishment Expenditure of the Centre,3.0,0.0,0.0,0.0,0.0,0.0,0.0,0.0,0.0,0.0,170.92,24.92,195.84,44.0,143.69,2.21,145.9,155.54,23.12,178.66,170.54,17.86,188.4,,0.0,0.0,0.0,0.0,0.0,0.0,0.0,0.0,0.0,0.0,0.0,0.0
11,Statement 3,,0.0,0.0,0.0,0.0,0.0,0.0,0.0,0.0,0.0,0.0,0.0,0.0,2023-24,Statement 3 - Budget,0.0,0.0,0.0,0.0,0.0,0.0,0.0,0.0,0.0,17.0,Department of Animal Husbandry and Dairying,Other Central Sector Expenditure,4.0,0.0,0.0,0.0,0.0,0.0,0.0,0.0,0.0,0.0,-17.88,31.12,13.24,44.0,0.96,0.0,0.96,21.49,0.0,21.49,32.91,10.9,43.81,,0.0,0.0,0.0,0.0,0.0,0.0,0.0,0.0,0.0,0.0,0.0,0.0
11,Statement 3,,0.0,0.0,0.0,0.0,0.0,0.0,0.0,0.0,0.0,0.0,0.0,0.0,2023-24,Statement 3 - Budget,0.0,0.0,0.0,0.0,0.0,0.0,0.0,0.0,0.0,17.0,Department of Animal Husbandry and Dairying,TOTAL,0.0,0.0,0.0,0.0,0.0,0.0,0.0,0.0,0.0,0.0,0.0,0.0,3918.84,44.0,0.0,0.0,2584.47,0.0,0.0,3105.17,0.0,0.0,4327.85,,0.0,0.0,0.0,0.0,0.0,0.0,0.0,0.0,0.0,0.0,0.0,0.0
11,Statement 3,,0.0,0.0,0.0,0.0,0.0,0.0,0.0,0.0,0.0,0.0,0.0,0.0,2023-24,Statement 3 - Budget,0.0,0.0,0.0,0.0,0.0,0.0,0.0,0.0,0.0,17.0,Ministry of Food Processing Industries,TOTAL / Ministry,0.0,0.0,0.0,0.0,0.0,0.0,0.0,0.0,0.0,0.0,2941.99,0.0,2941.99,45.0,1146.4,0.0,1146.4,1901.59,0.0,1901.59,3285.19,2.46,3287.65,,0.0,0.0,0.0,0.0,0.0,0.0,0.0,0.0,0.0,0.0,0.0,0.0
11,Statement 3,,0.0,0.0,0.0,0.0,0.0,0.0,0.0,0.0,0.0,0.0,0.0,0.0,2023-24,Statement 3 - Budget,0.0,0.0,0.0,0.0,0.0,0.0,0.0,0.0,0.0,17.0,Ministry of Food Processing Industries,Central Sector Schemes/Projects,1.0,0.0,0.0,0.0,0.0,0.0,0.0,0.0,0.0,0.0,1922.0,0.0,1922.0,45.0,722.76,0.0,722.76,1474.0,0.0,1474.0,2453.04,0.2,2453.24,,0.0,0.0,0.0,0.0,0.0,0.0,0.0,0.0,0.0,0.0,0.0,0.0
11,Statement 3,,0.0,0.0,0.0,0.0,0.0,0.0,0.0,0.0,0.0,0.0,0.0,0.0,2023-24,Statement 3 - Budget,0.0,0.0,0.0,0.0,0.0,0.0,0.0,0.0,0.0,17.0,Ministry of Food Processing Industries,Centrally Sponsored Schemes,2.0,0.0,0.0,0.0,0.0,0.0,0.0,0.0,0.0,0.0,900.0,0.0,900.0,45.0,325.47,0.0,325.47,290.0,0.0,290.0,638.55,0.5,639.05,,0.0,0.0,0.0,0.0,0.0,0.0,0.0,0.0,0.0,0.0,0.0,0.0
11,Statement 3,,0.0,0.0,0.0,0.0,0.0,0.0,0.0,0.0,0.0,0.0,0.0,0.0,2023-24,Statement 3 - Budget,0.0,0.0,0.0,0.0,0.0,0.0,0.0,0.0,0.0,17.0,Ministry of Food Processing Industries,Establishment Expenditure of the Centre,3.0,0.0,0.0,0.0,0.0,0.0,0.0,0.0,0.0,0.0,40.18,0.0,40.18,45.0,29.97,0.0,29.97,42.72,0.0,42.72,125.28,1.76,127.04,,0.0,0.0,0.0,0.0,0.0,0.0,0.0,0.0,0.0,0.0,0.0,0.0
11,Statement 3,,0.0,0.0,0.0,0.0,0.0,0.0,0.0,0.0,0.0,0.0,0.0,0.0,2023-24,Statement 3 - Budget,0.0,0.0,0.0,0.0,0.0,0.0,0.0,0.0,0.0,17.0,Ministry of Food Processing Industries,Other Central Sector Expenditure,4.0,0.0,0.0,0.0,0.0,0.0,0.0,0.0,0.0,0.0,79.81,0.0,79.81,45.0,68.2,0.0,68.2,94.87,0.0,94.87,68.32,0.0,68.32,,0.0,0.0,0.0,0.0,0.0,0.0,0.0,0.0,0.0,0.0,0.0,0.0
11,Statement 3,,0.0,0.0,0.0,0.0,0.0,0.0,0.0,0.0,0.0,0.0,0.0,0.0,2023-24,Statement 3 - Budget,0.0,0.0,0.0,0.0,0.0,0.0,0.0,0.0,0.0,17.0,Ministry of Food Processing Industries,TOTAL,0.0,0.0,0.0,0.0,0.0,0.0,0.0,0.0,0.0,0.0,0.0,0.0,2941.99,45.0,0.0,0.0,1146.4,0.0,0.0,1901.59,0.0,0.0,3287.65,,0.0,0.0,0.0,0.0,0.0,0.0,0.0,0.0,0.0,0.0,0.0,0.0
11,Statement 3,,0.0,0.0,0.0,0.0,0.0,0.0,0.0,0.0,0.0,0.0,0.0,0.0,2023-24,Statement 3 - Budget,0.0,0.0,0.0,0.0,0.0,0.0,0.0,0.0,0.0,17.0,Department of Health and Family Welfare,TOTAL / Ministry,0.0,0.0,0.0,0.0,0.0,0.0,0.0,0.0,0.0,0.0,77367.43,5632.57,83000.0,46.0,78651.54,3128.31,81779.85,72788.26,3582.14,76370.4,80874.66,5300.34,86175.0,,0.0,0.0,0.0,0.0,0.0,0.0,0.0,0.0,0.0,0.0,0.0,0.0
12,Statement 3,,0.0,0.0,0.0,0.0,0.0,0.0,0.0,0.0,0.0,0.0,0.0,0.0,2023-24,Statement 3 - Budget,0.0,0.0,0.0,0.0,0.0,0.0,0.0,0.0,0.0,18.0,Department of Health and Family Welfare,EXPENDITURE OF MINISTRIES AND DEPARTMENTS 1. Central Sector Schemes/Projects,0.0,0.0,0.0,0.0,0.0,0.0,0.0,0.0,0.0,0.0,10315.63,4847.59,15163.22,46.0,12284.07,2813.37,15097.44,9005.3,2863.33,11868.63,4868.49,3951.78,8820.27,,0.0,0.0,0.0,0.0,0.0,0.0,0.0,0.0,0.0,0.0,0.0,0.0
12,Statement 3,,0.0,0.0,0.0,0.0,0.0,0.0,0.0,0.0,0.0,0.0,0.0,0.0,2023-24,Statement 3 - Budget,0.0,0.0,0.0,0.0,0.0,0.0,0.0,0.0,0.0,18.0,Department of Health and Family Welfare,Centrally Sponsored Schemes,2.0,0.0,0.0,0.0,0.0,0.0,0.0,0.0,0.0,0.0,47629.07,5.0,47634.07,46.0,49299.19,-18.29,49280.9,41759.43,3.13,41762.56,46935.04,412.19,47347.23,,0.0,0.0,0.0,0.0,0.0,0.0,0.0,0.0,0.0,0.0,0.0,0.0
12,Statement 3,,0.0,0.0,0.0,0.0,0.0,0.0,0.0,0.0,0.0,0.0,0.0,0.0,2023-24,Statement 3 - Budget,0.0,0.0,0.0,0.0,0.0,0.0,0.0,0.0,0.0,18.0,Department of Health and Family Welfare,Establishment Expenditure of the Centre,3.0,0.0,0.0,0.0,0.0,0.0,0.0,0.0,0.0,0.0,6209.9,646.83,6856.73,46.0,5536.45,287.23,5823.68,6241.98,670.68,6912.66,6828.7,868.94,7697.64,,0.0,0.0,0.0,0.0,0.0,0.0,0.0,0.0,0.0,0.0,0.0,0.0
12,Statement 3,,0.0,0.0,0.0,0.0,0.0,0.0,0.0,0.0,0.0,0.0,0.0,0.0,2023-24,Statement 3 - Budget,0.0,0.0,0.0,0.0,0.0,0.0,0.0,0.0,0.0,18.0,Department of Health and Family Welfare,Other Central Sector Expenditure,4.0,0.0,0.0,0.0,0.0,0.0,0.0,0.0,0.0,0.0,13212.83,133.15,13345.98,46.0,11531.83,46.0,11577.83,15781.55,45.0,15826.55,22242.43,67.43,22309.86,,0.0,0.0,0.0,0.0,0.0,0.0,0.0,0.0,0.0,0.0,0.0,0.0
12,Statement 3,,0.0,0.0,0.0,0.0,0.0,0.0,0.0,0.0,0.0,0.0,0.0,0.0,2023-24,Statement 3 - Budget,0.0,0.0,0.0,0.0,0.0,0.0,0.0,0.0,0.0,18.0,Department of Health and Family Welfare,TOTAL,0.0,0.0,0.0,0.0,0.0,0.0,0.0,0.0,0.0,0.0,0.0,0.0,83000.0,46.0,0.0,0.0,81779.85,0.0,0.0,76370.4,0.0,0.0,86175.0,,0.0,0.0,0.0,0.0,0.0,0.0,0.0,0.0,0.0,0.0,0.0,0.0
12,Statement 3,,0.0,0.0,0.0,0.0,0.0,0.0,0.0,0.0,0.0,0.0,0.0,0.0,2023-24,Statement 3 - Budget,0.0,0.0,0.0,0.0,0.0,0.0,0.0,0.0,0.0,18.0,Department of Health Research,TOTAL / Ministry,0.0,0.0,0.0,0.0,0.0,0.0,0.0,0.0,0.0,0.0,3200.65,0.0,3200.65,47.0,2690.61,0.0,2690.61,2775.0,0.0,2775.0,2979.2,0.8,2980.0,,0.0,0.0,0.0,0.0,0.0,0.0,0.0,0.0,0.0,0.0,0.0,0.0
12,Statement 3,,0.0,0.0,0.0,0.0,0.0,0.0,0.0,0.0,0.0,0.0,0.0,0.0,2023-24,Statement 3 - Budget,0.0,0.0,0.0,0.0,0.0,0.0,0.0,0.0,0.0,18.0,Department of Health Research,Central Sector Schemes/Projects,1.0,0.0,0.0,0.0,0.0,0.0,0.0,0.0,0.0,0.0,954.65,0.0,954.65,47.0,813.34,0.0,813.34,614.92,0.0,614.92,566.42,0.0,566.42,,0.0,0.0,0.0,0.0,0.0,0.0,0.0,0.0,0.0,0.0,0.0,0.0
12,Statement 3,,0.0,0.0,0.0,0.0,0.0,0.0,0.0,0.0,0.0,0.0,0.0,0.0,2023-24,Statement 3 - Budget,0.0,0.0,0.0,0.0,0.0,0.0,0.0,0.0,0.0,18.0,Department of Health Research,Establishment Expenditure of the Centre,2.0,0.0,0.0,0.0,0.0,0.0,0.0,0.0,0.0,0.0,48.0,0.0,48.0,47.0,35.91,0.0,35.91,43.35,0.0,43.35,53.2,0.8,54.0,,0.0,0.0,0.0,0.0,0.0,0.0,0.0,0.0,0.0,0.0,0.0,0.0
12,Statement 3,,0.0,0.0,0.0,0.0,0.0,0.0,0.0,0.0,0.0,0.0,0.0,0.0,2023-24,Statement 3 - Budget,0.0,0.0,0.0,0.0,0.0,0.0,0.0,0.0,0.0,18.0,Department of Health Research,Other Central Sector Expenditure,3.0,0.0,0.0,0.0,0.0,0.0,0.0,0.0,0.0,0.0,2198.0,0.0,2198.0,47.0,1841.36,0.0,1841.36,2116.73,0.0,2116.73,2359.58,0.0,2359.58,,0.0,0.0,0.0,0.0,0.0,0.0,0.0,0.0,0.0,0.0,0.0,0.0
12,Statement 3,,0.0,0.0,0.0,0.0,0.0,0.0,0.0,0.0,0.0,0.0,0.0,0.0,2023-24,Statement 3 - Budget,0.0,0.0,0.0,0.0,0.0,0.0,0.0,0.0,0.0,18.0,Department of Health Research,TOTAL,0.0,0.0,0.0,0.0,0.0,0.0,0.0,0.0,0.0,0.0,0.0,0.0,3200.65,47.0,0.0,0.0,2690.61,0.0,0.0,2775.0,0.0,0.0,2980.0,,0.0,0.0,0.0,0.0,0.0,0.0,0.0,0.0,0.0,0.0,0.0,0.0
12,Statement 3,,0.0,0.0,0.0,0.0,0.0,0.0,0.0,0.0,0.0,0.0,0.0,0.0,2023-24,Statement 3 - Budget,0.0,0.0,0.0,0.0,0.0,0.0,0.0,0.0,0.0,18.0,Ministry of Heavy Industries,TOTAL / Ministry,0.0,0.0,0.0,0.0,0.0,0.0,0.0,0.0,0.0,0.0,3213.79,92.21,3306.0,48.0,1040.53,127.05,1167.58,3176.36,43.97,3220.33,6145.32,26.31,6171.63,,0.0,0.0,0.0,0.0,0.0,0.0,0.0,0.0,0.0,0.0,0.0,0.0
12,Statement 3,,0.0,0.0,0.0,0.0,0.0,0.0,0.0,0.0,0.0,0.0,0.0,0.0,2023-24,Statement 3 - Budget,0.0,0.0,0.0,0.0,0.0,0.0,0.0,0.0,0.0,18.0,Ministry of Heavy Industries,Central Sector Schemes/Projects,1.0,0.0,0.0,0.0,0.0,0.0,0.0,0.0,0.0,0.0,3119.53,23.62,3143.15,48.0,833.69,17.0,850.69,3114.08,0.0,3114.08,6026.97,0.0,6026.97,,0.0,0.0,0.0,0.0,0.0,0.0,0.0,0.0,0.0,0.0,0.0,0.0
12,Statement 3,,0.0,0.0,0.0,0.0,0.0,0.0,0.0,0.0,0.0,0.0,0.0,0.0,2023-24,Statement 3 - Budget,0.0,0.0,0.0,0.0,0.0,0.0,0.0,0.0,0.0,18.0,Ministry of Heavy Industries,Establishment Expenditure of the Centre,2.0,0.0,0.0,0.0,0.0,0.0,0.0,0.0,0.0,0.0,32.93,0.0,32.93,48.0,32.03,0.0,32.03,36.28,0.0,36.28,37.02,2.0,39.02,,0.0,0.0,0.0,0.0,0.0,0.0,0.0,0.0,0.0,0.0,0.0,0.0
12,Statement 3,,0.0,0.0,0.0,0.0,0.0,0.0,0.0,0.0,0.0,0.0,0.0,0.0,2023-24,Statement 3 - Budget,0.0,0.0,0.0,0.0,0.0,0.0,0.0,0.0,0.0,18.0,Ministry of Heavy Industries,Other Central Sector Expenditure,3.0,0.0,0.0,0.0,0.0,0.0,0.0,0.0,0.0,0.0,61.33,68.59,129.92,48.0,174.81,110.05,284.86,26.0,43.97,69.97,81.33,24.31,105.64,,0.0,0.0,0.0,0.0,0.0,0.0,0.0,0.0,0.0,0.0,0.0,0.0
12,Statement 3,,0.0,0.0,0.0,0.0,0.0,0.0,0.0,0.0,0.0,0.0,0.0,0.0,2023-24,Statement 3 - Budget,0.0,0.0,0.0,0.0,0.0,0.0,0.0,0.0,0.0,18.0,Ministry of Heavy Industries,TOTAL,0.0,0.0,0.0,0.0,0.0,0.0,0.0,0.0,0.0,0.0,0.0,0.0,3306.0,48.0,0.0,0.0,1167.58,0.0,0.0,3220.33,0.0,0.0,6171.63,,0.0,0.0,0.0,0.0,0.0,0.0,0.0,0.0,0.0,0.0,0.0,0.0
12,Statement 3,,0.0,0.0,0.0,0.0,0.0,0.0,0.0,0.0,0.0,0.0,0.0,0.0,2023-24,Statement 3 - Budget,0.0,0.0,0.0,0.0,0.0,0.0,0.0,0.0,0.0,18.0,Ministry of Home Affairs,TOTAL / Ministry,0.0,0.0,0.0,0.0,0.0,0.0,0.0,0.0,0.0,0.0,7384.62,236.38,7621.0,49.0,4079.38,280.4,4359.78,4231.25,217.52,4448.77,5472.44,428.87,5901.31,,0.0,0.0,0.0,0.0,0.0,0.0,0.0,0.0,0.0,0.0,0.0,0.0
12,Statement 3,,0.0,0.0,0.0,0.0,0.0,0.0,0.0,0.0,0.0,0.0,0.0,0.0,2023-24,Statement 3 - Budget,0.0,0.0,0.0,0.0,0.0,0.0,0.0,0.0,0.0,18.0,Ministry of Home Affairs,Central Sector Schemes/Projects,1.0,0.0,0.0,0.0,0.0,0.0,0.0,0.0,0.0,0.0,1535.64,86.04,1621.68,49.0,1614.63,127.64,1742.27,1270.11,92.12,1362.23,1362.61,141.73,1504.34,,0.0,0.0,0.0,0.0,0.0,0.0,0.0,0.0,0.0,0.0,0.0,0.0
12,Statement 3,,0.0,0.0,0.0,0.0,0.0,0.0,0.0,0.0,0.0,0.0,0.0,0.0,2023-24,Statement 3 - Budget,0.0,0.0,0.0,0.0,0.0,0.0,0.0,0.0,0.0,18.0,Ministry of Home Affairs,Centrally Sponsored Schemes,2.0,0.0,0.0,0.0,0.0,0.0,0.0,0.0,0.0,0.0,0.0,0.0,0.0,49.0,0.0,0.0,0.0,165.6,0.0,165.6,110.0,0.0,110.0,,0.0,0.0,0.0,0.0,0.0,0.0,0.0,0.0,0.0,0.0,0.0,0.0
12,Statement 3,,0.0,0.0,0.0,0.0,0.0,0.0,0.0,0.0,0.0,0.0,0.0,0.0,2023-24,Statement 3 - Budget,0.0,0.0,0.0,0.0,0.0,0.0,0.0,0.0,0.0,18.0,Ministry of Home Affairs,Establishment Expenditure of the Centre,3.0,0.0,0.0,0.0,0.0,0.0,0.0,0.0,0.0,0.0,2017.31,107.34,2124.65,49.0,1851.71,99.76,1951.47,2038.81,94.4,2133.21,2247.39,244.14,2491.53,,0.0,0.0,0.0,0.0,0.0,0.0,0.0,0.0,0.0,0.0,0.0,0.0
12,Statement 3,,0.0,0.0,0.0,0.0,0.0,0.0,0.0,0.0,0.0,0.0,0.0,0.0,2023-24,Statement 3 - Budget,0.0,0.0,0.0,0.0,0.0,0.0,0.0,0.0,0.0,18.0,Ministry of Home Affairs,Other Central Sector Expenditure,4.0,0.0,0.0,0.0,0.0,0.0,0.0,0.0,0.0,0.0,3802.65,43.0,3845.65,49.0,561.55,53.0,614.55,685.13,31.0,716.13,1685.13,43.0,1728.13,,0.0,0.0,0.0,0.0,0.0,0.0,0.0,0.0,0.0,0.0,0.0,0.0
12,Statement 3,,0.0,0.0,0.0,0.0,0.0,0.0,0.0,0.0,0.0,0.0,0.0,0.0,2023-24,Statement 3 - Budget,0.0,0.0,0.0,0.0,0.0,0.0,0.0,0.0,0.0,18.0,Ministry of Home Affairs,Other Grants/Loans/Transfers,5.0,0.0,0.0,0.0,0.0,0.0,0.0,0.0,0.0,0.0,29.02,0.0,29.02,49.0,51.49,0.0,51.49,71.6,0.0,71.6,67.31,0.0,67.31,,0.0,0.0,0.0,0.0,0.0,0.0,0.0,0.0,0.0,0.0,0.0,0.0
12,Statement 3,,0.0,0.0,0.0,0.0,0.0,0.0,0.0,0.0,0.0,0.0,0.0,0.0,2023-24,Statement 3 - Budget,0.0,0.0,0.0,0.0,0.0,0.0,0.0,0.0,0.0,18.0,Ministry of Home Affairs,TOTAL,0.0,0.0,0.0,0.0,0.0,0.0,0.0,0.0,0.0,0.0,0.0,0.0,7621.0,49.0,0.0,0.0,4359.78,0.0,0.0,4448.77,0.0,0.0,5901.31,,0.0,0.0,0.0,0.0,0.0,0.0,0.0,0.0,0.0,0.0,0.0,0.0
12,Statement 3,,0.0,0.0,0.0,0.0,0.0,0.0,0.0,0.0,0.0,0.0,0.0,0.0,2023-24,Statement 3 - Budget,0.0,0.0,0.0,0.0,0.0,0.0,0.0,0.0,0.0,18.0,Ministry of Home Affairs,Cabinet,0.0,0.0,0.0,0.0,0.0,0.0,0.0,0.0,0.0,0.0,1202.22,508.82,1711.04,50.0,1306.13,12.66,1318.79,1176.51,176.35,1352.86,969.18,289.5,1258.68,,0.0,0.0,0.0,0.0,0.0,0.0,0.0,0.0,0.0,0.0,0.0,0.0
12,Statement 3,,0.0,0.0,0.0,0.0,0.0,0.0,0.0,0.0,0.0,0.0,0.0,0.0,2023-24,Statement 3 - Budget,0.0,0.0,0.0,0.0,0.0,0.0,0.0,0.0,0.0,18.0,Ministry of Home Affairs,Establishment Expenditure of the Centre,1.0,0.0,0.0,0.0,0.0,0.0,0.0,0.0,0.0,0.0,1202.22,508.82,1711.04,50.0,1306.13,12.66,1318.79,1176.51,176.35,1352.86,969.18,289.5,1258.68,,0.0,0.0,0.0,0.0,0.0,0.0,0.0,0.0,0.0,0.0,0.0,0.0
12,Statement 3,,0.0,0.0,0.0,0.0,0.0,0.0,0.0,0.0,0.0,0.0,0.0,0.0,2023-24,Statement 3 - Budget,0.0,0.0,0.0,0.0,0.0,0.0,0.0,0.0,0.0,18.0,Ministry of Home Affairs,Police,0.0,0.0,0.0,0.0,0.0,0.0,0.0,0.0,0.0,0.0,107187.99,10500.0,117687.99,51.0,99413.78,7208.6,106622.38,110170.35,8900.01,119070.36,115946.87,11809.87,127756.74,,0.0,0.0,0.0,0.0,0.0,0.0,0.0,0.0,0.0,0.0,0.0,0.0
12,Statement 3,,0.0,0.0,0.0,0.0,0.0,0.0,0.0,0.0,0.0,0.0,0.0,0.0,2023-24,Statement 3 - Budget,0.0,0.0,0.0,0.0,0.0,0.0,0.0,0.0,0.0,18.0,Ministry of Home Affairs,Central Sector Schemes/Projects,1.0,0.0,0.0,0.0,0.0,0.0,0.0,0.0,0.0,0.0,2209.04,6767.55,8976.59,51.0,612.15,5307.28,5919.43,849.74,5833.03,6682.77,1889.27,7058.12,8947.39,,0.0,0.0,0.0,0.0,0.0,0.0,0.0,0.0,0.0,0.0,0.0,0.0
13,Statement 3,,0.0,0.0,0.0,0.0,0.0,0.0,0.0,0.0,0.0,0.0,0.0,0.0,2023-24,Statement 3 - Budget,0.0,0.0,0.0,0.0,0.0,0.0,0.0,0.0,0.0,19.0,Ministry of Home Affairs,EXPENDITURE OF MINISTRIES AND DEPARTMENTS 2. Centrally Sponsored Schemes,0.0,0.0,0.0,0.0,0.0,0.0,0.0,0.0,0.0,0.0,3319.88,0.0,3319.88,51.0,3522.66,0.0,3522.66,2592.06,0.0,2592.06,4350.0,0.0,4350.0,,0.0,0.0,0.0,0.0,0.0,0.0,0.0,0.0,0.0,0.0,0.0,0.0
13,Statement 3,,0.0,0.0,0.0,0.0,0.0,0.0,0.0,0.0,0.0,0.0,0.0,0.0,2023-24,Statement 3 - Budget,0.0,0.0,0.0,0.0,0.0,0.0,0.0,0.0,0.0,19.0,Ministry of Home Affairs,Establishment Expenditure of the Centre,3.0,0.0,0.0,0.0,0.0,0.0,0.0,0.0,0.0,0.0,100283.25,2403.25,102686.5,51.0,95025.61,1442.55,96468.16,105506.4,1952.38,107458.78,108327.6,3750.75,112078.35,,0.0,0.0,0.0,0.0,0.0,0.0,0.0,0.0,0.0,0.0,0.0,0.0
13,Statement 3,,0.0,0.0,0.0,0.0,0.0,0.0,0.0,0.0,0.0,0.0,0.0,0.0,2023-24,Statement 3 - Budget,0.0,0.0,0.0,0.0,0.0,0.0,0.0,0.0,0.0,19.0,Ministry of Home Affairs,Other Central Sector Expenditure,4.0,0.0,0.0,0.0,0.0,0.0,0.0,0.0,0.0,0.0,1375.82,1329.2,2705.02,51.0,1413.23,573.29,1986.52,1222.15,1114.6,2336.75,1380.0,1001.0,2381.0,,0.0,0.0,0.0,0.0,0.0,0.0,0.0,0.0,0.0,0.0,0.0,0.0
13,Statement 3,,0.0,0.0,0.0,0.0,0.0,0.0,0.0,0.0,0.0,0.0,0.0,0.0,2023-24,Statement 3 - Budget,0.0,0.0,0.0,0.0,0.0,0.0,0.0,0.0,0.0,19.0,Ministry of Home Affairs,Other Grants/Loans/Transfers,5.0,0.0,0.0,0.0,0.0,0.0,0.0,0.0,0.0,0.0,0.0,0.0,0.0,51.0,-1159.87,-114.52,-1274.39,0.0,0.0,0.0,0.0,0.0,0.0,,0.0,0.0,0.0,0.0,0.0,0.0,0.0,0.0,0.0,0.0,0.0,0.0
13,Statement 3,,0.0,0.0,0.0,0.0,0.0,0.0,0.0,0.0,0.0,0.0,0.0,0.0,2023-24,Statement 3 - Budget,0.0,0.0,0.0,0.0,0.0,0.0,0.0,0.0,0.0,19.0,Ministry of Home Affairs,TOTAL,0.0,0.0,0.0,0.0,0.0,0.0,0.0,0.0,0.0,0.0,0.0,0.0,117687.99,51.0,0.0,0.0,106622.38,0.0,0.0,119070.36,0.0,0.0,127756.74,,0.0,0.0,0.0,0.0,0.0,0.0,0.0,0.0,0.0,0.0,0.0,0.0
13,Statement 3,,0.0,0.0,0.0,0.0,0.0,0.0,0.0,0.0,0.0,0.0,0.0,0.0,2023-24,Statement 3 - Budget,0.0,0.0,0.0,0.0,0.0,0.0,0.0,0.0,0.0,19.0,Andaman and Nicobar Islands,TOTAL / Ministry,0.0,0.0,0.0,0.0,0.0,0.0,0.0,0.0,0.0,0.0,5116.43,587.22,5703.65,52.0,5297.76,419.85,5717.61,5028.05,480.0,5508.05,5481.96,505.18,5987.14,,0.0,0.0,0.0,0.0,0.0,0.0,0.0,0.0,0.0,0.0,0.0,0.0
13,Statement 3,,0.0,0.0,0.0,0.0,0.0,0.0,0.0,0.0,0.0,0.0,0.0,0.0,2023-24,Statement 3 - Budget,0.0,0.0,0.0,0.0,0.0,0.0,0.0,0.0,0.0,19.0,Andaman and Nicobar Islands,Establishment Expenditure of the Centre,1.0,0.0,0.0,0.0,0.0,0.0,0.0,0.0,0.0,0.0,2502.2,0.0,2502.2,52.0,2361.31,0.0,2361.31,2531.38,1.97,2533.35,2646.37,0.13,2646.5,,0.0,0.0,0.0,0.0,0.0,0.0,0.0,0.0,0.0,0.0,0.0,0.0
13,Statement 3,,0.0,0.0,0.0,0.0,0.0,0.0,0.0,0.0,0.0,0.0,0.0,0.0,2023-24,Statement 3 - Budget,0.0,0.0,0.0,0.0,0.0,0.0,0.0,0.0,0.0,19.0,Andaman and Nicobar Islands,Other Central Sector Expenditure,2.0,0.0,0.0,0.0,0.0,0.0,0.0,0.0,0.0,0.0,2614.23,587.22,3201.45,52.0,2936.45,419.85,3356.3,2496.67,478.03,2974.7,2835.59,505.05,3340.64,,0.0,0.0,0.0,0.0,0.0,0.0,0.0,0.0,0.0,0.0,0.0,0.0
13,Statement 3,,0.0,0.0,0.0,0.0,0.0,0.0,0.0,0.0,0.0,0.0,0.0,0.0,2023-24,Statement 3 - Budget,0.0,0.0,0.0,0.0,0.0,0.0,0.0,0.0,0.0,19.0,Andaman and Nicobar Islands,TOTAL,0.0,0.0,0.0,0.0,0.0,0.0,0.0,0.0,0.0,0.0,0.0,0.0,5703.65,52.0,0.0,0.0,5717.61,0.0,0.0,5508.05,0.0,0.0,5987.14,,0.0,0.0,0.0,0.0,0.0,0.0,0.0,0.0,0.0,0.0,0.0,0.0
13,Statement 3,,0.0,0.0,0.0,0.0,0.0,0.0,0.0,0.0,0.0,0.0,0.0,0.0,2023-24,Statement 3 - Budget,0.0,0.0,0.0,0.0,0.0,0.0,0.0,0.0,0.0,19.0,Chandigarh,TOTAL / Ministry,0.0,0.0,0.0,0.0,0.0,0.0,0.0,0.0,0.0,0.0,4427.46,419.33,4846.79,53.0,4067.77,365.31,4433.08,4778.65,352.47,5131.12,4834.07,602.03,5436.1,,0.0,0.0,0.0,0.0,0.0,0.0,0.0,0.0,0.0,0.0,0.0,0.0
13,Statement 3,,0.0,0.0,0.0,0.0,0.0,0.0,0.0,0.0,0.0,0.0,0.0,0.0,2023-24,Statement 3 - Budget,0.0,0.0,0.0,0.0,0.0,0.0,0.0,0.0,0.0,19.0,Chandigarh,Establishment Expenditure of the Centre,1.0,0.0,0.0,0.0,0.0,0.0,0.0,0.0,0.0,0.0,2582.37,0.0,2582.37,53.0,2370.28,0.0,2370.28,2967.21,0.0,2967.21,2867.16,0.0,2867.16,,0.0,0.0,0.0,0.0,0.0,0.0,0.0,0.0,0.0,0.0,0.0,0.0
13,Statement 3,,0.0,0.0,0.0,0.0,0.0,0.0,0.0,0.0,0.0,0.0,0.0,0.0,2023-24,Statement 3 - Budget,0.0,0.0,0.0,0.0,0.0,0.0,0.0,0.0,0.0,19.0,Chandigarh,Other Central Sector Expenditure,2.0,0.0,0.0,0.0,0.0,0.0,0.0,0.0,0.0,0.0,1845.09,419.33,2264.42,53.0,1697.49,365.31,2062.8,1811.44,352.47,2163.91,1966.91,602.03,2568.94,,0.0,0.0,0.0,0.0,0.0,0.0,0.0,0.0,0.0,0.0,0.0,0.0
13,Statement 3,,0.0,0.0,0.0,0.0,0.0,0.0,0.0,0.0,0.0,0.0,0.0,0.0,2023-24,Statement 3 - Budget,0.0,0.0,0.0,0.0,0.0,0.0,0.0,0.0,0.0,19.0,Chandigarh,TOTAL,0.0,0.0,0.0,0.0,0.0,0.0,0.0,0.0,0.0,0.0,0.0,0.0,4846.79,53.0,0.0,0.0,4433.08,0.0,0.0,5131.12,0.0,0.0,5436.1,,0.0,0.0,0.0,0.0,0.0,0.0,0.0,0.0,0.0,0.0,0.0,0.0
13,Statement 3,,0.0,0.0,0.0,0.0,0.0,0.0,0.0,0.0,0.0,0.0,0.0,0.0,2023-24,Statement 3 - Budget,0.0,0.0,0.0,0.0,0.0,0.0,0.0,0.0,0.0,19.0,Dadra and Nagar Haveli  and Daman and Diu,TOTAL / Ministry,0.0,0.0,0.0,0.0,0.0,0.0,0.0,0.0,0.0,0.0,1499.0,875.1,2374.1,54.0,1502.32,873.02,2375.34,1545.9,929.1,2475.0,1526.86,948.14,2475.0,,0.0,0.0,0.0,0.0,0.0,0.0,0.0,0.0,0.0,0.0,0.0,0.0
13,Statement 3,,0.0,0.0,0.0,0.0,0.0,0.0,0.0,0.0,0.0,0.0,0.0,0.0,2023-24,Statement 3 - Budget,0.0,0.0,0.0,0.0,0.0,0.0,0.0,0.0,0.0,19.0,Dadra and Nagar Haveli  and Daman and Diu,Establishment Expenditure of the Centre,1.0,0.0,0.0,0.0,0.0,0.0,0.0,0.0,0.0,0.0,672.38,0.0,672.38,54.0,651.88,0.0,651.88,672.38,0.0,672.38,732.87,0.0,732.87,,0.0,0.0,0.0,0.0,0.0,0.0,0.0,0.0,0.0,0.0,0.0,0.0
13,Statement 3,,0.0,0.0,0.0,0.0,0.0,0.0,0.0,0.0,0.0,0.0,0.0,0.0,2023-24,Statement 3 - Budget,0.0,0.0,0.0,0.0,0.0,0.0,0.0,0.0,0.0,19.0,Dadra and Nagar Haveli  and Daman and Diu,Other Central Sector Expenditure,2.0,0.0,0.0,0.0,0.0,0.0,0.0,0.0,0.0,0.0,826.62,875.1,1701.72,54.0,850.44,873.02,1723.46,873.52,929.1,1802.62,793.99,948.14,1742.13,,0.0,0.0,0.0,0.0,0.0,0.0,0.0,0.0,0.0,0.0,0.0,0.0
13,Statement 3,,0.0,0.0,0.0,0.0,0.0,0.0,0.0,0.0,0.0,0.0,0.0,0.0,2023-24,Statement 3 - Budget,0.0,0.0,0.0,0.0,0.0,0.0,0.0,0.0,0.0,19.0,Dadra and Nagar Haveli  and Daman and Diu,TOTAL,0.0,0.0,0.0,0.0,0.0,0.0,0.0,0.0,0.0,0.0,0.0,0.0,2374.1,54.0,0.0,0.0,2375.34,0.0,0.0,2475.0,0.0,0.0,2475.0,,0.0,0.0,0.0,0.0,0.0,0.0,0.0,0.0,0.0,0.0,0.0,0.0
13,Statement 3,,0.0,0.0,0.0,0.0,0.0,0.0,0.0,0.0,0.0,0.0,0.0,0.0,2023-24,Statement 3 - Budget,0.0,0.0,0.0,0.0,0.0,0.0,0.0,0.0,0.0,19.0,Ladakh,TOTAL / Ministry,0.0,0.0,0.0,0.0,0.0,0.0,0.0,0.0,0.0,0.0,2553.29,3404.71,5958.0,55.0,3204.89,1855.58,5060.47,2553.29,3404.71,5958.0,2808.08,3149.92,5958.0,,0.0,0.0,0.0,0.0,0.0,0.0,0.0,0.0,0.0,0.0,0.0,0.0
13,Statement 3,,0.0,0.0,0.0,0.0,0.0,0.0,0.0,0.0,0.0,0.0,0.0,0.0,2023-24,Statement 3 - Budget,0.0,0.0,0.0,0.0,0.0,0.0,0.0,0.0,0.0,19.0,Ladakh,Establishment Expenditure of the Centre,1.0,0.0,0.0,0.0,0.0,0.0,0.0,0.0,0.0,0.0,1946.34,0.0,1946.34,55.0,2781.84,0.0,2781.84,1615.11,0.0,1615.11,1784.69,0.0,1784.69,,0.0,0.0,0.0,0.0,0.0,0.0,0.0,0.0,0.0,0.0,0.0,0.0
13,Statement 3,,0.0,0.0,0.0,0.0,0.0,0.0,0.0,0.0,0.0,0.0,0.0,0.0,2023-24,Statement 3 - Budget,0.0,0.0,0.0,0.0,0.0,0.0,0.0,0.0,0.0,19.0,Ladakh,Other Central Sector Expenditure,2.0,0.0,0.0,0.0,0.0,0.0,0.0,0.0,0.0,0.0,606.95,3404.71,4011.66,55.0,423.05,1855.58,2278.63,938.18,3404.71,4342.89,1023.39,3149.92,4173.31,,0.0,0.0,0.0,0.0,0.0,0.0,0.0,0.0,0.0,0.0,0.0,0.0
13,Statement 3,,0.0,0.0,0.0,0.0,0.0,0.0,0.0,0.0,0.0,0.0,0.0,0.0,2023-24,Statement 3 - Budget,0.0,0.0,0.0,0.0,0.0,0.0,0.0,0.0,0.0,19.0,Ladakh,TOTAL,0.0,0.0,0.0,0.0,0.0,0.0,0.0,0.0,0.0,0.0,0.0,0.0,5958.0,55.0,0.0,0.0,5060.47,0.0,0.0,5958.0,0.0,0.0,5958.0,,0.0,0.0,0.0,0.0,0.0,0.0,0.0,0.0,0.0,0.0,0.0,0.0
13,Statement 3,,0.0,0.0,0.0,0.0,0.0,0.0,0.0,0.0,0.0,0.0,0.0,0.0,2023-24,Statement 3 - Budget,0.0,0.0,0.0,0.0,0.0,0.0,0.0,0.0,0.0,19.0,Lakshadweep,TOTAL / Ministry,0.0,0.0,0.0,0.0,0.0,0.0,0.0,0.0,0.0,0.0,1173.1,221.65,1394.75,56.0,1182.61,65.86,1248.47,1204.03,118.4,1322.43,1109.52,285.23,1394.75,,0.0,0.0,0.0,0.0,0.0,0.0,0.0,0.0,0.0,0.0,0.0,0.0
13,Statement 3,,0.0,0.0,0.0,0.0,0.0,0.0,0.0,0.0,0.0,0.0,0.0,0.0,2023-24,Statement 3 - Budget,0.0,0.0,0.0,0.0,0.0,0.0,0.0,0.0,0.0,19.0,Lakshadweep,Establishment Expenditure of the Centre,1.0,0.0,0.0,0.0,0.0,0.0,0.0,0.0,0.0,0.0,444.6,0.0,444.6,56.0,402.04,0.0,402.04,444.6,0.0,444.6,427.82,0.0,427.82,,0.0,0.0,0.0,0.0,0.0,0.0,0.0,0.0,0.0,0.0,0.0,0.0
13,Statement 3,,0.0,0.0,0.0,0.0,0.0,0.0,0.0,0.0,0.0,0.0,0.0,0.0,2023-24,Statement 3 - Budget,0.0,0.0,0.0,0.0,0.0,0.0,0.0,0.0,0.0,19.0,Lakshadweep,Other Central Sector Expenditure,2.0,0.0,0.0,0.0,0.0,0.0,0.0,0.0,0.0,0.0,728.5,221.65,950.15,56.0,780.57,65.86,846.43,759.43,118.4,877.83,681.7,285.23,966.93,,0.0,0.0,0.0,0.0,0.0,0.0,0.0,0.0,0.0,0.0,0.0,0.0
13,Statement 3,,0.0,0.0,0.0,0.0,0.0,0.0,0.0,0.0,0.0,0.0,0.0,0.0,2023-24,Statement 3 - Budget,0.0,0.0,0.0,0.0,0.0,0.0,0.0,0.0,0.0,19.0,Lakshadweep,TOTAL,0.0,0.0,0.0,0.0,0.0,0.0,0.0,0.0,0.0,0.0,0.0,0.0,1394.75,56.0,0.0,0.0,1248.47,0.0,0.0,1322.43,0.0,0.0,1394.75,,0.0,0.0,0.0,0.0,0.0,0.0,0.0,0.0,0.0,0.0,0.0,0.0
13,Statement 3,,0.0,0.0,0.0,0.0,0.0,0.0,0.0,0.0,0.0,0.0,0.0,0.0,2023-24,Statement 3 - Budget,0.0,0.0,0.0,0.0,0.0,0.0,0.0,0.0,0.0,19.0,Transfers to Delhi,TOTAL / Ministry,0.0,0.0,0.0,0.0,0.0,0.0,0.0,0.0,0.0,0.0,1168.0,0.0,1168.0,57.0,1029.43,0.0,1029.43,977.01,0.01,977.02,1168.0,0.01,1168.01,,0.0,0.0,0.0,0.0,0.0,0.0,0.0,0.0,0.0,0.0,0.0,0.0
14,Statement 3,,0.0,0.0,0.0,0.0,0.0,0.0,0.0,0.0,0.0,0.0,0.0,0.0,2023-24,Statement 3 - Budget,0.0,0.0,0.0,0.0,0.0,0.0,0.0,0.0,0.0,20.0,Transfers to Delhi,EXPENDITURE OF MINISTRIES AND DEPARTMENTS 1. Other Grants/Loans/Transfers,0.0,0.0,0.0,0.0,0.0,0.0,0.0,0.0,0.0,0.0,1168.0,0.0,1168.0,57.0,1029.43,0.0,1029.43,977.01,0.01,977.02,1168.0,0.01,1168.01,,0.0,0.0,0.0,0.0,0.0,0.0,0.0,0.0,0.0,0.0,0.0,0.0
14,Statement 3,,0.0,0.0,0.0,0.0,0.0,0.0,0.0,0.0,0.0,0.0,0.0,0.0,2023-24,Statement 3 - Budget,0.0,0.0,0.0,0.0,0.0,0.0,0.0,0.0,0.0,20.0,Transfers to Jammu and Kashmir,TOTAL / Ministry,0.0,0.0,0.0,0.0,0.0,0.0,0.0,0.0,0.0,0.0,35581.44,0.0,35581.44,58.0,34746.18,0.0,34746.18,44538.13,0.0,44538.13,35581.44,0.0,35581.44,,0.0,0.0,0.0,0.0,0.0,0.0,0.0,0.0,0.0,0.0,0.0,0.0
14,Statement 3,,0.0,0.0,0.0,0.0,0.0,0.0,0.0,0.0,0.0,0.0,0.0,0.0,2023-24,Statement 3 - Budget,0.0,0.0,0.0,0.0,0.0,0.0,0.0,0.0,0.0,20.0,Transfers to Jammu and Kashmir,Other Grants/Loans/Transfers,1.0,0.0,0.0,0.0,0.0,0.0,0.0,0.0,0.0,0.0,35581.44,0.0,35581.44,58.0,34746.18,0.0,34746.18,44538.13,0.0,44538.13,35581.44,0.0,35581.44,,0.0,0.0,0.0,0.0,0.0,0.0,0.0,0.0,0.0,0.0,0.0,0.0
14,Statement 3,,0.0,0.0,0.0,0.0,0.0,0.0,0.0,0.0,0.0,0.0,0.0,0.0,2023-24,Statement 3 - Budget,0.0,0.0,0.0,0.0,0.0,0.0,0.0,0.0,0.0,20.0,Transfers to Puducherry,TOTAL / Ministry,0.0,0.0,0.0,0.0,0.0,0.0,0.0,0.0,0.0,0.0,1729.78,0.01,1729.79,59.0,1879.77,0.0,1879.77,3129.78,0.01,3129.79,3117.76,0.01,3117.77,,0.0,0.0,0.0,0.0,0.0,0.0,0.0,0.0,0.0,0.0,0.0,0.0
14,Statement 3,,0.0,0.0,0.0,0.0,0.0,0.0,0.0,0.0,0.0,0.0,0.0,0.0,2023-24,Statement 3 - Budget,0.0,0.0,0.0,0.0,0.0,0.0,0.0,0.0,0.0,20.0,Transfers to Puducherry,Other Grants/Loans/Transfers,1.0,0.0,0.0,0.0,0.0,0.0,0.0,0.0,0.0,0.0,1729.78,0.01,1729.79,59.0,1879.77,0.0,1879.77,3129.78,0.01,3129.79,3117.76,0.01,3117.77,,0.0,0.0,0.0,0.0,0.0,0.0,0.0,0.0,0.0,0.0,0.0,0.0
14,Statement 3,,0.0,0.0,0.0,0.0,0.0,0.0,0.0,0.0,0.0,0.0,0.0,0.0,2023-24,Statement 3 - Budget,0.0,0.0,0.0,0.0,0.0,0.0,0.0,0.0,0.0,20.0,Ministry of Housing and Urban Affairs,TOTAL / Ministry,0.0,0.0,0.0,0.0,0.0,0.0,0.0,0.0,0.0,0.0,49208.45,27341.01,76549.46,60.0,80894.44,25946.02,106840.46,50864.75,23680.89,74545.64,50434.33,25997.27,76431.6,,0.0,0.0,0.0,0.0,0.0,0.0,0.0,0.0,0.0,0.0,0.0,0.0
14,Statement 3,,0.0,0.0,0.0,0.0,0.0,0.0,0.0,0.0,0.0,0.0,0.0,0.0,2023-24,Statement 3 - Budget,0.0,0.0,0.0,0.0,0.0,0.0,0.0,0.0,0.0,20.0,Ministry of Housing and Urban Affairs,Central Sector Schemes/Projects,1.0,0.0,0.0,0.0,0.0,0.0,0.0,0.0,0.0,0.0,275.01,27226.01,27501.02,60.0,2870.55,25896.9,28767.45,586.14,23624.89,24211.03,589.01,25855.95,26444.96,,0.0,0.0,0.0,0.0,0.0,0.0,0.0,0.0,0.0,0.0,0.0,0.0
14,Statement 3,,0.0,0.0,0.0,0.0,0.0,0.0,0.0,0.0,0.0,0.0,0.0,0.0,2023-24,Statement 3 - Budget,0.0,0.0,0.0,0.0,0.0,0.0,0.0,0.0,0.0,20.0,Ministry of Housing and Urban Affairs,Centrally Sponsored Schemes,2.0,0.0,0.0,0.0,0.0,0.0,0.0,0.0,0.0,0.0,45300.0,0.0,45300.0,60.0,76576.75,0.0,76576.75,46558.01,0.0,46558.01,46103.04,0.0,46103.04,,0.0,0.0,0.0,0.0,0.0,0.0,0.0,0.0,0.0,0.0,0.0,0.0
14,Statement 3,,0.0,0.0,0.0,0.0,0.0,0.0,0.0,0.0,0.0,0.0,0.0,0.0,2023-24,Statement 3 - Budget,0.0,0.0,0.0,0.0,0.0,0.0,0.0,0.0,0.0,20.0,Ministry of Housing and Urban Affairs,Establishment Expenditure of the Centre,3.0,0.0,0.0,0.0,0.0,0.0,0.0,0.0,0.0,0.0,3570.03,0.0,3570.03,60.0,1398.87,0.0,1398.87,3603.36,0.0,3603.36,3626.45,9.65,3636.1,,0.0,0.0,0.0,0.0,0.0,0.0,0.0,0.0,0.0,0.0,0.0,0.0
14,Statement 3,,0.0,0.0,0.0,0.0,0.0,0.0,0.0,0.0,0.0,0.0,0.0,0.0,2023-24,Statement 3 - Budget,0.0,0.0,0.0,0.0,0.0,0.0,0.0,0.0,0.0,20.0,Ministry of Housing and Urban Affairs,Other Central Sector Expenditure,4.0,0.0,0.0,0.0,0.0,0.0,0.0,0.0,0.0,0.0,63.41,115.0,178.41,60.0,48.27,49.12,97.39,117.24,56.0,173.24,115.83,131.67,247.5,,0.0,0.0,0.0,0.0,0.0,0.0,0.0,0.0,0.0,0.0,0.0,0.0
14,Statement 3,,0.0,0.0,0.0,0.0,0.0,0.0,0.0,0.0,0.0,0.0,0.0,0.0,2023-24,Statement 3 - Budget,0.0,0.0,0.0,0.0,0.0,0.0,0.0,0.0,0.0,20.0,Ministry of Housing and Urban Affairs,TOTAL,0.0,0.0,0.0,0.0,0.0,0.0,0.0,0.0,0.0,0.0,0.0,0.0,76549.46,60.0,0.0,0.0,106840.46,0.0,0.0,74545.64,0.0,0.0,76431.6,,0.0,0.0,0.0,0.0,0.0,0.0,0.0,0.0,0.0,0.0,0.0,0.0
14,Statement 3,,0.0,0.0,0.0,0.0,0.0,0.0,0.0,0.0,0.0,0.0,0.0,0.0,2023-24,Statement 3 - Budget,0.0,0.0,0.0,0.0,0.0,0.0,0.0,0.0,0.0,20.0,Ministry of Information and Broadcasting,TOTAL / Ministry,0.0,0.0,0.0,0.0,0.0,0.0,0.0,0.0,0.0,0.0,3955.12,25.65,3980.77,61.0,3703.11,21.09,3724.2,4156.35,25.65,4182.0,4661.16,30.84,4692.0,,0.0,0.0,0.0,0.0,0.0,0.0,0.0,0.0,0.0,0.0,0.0,0.0
14,Statement 3,,0.0,0.0,0.0,0.0,0.0,0.0,0.0,0.0,0.0,0.0,0.0,0.0,2023-24,Statement 3 - Budget,0.0,0.0,0.0,0.0,0.0,0.0,0.0,0.0,0.0,20.0,Ministry of Information and Broadcasting,Central Sector Schemes/Projects,1.0,0.0,0.0,0.0,0.0,0.0,0.0,0.0,0.0,0.0,604.35,25.65,630.0,61.0,431.57,21.09,452.66,613.35,25.65,639.0,1079.24,25.76,1105.0,,0.0,0.0,0.0,0.0,0.0,0.0,0.0,0.0,0.0,0.0,0.0,0.0
14,Statement 3,,0.0,0.0,0.0,0.0,0.0,0.0,0.0,0.0,0.0,0.0,0.0,0.0,2023-24,Statement 3 - Budget,0.0,0.0,0.0,0.0,0.0,0.0,0.0,0.0,0.0,20.0,Ministry of Information and Broadcasting,Establishment Expenditure of the Centre,2.0,0.0,0.0,0.0,0.0,0.0,0.0,0.0,0.0,0.0,582.87,0.0,582.87,61.0,496.75,0.0,496.75,584.84,0.0,584.84,530.42,5.08,535.5,,0.0,0.0,0.0,0.0,0.0,0.0,0.0,0.0,0.0,0.0,0.0,0.0
14,Statement 3,,0.0,0.0,0.0,0.0,0.0,0.0,0.0,0.0,0.0,0.0,0.0,0.0,2023-24,Statement 3 - Budget,0.0,0.0,0.0,0.0,0.0,0.0,0.0,0.0,0.0,20.0,Ministry of Information and Broadcasting,Other Central Sector Expenditure,3.0,0.0,0.0,0.0,0.0,0.0,0.0,0.0,0.0,0.0,2767.9,0.0,2767.9,61.0,2774.79,0.0,2774.79,2958.16,0.0,2958.16,3051.5,0.0,3051.5,,0.0,0.0,0.0,0.0,0.0,0.0,0.0,0.0,0.0,0.0,0.0,0.0
14,Statement 3,,0.0,0.0,0.0,0.0,0.0,0.0,0.0,0.0,0.0,0.0,0.0,0.0,2023-24,Statement 3 - Budget,0.0,0.0,0.0,0.0,0.0,0.0,0.0,0.0,0.0,20.0,Ministry of Information and Broadcasting,TOTAL,0.0,0.0,0.0,0.0,0.0,0.0,0.0,0.0,0.0,0.0,0.0,0.0,3980.77,61.0,0.0,0.0,3724.2,0.0,0.0,4182.0,0.0,0.0,4692.0,,0.0,0.0,0.0,0.0,0.0,0.0,0.0,0.0,0.0,0.0,0.0,0.0
14,Statement 3,,0.0,0.0,0.0,0.0,0.0,0.0,0.0,0.0,0.0,0.0,0.0,0.0,2023-24,Statement 3 - Budget,0.0,0.0,0.0,0.0,0.0,0.0,0.0,0.0,0.0,20.0,"Department of Water Resources, River Development and Ganga",Rejuvenation,0.0,0.0,0.0,0.0,0.0,0.0,0.0,0.0,0.0,0.0,18548.05,419.83,18967.88,62.0,17031.53,183.63,17215.16,13704.88,295.12,14000.0,19694.19,360.48,20054.67,,0.0,0.0,0.0,0.0,0.0,0.0,0.0,0.0,0.0,0.0,0.0,0.0
14,Statement 3,,0.0,0.0,0.0,0.0,0.0,0.0,0.0,0.0,0.0,0.0,0.0,0.0,2023-24,Statement 3 - Budget,0.0,0.0,0.0,0.0,0.0,0.0,0.0,0.0,0.0,20.0,"Department of Water Resources, River Development and Ganga",Central Sector Schemes/Projects,1.0,0.0,0.0,0.0,0.0,0.0,0.0,0.0,0.0,0.0,4826.88,393.98,5220.86,62.0,2669.77,169.48,2839.25,4108.04,267.09,4375.13,5937.75,320.36,6258.11,,0.0,0.0,0.0,0.0,0.0,0.0,0.0,0.0,0.0,0.0,0.0,0.0
14,Statement 3,,0.0,0.0,0.0,0.0,0.0,0.0,0.0,0.0,0.0,0.0,0.0,0.0,2023-24,Statement 3 - Budget,0.0,0.0,0.0,0.0,0.0,0.0,0.0,0.0,0.0,20.0,"Department of Water Resources, River Development and Ganga",Centrally Sponsored Schemes,2.0,0.0,0.0,0.0,0.0,0.0,0.0,0.0,0.0,0.0,12602.83,2.29,12605.12,62.0,13377.78,0.86,13378.64,8483.49,1.01,8484.5,12385.66,1.57,12387.23,,0.0,0.0,0.0,0.0,0.0,0.0,0.0,0.0,0.0,0.0,0.0,0.0
14,Statement 3,,0.0,0.0,0.0,0.0,0.0,0.0,0.0,0.0,0.0,0.0,0.0,0.0,2023-24,Statement 3 - Budget,0.0,0.0,0.0,0.0,0.0,0.0,0.0,0.0,0.0,20.0,"Department of Water Resources, River Development and Ganga",Establishment Expenditure of the Centre,3.0,0.0,0.0,0.0,0.0,0.0,0.0,0.0,0.0,0.0,1118.34,23.56,1141.9,62.0,983.98,13.29,997.27,1113.35,27.02,1140.37,1370.78,38.55,1409.33,,0.0,0.0,0.0,0.0,0.0,0.0,0.0,0.0,0.0,0.0,0.0,0.0
14,Statement 3,,0.0,0.0,0.0,0.0,0.0,0.0,0.0,0.0,0.0,0.0,0.0,0.0,2023-24,Statement 3 - Budget,0.0,0.0,0.0,0.0,0.0,0.0,0.0,0.0,0.0,20.0,"Department of Water Resources, River Development and Ganga",TOTAL,0.0,0.0,0.0,0.0,0.0,0.0,0.0,0.0,0.0,0.0,0.0,0.0,18967.88,62.0,0.0,0.0,17215.16,0.0,0.0,14000.0,0.0,0.0,20054.67,,0.0,0.0,0.0,0.0,0.0,0.0,0.0,0.0,0.0,0.0,0.0,0.0
14,Statement 3,,0.0,0.0,0.0,0.0,0.0,0.0,0.0,0.0,0.0,0.0,0.0,0.0,2023-24,Statement 3 - Budget,0.0,0.0,0.0,0.0,0.0,0.0,0.0,0.0,0.0,20.0,Department of Drinking Water and Sanitation,TOTAL / Ministry,0.0,0.0,0.0,0.0,0.0,0.0,0.0,0.0,0.0,0.0,67221.12,0.0,67221.12,63.0,66251.69,0.0,66251.69,60029.12,0.0,60029.12,77221.8,1.2,77223.0,,0.0,0.0,0.0,0.0,0.0,0.0,0.0,0.0,0.0,0.0,0.0,0.0
14,Statement 3,,0.0,0.0,0.0,0.0,0.0,0.0,0.0,0.0,0.0,0.0,0.0,0.0,2023-24,Statement 3 - Budget,0.0,0.0,0.0,0.0,0.0,0.0,0.0,0.0,0.0,20.0,Department of Drinking Water and Sanitation,Centrally Sponsored Schemes,1.0,0.0,0.0,0.0,0.0,0.0,0.0,0.0,0.0,0.0,67192.0,0.0,67192.0,63.0,66224.26,0.0,66224.26,60000.0,0.0,60000.0,77192.0,0.0,77192.0,,0.0,0.0,0.0,0.0,0.0,0.0,0.0,0.0,0.0,0.0,0.0,0.0
14,Statement 3,,0.0,0.0,0.0,0.0,0.0,0.0,0.0,0.0,0.0,0.0,0.0,0.0,2023-24,Statement 3 - Budget,0.0,0.0,0.0,0.0,0.0,0.0,0.0,0.0,0.0,20.0,Department of Drinking Water and Sanitation,Establishment Expenditure of the Centre,2.0,0.0,0.0,0.0,0.0,0.0,0.0,0.0,0.0,0.0,29.12,0.0,29.12,63.0,27.43,0.0,27.43,29.12,0.0,29.12,29.8,1.2,31.0,,0.0,0.0,0.0,0.0,0.0,0.0,0.0,0.0,0.0,0.0,0.0,0.0
14,Statement 3,,0.0,0.0,0.0,0.0,0.0,0.0,0.0,0.0,0.0,0.0,0.0,0.0,2023-24,Statement 3 - Budget,0.0,0.0,0.0,0.0,0.0,0.0,0.0,0.0,0.0,20.0,Department of Drinking Water and Sanitation,TOTAL,0.0,0.0,0.0,0.0,0.0,0.0,0.0,0.0,0.0,0.0,0.0,0.0,67221.12,63.0,0.0,0.0,66251.69,0.0,0.0,60029.12,0.0,0.0,77223.0,,0.0,0.0,0.0,0.0,0.0,0.0,0.0,0.0,0.0,0.0,0.0,0.0
15,Statement 3,,0.0,0.0,0.0,0.0,0.0,0.0,0.0,0.0,0.0,0.0,0.0,0.0,2023-24,Statement 3 - Budget,0.0,0.0,0.0,0.0,0.0,0.0,0.0,0.0,0.0,21.0,EXPENDITURE OF MINISTRIES AND DEPARTMENTS,TOTAL / Ministry,0.0,0.0,0.0,0.0,0.0,0.0,0.0,0.0,0.0,0.0,16846.37,47.31,16893.68,64.0,24010.58,23.33,24033.91,16070.34,47.31,16117.65,13183.86,37.87,13221.73,,0.0,0.0,0.0,0.0,0.0,0.0,0.0,0.0,0.0,0.0,0.0,0.0
15,Statement 3,,0.0,0.0,0.0,0.0,0.0,0.0,0.0,0.0,0.0,0.0,0.0,0.0,2023-24,Statement 3 - Budget,0.0,0.0,0.0,0.0,0.0,0.0,0.0,0.0,0.0,21.0,Ministry of Labour and Employment,Central Sector Schemes/Projects,1.0,0.0,0.0,0.0,0.0,0.0,0.0,0.0,0.0,0.0,16084.1,0.0,16084.1,64.0,23164.64,0.35,23164.99,15293.07,0.0,15293.07,12434.32,0.5,12434.82,,0.0,0.0,0.0,0.0,0.0,0.0,0.0,0.0,0.0,0.0,0.0,0.0
15,Statement 3,,0.0,0.0,0.0,0.0,0.0,0.0,0.0,0.0,0.0,0.0,0.0,0.0,2023-24,Statement 3 - Budget,0.0,0.0,0.0,0.0,0.0,0.0,0.0,0.0,0.0,21.0,Ministry of Labour and Employment,Centrally Sponsored Schemes,2.0,0.0,0.0,0.0,0.0,0.0,0.0,0.0,0.0,0.0,74.9,0.1,75.0,64.0,229.38,0.08,229.46,64.9,0.1,65.0,0.0,0.0,0.0,,0.0,0.0,0.0,0.0,0.0,0.0,0.0,0.0,0.0,0.0,0.0,0.0
15,Statement 3,,0.0,0.0,0.0,0.0,0.0,0.0,0.0,0.0,0.0,0.0,0.0,0.0,2023-24,Statement 3 - Budget,0.0,0.0,0.0,0.0,0.0,0.0,0.0,0.0,0.0,21.0,Ministry of Labour and Employment,Establishment Expenditure of the Centre,3.0,0.0,0.0,0.0,0.0,0.0,0.0,0.0,0.0,0.0,571.97,47.21,619.18,64.0,497.33,22.9,520.23,596.97,47.21,644.18,622.54,37.37,659.91,,0.0,0.0,0.0,0.0,0.0,0.0,0.0,0.0,0.0,0.0,0.0,0.0
15,Statement 3,,0.0,0.0,0.0,0.0,0.0,0.0,0.0,0.0,0.0,0.0,0.0,0.0,2023-24,Statement 3 - Budget,0.0,0.0,0.0,0.0,0.0,0.0,0.0,0.0,0.0,21.0,Ministry of Labour and Employment,Other Central Sector Expenditure,4.0,0.0,0.0,0.0,0.0,0.0,0.0,0.0,0.0,0.0,115.4,0.0,115.4,64.0,119.23,0.0,119.23,115.4,0.0,115.4,127.0,0.0,127.0,,0.0,0.0,0.0,0.0,0.0,0.0,0.0,0.0,0.0,0.0,0.0,0.0
15,Statement 3,,0.0,0.0,0.0,0.0,0.0,0.0,0.0,0.0,0.0,0.0,0.0,0.0,2023-24,Statement 3 - Budget,0.0,0.0,0.0,0.0,0.0,0.0,0.0,0.0,0.0,21.0,Ministry of Labour and Employment,TOTAL,0.0,0.0,0.0,0.0,0.0,0.0,0.0,0.0,0.0,0.0,0.0,0.0,16893.68,64.0,0.0,0.0,24033.91,0.0,0.0,16117.65,0.0,0.0,13221.73,,0.0,0.0,0.0,0.0,0.0,0.0,0.0,0.0,0.0,0.0,0.0,0.0
15,Statement 3,,0.0,0.0,0.0,0.0,0.0,0.0,0.0,0.0,0.0,0.0,0.0,0.0,2023-24,Statement 3 - Budget,0.0,0.0,0.0,0.0,0.0,0.0,0.0,0.0,0.0,21.0,Ministry of Labour and Employment,Law and Justice,0.0,0.0,0.0,0.0,0.0,0.0,0.0,0.0,0.0,0.0,1778.48,1615.0,3393.48,65.0,2909.68,1119.62,4029.3,1797.46,1521.0,3318.46,2030.65,1944.78,3975.43,,0.0,0.0,0.0,0.0,0.0,0.0,0.0,0.0,0.0,0.0,0.0,0.0
15,Statement 3,,0.0,0.0,0.0,0.0,0.0,0.0,0.0,0.0,0.0,0.0,0.0,0.0,2023-24,Statement 3 - Budget,0.0,0.0,0.0,0.0,0.0,0.0,0.0,0.0,0.0,21.0,Ministry of Labour and Employment,Central Sector Schemes/Projects,1.0,0.0,0.0,0.0,0.0,0.0,0.0,0.0,0.0,0.0,41.0,0.0,41.0,65.0,138.25,0.0,138.25,48.16,0.0,48.16,40.01,0.0,40.01,,0.0,0.0,0.0,0.0,0.0,0.0,0.0,0.0,0.0,0.0,0.0,0.0
15,Statement 3,,0.0,0.0,0.0,0.0,0.0,0.0,0.0,0.0,0.0,0.0,0.0,0.0,2023-24,Statement 3 - Budget,0.0,0.0,0.0,0.0,0.0,0.0,0.0,0.0,0.0,21.0,Ministry of Labour and Employment,Centrally Sponsored Schemes,2.0,0.0,0.0,0.0,0.0,0.0,0.0,0.0,0.0,0.0,858.0,0.0,858.0,65.0,692.6,0.0,692.6,858.0,0.0,858.0,1061.0,0.0,1061.0,,0.0,0.0,0.0,0.0,0.0,0.0,0.0,0.0,0.0,0.0,0.0,0.0
15,Statement 3,,0.0,0.0,0.0,0.0,0.0,0.0,0.0,0.0,0.0,0.0,0.0,0.0,2023-24,Statement 3 - Budget,0.0,0.0,0.0,0.0,0.0,0.0,0.0,0.0,0.0,21.0,Ministry of Labour and Employment,Establishment Expenditure of the Centre,3.0,0.0,0.0,0.0,0.0,0.0,0.0,0.0,0.0,0.0,365.98,115.0,480.98,65.0,295.47,0.0,295.47,356.96,21.0,377.96,384.14,78.0,462.14,,0.0,0.0,0.0,0.0,0.0,0.0,0.0,0.0,0.0,0.0,0.0,0.0
15,Statement 3,,0.0,0.0,0.0,0.0,0.0,0.0,0.0,0.0,0.0,0.0,0.0,0.0,2023-24,Statement 3 - Budget,0.0,0.0,0.0,0.0,0.0,0.0,0.0,0.0,0.0,21.0,Ministry of Labour and Employment,Other Central Sector Expenditure,4.0,0.0,0.0,0.0,0.0,0.0,0.0,0.0,0.0,0.0,196.5,0.0,196.5,65.0,178.75,0.0,178.75,217.34,0.0,217.34,228.5,0.0,228.5,,0.0,0.0,0.0,0.0,0.0,0.0,0.0,0.0,0.0,0.0,0.0,0.0
15,Statement 3,,0.0,0.0,0.0,0.0,0.0,0.0,0.0,0.0,0.0,0.0,0.0,0.0,2023-24,Statement 3 - Budget,0.0,0.0,0.0,0.0,0.0,0.0,0.0,0.0,0.0,21.0,Ministry of Labour and Employment,Other Grants/Loans/Transfers,5.0,0.0,0.0,0.0,0.0,0.0,0.0,0.0,0.0,0.0,317.0,1500.0,1817.0,65.0,1604.61,1119.62,2724.23,317.0,1500.0,1817.0,317.0,1866.78,2183.78,,0.0,0.0,0.0,0.0,0.0,0.0,0.0,0.0,0.0,0.0,0.0,0.0
15,Statement 3,,0.0,0.0,0.0,0.0,0.0,0.0,0.0,0.0,0.0,0.0,0.0,0.0,2023-24,Statement 3 - Budget,0.0,0.0,0.0,0.0,0.0,0.0,0.0,0.0,0.0,21.0,Ministry of Labour and Employment,TOTAL,0.0,0.0,0.0,0.0,0.0,0.0,0.0,0.0,0.0,0.0,0.0,0.0,3393.48,65.0,0.0,0.0,4029.3,0.0,0.0,3318.46,0.0,0.0,3975.43,,0.0,0.0,0.0,0.0,0.0,0.0,0.0,0.0,0.0,0.0,0.0,0.0
15,Statement 3,,0.0,0.0,0.0,0.0,0.0,0.0,0.0,0.0,0.0,0.0,0.0,0.0,2023-24,Statement 3 - Budget,0.0,0.0,0.0,0.0,0.0,0.0,0.0,0.0,0.0,21.0,Election Commission,TOTAL / Ministry,0.0,0.0,0.0,0.0,0.0,0.0,0.0,0.0,0.0,0.0,253.0,7.0,260.0,66.0,248.18,2.5,250.68,320.24,7.0,327.24,312.0,28.0,340.0,,0.0,0.0,0.0,0.0,0.0,0.0,0.0,0.0,0.0,0.0,0.0,0.0
15,Statement 3,,0.0,0.0,0.0,0.0,0.0,0.0,0.0,0.0,0.0,0.0,0.0,0.0,2023-24,Statement 3 - Budget,0.0,0.0,0.0,0.0,0.0,0.0,0.0,0.0,0.0,21.0,Election Commission,Establishment Expenditure of the Centre,1.0,0.0,0.0,0.0,0.0,0.0,0.0,0.0,0.0,0.0,253.0,7.0,260.0,66.0,251.43,2.5,253.93,320.24,7.0,327.24,312.0,28.0,340.0,,0.0,0.0,0.0,0.0,0.0,0.0,0.0,0.0,0.0,0.0,0.0,0.0
15,Statement 3,,0.0,0.0,0.0,0.0,0.0,0.0,0.0,0.0,0.0,0.0,0.0,0.0,2023-24,Statement 3 - Budget,0.0,0.0,0.0,0.0,0.0,0.0,0.0,0.0,0.0,21.0,Election Commission,Other Central Sector Expenditure,2.0,0.0,0.0,0.0,0.0,0.0,0.0,0.0,0.0,0.0,0.0,0.0,0.0,66.0,-3.25,0.0,-3.25,0.0,0.0,0.0,0.0,0.0,0.0,,0.0,0.0,0.0,0.0,0.0,0.0,0.0,0.0,0.0,0.0,0.0,0.0
15,Statement 3,,0.0,0.0,0.0,0.0,0.0,0.0,0.0,0.0,0.0,0.0,0.0,0.0,2023-24,Statement 3 - Budget,0.0,0.0,0.0,0.0,0.0,0.0,0.0,0.0,0.0,21.0,Election Commission,TOTAL,0.0,0.0,0.0,0.0,0.0,0.0,0.0,0.0,0.0,0.0,0.0,0.0,260.0,66.0,0.0,0.0,250.68,0.0,0.0,327.24,0.0,0.0,340.0,,0.0,0.0,0.0,0.0,0.0,0.0,0.0,0.0,0.0,0.0,0.0,0.0
15,Statement 3,,0.0,0.0,0.0,0.0,0.0,0.0,0.0,0.0,0.0,0.0,0.0,0.0,2023-24,Statement 3 - Budget,0.0,0.0,0.0,0.0,0.0,0.0,0.0,0.0,0.0,21.0,Election Commission,Supreme Court of India,0.0,0.0,0.0,0.0,0.0,0.0,0.0,0.0,0.0,0.0,401.46,0.0,401.46,67.0,341.41,0.0,341.41,405.47,0.0,405.47,407.15,30.0,437.15,,0.0,0.0,0.0,0.0,0.0,0.0,0.0,0.0,0.0,0.0,0.0,0.0
15,Statement 3,,0.0,0.0,0.0,0.0,0.0,0.0,0.0,0.0,0.0,0.0,0.0,0.0,2023-24,Statement 3 - Budget,0.0,0.0,0.0,0.0,0.0,0.0,0.0,0.0,0.0,21.0,Election Commission,Establishment Expenditure of the Centre,1.0,0.0,0.0,0.0,0.0,0.0,0.0,0.0,0.0,0.0,401.46,0.0,401.46,67.0,341.41,0.0,341.41,405.47,0.0,405.47,407.15,30.0,437.15,,0.0,0.0,0.0,0.0,0.0,0.0,0.0,0.0,0.0,0.0,0.0,0.0
15,Statement 3,,0.0,0.0,0.0,0.0,0.0,0.0,0.0,0.0,0.0,0.0,0.0,0.0,2023-24,Statement 3 - Budget,0.0,0.0,0.0,0.0,0.0,0.0,0.0,0.0,0.0,21.0,"Ministry of Micro, Small and Medium Enterprises",TOTAL / Ministry,0.0,0.0,0.0,0.0,0.0,0.0,0.0,0.0,0.0,0.0,20916.0,506.0,21422.0,68.0,14787.45,192.56,14980.01,15171.31,457.4,15628.71,21543.43,594.52,22137.95,,0.0,0.0,0.0,0.0,0.0,0.0,0.0,0.0,0.0,0.0,0.0,0.0
15,Statement 3,,0.0,0.0,0.0,0.0,0.0,0.0,0.0,0.0,0.0,0.0,0.0,0.0,2023-24,Statement 3 - Budget,0.0,0.0,0.0,0.0,0.0,0.0,0.0,0.0,0.0,21.0,"Ministry of Micro, Small and Medium Enterprises",Central Sector Schemes/Projects,1.0,0.0,0.0,0.0,0.0,0.0,0.0,0.0,0.0,0.0,20851.85,506.0,21357.85,68.0,14914.58,192.56,15107.14,15108.57,457.4,15565.97,21277.55,575.0,21852.55,,0.0,0.0,0.0,0.0,0.0,0.0,0.0,0.0,0.0,0.0,0.0,0.0
15,Statement 3,,0.0,0.0,0.0,0.0,0.0,0.0,0.0,0.0,0.0,0.0,0.0,0.0,2023-24,Statement 3 - Budget,0.0,0.0,0.0,0.0,0.0,0.0,0.0,0.0,0.0,21.0,"Ministry of Micro, Small and Medium Enterprises",Establishment Expenditure of the Centre,2.0,0.0,0.0,0.0,0.0,0.0,0.0,0.0,0.0,0.0,64.15,0.0,64.15,68.0,53.32,0.0,53.32,62.74,0.0,62.74,245.88,19.52,265.4,,0.0,0.0,0.0,0.0,0.0,0.0,0.0,0.0,0.0,0.0,0.0,0.0
15,Statement 3,,0.0,0.0,0.0,0.0,0.0,0.0,0.0,0.0,0.0,0.0,0.0,0.0,2023-24,Statement 3 - Budget,0.0,0.0,0.0,0.0,0.0,0.0,0.0,0.0,0.0,21.0,"Ministry of Micro, Small and Medium Enterprises",Other Central Sector Expenditure,3.0,0.0,0.0,0.0,0.0,0.0,0.0,0.0,0.0,0.0,0.0,0.0,0.0,68.0,-180.45,0.0,-180.45,0.0,0.0,0.0,20.0,0.0,20.0,,0.0,0.0,0.0,0.0,0.0,0.0,0.0,0.0,0.0,0.0,0.0,0.0
15,Statement 3,,0.0,0.0,0.0,0.0,0.0,0.0,0.0,0.0,0.0,0.0,0.0,0.0,2023-24,Statement 3 - Budget,0.0,0.0,0.0,0.0,0.0,0.0,0.0,0.0,0.0,21.0,"Ministry of Micro, Small and Medium Enterprises",TOTAL,0.0,0.0,0.0,0.0,0.0,0.0,0.0,0.0,0.0,0.0,0.0,0.0,21422.0,68.0,0.0,0.0,14980.01,0.0,0.0,15628.71,0.0,0.0,22137.95,,0.0,0.0,0.0,0.0,0.0,0.0,0.0,0.0,0.0,0.0,0.0,0.0
15,Statement 3,,0.0,0.0,0.0,0.0,0.0,0.0,0.0,0.0,0.0,0.0,0.0,0.0,2023-24,Statement 3 - Budget,0.0,0.0,0.0,0.0,0.0,0.0,0.0,0.0,0.0,21.0,Ministry of Mines,TOTAL / Ministry,0.0,0.0,0.0,0.0,0.0,0.0,0.0,0.0,0.0,0.0,1446.79,61.21,1508.0,69.0,4184.69,52.84,4237.53,1628.76,61.19,1689.95,1834.48,77.12,1911.6,,0.0,0.0,0.0,0.0,0.0,0.0,0.0,0.0,0.0,0.0,0.0,0.0
15,Statement 3,,0.0,0.0,0.0,0.0,0.0,0.0,0.0,0.0,0.0,0.0,0.0,0.0,2023-24,Statement 3 - Budget,0.0,0.0,0.0,0.0,0.0,0.0,0.0,0.0,0.0,21.0,Ministry of Mines,Establishment Expenditure of the Centre,1.0,0.0,0.0,0.0,0.0,0.0,0.0,0.0,0.0,0.0,853.02,0.0,853.02,69.0,896.41,0.0,896.41,895.85,0.0,895.85,927.01,0.0,927.01,,0.0,0.0,0.0,0.0,0.0,0.0,0.0,0.0,0.0,0.0,0.0,0.0
15,Statement 3,,0.0,0.0,0.0,0.0,0.0,0.0,0.0,0.0,0.0,0.0,0.0,0.0,2023-24,Statement 3 - Budget,0.0,0.0,0.0,0.0,0.0,0.0,0.0,0.0,0.0,21.0,Ministry of Mines,Other Central Sector Expenditure,2.0,0.0,0.0,0.0,0.0,0.0,0.0,0.0,0.0,0.0,593.77,61.21,654.98,69.0,3288.28,52.84,3341.12,732.91,61.19,794.1,907.47,77.12,984.59,,0.0,0.0,0.0,0.0,0.0,0.0,0.0,0.0,0.0,0.0,0.0,0.0
16,Statement 3,,0.0,0.0,0.0,0.0,0.0,0.0,0.0,0.0,0.0,0.0,0.0,0.0,2023-24,Statement 3 - Budget,0.0,0.0,0.0,0.0,0.0,0.0,0.0,0.0,0.0,22.0,Ministry of Mines,EXPENDITURE OF MINISTRIES AND DEPARTMENTS Total:,0.0,0.0,0.0,0.0,0.0,0.0,0.0,0.0,0.0,0.0,0.0,0.0,1508.0,69.0,0.0,0.0,4237.53,0.0,0.0,1689.95,0.0,0.0,1911.6,,0.0,0.0,0.0,0.0,0.0,0.0,0.0,0.0,0.0,0.0,0.0,0.0
16,Statement 3,,0.0,0.0,0.0,0.0,0.0,0.0,0.0,0.0,0.0,0.0,0.0,0.0,2023-24,Statement 3 - Budget,0.0,0.0,0.0,0.0,0.0,0.0,0.0,0.0,0.0,22.0,Ministry of Minority Affairs,TOTAL / Ministry,0.0,0.0,0.0,0.0,0.0,0.0,0.0,0.0,0.0,0.0,4861.5,159.0,5020.5,70.0,4223.63,100.0,4323.63,2453.66,159.0,2612.66,3032.6,65.0,3097.6,,0.0,0.0,0.0,0.0,0.0,0.0,0.0,0.0,0.0,0.0,0.0,0.0
16,Statement 3,,0.0,0.0,0.0,0.0,0.0,0.0,0.0,0.0,0.0,0.0,0.0,0.0,2023-24,Statement 3 - Budget,0.0,0.0,0.0,0.0,0.0,0.0,0.0,0.0,0.0,22.0,Ministry of Minority Affairs,Central Sector Schemes/Projects,1.0,0.0,0.0,0.0,0.0,0.0,0.0,0.0,0.0,0.0,2915.91,159.0,3074.91,70.0,2678.47,100.0,2778.47,1802.49,159.0,1961.49,2275.5,61.0,2336.5,,0.0,0.0,0.0,0.0,0.0,0.0,0.0,0.0,0.0,0.0,0.0,0.0
16,Statement 3,,0.0,0.0,0.0,0.0,0.0,0.0,0.0,0.0,0.0,0.0,0.0,0.0,2023-24,Statement 3 - Budget,0.0,0.0,0.0,0.0,0.0,0.0,0.0,0.0,0.0,22.0,Ministry of Minority Affairs,Centrally Sponsored Schemes,2.0,0.0,0.0,0.0,0.0,0.0,0.0,0.0,0.0,0.0,1810.0,0.0,1810.0,70.0,1428.4,0.0,1428.4,530.0,0.0,530.0,610.0,0.0,610.0,,0.0,0.0,0.0,0.0,0.0,0.0,0.0,0.0,0.0,0.0,0.0,0.0
16,Statement 3,,0.0,0.0,0.0,0.0,0.0,0.0,0.0,0.0,0.0,0.0,0.0,0.0,2023-24,Statement 3 - Budget,0.0,0.0,0.0,0.0,0.0,0.0,0.0,0.0,0.0,22.0,Ministry of Minority Affairs,Establishment Expenditure of the Centre,3.0,0.0,0.0,0.0,0.0,0.0,0.0,0.0,0.0,0.0,120.03,0.0,120.03,70.0,32.68,0.0,32.68,105.61,0.0,105.61,128.0,4.0,132.0,,0.0,0.0,0.0,0.0,0.0,0.0,0.0,0.0,0.0,0.0,0.0,0.0
16,Statement 3,,0.0,0.0,0.0,0.0,0.0,0.0,0.0,0.0,0.0,0.0,0.0,0.0,2023-24,Statement 3 - Budget,0.0,0.0,0.0,0.0,0.0,0.0,0.0,0.0,0.0,22.0,Ministry of Minority Affairs,Other Central Sector Expenditure,4.0,0.0,0.0,0.0,0.0,0.0,0.0,0.0,0.0,0.0,15.56,0.0,15.56,70.0,84.08,0.0,84.08,15.56,0.0,15.56,19.1,0.0,19.1,,0.0,0.0,0.0,0.0,0.0,0.0,0.0,0.0,0.0,0.0,0.0,0.0
16,Statement 3,,0.0,0.0,0.0,0.0,0.0,0.0,0.0,0.0,0.0,0.0,0.0,0.0,2023-24,Statement 3 - Budget,0.0,0.0,0.0,0.0,0.0,0.0,0.0,0.0,0.0,22.0,Ministry of Minority Affairs,TOTAL,0.0,0.0,0.0,0.0,0.0,0.0,0.0,0.0,0.0,0.0,0.0,0.0,5020.5,70.0,0.0,0.0,4323.63,0.0,0.0,2612.66,0.0,0.0,3097.6,,0.0,0.0,0.0,0.0,0.0,0.0,0.0,0.0,0.0,0.0,0.0,0.0
16,Statement 3,,0.0,0.0,0.0,0.0,0.0,0.0,0.0,0.0,0.0,0.0,0.0,0.0,2023-24,Statement 3 - Budget,0.0,0.0,0.0,0.0,0.0,0.0,0.0,0.0,0.0,22.0,Ministry of New and Renewable Energy,TOTAL / Ministry,0.0,0.0,0.0,0.0,0.0,0.0,0.0,0.0,0.0,0.0,6888.94,11.74,6900.68,71.0,4006.97,2575.98,6582.95,7019.26,13.74,7033.0,10210.35,11.65,10222.0,,0.0,0.0,0.0,0.0,0.0,0.0,0.0,0.0,0.0,0.0,0.0,0.0
16,Statement 3,,0.0,0.0,0.0,0.0,0.0,0.0,0.0,0.0,0.0,0.0,0.0,0.0,2023-24,Statement 3 - Budget,0.0,0.0,0.0,0.0,0.0,0.0,0.0,0.0,0.0,22.0,Ministry of New and Renewable Energy,Central Sector Schemes/Projects,1.0,0.0,0.0,0.0,0.0,0.0,0.0,0.0,0.0,0.0,6787.93,0.0,6787.93,71.0,4143.46,0.0,4143.46,6820.25,0.0,6820.25,9874.81,0.0,9874.81,,0.0,0.0,0.0,0.0,0.0,0.0,0.0,0.0,0.0,0.0,0.0,0.0
16,Statement 3,,0.0,0.0,0.0,0.0,0.0,0.0,0.0,0.0,0.0,0.0,0.0,0.0,2023-24,Statement 3 - Budget,0.0,0.0,0.0,0.0,0.0,0.0,0.0,0.0,0.0,22.0,Ministry of New and Renewable Energy,Establishment Expenditure of the Centre,2.0,0.0,0.0,0.0,0.0,0.0,0.0,0.0,0.0,0.0,56.01,11.74,67.75,71.0,34.31,75.98,110.29,54.01,13.74,67.75,53.54,11.65,65.19,,0.0,0.0,0.0,0.0,0.0,0.0,0.0,0.0,0.0,0.0,0.0,0.0
16,Statement 3,,0.0,0.0,0.0,0.0,0.0,0.0,0.0,0.0,0.0,0.0,0.0,0.0,2023-24,Statement 3 - Budget,0.0,0.0,0.0,0.0,0.0,0.0,0.0,0.0,0.0,22.0,Ministry of New and Renewable Energy,Other Central Sector Expenditure,3.0,0.0,0.0,0.0,0.0,0.0,0.0,0.0,0.0,0.0,45.0,0.0,45.0,71.0,-170.8,2500.0,2329.2,145.0,0.0,145.0,282.0,0.0,282.0,,0.0,0.0,0.0,0.0,0.0,0.0,0.0,0.0,0.0,0.0,0.0,0.0
16,Statement 3,,0.0,0.0,0.0,0.0,0.0,0.0,0.0,0.0,0.0,0.0,0.0,0.0,2023-24,Statement 3 - Budget,0.0,0.0,0.0,0.0,0.0,0.0,0.0,0.0,0.0,22.0,Ministry of New and Renewable Energy,TOTAL,0.0,0.0,0.0,0.0,0.0,0.0,0.0,0.0,0.0,0.0,0.0,0.0,6900.68,71.0,0.0,0.0,6582.95,0.0,0.0,7033.0,0.0,0.0,10222.0,,0.0,0.0,0.0,0.0,0.0,0.0,0.0,0.0,0.0,0.0,0.0,0.0
16,Statement 3,,0.0,0.0,0.0,0.0,0.0,0.0,0.0,0.0,0.0,0.0,0.0,0.0,2023-24,Statement 3 - Budget,0.0,0.0,0.0,0.0,0.0,0.0,0.0,0.0,0.0,22.0,Ministry of Panchayati Raj,TOTAL / Ministry,0.0,0.0,0.0,0.0,0.0,0.0,0.0,0.0,0.0,0.0,868.57,0.0,868.57,72.0,864.83,0.0,864.83,905.77,0.0,905.77,993.27,23.15,1016.42,,0.0,0.0,0.0,0.0,0.0,0.0,0.0,0.0,0.0,0.0,0.0,0.0
16,Statement 3,,0.0,0.0,0.0,0.0,0.0,0.0,0.0,0.0,0.0,0.0,0.0,0.0,2023-24,Statement 3 - Budget,0.0,0.0,0.0,0.0,0.0,0.0,0.0,0.0,0.0,22.0,Ministry of Panchayati Raj,Central Sector Schemes/Projects,1.0,0.0,0.0,0.0,0.0,0.0,0.0,0.0,0.0,0.0,163.2,0.0,163.2,72.0,139.99,0.0,139.99,105.0,0.0,105.0,55.46,20.54,76.0,,0.0,0.0,0.0,0.0,0.0,0.0,0.0,0.0,0.0,0.0,0.0,0.0
16,Statement 3,,0.0,0.0,0.0,0.0,0.0,0.0,0.0,0.0,0.0,0.0,0.0,0.0,2023-24,Statement 3 - Budget,0.0,0.0,0.0,0.0,0.0,0.0,0.0,0.0,0.0,22.0,Ministry of Panchayati Raj,Centrally Sponsored Schemes,2.0,0.0,0.0,0.0,0.0,0.0,0.0,0.0,0.0,0.0,663.0,0.0,663.0,72.0,690.41,0.0,690.41,762.0,0.0,762.0,893.5,1.5,895.0,,0.0,0.0,0.0,0.0,0.0,0.0,0.0,0.0,0.0,0.0,0.0,0.0
16,Statement 3,,0.0,0.0,0.0,0.0,0.0,0.0,0.0,0.0,0.0,0.0,0.0,0.0,2023-24,Statement 3 - Budget,0.0,0.0,0.0,0.0,0.0,0.0,0.0,0.0,0.0,22.0,Ministry of Panchayati Raj,Establishment Expenditure of the Centre,3.0,0.0,0.0,0.0,0.0,0.0,0.0,0.0,0.0,0.0,42.37,0.0,42.37,72.0,34.43,0.0,34.43,38.77,0.0,38.77,44.31,1.11,45.42,,0.0,0.0,0.0,0.0,0.0,0.0,0.0,0.0,0.0,0.0,0.0,0.0
16,Statement 3,,0.0,0.0,0.0,0.0,0.0,0.0,0.0,0.0,0.0,0.0,0.0,0.0,2023-24,Statement 3 - Budget,0.0,0.0,0.0,0.0,0.0,0.0,0.0,0.0,0.0,22.0,Ministry of Panchayati Raj,TOTAL,0.0,0.0,0.0,0.0,0.0,0.0,0.0,0.0,0.0,0.0,0.0,0.0,868.57,72.0,0.0,0.0,864.83,0.0,0.0,905.77,0.0,0.0,1016.42,,0.0,0.0,0.0,0.0,0.0,0.0,0.0,0.0,0.0,0.0,0.0,0.0
16,Statement 3,,0.0,0.0,0.0,0.0,0.0,0.0,0.0,0.0,0.0,0.0,0.0,0.0,2023-24,Statement 3 - Budget,0.0,0.0,0.0,0.0,0.0,0.0,0.0,0.0,0.0,22.0,Ministry of Parliamentary Affairs,TOTAL / Ministry,0.0,0.0,0.0,0.0,0.0,0.0,0.0,0.0,0.0,0.0,66.4,0.0,66.4,73.0,48.79,0.0,48.79,65.96,0.0,65.96,59.0,4.0,63.0,,0.0,0.0,0.0,0.0,0.0,0.0,0.0,0.0,0.0,0.0,0.0,0.0
16,Statement 3,,0.0,0.0,0.0,0.0,0.0,0.0,0.0,0.0,0.0,0.0,0.0,0.0,2023-24,Statement 3 - Budget,0.0,0.0,0.0,0.0,0.0,0.0,0.0,0.0,0.0,22.0,Ministry of Parliamentary Affairs,Establishment Expenditure of the Centre,1.0,0.0,0.0,0.0,0.0,0.0,0.0,0.0,0.0,0.0,66.4,0.0,66.4,73.0,48.79,0.0,48.79,65.96,0.0,65.96,59.0,4.0,63.0,,0.0,0.0,0.0,0.0,0.0,0.0,0.0,0.0,0.0,0.0,0.0,0.0
16,Statement 3,,0.0,0.0,0.0,0.0,0.0,0.0,0.0,0.0,0.0,0.0,0.0,0.0,2023-24,Statement 3 - Budget,0.0,0.0,0.0,0.0,0.0,0.0,0.0,0.0,0.0,22.0,"Ministry of Personnel, Public Grievances and Pensions",TOTAL / Ministry,0.0,0.0,0.0,0.0,0.0,0.0,0.0,0.0,0.0,0.0,2111.88,225.3,2337.18,74.0,1734.03,139.25,1873.28,1987.03,333.34,2320.37,1932.02,275.72,2207.74,,0.0,0.0,0.0,0.0,0.0,0.0,0.0,0.0,0.0,0.0,0.0,0.0
16,Statement 3,,0.0,0.0,0.0,0.0,0.0,0.0,0.0,0.0,0.0,0.0,0.0,0.0,2023-24,Statement 3 - Budget,0.0,0.0,0.0,0.0,0.0,0.0,0.0,0.0,0.0,22.0,"Ministry of Personnel, Public Grievances and Pensions",Central Sector Schemes/Projects,1.0,0.0,0.0,0.0,0.0,0.0,0.0,0.0,0.0,0.0,176.66,78.34,255.0,74.0,57.61,63.03,120.64,150.91,78.34,229.25,154.59,72.16,226.75,,0.0,0.0,0.0,0.0,0.0,0.0,0.0,0.0,0.0,0.0,0.0,0.0
16,Statement 3,,0.0,0.0,0.0,0.0,0.0,0.0,0.0,0.0,0.0,0.0,0.0,0.0,2023-24,Statement 3 - Budget,0.0,0.0,0.0,0.0,0.0,0.0,0.0,0.0,0.0,22.0,"Ministry of Personnel, Public Grievances and Pensions",Establishment Expenditure of the Centre,2.0,0.0,0.0,0.0,0.0,0.0,0.0,0.0,0.0,0.0,1503.57,146.96,1650.53,74.0,1581.71,76.22,1657.93,1790.36,255.0,2045.36,1705.83,203.56,1909.39,,0.0,0.0,0.0,0.0,0.0,0.0,0.0,0.0,0.0,0.0,0.0,0.0
16,Statement 3,,0.0,0.0,0.0,0.0,0.0,0.0,0.0,0.0,0.0,0.0,0.0,0.0,2023-24,Statement 3 - Budget,0.0,0.0,0.0,0.0,0.0,0.0,0.0,0.0,0.0,22.0,"Ministry of Personnel, Public Grievances and Pensions",Other Central Sector Expenditure,3.0,0.0,0.0,0.0,0.0,0.0,0.0,0.0,0.0,0.0,431.65,0.0,431.65,74.0,94.71,0.0,94.71,45.76,0.0,45.76,71.6,0.0,71.6,,0.0,0.0,0.0,0.0,0.0,0.0,0.0,0.0,0.0,0.0,0.0,0.0
16,Statement 3,,0.0,0.0,0.0,0.0,0.0,0.0,0.0,0.0,0.0,0.0,0.0,0.0,2023-24,Statement 3 - Budget,0.0,0.0,0.0,0.0,0.0,0.0,0.0,0.0,0.0,22.0,"Ministry of Personnel, Public Grievances and Pensions",TOTAL,0.0,0.0,0.0,0.0,0.0,0.0,0.0,0.0,0.0,0.0,0.0,0.0,2337.18,74.0,0.0,0.0,1873.28,0.0,0.0,2320.37,0.0,0.0,2207.74,,0.0,0.0,0.0,0.0,0.0,0.0,0.0,0.0,0.0,0.0,0.0,0.0
16,Statement 3,,0.0,0.0,0.0,0.0,0.0,0.0,0.0,0.0,0.0,0.0,0.0,0.0,2023-24,Statement 3 - Budget,0.0,0.0,0.0,0.0,0.0,0.0,0.0,0.0,0.0,22.0,"Ministry of Personnel, Public Grievances and Pensions",Central Vigilance Commission,0.0,0.0,0.0,0.0,0.0,0.0,0.0,0.0,0.0,0.0,41.96,0.0,41.96,75.0,37.49,0.0,37.49,43.46,0.0,43.46,43.21,1.25,44.46,,0.0,0.0,0.0,0.0,0.0,0.0,0.0,0.0,0.0,0.0,0.0,0.0
16,Statement 3,,0.0,0.0,0.0,0.0,0.0,0.0,0.0,0.0,0.0,0.0,0.0,0.0,2023-24,Statement 3 - Budget,0.0,0.0,0.0,0.0,0.0,0.0,0.0,0.0,0.0,22.0,"Ministry of Personnel, Public Grievances and Pensions",Establishment Expenditure of the Centre,1.0,0.0,0.0,0.0,0.0,0.0,0.0,0.0,0.0,0.0,41.96,0.0,41.96,75.0,37.49,0.0,37.49,43.46,0.0,43.46,43.21,1.25,44.46,,0.0,0.0,0.0,0.0,0.0,0.0,0.0,0.0,0.0,0.0,0.0,0.0
17,Statement 3,,0.0,0.0,0.0,0.0,0.0,0.0,0.0,0.0,0.0,0.0,0.0,0.0,2023-24,Statement 3 - Budget,0.0,0.0,0.0,0.0,0.0,0.0,0.0,0.0,0.0,23.0,Ministry of Petroleum and Natural Gas,TOTAL / Ministry,0.0,0.0,0.0,0.0,0.0,0.0,0.0,0.0,0.0,0.0,8339.86,600.0,8939.86,76.0,5406.32,347.31,5753.63,33843.54,40.01,33883.55,5498.74,35508.98,41007.72,,0.0,0.0,0.0,0.0,0.0,0.0,0.0,0.0,0.0,0.0,0.0,0.0
17,Statement 3,,0.0,0.0,0.0,0.0,0.0,0.0,0.0,0.0,0.0,0.0,0.0,0.0,2023-24,Statement 3 - Budget,0.0,0.0,0.0,0.0,0.0,0.0,0.0,0.0,0.0,23.0,Ministry of Petroleum and Natural Gas,Central Sector Schemes/Projects,1.0,0.0,0.0,0.0,0.0,0.0,0.0,0.0,0.0,0.0,8137.82,600.0,8737.82,76.0,5144.02,347.31,5491.33,33692.72,40.01,33732.73,5277.6,35508.0,40785.6,,0.0,0.0,0.0,0.0,0.0,0.0,0.0,0.0,0.0,0.0,0.0,0.0
17,Statement 3,,0.0,0.0,0.0,0.0,0.0,0.0,0.0,0.0,0.0,0.0,0.0,0.0,2023-24,Statement 3 - Budget,0.0,0.0,0.0,0.0,0.0,0.0,0.0,0.0,0.0,23.0,Ministry of Petroleum and Natural Gas,Establishment Expenditure of the Centre,2.0,0.0,0.0,0.0,0.0,0.0,0.0,0.0,0.0,0.0,49.16,0.0,49.16,76.0,36.86,0.0,36.86,49.16,0.0,49.16,51.9,0.98,52.88,,0.0,0.0,0.0,0.0,0.0,0.0,0.0,0.0,0.0,0.0,0.0,0.0
17,Statement 3,,0.0,0.0,0.0,0.0,0.0,0.0,0.0,0.0,0.0,0.0,0.0,0.0,2023-24,Statement 3 - Budget,0.0,0.0,0.0,0.0,0.0,0.0,0.0,0.0,0.0,23.0,Ministry of Petroleum and Natural Gas,Other Central Sector Expenditure,3.0,0.0,0.0,0.0,0.0,0.0,0.0,0.0,0.0,0.0,152.88,0.0,152.88,76.0,225.44,0.0,225.44,101.66,0.0,101.66,169.24,0.0,169.24,,0.0,0.0,0.0,0.0,0.0,0.0,0.0,0.0,0.0,0.0,0.0,0.0
17,Statement 3,,0.0,0.0,0.0,0.0,0.0,0.0,0.0,0.0,0.0,0.0,0.0,0.0,2023-24,Statement 3 - Budget,0.0,0.0,0.0,0.0,0.0,0.0,0.0,0.0,0.0,23.0,Ministry of Petroleum and Natural Gas,TOTAL,0.0,0.0,0.0,0.0,0.0,0.0,0.0,0.0,0.0,0.0,0.0,0.0,8939.86,76.0,0.0,0.0,5753.63,0.0,0.0,33883.55,0.0,0.0,41007.72,,0.0,0.0,0.0,0.0,0.0,0.0,0.0,0.0,0.0,0.0,0.0,0.0
17,Statement 3,,0.0,0.0,0.0,0.0,0.0,0.0,0.0,0.0,0.0,0.0,0.0,0.0,2023-24,Statement 3 - Budget,0.0,0.0,0.0,0.0,0.0,0.0,0.0,0.0,0.0,23.0,Ministry of Planning,TOTAL / Ministry,0.0,0.0,0.0,0.0,0.0,0.0,0.0,0.0,0.0,0.0,310.67,10.75,321.42,77.0,1064.13,0.0,1064.13,1011.23,20.3,1031.53,805.73,18.66,824.39,,0.0,0.0,0.0,0.0,0.0,0.0,0.0,0.0,0.0,0.0,0.0,0.0
17,Statement 3,,0.0,0.0,0.0,0.0,0.0,0.0,0.0,0.0,0.0,0.0,0.0,0.0,2023-24,Statement 3 - Budget,0.0,0.0,0.0,0.0,0.0,0.0,0.0,0.0,0.0,23.0,Ministry of Planning,Central Sector Schemes/Projects,1.0,0.0,0.0,0.0,0.0,0.0,0.0,0.0,0.0,0.0,151.32,10.75,162.07,77.0,926.35,0.0,926.35,827.71,20.3,848.01,621.0,11.0,632.0,,0.0,0.0,0.0,0.0,0.0,0.0,0.0,0.0,0.0,0.0,0.0,0.0
17,Statement 3,,0.0,0.0,0.0,0.0,0.0,0.0,0.0,0.0,0.0,0.0,0.0,0.0,2023-24,Statement 3 - Budget,0.0,0.0,0.0,0.0,0.0,0.0,0.0,0.0,0.0,23.0,Ministry of Planning,Establishment Expenditure of the Centre,2.0,0.0,0.0,0.0,0.0,0.0,0.0,0.0,0.0,0.0,149.49,0.0,149.49,77.0,129.2,0.0,129.2,172.22,0.0,172.22,173.43,7.66,181.09,,0.0,0.0,0.0,0.0,0.0,0.0,0.0,0.0,0.0,0.0,0.0,0.0
17,Statement 3,,0.0,0.0,0.0,0.0,0.0,0.0,0.0,0.0,0.0,0.0,0.0,0.0,2023-24,Statement 3 - Budget,0.0,0.0,0.0,0.0,0.0,0.0,0.0,0.0,0.0,23.0,Ministry of Planning,Other Central Sector Expenditure,3.0,0.0,0.0,0.0,0.0,0.0,0.0,0.0,0.0,0.0,9.86,0.0,9.86,77.0,8.58,0.0,8.58,11.3,0.0,11.3,11.3,0.0,11.3,,0.0,0.0,0.0,0.0,0.0,0.0,0.0,0.0,0.0,0.0,0.0,0.0
17,Statement 3,,0.0,0.0,0.0,0.0,0.0,0.0,0.0,0.0,0.0,0.0,0.0,0.0,2023-24,Statement 3 - Budget,0.0,0.0,0.0,0.0,0.0,0.0,0.0,0.0,0.0,23.0,Ministry of Planning,TOTAL,0.0,0.0,0.0,0.0,0.0,0.0,0.0,0.0,0.0,0.0,0.0,0.0,321.42,77.0,0.0,0.0,1064.13,0.0,0.0,1031.53,0.0,0.0,824.39,,0.0,0.0,0.0,0.0,0.0,0.0,0.0,0.0,0.0,0.0,0.0,0.0
17,Statement 3,,0.0,0.0,0.0,0.0,0.0,0.0,0.0,0.0,0.0,0.0,0.0,0.0,2023-24,Statement 3 - Budget,0.0,0.0,0.0,0.0,0.0,0.0,0.0,0.0,0.0,23.0,"Ministry of Ports, Shipping and Waterways",TOTAL / Ministry,0.0,0.0,0.0,0.0,0.0,0.0,0.0,0.0,0.0,0.0,1135.19,574.31,1709.5,78.0,913.87,613.68,1527.55,1120.11,673.26,1793.37,1150.53,1068.21,2218.74,,0.0,0.0,0.0,0.0,0.0,0.0,0.0,0.0,0.0,0.0,0.0,0.0
17,Statement 3,,0.0,0.0,0.0,0.0,0.0,0.0,0.0,0.0,0.0,0.0,0.0,0.0,2023-24,Statement 3 - Budget,0.0,0.0,0.0,0.0,0.0,0.0,0.0,0.0,0.0,23.0,"Ministry of Ports, Shipping and Waterways",Central Sector Schemes/Projects,1.0,0.0,0.0,0.0,0.0,0.0,0.0,0.0,0.0,0.0,622.29,0.0,622.29,78.0,488.55,100.0,588.55,503.57,124.22,627.79,448.03,130.0,578.03,,0.0,0.0,0.0,0.0,0.0,0.0,0.0,0.0,0.0,0.0,0.0,0.0
17,Statement 3,,0.0,0.0,0.0,0.0,0.0,0.0,0.0,0.0,0.0,0.0,0.0,0.0,2023-24,Statement 3 - Budget,0.0,0.0,0.0,0.0,0.0,0.0,0.0,0.0,0.0,23.0,"Ministry of Ports, Shipping and Waterways",Establishment Expenditure of the Centre,2.0,0.0,0.0,0.0,0.0,0.0,0.0,0.0,0.0,0.0,80.0,0.0,80.0,78.0,48.7,0.0,48.7,72.0,0.0,72.0,77.75,2.25,80.0,,0.0,0.0,0.0,0.0,0.0,0.0,0.0,0.0,0.0,0.0,0.0,0.0
17,Statement 3,,0.0,0.0,0.0,0.0,0.0,0.0,0.0,0.0,0.0,0.0,0.0,0.0,2023-24,Statement 3 - Budget,0.0,0.0,0.0,0.0,0.0,0.0,0.0,0.0,0.0,23.0,"Ministry of Ports, Shipping and Waterways",Other Central Sector Expenditure,3.0,0.0,0.0,0.0,0.0,0.0,0.0,0.0,0.0,0.0,432.9,574.31,1007.21,78.0,376.62,513.68,890.3,544.54,549.04,1093.58,624.75,935.96,1560.71,,0.0,0.0,0.0,0.0,0.0,0.0,0.0,0.0,0.0,0.0,0.0,0.0
17,Statement 3,,0.0,0.0,0.0,0.0,0.0,0.0,0.0,0.0,0.0,0.0,0.0,0.0,2023-24,Statement 3 - Budget,0.0,0.0,0.0,0.0,0.0,0.0,0.0,0.0,0.0,23.0,"Ministry of Ports, Shipping and Waterways",TOTAL,0.0,0.0,0.0,0.0,0.0,0.0,0.0,0.0,0.0,0.0,0.0,0.0,1709.5,78.0,0.0,0.0,1527.55,0.0,0.0,1793.37,0.0,0.0,2218.74,,0.0,0.0,0.0,0.0,0.0,0.0,0.0,0.0,0.0,0.0,0.0,0.0
17,Statement 3,,0.0,0.0,0.0,0.0,0.0,0.0,0.0,0.0,0.0,0.0,0.0,0.0,2023-24,Statement 3 - Budget,0.0,0.0,0.0,0.0,0.0,0.0,0.0,0.0,0.0,23.0,Ministry of Power,TOTAL / Ministry,0.0,0.0,0.0,0.0,0.0,0.0,0.0,0.0,0.0,0.0,16061.63,13.11,16074.74,79.0,18768.28,2826.65,21594.93,13083.46,23.12,13106.58,20654.52,16.8,20671.32,,0.0,0.0,0.0,0.0,0.0,0.0,0.0,0.0,0.0,0.0,0.0,0.0
17,Statement 3,,0.0,0.0,0.0,0.0,0.0,0.0,0.0,0.0,0.0,0.0,0.0,0.0,2023-24,Statement 3 - Budget,0.0,0.0,0.0,0.0,0.0,0.0,0.0,0.0,0.0,23.0,Ministry of Power,Central Sector Schemes/Projects,1.0,0.0,0.0,0.0,0.0,0.0,0.0,0.0,0.0,0.0,11192.69,13.11,11205.8,79.0,15228.34,2816.65,18044.99,9560.05,13.11,9573.16,16107.92,1.0,16108.92,,0.0,0.0,0.0,0.0,0.0,0.0,0.0,0.0,0.0,0.0,0.0,0.0
17,Statement 3,,0.0,0.0,0.0,0.0,0.0,0.0,0.0,0.0,0.0,0.0,0.0,0.0,2023-24,Statement 3 - Budget,0.0,0.0,0.0,0.0,0.0,0.0,0.0,0.0,0.0,23.0,Ministry of Power,Establishment Expenditure of the Centre,2.0,0.0,0.0,0.0,0.0,0.0,0.0,0.0,0.0,0.0,231.79,0.0,231.79,79.0,89.7,0.0,89.7,227.69,0.0,227.69,244.13,5.79,249.92,,0.0,0.0,0.0,0.0,0.0,0.0,0.0,0.0,0.0,0.0,0.0,0.0
17,Statement 3,,0.0,0.0,0.0,0.0,0.0,0.0,0.0,0.0,0.0,0.0,0.0,0.0,2023-24,Statement 3 - Budget,0.0,0.0,0.0,0.0,0.0,0.0,0.0,0.0,0.0,23.0,Ministry of Power,Other Central Sector Expenditure,3.0,0.0,0.0,0.0,0.0,0.0,0.0,0.0,0.0,0.0,4637.15,0.0,4637.15,79.0,3450.24,10.0,3460.24,3295.72,10.01,3305.73,4302.47,10.01,4312.48,,0.0,0.0,0.0,0.0,0.0,0.0,0.0,0.0,0.0,0.0,0.0,0.0
17,Statement 3,,0.0,0.0,0.0,0.0,0.0,0.0,0.0,0.0,0.0,0.0,0.0,0.0,2023-24,Statement 3 - Budget,0.0,0.0,0.0,0.0,0.0,0.0,0.0,0.0,0.0,23.0,Ministry of Power,TOTAL,0.0,0.0,0.0,0.0,0.0,0.0,0.0,0.0,0.0,0.0,0.0,0.0,16074.74,79.0,0.0,0.0,21594.93,0.0,0.0,13106.58,0.0,0.0,20671.32,,0.0,0.0,0.0,0.0,0.0,0.0,0.0,0.0,0.0,0.0,0.0,0.0
17,Statement 3,,0.0,0.0,0.0,0.0,0.0,0.0,0.0,0.0,0.0,0.0,0.0,0.0,2023-24,Statement 3 - Budget,0.0,0.0,0.0,0.0,0.0,0.0,0.0,0.0,0.0,23.0,Ministry of Power,"Staff, Household and Allowances of the President",0.0,0.0,0.0,0.0,0.0,0.0,0.0,0.0,0.0,0.0,79.45,0.0,79.45,80.0,67.63,0.0,67.63,84.8,0.0,84.8,87.73,2.41,90.14,,0.0,0.0,0.0,0.0,0.0,0.0,0.0,0.0,0.0,0.0,0.0,0.0
17,Statement 3,,0.0,0.0,0.0,0.0,0.0,0.0,0.0,0.0,0.0,0.0,0.0,0.0,2023-24,Statement 3 - Budget,0.0,0.0,0.0,0.0,0.0,0.0,0.0,0.0,0.0,23.0,Ministry of Power,Establishment Expenditure of the Centre,1.0,0.0,0.0,0.0,0.0,0.0,0.0,0.0,0.0,0.0,79.45,0.0,79.45,80.0,67.63,0.0,67.63,84.8,0.0,84.8,87.73,2.41,90.14,,0.0,0.0,0.0,0.0,0.0,0.0,0.0,0.0,0.0,0.0,0.0,0.0
17,Statement 3,,0.0,0.0,0.0,0.0,0.0,0.0,0.0,0.0,0.0,0.0,0.0,0.0,2023-24,Statement 3 - Budget,0.0,0.0,0.0,0.0,0.0,0.0,0.0,0.0,0.0,23.0,Lok Sabha,TOTAL / Ministry,0.0,0.0,0.0,0.0,0.0,0.0,0.0,0.0,0.0,0.0,800.0,0.0,800.0,81.0,596.0,0.0,596.0,743.0,0.0,743.0,786.51,35.49,822.0,,0.0,0.0,0.0,0.0,0.0,0.0,0.0,0.0,0.0,0.0,0.0,0.0
17,Statement 3,,0.0,0.0,0.0,0.0,0.0,0.0,0.0,0.0,0.0,0.0,0.0,0.0,2023-24,Statement 3 - Budget,0.0,0.0,0.0,0.0,0.0,0.0,0.0,0.0,0.0,23.0,Lok Sabha,Establishment Expenditure of the Centre,1.0,0.0,0.0,0.0,0.0,0.0,0.0,0.0,0.0,0.0,800.0,0.0,800.0,81.0,596.0,0.0,596.0,743.0,0.0,743.0,786.51,35.49,822.0,,0.0,0.0,0.0,0.0,0.0,0.0,0.0,0.0,0.0,0.0,0.0,0.0
17,Statement 3,,0.0,0.0,0.0,0.0,0.0,0.0,0.0,0.0,0.0,0.0,0.0,0.0,2023-24,Statement 3 - Budget,0.0,0.0,0.0,0.0,0.0,0.0,0.0,0.0,0.0,23.0,Rajya Sabha,TOTAL / Ministry,0.0,0.0,0.0,0.0,0.0,0.0,0.0,0.0,0.0,0.0,430.96,0.0,430.96,82.0,366.52,0.0,366.52,445.74,0.0,445.74,474.35,10.06,484.41,,0.0,0.0,0.0,0.0,0.0,0.0,0.0,0.0,0.0,0.0,0.0,0.0
17,Statement 3,,0.0,0.0,0.0,0.0,0.0,0.0,0.0,0.0,0.0,0.0,0.0,0.0,2023-24,Statement 3 - Budget,0.0,0.0,0.0,0.0,0.0,0.0,0.0,0.0,0.0,23.0,Rajya Sabha,Establishment Expenditure of the Centre,1.0,0.0,0.0,0.0,0.0,0.0,0.0,0.0,0.0,0.0,430.96,0.0,430.96,82.0,366.52,0.0,366.52,445.74,0.0,445.74,474.35,10.06,484.41,,0.0,0.0,0.0,0.0,0.0,0.0,0.0,0.0,0.0,0.0,0.0,0.0
18,Statement 3,,0.0,0.0,0.0,0.0,0.0,0.0,0.0,0.0,0.0,0.0,0.0,0.0,2023-24,Statement 3 - Budget,0.0,0.0,0.0,0.0,0.0,0.0,0.0,0.0,0.0,24.0,Secretariat of the Vice-President,TOTAL / Ministry,0.0,0.0,0.0,0.0,0.0,0.0,0.0,0.0,0.0,0.0,8.64,0.0,8.64,83.0,7.04,0.0,7.04,8.64,0.0,8.64,9.1,0.21,9.31,,0.0,0.0,0.0,0.0,0.0,0.0,0.0,0.0,0.0,0.0,0.0,0.0
18,Statement 3,,0.0,0.0,0.0,0.0,0.0,0.0,0.0,0.0,0.0,0.0,0.0,0.0,2023-24,Statement 3 - Budget,0.0,0.0,0.0,0.0,0.0,0.0,0.0,0.0,0.0,24.0,Secretariat of the Vice-President,Establishment Expenditure of the Centre,1.0,0.0,0.0,0.0,0.0,0.0,0.0,0.0,0.0,0.0,8.64,0.0,8.64,83.0,7.04,0.0,7.04,8.64,0.0,8.64,9.1,0.21,9.31,,0.0,0.0,0.0,0.0,0.0,0.0,0.0,0.0,0.0,0.0,0.0,0.0
18,Statement 3,,0.0,0.0,0.0,0.0,0.0,0.0,0.0,0.0,0.0,0.0,0.0,0.0,2023-24,Statement 3 - Budget,0.0,0.0,0.0,0.0,0.0,0.0,0.0,0.0,0.0,24.0,Union Public Service Commission,TOTAL / Ministry,0.0,0.0,0.0,0.0,0.0,0.0,0.0,0.0,0.0,0.0,330.58,0.0,330.58,84.0,316.16,0.0,316.16,370.0,0.0,370.0,358.46,21.54,380.0,,0.0,0.0,0.0,0.0,0.0,0.0,0.0,0.0,0.0,0.0,0.0,0.0
18,Statement 3,,0.0,0.0,0.0,0.0,0.0,0.0,0.0,0.0,0.0,0.0,0.0,0.0,2023-24,Statement 3 - Budget,0.0,0.0,0.0,0.0,0.0,0.0,0.0,0.0,0.0,24.0,Union Public Service Commission,Establishment Expenditure of the Centre,1.0,0.0,0.0,0.0,0.0,0.0,0.0,0.0,0.0,0.0,330.58,0.0,330.58,84.0,316.16,0.0,316.16,370.0,0.0,370.0,358.46,21.54,380.0,,0.0,0.0,0.0,0.0,0.0,0.0,0.0,0.0,0.0,0.0,0.0,0.0
18,Statement 3,,0.0,0.0,0.0,0.0,0.0,0.0,0.0,0.0,0.0,0.0,0.0,0.0,2023-24,Statement 3 - Budget,0.0,0.0,0.0,0.0,0.0,0.0,0.0,0.0,0.0,24.0,Ministry of Railways,TOTAL / Ministry,0.0,0.0,0.0,0.0,0.0,0.0,0.0,0.0,0.0,0.0,3267.13,137100.0,140367.13,85.0,17971.6,117270.54,135242.14,3211.9,159100.0,162311.9,1267.51,240000.0,241267.51,,0.0,0.0,0.0,0.0,0.0,0.0,0.0,0.0,0.0,0.0,0.0,0.0
18,Statement 3,,0.0,0.0,0.0,0.0,0.0,0.0,0.0,0.0,0.0,0.0,0.0,0.0,2023-24,Statement 3 - Budget,0.0,0.0,0.0,0.0,0.0,0.0,0.0,0.0,0.0,24.0,Ministry of Railways,Central Sector Schemes/Projects,1.0,0.0,0.0,0.0,0.0,0.0,0.0,0.0,0.0,0.0,0.0,137100.0,137100.0,85.0,0.0,117270.54,117270.54,0.0,159100.0,159100.0,0.0,240000.0,240000.0,,0.0,0.0,0.0,0.0,0.0,0.0,0.0,0.0,0.0,0.0,0.0,0.0
18,Statement 3,,0.0,0.0,0.0,0.0,0.0,0.0,0.0,0.0,0.0,0.0,0.0,0.0,2023-24,Statement 3 - Budget,0.0,0.0,0.0,0.0,0.0,0.0,0.0,0.0,0.0,24.0,Ministry of Railways,Establishment Expenditure of the Centre,2.0,0.0,0.0,0.0,0.0,0.0,0.0,0.0,0.0,0.0,3267.13,0.0,3267.13,85.0,17971.6,0.0,17971.6,3211.9,0.0,3211.9,1267.51,0.0,1267.51,,0.0,0.0,0.0,0.0,0.0,0.0,0.0,0.0,0.0,0.0,0.0,0.0
18,Statement 3,,0.0,0.0,0.0,0.0,0.0,0.0,0.0,0.0,0.0,0.0,0.0,0.0,2023-24,Statement 3 - Budget,0.0,0.0,0.0,0.0,0.0,0.0,0.0,0.0,0.0,24.0,Ministry of Railways,TOTAL,0.0,0.0,0.0,0.0,0.0,0.0,0.0,0.0,0.0,0.0,0.0,0.0,140367.13,85.0,0.0,0.0,135242.14,0.0,0.0,162311.9,0.0,0.0,241267.51,,0.0,0.0,0.0,0.0,0.0,0.0,0.0,0.0,0.0,0.0,0.0,0.0
18,Statement 3,,0.0,0.0,0.0,0.0,0.0,0.0,0.0,0.0,0.0,0.0,0.0,0.0,2023-24,Statement 3 - Budget,0.0,0.0,0.0,0.0,0.0,0.0,0.0,0.0,0.0,24.0,Ministry of Road Transport and Highways,TOTAL / Ministry,0.0,0.0,0.0,0.0,0.0,0.0,0.0,0.0,0.0,0.0,11363.71,187744.0,199107.71,86.0,10239.0,113311.6,123550.6,10723.8,206302.82,217026.62,11829.18,258605.53,270434.71,,0.0,0.0,0.0,0.0,0.0,0.0,0.0,0.0,0.0,0.0,0.0,0.0
18,Statement 3,,0.0,0.0,0.0,0.0,0.0,0.0,0.0,0.0,0.0,0.0,0.0,0.0,2023-24,Statement 3 - Budget,0.0,0.0,0.0,0.0,0.0,0.0,0.0,0.0,0.0,24.0,Ministry of Road Transport and Highways,Central Sector Schemes/Projects,1.0,0.0,0.0,0.0,0.0,0.0,0.0,0.0,0.0,0.0,11200.48,187744.0,198944.48,86.0,10108.3,113311.6,123419.9,10560.57,206302.82,216863.39,11649.05,258601.33,270250.38,,0.0,0.0,0.0,0.0,0.0,0.0,0.0,0.0,0.0,0.0,0.0,0.0
18,Statement 3,,0.0,0.0,0.0,0.0,0.0,0.0,0.0,0.0,0.0,0.0,0.0,0.0,2023-24,Statement 3 - Budget,0.0,0.0,0.0,0.0,0.0,0.0,0.0,0.0,0.0,24.0,Ministry of Road Transport and Highways,Establishment Expenditure of the Centre,2.0,0.0,0.0,0.0,0.0,0.0,0.0,0.0,0.0,0.0,163.23,0.0,163.23,86.0,130.7,0.0,130.7,163.23,0.0,163.23,180.13,4.2,184.33,,0.0,0.0,0.0,0.0,0.0,0.0,0.0,0.0,0.0,0.0,0.0,0.0
18,Statement 3,,0.0,0.0,0.0,0.0,0.0,0.0,0.0,0.0,0.0,0.0,0.0,0.0,2023-24,Statement 3 - Budget,0.0,0.0,0.0,0.0,0.0,0.0,0.0,0.0,0.0,24.0,Ministry of Road Transport and Highways,TOTAL,0.0,0.0,0.0,0.0,0.0,0.0,0.0,0.0,0.0,0.0,0.0,0.0,199107.71,86.0,0.0,0.0,123550.6,0.0,0.0,217026.62,0.0,0.0,270434.71,,0.0,0.0,0.0,0.0,0.0,0.0,0.0,0.0,0.0,0.0,0.0,0.0
18,Statement 3,,0.0,0.0,0.0,0.0,0.0,0.0,0.0,0.0,0.0,0.0,0.0,0.0,2023-24,Statement 3 - Budget,0.0,0.0,0.0,0.0,0.0,0.0,0.0,0.0,0.0,24.0,Department of Rural Development,TOTAL / Ministry,0.0,0.0,0.0,0.0,0.0,0.0,0.0,0.0,0.0,0.0,135944.29,0.0,135944.29,87.0,160433.46,0.0,160433.46,181121.8,0.0,181121.8,157541.48,3.52,157545.0,,0.0,0.0,0.0,0.0,0.0,0.0,0.0,0.0,0.0,0.0,0.0,0.0
18,Statement 3,,0.0,0.0,0.0,0.0,0.0,0.0,0.0,0.0,0.0,0.0,0.0,0.0,2023-24,Statement 3 - Budget,0.0,0.0,0.0,0.0,0.0,0.0,0.0,0.0,0.0,24.0,Department of Rural Development,Central Sector Schemes/Projects,1.0,0.0,0.0,0.0,0.0,0.0,0.0,0.0,0.0,0.0,212.2,0.0,212.2,87.0,204.83,0.0,204.83,126.22,0.0,126.22,113.49,0.0,113.49,,0.0,0.0,0.0,0.0,0.0,0.0,0.0,0.0,0.0,0.0,0.0,0.0
18,Statement 3,,0.0,0.0,0.0,0.0,0.0,0.0,0.0,0.0,0.0,0.0,0.0,0.0,2023-24,Statement 3 - Budget,0.0,0.0,0.0,0.0,0.0,0.0,0.0,0.0,0.0,24.0,Department of Rural Development,Centrally Sponsored Schemes,2.0,0.0,0.0,0.0,0.0,0.0,0.0,0.0,0.0,0.0,135538.73,0.0,135538.73,87.0,160201.64,0.0,160201.64,180799.33,0.0,180799.33,157252.49,0.0,157252.49,,0.0,0.0,0.0,0.0,0.0,0.0,0.0,0.0,0.0,0.0,0.0,0.0
18,Statement 3,,0.0,0.0,0.0,0.0,0.0,0.0,0.0,0.0,0.0,0.0,0.0,0.0,2023-24,Statement 3 - Budget,0.0,0.0,0.0,0.0,0.0,0.0,0.0,0.0,0.0,24.0,Department of Rural Development,Establishment Expenditure of the Centre,3.0,0.0,0.0,0.0,0.0,0.0,0.0,0.0,0.0,0.0,57.9,0.0,57.9,87.0,72.13,0.0,72.13,81.66,0.0,81.66,60.5,3.52,64.02,,0.0,0.0,0.0,0.0,0.0,0.0,0.0,0.0,0.0,0.0,0.0,0.0
18,Statement 3,,0.0,0.0,0.0,0.0,0.0,0.0,0.0,0.0,0.0,0.0,0.0,0.0,2023-24,Statement 3 - Budget,0.0,0.0,0.0,0.0,0.0,0.0,0.0,0.0,0.0,24.0,Department of Rural Development,Other Central Sector Expenditure,4.0,0.0,0.0,0.0,0.0,0.0,0.0,0.0,0.0,0.0,135.46,0.0,135.46,87.0,-45.14,0.0,-45.14,114.59,0.0,114.59,115.0,0.0,115.0,,0.0,0.0,0.0,0.0,0.0,0.0,0.0,0.0,0.0,0.0,0.0,0.0
18,Statement 3,,0.0,0.0,0.0,0.0,0.0,0.0,0.0,0.0,0.0,0.0,0.0,0.0,2023-24,Statement 3 - Budget,0.0,0.0,0.0,0.0,0.0,0.0,0.0,0.0,0.0,24.0,Department of Rural Development,TOTAL,0.0,0.0,0.0,0.0,0.0,0.0,0.0,0.0,0.0,0.0,0.0,0.0,135944.29,87.0,0.0,0.0,160433.46,0.0,0.0,181121.8,0.0,0.0,157545.0,,0.0,0.0,0.0,0.0,0.0,0.0,0.0,0.0,0.0,0.0,0.0,0.0
18,Statement 3,,0.0,0.0,0.0,0.0,0.0,0.0,0.0,0.0,0.0,0.0,0.0,0.0,2023-24,Statement 3 - Budget,0.0,0.0,0.0,0.0,0.0,0.0,0.0,0.0,0.0,24.0,Department of Land Resources,TOTAL / Ministry,0.0,0.0,0.0,0.0,0.0,0.0,0.0,0.0,0.0,0.0,2259.34,0.0,2259.34,88.0,1209.87,0.0,1209.87,1260.0,0.0,1260.0,2417.97,1.26,2419.23,,0.0,0.0,0.0,0.0,0.0,0.0,0.0,0.0,0.0,0.0,0.0,0.0
18,Statement 3,,0.0,0.0,0.0,0.0,0.0,0.0,0.0,0.0,0.0,0.0,0.0,0.0,2023-24,Statement 3 - Budget,0.0,0.0,0.0,0.0,0.0,0.0,0.0,0.0,0.0,24.0,Department of Land Resources,Central Sector Schemes/Projects,1.0,0.0,0.0,0.0,0.0,0.0,0.0,0.0,0.0,0.0,239.25,0.0,239.25,88.0,250.02,0.0,250.02,239.25,0.0,239.25,195.75,0.0,195.75,,0.0,0.0,0.0,0.0,0.0,0.0,0.0,0.0,0.0,0.0,0.0,0.0
18,Statement 3,,0.0,0.0,0.0,0.0,0.0,0.0,0.0,0.0,0.0,0.0,0.0,0.0,2023-24,Statement 3 - Budget,0.0,0.0,0.0,0.0,0.0,0.0,0.0,0.0,0.0,24.0,Department of Land Resources,Centrally Sponsored Schemes,2.0,0.0,0.0,0.0,0.0,0.0,0.0,0.0,0.0,0.0,2000.0,0.0,2000.0,88.0,941.03,0.0,941.03,1000.08,0.0,1000.08,2200.0,0.0,2200.0,,0.0,0.0,0.0,0.0,0.0,0.0,0.0,0.0,0.0,0.0,0.0,0.0
18,Statement 3,,0.0,0.0,0.0,0.0,0.0,0.0,0.0,0.0,0.0,0.0,0.0,0.0,2023-24,Statement 3 - Budget,0.0,0.0,0.0,0.0,0.0,0.0,0.0,0.0,0.0,24.0,Department of Land Resources,Establishment Expenditure of the Centre,3.0,0.0,0.0,0.0,0.0,0.0,0.0,0.0,0.0,0.0,20.09,0.0,20.09,88.0,18.82,0.0,18.82,20.67,0.0,20.67,22.22,1.26,23.48,,0.0,0.0,0.0,0.0,0.0,0.0,0.0,0.0,0.0,0.0,0.0,0.0
18,Statement 3,,0.0,0.0,0.0,0.0,0.0,0.0,0.0,0.0,0.0,0.0,0.0,0.0,2023-24,Statement 3 - Budget,0.0,0.0,0.0,0.0,0.0,0.0,0.0,0.0,0.0,24.0,Department of Land Resources,TOTAL,0.0,0.0,0.0,0.0,0.0,0.0,0.0,0.0,0.0,0.0,0.0,0.0,2259.34,88.0,0.0,0.0,1209.87,0.0,0.0,1260.0,0.0,0.0,2419.23,,0.0,0.0,0.0,0.0,0.0,0.0,0.0,0.0,0.0,0.0,0.0,0.0
18,Statement 3,,0.0,0.0,0.0,0.0,0.0,0.0,0.0,0.0,0.0,0.0,0.0,0.0,2023-24,Statement 3 - Budget,0.0,0.0,0.0,0.0,0.0,0.0,0.0,0.0,0.0,24.0,Department of Science and Technology,TOTAL / Ministry,0.0,0.0,0.0,0.0,0.0,0.0,0.0,0.0,0.0,0.0,5917.3,82.7,6000.0,89.0,5082.79,57.47,5140.26,4862.85,42.12,4904.97,7842.75,88.3,7931.05,,0.0,0.0,0.0,0.0,0.0,0.0,0.0,0.0,0.0,0.0,0.0,0.0
18,Statement 3,,0.0,0.0,0.0,0.0,0.0,0.0,0.0,0.0,0.0,0.0,0.0,0.0,2023-24,Statement 3 - Budget,0.0,0.0,0.0,0.0,0.0,0.0,0.0,0.0,0.0,24.0,Department of Science and Technology,Central Sector Schemes/Projects,1.0,0.0,0.0,0.0,0.0,0.0,0.0,0.0,0.0,0.0,2894.55,0.0,2894.55,89.0,2047.31,0.0,2047.31,1925.0,0.0,1925.0,2777.0,0.0,2777.0,,0.0,0.0,0.0,0.0,0.0,0.0,0.0,0.0,0.0,0.0,0.0,0.0
18,Statement 3,,0.0,0.0,0.0,0.0,0.0,0.0,0.0,0.0,0.0,0.0,0.0,0.0,2023-24,Statement 3 - Budget,0.0,0.0,0.0,0.0,0.0,0.0,0.0,0.0,0.0,24.0,Department of Science and Technology,Establishment Expenditure of the Centre,2.0,0.0,0.0,0.0,0.0,0.0,0.0,0.0,0.0,0.0,619.75,82.7,702.45,89.0,526.5,57.47,583.97,591.64,42.12,633.76,602.75,88.3,691.05,,0.0,0.0,0.0,0.0,0.0,0.0,0.0,0.0,0.0,0.0,0.0,0.0
19,Statement 3,,0.0,0.0,0.0,0.0,0.0,0.0,0.0,0.0,0.0,0.0,0.0,0.0,2023-24,Statement 3 - Budget,0.0,0.0,0.0,0.0,0.0,0.0,0.0,0.0,0.0,25.0,Department of Science and Technology,EXPENDITURE OF MINISTRIES AND DEPARTMENTS 3. Other Central Sector Expenditure,0.0,0.0,0.0,0.0,0.0,0.0,0.0,0.0,0.0,0.0,2403.0,0.0,2403.0,89.0,2508.98,0.0,2508.98,2346.21,0.0,2346.21,4463.0,0.0,4463.0,,0.0,0.0,0.0,0.0,0.0,0.0,0.0,0.0,0.0,0.0,0.0,0.0
19,Statement 3,,0.0,0.0,0.0,0.0,0.0,0.0,0.0,0.0,0.0,0.0,0.0,0.0,2023-24,Statement 3 - Budget,0.0,0.0,0.0,0.0,0.0,0.0,0.0,0.0,0.0,25.0,Department of Science and Technology,TOTAL,0.0,0.0,0.0,0.0,0.0,0.0,0.0,0.0,0.0,0.0,0.0,0.0,6000.0,89.0,0.0,0.0,5140.26,0.0,0.0,4904.97,0.0,0.0,7931.05,,0.0,0.0,0.0,0.0,0.0,0.0,0.0,0.0,0.0,0.0,0.0,0.0
19,Statement 3,,0.0,0.0,0.0,0.0,0.0,0.0,0.0,0.0,0.0,0.0,0.0,0.0,2023-24,Statement 3 - Budget,0.0,0.0,0.0,0.0,0.0,0.0,0.0,0.0,0.0,25.0,Department of Biotechnology,TOTAL / Ministry,0.0,0.0,0.0,0.0,0.0,0.0,0.0,0.0,0.0,0.0,2581.0,0.0,2581.0,90.0,2850.73,0.0,2850.73,2192.92,0.0,2192.92,2683.86,0.0,2683.86,,0.0,0.0,0.0,0.0,0.0,0.0,0.0,0.0,0.0,0.0,0.0,0.0
19,Statement 3,,0.0,0.0,0.0,0.0,0.0,0.0,0.0,0.0,0.0,0.0,0.0,0.0,2023-24,Statement 3 - Budget,0.0,0.0,0.0,0.0,0.0,0.0,0.0,0.0,0.0,25.0,Department of Biotechnology,Central Sector Schemes/Projects,1.0,0.0,0.0,0.0,0.0,0.0,0.0,0.0,0.0,0.0,1680.0,0.0,1680.0,90.0,2131.09,0.0,2131.09,1250.0,0.0,1250.0,1645.0,0.0,1645.0,,0.0,0.0,0.0,0.0,0.0,0.0,0.0,0.0,0.0,0.0,0.0,0.0
19,Statement 3,,0.0,0.0,0.0,0.0,0.0,0.0,0.0,0.0,0.0,0.0,0.0,0.0,2023-24,Statement 3 - Budget,0.0,0.0,0.0,0.0,0.0,0.0,0.0,0.0,0.0,25.0,Department of Biotechnology,Establishment Expenditure of the Centre,2.0,0.0,0.0,0.0,0.0,0.0,0.0,0.0,0.0,0.0,35.18,0.0,35.18,90.0,31.16,0.0,31.16,36.85,0.0,36.85,46.39,0.0,46.39,,0.0,0.0,0.0,0.0,0.0,0.0,0.0,0.0,0.0,0.0,0.0,0.0
19,Statement 3,,0.0,0.0,0.0,0.0,0.0,0.0,0.0,0.0,0.0,0.0,0.0,0.0,2023-24,Statement 3 - Budget,0.0,0.0,0.0,0.0,0.0,0.0,0.0,0.0,0.0,25.0,Department of Biotechnology,Other Central Sector Expenditure,3.0,0.0,0.0,0.0,0.0,0.0,0.0,0.0,0.0,0.0,865.82,0.0,865.82,90.0,688.48,0.0,688.48,906.07,0.0,906.07,992.47,0.0,992.47,,0.0,0.0,0.0,0.0,0.0,0.0,0.0,0.0,0.0,0.0,0.0,0.0
19,Statement 3,,0.0,0.0,0.0,0.0,0.0,0.0,0.0,0.0,0.0,0.0,0.0,0.0,2023-24,Statement 3 - Budget,0.0,0.0,0.0,0.0,0.0,0.0,0.0,0.0,0.0,25.0,Department of Biotechnology,TOTAL,0.0,0.0,0.0,0.0,0.0,0.0,0.0,0.0,0.0,0.0,0.0,0.0,2581.0,90.0,0.0,0.0,2850.73,0.0,0.0,2192.92,0.0,0.0,2683.86,,0.0,0.0,0.0,0.0,0.0,0.0,0.0,0.0,0.0,0.0,0.0,0.0
19,Statement 3,,0.0,0.0,0.0,0.0,0.0,0.0,0.0,0.0,0.0,0.0,0.0,0.0,2023-24,Statement 3 - Budget,0.0,0.0,0.0,0.0,0.0,0.0,0.0,0.0,0.0,25.0,Department of Scientific and Industrial Research,TOTAL / Ministry,0.0,0.0,0.0,0.0,0.0,0.0,0.0,0.0,0.0,0.0,5623.96,12.5,5636.46,91.0,5112.35,10.64,5122.99,5937.61,4.0,5941.61,5737.05,9.46,5746.51,,0.0,0.0,0.0,0.0,0.0,0.0,0.0,0.0,0.0,0.0,0.0,0.0
19,Statement 3,,0.0,0.0,0.0,0.0,0.0,0.0,0.0,0.0,0.0,0.0,0.0,0.0,2023-24,Statement 3 - Budget,0.0,0.0,0.0,0.0,0.0,0.0,0.0,0.0,0.0,25.0,Department of Scientific and Industrial Research,Central Sector Schemes/Projects,1.0,0.0,0.0,0.0,0.0,0.0,0.0,0.0,0.0,0.0,37.0,2.0,39.0,91.0,29.53,0.6,30.13,40.18,3.5,43.68,36.63,8.4,45.03,,0.0,0.0,0.0,0.0,0.0,0.0,0.0,0.0,0.0,0.0,0.0,0.0
19,Statement 3,,0.0,0.0,0.0,0.0,0.0,0.0,0.0,0.0,0.0,0.0,0.0,0.0,2023-24,Statement 3 - Budget,0.0,0.0,0.0,0.0,0.0,0.0,0.0,0.0,0.0,25.0,Department of Scientific and Industrial Research,Establishment Expenditure of the Centre,2.0,0.0,0.0,0.0,0.0,0.0,0.0,0.0,0.0,0.0,17.7,10.0,27.7,91.0,13.44,10.0,23.44,16.44,0.0,16.44,17.91,0.56,18.47,,0.0,0.0,0.0,0.0,0.0,0.0,0.0,0.0,0.0,0.0,0.0,0.0
19,Statement 3,,0.0,0.0,0.0,0.0,0.0,0.0,0.0,0.0,0.0,0.0,0.0,0.0,2023-24,Statement 3 - Budget,0.0,0.0,0.0,0.0,0.0,0.0,0.0,0.0,0.0,25.0,Department of Scientific and Industrial Research,Other Central Sector Expenditure,3.0,0.0,0.0,0.0,0.0,0.0,0.0,0.0,0.0,0.0,5569.26,0.5,5569.76,91.0,5069.38,0.04,5069.42,5880.99,0.5,5881.49,5682.51,0.5,5683.01,,0.0,0.0,0.0,0.0,0.0,0.0,0.0,0.0,0.0,0.0,0.0,0.0
19,Statement 3,,0.0,0.0,0.0,0.0,0.0,0.0,0.0,0.0,0.0,0.0,0.0,0.0,2023-24,Statement 3 - Budget,0.0,0.0,0.0,0.0,0.0,0.0,0.0,0.0,0.0,25.0,Department of Scientific and Industrial Research,TOTAL,0.0,0.0,0.0,0.0,0.0,0.0,0.0,0.0,0.0,0.0,0.0,0.0,5636.46,91.0,0.0,0.0,5122.99,0.0,0.0,5941.61,0.0,0.0,5746.51,,0.0,0.0,0.0,0.0,0.0,0.0,0.0,0.0,0.0,0.0,0.0,0.0
19,Statement 3,,0.0,0.0,0.0,0.0,0.0,0.0,0.0,0.0,0.0,0.0,0.0,0.0,2023-24,Statement 3 - Budget,0.0,0.0,0.0,0.0,0.0,0.0,0.0,0.0,0.0,25.0,Ministry of Skill Development and Entrepreneurship,TOTAL / Ministry,0.0,0.0,0.0,0.0,0.0,0.0,0.0,0.0,0.0,0.0,2847.54,151.46,2999.0,92.0,2029.17,91.97,2121.14,1829.64,72.07,1901.71,3418.07,99.24,3517.31,,0.0,0.0,0.0,0.0,0.0,0.0,0.0,0.0,0.0,0.0,0.0,0.0
19,Statement 3,,0.0,0.0,0.0,0.0,0.0,0.0,0.0,0.0,0.0,0.0,0.0,0.0,2023-24,Statement 3 - Budget,0.0,0.0,0.0,0.0,0.0,0.0,0.0,0.0,0.0,25.0,Ministry of Skill Development and Entrepreneurship,Central Sector Schemes/Projects,1.0,0.0,0.0,0.0,0.0,0.0,0.0,0.0,0.0,0.0,0.0,0.0,0.0,92.0,0.0,0.0,0.0,0.0,0.0,0.0,2278.37,0.0,2278.37,,0.0,0.0,0.0,0.0,0.0,0.0,0.0,0.0,0.0,0.0,0.0,0.0
19,Statement 3,,0.0,0.0,0.0,0.0,0.0,0.0,0.0,0.0,0.0,0.0,0.0,0.0,2023-24,Statement 3 - Budget,0.0,0.0,0.0,0.0,0.0,0.0,0.0,0.0,0.0,25.0,Ministry of Skill Development and Entrepreneurship,Centrally Sponsored Schemes,2.0,0.0,0.0,0.0,0.0,0.0,0.0,0.0,0.0,0.0,2613.07,0.17,2613.24,92.0,1844.33,0.03,1844.36,1611.53,0.07,1611.6,894.46,0.0,894.46,,0.0,0.0,0.0,0.0,0.0,0.0,0.0,0.0,0.0,0.0,0.0,0.0
19,Statement 3,,0.0,0.0,0.0,0.0,0.0,0.0,0.0,0.0,0.0,0.0,0.0,0.0,2023-24,Statement 3 - Budget,0.0,0.0,0.0,0.0,0.0,0.0,0.0,0.0,0.0,25.0,Ministry of Skill Development and Entrepreneurship,Establishment Expenditure of the Centre,3.0,0.0,0.0,0.0,0.0,0.0,0.0,0.0,0.0,0.0,234.47,151.29,385.76,92.0,188.84,91.94,280.78,218.11,72.0,290.11,222.99,99.24,322.23,,0.0,0.0,0.0,0.0,0.0,0.0,0.0,0.0,0.0,0.0,0.0,0.0
19,Statement 3,,0.0,0.0,0.0,0.0,0.0,0.0,0.0,0.0,0.0,0.0,0.0,0.0,2023-24,Statement 3 - Budget,0.0,0.0,0.0,0.0,0.0,0.0,0.0,0.0,0.0,25.0,Ministry of Skill Development and Entrepreneurship,Other Central Sector Expenditure,4.0,0.0,0.0,0.0,0.0,0.0,0.0,0.0,0.0,0.0,0.0,0.0,0.0,92.0,-4.0,0.0,-4.0,0.0,0.0,0.0,22.25,0.0,22.25,,0.0,0.0,0.0,0.0,0.0,0.0,0.0,0.0,0.0,0.0,0.0,0.0
19,Statement 3,,0.0,0.0,0.0,0.0,0.0,0.0,0.0,0.0,0.0,0.0,0.0,0.0,2023-24,Statement 3 - Budget,0.0,0.0,0.0,0.0,0.0,0.0,0.0,0.0,0.0,25.0,Ministry of Skill Development and Entrepreneurship,TOTAL,0.0,0.0,0.0,0.0,0.0,0.0,0.0,0.0,0.0,0.0,0.0,0.0,2999.0,92.0,0.0,0.0,2121.14,0.0,0.0,1901.71,0.0,0.0,3517.31,,0.0,0.0,0.0,0.0,0.0,0.0,0.0,0.0,0.0,0.0,0.0,0.0
19,Statement 3,,0.0,0.0,0.0,0.0,0.0,0.0,0.0,0.0,0.0,0.0,0.0,0.0,2023-24,Statement 3 - Budget,0.0,0.0,0.0,0.0,0.0,0.0,0.0,0.0,0.0,25.0,Department of Social Justice and Empowerment,TOTAL / Ministry,0.0,0.0,0.0,0.0,0.0,0.0,0.0,0.0,0.0,0.0,11687.51,235.0,11922.51,93.0,7340.22,95.0,7435.22,11549.91,110.03,11659.94,12706.97,140.05,12847.02,,0.0,0.0,0.0,0.0,0.0,0.0,0.0,0.0,0.0,0.0,0.0,0.0
19,Statement 3,,0.0,0.0,0.0,0.0,0.0,0.0,0.0,0.0,0.0,0.0,0.0,0.0,2023-24,Statement 3 - Budget,0.0,0.0,0.0,0.0,0.0,0.0,0.0,0.0,0.0,25.0,Department of Social Justice and Empowerment,Central Sector Schemes/Projects,1.0,0.0,0.0,0.0,0.0,0.0,0.0,0.0,0.0,0.0,859.5,110.0,969.5,93.0,518.7,90.0,608.7,1709.52,110.0,1819.52,884.86,92.0,976.86,,0.0,0.0,0.0,0.0,0.0,0.0,0.0,0.0,0.0,0.0,0.0,0.0
19,Statement 3,,0.0,0.0,0.0,0.0,0.0,0.0,0.0,0.0,0.0,0.0,0.0,0.0,2023-24,Statement 3 - Budget,0.0,0.0,0.0,0.0,0.0,0.0,0.0,0.0,0.0,25.0,Department of Social Justice and Empowerment,Centrally Sponsored Schemes,2.0,0.0,0.0,0.0,0.0,0.0,0.0,0.0,0.0,0.0,10641.01,0.0,10641.01,93.0,6699.28,0.0,6699.28,9643.39,0.0,9643.39,11603.11,0.0,11603.11,,0.0,0.0,0.0,0.0,0.0,0.0,0.0,0.0,0.0,0.0,0.0,0.0
19,Statement 3,,0.0,0.0,0.0,0.0,0.0,0.0,0.0,0.0,0.0,0.0,0.0,0.0,2023-24,Statement 3 - Budget,0.0,0.0,0.0,0.0,0.0,0.0,0.0,0.0,0.0,25.0,Department of Social Justice and Empowerment,Establishment Expenditure of the Centre,3.0,0.0,0.0,0.0,0.0,0.0,0.0,0.0,0.0,0.0,127.0,0.0,127.0,93.0,93.56,0.0,93.56,127.0,0.0,127.0,139.0,8.05,147.05,,0.0,0.0,0.0,0.0,0.0,0.0,0.0,0.0,0.0,0.0,0.0,0.0
19,Statement 3,,0.0,0.0,0.0,0.0,0.0,0.0,0.0,0.0,0.0,0.0,0.0,0.0,2023-24,Statement 3 - Budget,0.0,0.0,0.0,0.0,0.0,0.0,0.0,0.0,0.0,25.0,Department of Social Justice and Empowerment,Other Central Sector Expenditure,4.0,0.0,0.0,0.0,0.0,0.0,0.0,0.0,0.0,0.0,60.0,125.0,185.0,93.0,28.68,5.0,33.68,70.0,0.03,70.03,80.0,40.0,120.0,,0.0,0.0,0.0,0.0,0.0,0.0,0.0,0.0,0.0,0.0,0.0,0.0
19,Statement 3,,0.0,0.0,0.0,0.0,0.0,0.0,0.0,0.0,0.0,0.0,0.0,0.0,2023-24,Statement 3 - Budget,0.0,0.0,0.0,0.0,0.0,0.0,0.0,0.0,0.0,25.0,Department of Social Justice and Empowerment,TOTAL,0.0,0.0,0.0,0.0,0.0,0.0,0.0,0.0,0.0,0.0,0.0,0.0,11922.51,93.0,0.0,0.0,7435.22,0.0,0.0,11659.94,0.0,0.0,12847.02,,0.0,0.0,0.0,0.0,0.0,0.0,0.0,0.0,0.0,0.0,0.0,0.0
19,Statement 3,,0.0,0.0,0.0,0.0,0.0,0.0,0.0,0.0,0.0,0.0,0.0,0.0,2023-24,Statement 3 - Budget,0.0,0.0,0.0,0.0,0.0,0.0,0.0,0.0,0.0,25.0,Department of Empowerment of Persons with Disabilities,TOTAL / Ministry,0.0,0.0,0.0,0.0,0.0,0.0,0.0,0.0,0.0,0.0,1212.41,0.01,1212.42,94.0,1007.14,0.0,1007.14,1015.98,0.0,1015.98,1224.09,1.06,1225.15,,0.0,0.0,0.0,0.0,0.0,0.0,0.0,0.0,0.0,0.0,0.0,0.0
19,Statement 3,,0.0,0.0,0.0,0.0,0.0,0.0,0.0,0.0,0.0,0.0,0.0,0.0,2023-24,Statement 3 - Budget,0.0,0.0,0.0,0.0,0.0,0.0,0.0,0.0,0.0,25.0,Department of Empowerment of Persons with Disabilities,Central Sector Schemes/Projects,1.0,0.0,0.0,0.0,0.0,0.0,0.0,0.0,0.0,0.0,740.39,0.0,740.39,94.0,556.49,0.0,556.49,580.0,0.0,580.0,680.0,0.0,680.0,,0.0,0.0,0.0,0.0,0.0,0.0,0.0,0.0,0.0,0.0,0.0,0.0
20,Statement 3,,0.0,0.0,0.0,0.0,0.0,0.0,0.0,0.0,0.0,0.0,0.0,0.0,2023-24,Statement 3 - Budget,0.0,0.0,0.0,0.0,0.0,0.0,0.0,0.0,0.0,26.0,Department of Empowerment of Persons with Disabilities,EXPENDITURE OF MINISTRIES AND DEPARTMENTS 2. Establishment Expenditure of the Centre,0.0,0.0,0.0,0.0,0.0,0.0,0.0,0.0,0.0,0.0,40.5,0.0,40.5,94.0,28.16,0.0,28.16,33.58,0.0,33.58,41.67,1.05,42.72,,0.0,0.0,0.0,0.0,0.0,0.0,0.0,0.0,0.0,0.0,0.0,0.0
20,Statement 3,,0.0,0.0,0.0,0.0,0.0,0.0,0.0,0.0,0.0,0.0,0.0,0.0,2023-24,Statement 3 - Budget,0.0,0.0,0.0,0.0,0.0,0.0,0.0,0.0,0.0,26.0,Department of Empowerment of Persons with Disabilities,Other Central Sector Expenditure,3.0,0.0,0.0,0.0,0.0,0.0,0.0,0.0,0.0,0.0,431.52,0.01,431.53,94.0,422.49,0.0,422.49,402.4,0.0,402.4,502.42,0.01,502.43,,0.0,0.0,0.0,0.0,0.0,0.0,0.0,0.0,0.0,0.0,0.0,0.0
20,Statement 3,,0.0,0.0,0.0,0.0,0.0,0.0,0.0,0.0,0.0,0.0,0.0,0.0,2023-24,Statement 3 - Budget,0.0,0.0,0.0,0.0,0.0,0.0,0.0,0.0,0.0,26.0,Department of Empowerment of Persons with Disabilities,TOTAL,0.0,0.0,0.0,0.0,0.0,0.0,0.0,0.0,0.0,0.0,0.0,0.0,1212.42,94.0,0.0,0.0,1007.14,0.0,0.0,1015.98,0.0,0.0,1225.15,,0.0,0.0,0.0,0.0,0.0,0.0,0.0,0.0,0.0,0.0,0.0,0.0
20,Statement 3,,0.0,0.0,0.0,0.0,0.0,0.0,0.0,0.0,0.0,0.0,0.0,0.0,2023-24,Statement 3 - Budget,0.0,0.0,0.0,0.0,0.0,0.0,0.0,0.0,0.0,26.0,Department of Space,TOTAL / Ministry,0.0,0.0,0.0,0.0,0.0,0.0,0.0,0.0,0.0,0.0,6234.4,7465.6,13700.0,95.0,5571.98,6901.86,12473.84,5976.89,4553.15,10530.04,6187.1,6356.81,12543.91,,0.0,0.0,0.0,0.0,0.0,0.0,0.0,0.0,0.0,0.0,0.0,0.0
20,Statement 3,,0.0,0.0,0.0,0.0,0.0,0.0,0.0,0.0,0.0,0.0,0.0,0.0,2023-24,Statement 3 - Budget,0.0,0.0,0.0,0.0,0.0,0.0,0.0,0.0,0.0,26.0,Department of Space,Central Sector Schemes/Projects,1.0,0.0,0.0,0.0,0.0,0.0,0.0,0.0,0.0,0.0,5193.7,7448.3,12642.0,95.0,4609.26,6003.32,10612.58,5238.93,4540.2,9779.13,5382.05,6287.36,11669.41,,0.0,0.0,0.0,0.0,0.0,0.0,0.0,0.0,0.0,0.0,0.0,0.0
20,Statement 3,,0.0,0.0,0.0,0.0,0.0,0.0,0.0,0.0,0.0,0.0,0.0,0.0,2023-24,Statement 3 - Budget,0.0,0.0,0.0,0.0,0.0,0.0,0.0,0.0,0.0,26.0,Department of Space,Establishment Expenditure of the Centre,2.0,0.0,0.0,0.0,0.0,0.0,0.0,0.0,0.0,0.0,242.7,16.3,259.0,95.0,213.73,5.03,218.76,322.95,12.95,335.9,382.46,68.45,450.91,,0.0,0.0,0.0,0.0,0.0,0.0,0.0,0.0,0.0,0.0,0.0,0.0
20,Statement 3,,0.0,0.0,0.0,0.0,0.0,0.0,0.0,0.0,0.0,0.0,0.0,0.0,2023-24,Statement 3 - Budget,0.0,0.0,0.0,0.0,0.0,0.0,0.0,0.0,0.0,26.0,Department of Space,Other Central Sector Expenditure,3.0,0.0,0.0,0.0,0.0,0.0,0.0,0.0,0.0,0.0,798.0,1.0,799.0,95.0,748.99,893.51,1642.5,415.01,0.0,415.01,422.59,1.0,423.59,,0.0,0.0,0.0,0.0,0.0,0.0,0.0,0.0,0.0,0.0,0.0,0.0
20,Statement 3,,0.0,0.0,0.0,0.0,0.0,0.0,0.0,0.0,0.0,0.0,0.0,0.0,2023-24,Statement 3 - Budget,0.0,0.0,0.0,0.0,0.0,0.0,0.0,0.0,0.0,26.0,Department of Space,TOTAL,0.0,0.0,0.0,0.0,0.0,0.0,0.0,0.0,0.0,0.0,0.0,0.0,13700.0,95.0,0.0,0.0,12473.84,0.0,0.0,10530.04,0.0,0.0,12543.91,,0.0,0.0,0.0,0.0,0.0,0.0,0.0,0.0,0.0,0.0,0.0,0.0
20,Statement 3,,0.0,0.0,0.0,0.0,0.0,0.0,0.0,0.0,0.0,0.0,0.0,0.0,2023-24,Statement 3 - Budget,0.0,0.0,0.0,0.0,0.0,0.0,0.0,0.0,0.0,26.0,Ministry of Statistics and Programme Implementation,TOTAL / Ministry,0.0,0.0,0.0,0.0,0.0,0.0,0.0,0.0,0.0,0.0,5378.08,20.0,5398.08,96.0,2680.49,8.51,2689.0,5165.36,11.73,5177.09,5409.92,33.48,5443.4,,0.0,0.0,0.0,0.0,0.0,0.0,0.0,0.0,0.0,0.0,0.0,0.0
20,Statement 3,,0.0,0.0,0.0,0.0,0.0,0.0,0.0,0.0,0.0,0.0,0.0,0.0,2023-24,Statement 3 - Budget,0.0,0.0,0.0,0.0,0.0,0.0,0.0,0.0,0.0,26.0,Ministry of Statistics and Programme Implementation,Central Sector Schemes/Projects,1.0,0.0,0.0,0.0,0.0,0.0,0.0,0.0,0.0,0.0,4507.11,20.0,4527.11,96.0,1965.32,8.51,1973.83,4300.77,11.73,4312.5,4526.25,32.25,4558.5,,0.0,0.0,0.0,0.0,0.0,0.0,0.0,0.0,0.0,0.0,0.0,0.0
20,Statement 3,,0.0,0.0,0.0,0.0,0.0,0.0,0.0,0.0,0.0,0.0,0.0,0.0,2023-24,Statement 3 - Budget,0.0,0.0,0.0,0.0,0.0,0.0,0.0,0.0,0.0,26.0,Ministry of Statistics and Programme Implementation,Establishment Expenditure of the Centre,2.0,0.0,0.0,0.0,0.0,0.0,0.0,0.0,0.0,0.0,870.97,0.0,870.97,96.0,718.0,0.0,718.0,864.59,0.0,864.59,561.38,1.23,562.61,,0.0,0.0,0.0,0.0,0.0,0.0,0.0,0.0,0.0,0.0,0.0,0.0
20,Statement 3,,0.0,0.0,0.0,0.0,0.0,0.0,0.0,0.0,0.0,0.0,0.0,0.0,2023-24,Statement 3 - Budget,0.0,0.0,0.0,0.0,0.0,0.0,0.0,0.0,0.0,26.0,Ministry of Statistics and Programme Implementation,Other Central Sector Expenditure,3.0,0.0,0.0,0.0,0.0,0.0,0.0,0.0,0.0,0.0,0.0,0.0,0.0,96.0,-2.83,0.0,-2.83,0.0,0.0,0.0,322.29,0.0,322.29,,0.0,0.0,0.0,0.0,0.0,0.0,0.0,0.0,0.0,0.0,0.0,0.0
20,Statement 3,,0.0,0.0,0.0,0.0,0.0,0.0,0.0,0.0,0.0,0.0,0.0,0.0,2023-24,Statement 3 - Budget,0.0,0.0,0.0,0.0,0.0,0.0,0.0,0.0,0.0,26.0,Ministry of Statistics and Programme Implementation,TOTAL,0.0,0.0,0.0,0.0,0.0,0.0,0.0,0.0,0.0,0.0,0.0,0.0,5398.08,96.0,0.0,0.0,2689.0,0.0,0.0,5177.09,0.0,0.0,5443.4,,0.0,0.0,0.0,0.0,0.0,0.0,0.0,0.0,0.0,0.0,0.0,0.0
20,Statement 3,,0.0,0.0,0.0,0.0,0.0,0.0,0.0,0.0,0.0,0.0,0.0,0.0,2023-24,Statement 3 - Budget,0.0,0.0,0.0,0.0,0.0,0.0,0.0,0.0,0.0,26.0,Ministry of Steel,TOTAL / Ministry,0.0,0.0,0.0,0.0,0.0,0.0,0.0,0.0,0.0,0.0,47.0,0.0,47.0,97.0,40.15,0.0,40.15,57.72,0.0,57.72,67.98,2.17,70.15,,0.0,0.0,0.0,0.0,0.0,0.0,0.0,0.0,0.0,0.0,0.0,0.0
20,Statement 3,,0.0,0.0,0.0,0.0,0.0,0.0,0.0,0.0,0.0,0.0,0.0,0.0,2023-24,Statement 3 - Budget,0.0,0.0,0.0,0.0,0.0,0.0,0.0,0.0,0.0,26.0,Ministry of Steel,Central Sector Schemes/Projects,1.0,0.0,0.0,0.0,0.0,0.0,0.0,0.0,0.0,0.0,4.49,0.0,4.49,97.0,6.13,0.0,6.13,16.49,0.0,16.49,24.0,0.0,24.0,,0.0,0.0,0.0,0.0,0.0,0.0,0.0,0.0,0.0,0.0,0.0,0.0
20,Statement 3,,0.0,0.0,0.0,0.0,0.0,0.0,0.0,0.0,0.0,0.0,0.0,0.0,2023-24,Statement 3 - Budget,0.0,0.0,0.0,0.0,0.0,0.0,0.0,0.0,0.0,26.0,Ministry of Steel,Establishment Expenditure of the Centre,2.0,0.0,0.0,0.0,0.0,0.0,0.0,0.0,0.0,0.0,40.51,0.0,40.51,97.0,33.54,0.0,33.54,39.25,0.0,39.25,41.47,2.17,43.64,,0.0,0.0,0.0,0.0,0.0,0.0,0.0,0.0,0.0,0.0,0.0,0.0
20,Statement 3,,0.0,0.0,0.0,0.0,0.0,0.0,0.0,0.0,0.0,0.0,0.0,0.0,2023-24,Statement 3 - Budget,0.0,0.0,0.0,0.0,0.0,0.0,0.0,0.0,0.0,26.0,Ministry of Steel,Other Central Sector Expenditure,3.0,0.0,0.0,0.0,0.0,0.0,0.0,0.0,0.0,0.0,2.0,0.0,2.0,97.0,0.48,0.0,0.48,1.98,0.0,1.98,2.51,0.0,2.51,,0.0,0.0,0.0,0.0,0.0,0.0,0.0,0.0,0.0,0.0,0.0,0.0
20,Statement 3,,0.0,0.0,0.0,0.0,0.0,0.0,0.0,0.0,0.0,0.0,0.0,0.0,2023-24,Statement 3 - Budget,0.0,0.0,0.0,0.0,0.0,0.0,0.0,0.0,0.0,26.0,Ministry of Steel,TOTAL,0.0,0.0,0.0,0.0,0.0,0.0,0.0,0.0,0.0,0.0,0.0,0.0,47.0,97.0,0.0,0.0,40.15,0.0,0.0,57.72,0.0,0.0,70.15,,0.0,0.0,0.0,0.0,0.0,0.0,0.0,0.0,0.0,0.0,0.0,0.0
20,Statement 3,,0.0,0.0,0.0,0.0,0.0,0.0,0.0,0.0,0.0,0.0,0.0,0.0,2023-24,Statement 3 - Budget,0.0,0.0,0.0,0.0,0.0,0.0,0.0,0.0,0.0,26.0,Ministry of Textiles,TOTAL / Ministry,0.0,0.0,0.0,0.0,0.0,0.0,0.0,0.0,0.0,0.0,12357.11,25.03,12382.14,98.0,10948.47,111.34,11059.81,3548.08,31.53,3579.61,4362.53,26.81,4389.34,,0.0,0.0,0.0,0.0,0.0,0.0,0.0,0.0,0.0,0.0,0.0,0.0
20,Statement 3,,0.0,0.0,0.0,0.0,0.0,0.0,0.0,0.0,0.0,0.0,0.0,0.0,2023-24,Statement 3 - Budget,0.0,0.0,0.0,0.0,0.0,0.0,0.0,0.0,0.0,26.0,Ministry of Textiles,Central Sector Schemes/Projects,1.0,0.0,0.0,0.0,0.0,0.0,0.0,0.0,0.0,0.0,12011.92,5.0,12016.92,98.0,10950.78,45.13,10995.91,3178.51,6.5,3185.01,3602.78,1.0,3603.78,,0.0,0.0,0.0,0.0,0.0,0.0,0.0,0.0,0.0,0.0,0.0,0.0
20,Statement 3,,0.0,0.0,0.0,0.0,0.0,0.0,0.0,0.0,0.0,0.0,0.0,0.0,2023-24,Statement 3 - Budget,0.0,0.0,0.0,0.0,0.0,0.0,0.0,0.0,0.0,26.0,Ministry of Textiles,Establishment Expenditure of the Centre,2.0,0.0,0.0,0.0,0.0,0.0,0.0,0.0,0.0,0.0,317.18,20.0,337.18,98.0,81.21,0.0,81.21,344.58,25.0,369.58,351.17,25.78,376.95,,0.0,0.0,0.0,0.0,0.0,0.0,0.0,0.0,0.0,0.0,0.0,0.0
20,Statement 3,,0.0,0.0,0.0,0.0,0.0,0.0,0.0,0.0,0.0,0.0,0.0,0.0,2023-24,Statement 3 - Budget,0.0,0.0,0.0,0.0,0.0,0.0,0.0,0.0,0.0,26.0,Ministry of Textiles,Other Central Sector Expenditure,3.0,0.0,0.0,0.0,0.0,0.0,0.0,0.0,0.0,0.0,28.01,0.03,28.04,98.0,-83.52,66.21,-17.31,24.99,0.03,25.02,408.58,0.03,408.61,,0.0,0.0,0.0,0.0,0.0,0.0,0.0,0.0,0.0,0.0,0.0,0.0
20,Statement 3,,0.0,0.0,0.0,0.0,0.0,0.0,0.0,0.0,0.0,0.0,0.0,0.0,2023-24,Statement 3 - Budget,0.0,0.0,0.0,0.0,0.0,0.0,0.0,0.0,0.0,26.0,Ministry of Textiles,TOTAL,0.0,0.0,0.0,0.0,0.0,0.0,0.0,0.0,0.0,0.0,0.0,0.0,12382.14,98.0,0.0,0.0,11059.81,0.0,0.0,3579.61,0.0,0.0,4389.34,,0.0,0.0,0.0,0.0,0.0,0.0,0.0,0.0,0.0,0.0,0.0,0.0
20,Statement 3,,0.0,0.0,0.0,0.0,0.0,0.0,0.0,0.0,0.0,0.0,0.0,0.0,2023-24,Statement 3 - Budget,0.0,0.0,0.0,0.0,0.0,0.0,0.0,0.0,0.0,26.0,Ministry of Tourism,TOTAL / Ministry,0.0,0.0,0.0,0.0,0.0,0.0,0.0,0.0,0.0,0.0,2400.0,0.0,2400.0,99.0,782.01,0.0,782.01,1343.13,0.0,1343.13,2400.0,0.0,2400.0,,0.0,0.0,0.0,0.0,0.0,0.0,0.0,0.0,0.0,0.0,0.0,0.0
20,Statement 3,,0.0,0.0,0.0,0.0,0.0,0.0,0.0,0.0,0.0,0.0,0.0,0.0,2023-24,Statement 3 - Budget,0.0,0.0,0.0,0.0,0.0,0.0,0.0,0.0,0.0,26.0,Ministry of Tourism,Central Sector Schemes/Projects,1.0,0.0,0.0,0.0,0.0,0.0,0.0,0.0,0.0,0.0,2270.34,0.0,2270.34,99.0,686.84,0.0,686.84,1217.86,0.0,1217.86,2286.22,0.0,2286.22,,0.0,0.0,0.0,0.0,0.0,0.0,0.0,0.0,0.0,0.0,0.0,0.0
20,Statement 3,,0.0,0.0,0.0,0.0,0.0,0.0,0.0,0.0,0.0,0.0,0.0,0.0,2023-24,Statement 3 - Budget,0.0,0.0,0.0,0.0,0.0,0.0,0.0,0.0,0.0,26.0,Ministry of Tourism,Centrally Sponsored Schemes,2.0,0.0,0.0,0.0,0.0,0.0,0.0,0.0,0.0,0.0,5.27,0.0,5.27,99.0,0.0,0.0,0.0,5.27,0.0,5.27,5.27,0.0,5.27,,0.0,0.0,0.0,0.0,0.0,0.0,0.0,0.0,0.0,0.0,0.0,0.0
21,Statement 3,,0.0,0.0,0.0,0.0,0.0,0.0,0.0,0.0,0.0,0.0,0.0,0.0,2023-24,Statement 3 - Budget,0.0,0.0,0.0,0.0,0.0,0.0,0.0,0.0,0.0,27.0,Ministry of Tourism,EXPENDITURE OF MINISTRIES AND DEPARTMENTS 3. Establishment Expenditure of the Centre,0.0,0.0,0.0,0.0,0.0,0.0,0.0,0.0,0.0,0.0,124.39,0.0,124.39,99.0,95.17,0.0,95.17,120.0,0.0,120.0,108.51,0.0,108.51,,0.0,0.0,0.0,0.0,0.0,0.0,0.0,0.0,0.0,0.0,0.0,0.0
21,Statement 3,,0.0,0.0,0.0,0.0,0.0,0.0,0.0,0.0,0.0,0.0,0.0,0.0,2023-24,Statement 3 - Budget,0.0,0.0,0.0,0.0,0.0,0.0,0.0,0.0,0.0,27.0,Ministry of Tourism,TOTAL,0.0,0.0,0.0,0.0,0.0,0.0,0.0,0.0,0.0,0.0,0.0,0.0,2400.0,99.0,0.0,0.0,782.01,0.0,0.0,1343.13,0.0,0.0,2400.0,,0.0,0.0,0.0,0.0,0.0,0.0,0.0,0.0,0.0,0.0,0.0,0.0
21,Statement 3,,0.0,0.0,0.0,0.0,0.0,0.0,0.0,0.0,0.0,0.0,0.0,0.0,2023-24,Statement 3 - Budget,0.0,0.0,0.0,0.0,0.0,0.0,0.0,0.0,0.0,27.0,Ministry of Tribal Affairs,TOTAL / Ministry,0.0,0.0,0.0,0.0,0.0,0.0,0.0,0.0,0.0,0.0,8401.92,50.0,8451.92,100.0,6173.97,0.0,6173.97,7281.0,20.0,7301.0,12414.95,46.93,12461.88,,0.0,0.0,0.0,0.0,0.0,0.0,0.0,0.0,0.0,0.0,0.0,0.0
21,Statement 3,,0.0,0.0,0.0,0.0,0.0,0.0,0.0,0.0,0.0,0.0,0.0,0.0,2023-24,Statement 3 - Budget,0.0,0.0,0.0,0.0,0.0,0.0,0.0,0.0,0.0,27.0,Ministry of Tribal Affairs,Central Sector Schemes/Projects,1.0,0.0,0.0,0.0,0.0,0.0,0.0,0.0,0.0,0.0,2895.53,50.0,2945.53,100.0,1421.16,0.0,1421.16,2427.28,20.0,2447.28,6588.49,30.0,6618.49,,0.0,0.0,0.0,0.0,0.0,0.0,0.0,0.0,0.0,0.0,0.0,0.0
21,Statement 3,,0.0,0.0,0.0,0.0,0.0,0.0,0.0,0.0,0.0,0.0,0.0,0.0,2023-24,Statement 3 - Budget,0.0,0.0,0.0,0.0,0.0,0.0,0.0,0.0,0.0,27.0,Ministry of Tribal Affairs,Centrally Sponsored Schemes,2.0,0.0,0.0,0.0,0.0,0.0,0.0,0.0,0.0,0.0,4111.38,0.0,4111.38,100.0,3779.16,0.0,3779.16,3874.02,0.0,3874.02,4295.4,0.0,4295.4,,0.0,0.0,0.0,0.0,0.0,0.0,0.0,0.0,0.0,0.0,0.0,0.0
21,Statement 3,,0.0,0.0,0.0,0.0,0.0,0.0,0.0,0.0,0.0,0.0,0.0,0.0,2023-24,Statement 3 - Budget,0.0,0.0,0.0,0.0,0.0,0.0,0.0,0.0,0.0,27.0,Ministry of Tribal Affairs,Establishment Expenditure of the Centre,3.0,0.0,0.0,0.0,0.0,0.0,0.0,0.0,0.0,0.0,45.0,0.0,45.0,100.0,50.2,0.0,50.2,54.7,0.0,54.7,58.95,1.93,60.88,,0.0,0.0,0.0,0.0,0.0,0.0,0.0,0.0,0.0,0.0,0.0,0.0
21,Statement 3,,0.0,0.0,0.0,0.0,0.0,0.0,0.0,0.0,0.0,0.0,0.0,0.0,2023-24,Statement 3 - Budget,0.0,0.0,0.0,0.0,0.0,0.0,0.0,0.0,0.0,27.0,Ministry of Tribal Affairs,Other Central Sector Expenditure,4.0,0.0,0.0,0.0,0.0,0.0,0.0,0.0,0.0,0.0,0.0,0.0,0.0,100.0,0.0,0.0,0.0,0.0,0.0,0.0,0.0,15.0,15.0,,0.0,0.0,0.0,0.0,0.0,0.0,0.0,0.0,0.0,0.0,0.0,0.0
21,Statement 3,,0.0,0.0,0.0,0.0,0.0,0.0,0.0,0.0,0.0,0.0,0.0,0.0,2023-24,Statement 3 - Budget,0.0,0.0,0.0,0.0,0.0,0.0,0.0,0.0,0.0,27.0,Ministry of Tribal Affairs,Other Grants/Loans/Transfers,5.0,0.0,0.0,0.0,0.0,0.0,0.0,0.0,0.0,0.0,1350.01,0.0,1350.01,100.0,923.45,0.0,923.45,925.0,0.0,925.0,1472.11,0.0,1472.11,,0.0,0.0,0.0,0.0,0.0,0.0,0.0,0.0,0.0,0.0,0.0,0.0
21,Statement 3,,0.0,0.0,0.0,0.0,0.0,0.0,0.0,0.0,0.0,0.0,0.0,0.0,2023-24,Statement 3 - Budget,0.0,0.0,0.0,0.0,0.0,0.0,0.0,0.0,0.0,27.0,Ministry of Tribal Affairs,TOTAL,0.0,0.0,0.0,0.0,0.0,0.0,0.0,0.0,0.0,0.0,0.0,0.0,8451.92,100.0,0.0,0.0,6173.97,0.0,0.0,7301.0,0.0,0.0,12461.88,,0.0,0.0,0.0,0.0,0.0,0.0,0.0,0.0,0.0,0.0,0.0,0.0
21,Statement 3,,0.0,0.0,0.0,0.0,0.0,0.0,0.0,0.0,0.0,0.0,0.0,0.0,2023-24,Statement 3 - Budget,0.0,0.0,0.0,0.0,0.0,0.0,0.0,0.0,0.0,27.0,Ministry of Women and Child Development,TOTAL / Ministry,0.0,0.0,0.0,0.0,0.0,0.0,0.0,0.0,0.0,0.0,25170.28,2.0,25172.28,101.0,21654.57,0.0,21654.57,23910.69,2.0,23912.69,25443.67,5.08,25448.75,,0.0,0.0,0.0,0.0,0.0,0.0,0.0,0.0,0.0,0.0,0.0,0.0
21,Statement 3,,0.0,0.0,0.0,0.0,0.0,0.0,0.0,0.0,0.0,0.0,0.0,0.0,2023-24,Statement 3 - Budget,0.0,0.0,0.0,0.0,0.0,0.0,0.0,0.0,0.0,27.0,Ministry of Women and Child Development,Centrally Sponsored Schemes,1.0,0.0,0.0,0.0,0.0,0.0,0.0,0.0,0.0,0.0,24937.35,2.0,24939.35,101.0,21428.81,0.0,21428.81,23661.0,2.0,23663.0,25188.44,2.0,25190.44,,0.0,0.0,0.0,0.0,0.0,0.0,0.0,0.0,0.0,0.0,0.0,0.0
21,Statement 3,,0.0,0.0,0.0,0.0,0.0,0.0,0.0,0.0,0.0,0.0,0.0,0.0,2023-24,Statement 3 - Budget,0.0,0.0,0.0,0.0,0.0,0.0,0.0,0.0,0.0,27.0,Ministry of Women and Child Development,Establishment Expenditure of the Centre,2.0,0.0,0.0,0.0,0.0,0.0,0.0,0.0,0.0,0.0,73.1,0.0,73.1,101.0,62.14,0.0,62.14,80.09,0.0,80.09,79.32,3.08,82.4,,0.0,0.0,0.0,0.0,0.0,0.0,0.0,0.0,0.0,0.0,0.0,0.0
21,Statement 3,,0.0,0.0,0.0,0.0,0.0,0.0,0.0,0.0,0.0,0.0,0.0,0.0,2023-24,Statement 3 - Budget,0.0,0.0,0.0,0.0,0.0,0.0,0.0,0.0,0.0,27.0,Ministry of Women and Child Development,Other Central Sector Expenditure,3.0,0.0,0.0,0.0,0.0,0.0,0.0,0.0,0.0,0.0,159.83,0.0,159.83,101.0,163.62,0.0,163.62,169.6,0.0,169.6,175.91,0.0,175.91,,0.0,0.0,0.0,0.0,0.0,0.0,0.0,0.0,0.0,0.0,0.0,0.0
21,Statement 3,,0.0,0.0,0.0,0.0,0.0,0.0,0.0,0.0,0.0,0.0,0.0,0.0,2023-24,Statement 3 - Budget,0.0,0.0,0.0,0.0,0.0,0.0,0.0,0.0,0.0,27.0,Ministry of Women and Child Development,TOTAL,0.0,0.0,0.0,0.0,0.0,0.0,0.0,0.0,0.0,0.0,0.0,0.0,25172.28,101.0,0.0,0.0,21654.57,0.0,0.0,23912.69,0.0,0.0,25448.75,,0.0,0.0,0.0,0.0,0.0,0.0,0.0,0.0,0.0,0.0,0.0,0.0
21,Statement 3,,0.0,0.0,0.0,0.0,0.0,0.0,0.0,0.0,0.0,0.0,0.0,0.0,2023-24,Statement 3 - Budget,0.0,0.0,0.0,0.0,0.0,0.0,0.0,0.0,0.0,27.0,Ministry of Youth Affairs and Sports,TOTAL / Ministry,0.0,0.0,0.0,0.0,0.0,0.0,0.0,0.0,0.0,0.0,3057.28,5.32,3062.6,102.0,2249.69,0.5,2250.19,2671.35,2.0,2673.35,3389.56,7.76,3397.32,,0.0,0.0,0.0,0.0,0.0,0.0,0.0,0.0,0.0,0.0,0.0,0.0
21,Statement 3,,0.0,0.0,0.0,0.0,0.0,0.0,0.0,0.0,0.0,0.0,0.0,0.0,2023-24,Statement 3 - Budget,0.0,0.0,0.0,0.0,0.0,0.0,0.0,0.0,0.0,27.0,Ministry of Youth Affairs and Sports,Central Sector Schemes/Projects,1.0,0.0,0.0,0.0,0.0,0.0,0.0,0.0,0.0,0.0,1827.18,5.32,1832.5,102.0,1257.49,0.5,1257.99,1313.12,2.0,1315.12,1908.12,5.39,1913.51,,0.0,0.0,0.0,0.0,0.0,0.0,0.0,0.0,0.0,0.0,0.0,0.0
21,Statement 3,,0.0,0.0,0.0,0.0,0.0,0.0,0.0,0.0,0.0,0.0,0.0,0.0,2023-24,Statement 3 - Budget,0.0,0.0,0.0,0.0,0.0,0.0,0.0,0.0,0.0,27.0,Ministry of Youth Affairs and Sports,Establishment Expenditure of the Centre,2.0,0.0,0.0,0.0,0.0,0.0,0.0,0.0,0.0,0.0,39.1,0.0,39.1,102.0,32.66,0.0,32.66,39.1,0.0,39.1,41.86,2.37,44.23,,0.0,0.0,0.0,0.0,0.0,0.0,0.0,0.0,0.0,0.0,0.0,0.0
21,Statement 3,,0.0,0.0,0.0,0.0,0.0,0.0,0.0,0.0,0.0,0.0,0.0,0.0,2023-24,Statement 3 - Budget,0.0,0.0,0.0,0.0,0.0,0.0,0.0,0.0,0.0,27.0,Ministry of Youth Affairs and Sports,Other Central Sector Expenditure,3.0,0.0,0.0,0.0,0.0,0.0,0.0,0.0,0.0,0.0,1191.0,0.0,1191.0,102.0,959.54,0.0,959.54,1319.13,0.0,1319.13,1439.58,0.0,1439.58,,0.0,0.0,0.0,0.0,0.0,0.0,0.0,0.0,0.0,0.0,0.0,0.0
21,Statement 3,,0.0,0.0,0.0,0.0,0.0,0.0,0.0,0.0,0.0,0.0,0.0,0.0,2023-24,Statement 3 - Budget,0.0,0.0,0.0,0.0,0.0,0.0,0.0,0.0,0.0,27.0,Ministry of Youth Affairs and Sports,TOTAL,0.0,0.0,0.0,0.0,0.0,0.0,0.0,0.0,0.0,0.0,0.0,0.0,3062.6,102.0,0.0,0.0,2250.19,0.0,0.0,2673.35,0.0,0.0,3397.32,,0.0,0.0,0.0,0.0,0.0,0.0,0.0,0.0,0.0,0.0,0.0,0.0
10,Statement 3,,0.0,0.0,0.0,0.0,0.0,0.0,0.0,0.0,0.0,0.0,0.0,0.0,2024-25,Statement 3 - Budget,0.0,0.0,0.0,0.0,0.0,0.0,0.0,0.0,0.0,0.0,Department of Agriculture and Farmers Welfare,,0.0,0.0,0.0,0.0,0.0,0.0,0.0,0.0,0.0,0.0,0.0,0.0,0.0,1.0,0.0,0.0,0.0,0.0,0.0,0.0,0.0,0.0,0.0,ministry_total,99868.91,8.1,99877.01,115489.37,42.42,115531.79,116701.24,87.72,116788.96,122433.13,95.64,122528.77
10,Statement 3,,0.0,0.0,0.0,0.0,0.0,0.0,0.0,0.0,0.0,0.0,0.0,0.0,2024-25,Statement 3 - Budget,0.0,0.0,0.0,0.0,0.0,0.0,0.0,0.0,0.0,0.0,Department of Agriculture and Farmers Welfare,Central Sector Schemes/Projects,1.0,0.0,0.0,0.0,0.0,0.0,0.0,0.0,0.0,0.0,0.0,0.0,0.0,1.0,0.0,0.0,0.0,0.0,0.0,0.0,0.0,0.0,0.0,category,91004.75,0.0,91004.75,98980.03,0.0,98980.03,101924.3,0.0,101924.3,105856.67,0.0,105856.67
10,Statement 3,,0.0,0.0,0.0,0.0,0.0,0.0,0.0,0.0,0.0,0.0,0.0,0.0,2024-25,Statement 3 - Budget,0.0,0.0,0.0,0.0,0.0,0.0,0.0,0.0,0.0,0.0,Department of Agriculture and Farmers Welfare,Centrally Sponsored Schemes,2.0,0.0,0.0,0.0,0.0,0.0,0.0,0.0,0.0,0.0,0.0,0.0,0.0,1.0,0.0,0.0,0.0,0.0,0.0,0.0,0.0,0.0,0.0,category,8267.85,0.0,8267.85,14675.82,0.0,14675.82,13128.82,0.0,13128.82,15365.64,0.0,15365.64
10,Statement 3,,0.0,0.0,0.0,0.0,0.0,0.0,0.0,0.0,0.0,0.0,0.0,0.0,2024-25,Statement 3 - Budget,0.0,0.0,0.0,0.0,0.0,0.0,0.0,0.0,0.0,0.0,Department of Agriculture and Farmers Welfare,Establishment Expenditure of the Centre,3.0,0.0,0.0,0.0,0.0,0.0,0.0,0.0,0.0,0.0,0.0,0.0,0.0,1.0,0.0,0.0,0.0,0.0,0.0,0.0,0.0,0.0,0.0,category,565.85,8.1,573.95,1362.95,42.42,1405.37,1182.52,87.72,1270.24,704.33,95.64,799.97
10,Statement 3,,0.0,0.0,0.0,0.0,0.0,0.0,0.0,0.0,0.0,0.0,0.0,0.0,2024-25,Statement 3 - Budget,0.0,0.0,0.0,0.0,0.0,0.0,0.0,0.0,0.0,0.0,Department of Agriculture and Farmers Welfare,Other Central Sector Expenditure,4.0,0.0,0.0,0.0,0.0,0.0,0.0,0.0,0.0,0.0,0.0,0.0,0.0,1.0,0.0,0.0,0.0,0.0,0.0,0.0,0.0,0.0,0.0,category,30.46,0.0,30.46,470.57,0.0,470.57,465.6,0.0,465.6,506.49,0.0,506.49
10,Statement 3,,0.0,0.0,0.0,0.0,0.0,0.0,0.0,0.0,0.0,0.0,0.0,0.0,2024-25,Statement 3 - Budget,0.0,0.0,0.0,0.0,0.0,0.0,0.0,0.0,0.0,0.0,Department of Agricultural Research and Education,,0.0,0.0,0.0,0.0,0.0,0.0,0.0,0.0,0.0,0.0,0.0,0.0,0.0,2.0,0.0,0.0,0.0,0.0,0.0,0.0,0.0,0.0,0.0,ministry_total,8399.72,0.0,8399.72,9493.59,10.41,9504.0,9866.64,9.96,9876.6,9934.59,6.5,9941.09
10,Statement 3,,0.0,0.0,0.0,0.0,0.0,0.0,0.0,0.0,0.0,0.0,0.0,0.0,2024-25,Statement 3 - Budget,0.0,0.0,0.0,0.0,0.0,0.0,0.0,0.0,0.0,0.0,Department of Agricultural Research and Education,Central Sector Schemes/Projects,1.0,0.0,0.0,0.0,0.0,0.0,0.0,0.0,0.0,0.0,0.0,0.0,0.0,2.0,0.0,0.0,0.0,0.0,0.0,0.0,0.0,0.0,0.0,category,1993.35,0.0,1993.35,2423.41,0.0,2423.41,2574.36,0.0,2574.36,2780.39,0.0,2780.39
10,Statement 3,,0.0,0.0,0.0,0.0,0.0,0.0,0.0,0.0,0.0,0.0,0.0,0.0,2024-25,Statement 3 - Budget,0.0,0.0,0.0,0.0,0.0,0.0,0.0,0.0,0.0,0.0,Department of Agricultural Research and Education,Establishment Expenditure of the Centre,2.0,0.0,0.0,0.0,0.0,0.0,0.0,0.0,0.0,0.0,0.0,0.0,0.0,2.0,0.0,0.0,0.0,0.0,0.0,0.0,0.0,0.0,0.0,category,40.52,0.0,40.52,33.3,10.41,43.71,43.92,9.96,53.88,51.64,6.5,58.14
10,Statement 3,,0.0,0.0,0.0,0.0,0.0,0.0,0.0,0.0,0.0,0.0,0.0,0.0,2024-25,Statement 3 - Budget,0.0,0.0,0.0,0.0,0.0,0.0,0.0,0.0,0.0,0.0,Department of Agricultural Research and Education,Other Central Sector Expenditure,3.0,0.0,0.0,0.0,0.0,0.0,0.0,0.0,0.0,0.0,0.0,0.0,0.0,2.0,0.0,0.0,0.0,0.0,0.0,0.0,0.0,0.0,0.0,category,6365.85,0.0,6365.85,7036.88,0.0,7036.88,7248.36,0.0,7248.36,7102.56,0.0,7102.56
10,Statement 3,,0.0,0.0,0.0,0.0,0.0,0.0,0.0,0.0,0.0,0.0,0.0,0.0,2024-25,Statement 3 - Budget,0.0,0.0,0.0,0.0,0.0,0.0,0.0,0.0,0.0,0.0,Atomic Energy,,0.0,0.0,0.0,0.0,0.0,0.0,0.0,0.0,0.0,0.0,0.0,0.0,0.0,3.0,0.0,0.0,0.0,0.0,0.0,0.0,0.0,0.0,0.0,ministry_total,10809.23,13832.38,24641.61,9096.99,15981.5,25078.49,11796.03,15003.75,26799.78,11108.19,13860.79,24968.98
10,Statement 3,,0.0,0.0,0.0,0.0,0.0,0.0,0.0,0.0,0.0,0.0,0.0,0.0,2024-25,Statement 3 - Budget,0.0,0.0,0.0,0.0,0.0,0.0,0.0,0.0,0.0,0.0,Atomic Energy,Central Sector Schemes/Projects,1.0,0.0,0.0,0.0,0.0,0.0,0.0,0.0,0.0,0.0,0.0,0.0,0.0,3.0,0.0,0.0,0.0,0.0,0.0,0.0,0.0,0.0,0.0,category,452.0,7223.88,7675.88,237.52,6725.67,6963.19,1494.07,6425.34,7919.41,2129.28,5400.13,7529.41
10,Statement 3,,0.0,0.0,0.0,0.0,0.0,0.0,0.0,0.0,0.0,0.0,0.0,0.0,2024-25,Statement 3 - Budget,0.0,0.0,0.0,0.0,0.0,0.0,0.0,0.0,0.0,0.0,Atomic Energy,Establishment Expenditure of the Centre,2.0,0.0,0.0,0.0,0.0,0.0,0.0,0.0,0.0,0.0,0.0,0.0,0.0,3.0,0.0,0.0,0.0,0.0,0.0,0.0,0.0,0.0,0.0,category,7564.51,-142.5,7422.01,5664.07,-354.17,5309.9,7120.85,24.59,7145.44,5953.93,-321.26,5632.67
10,Statement 3,,0.0,0.0,0.0,0.0,0.0,0.0,0.0,0.0,0.0,0.0,0.0,0.0,2024-25,Statement 3 - Budget,0.0,0.0,0.0,0.0,0.0,0.0,0.0,0.0,0.0,0.0,Atomic Energy,Other Central Sector Expenditure,3.0,0.0,0.0,0.0,0.0,0.0,0.0,0.0,0.0,0.0,0.0,0.0,0.0,3.0,0.0,0.0,0.0,0.0,0.0,0.0,0.0,0.0,0.0,category,2792.72,6751.0,9543.72,3195.4,9610.0,12805.4,3181.11,8553.82,11734.93,3024.98,8781.92,11806.9
10,Statement 3,,0.0,0.0,0.0,0.0,0.0,0.0,0.0,0.0,0.0,0.0,0.0,0.0,2024-25,Statement 3 - Budget,0.0,0.0,0.0,0.0,0.0,0.0,0.0,0.0,0.0,0.0,Ministry of Ayush,,0.0,0.0,0.0,0.0,0.0,0.0,0.0,0.0,0.0,0.0,0.0,0.0,0.0,4.0,0.0,0.0,0.0,0.0,0.0,0.0,0.0,0.0,0.0,ministry_total,2448.23,0.0,2448.23,3641.56,5.94,3647.5,2994.12,5.88,3000.0,3703.74,8.75,3712.49
10,Statement 3,,0.0,0.0,0.0,0.0,0.0,0.0,0.0,0.0,0.0,0.0,0.0,0.0,2024-25,Statement 3 - Budget,0.0,0.0,0.0,0.0,0.0,0.0,0.0,0.0,0.0,0.0,Ministry of Ayush,Central Sector Schemes/Projects,1.0,0.0,0.0,0.0,0.0,0.0,0.0,0.0,0.0,0.0,0.0,0.0,0.0,4.0,0.0,0.0,0.0,0.0,0.0,0.0,0.0,0.0,0.0,category,283.59,0.0,283.59,185.44,0.0,185.44,135.0,0.0,135.0,377.2,0.0,377.2
10,Statement 3,,0.0,0.0,0.0,0.0,0.0,0.0,0.0,0.0,0.0,0.0,0.0,0.0,2024-25,Statement 3 - Budget,0.0,0.0,0.0,0.0,0.0,0.0,0.0,0.0,0.0,0.0,Ministry of Ayush,Centrally Sponsored Schemes,2.0,0.0,0.0,0.0,0.0,0.0,0.0,0.0,0.0,0.0,0.0,0.0,0.0,4.0,0.0,0.0,0.0,0.0,0.0,0.0,0.0,0.0,0.0,category,549.15,0.0,549.15,1200.0,0.0,1200.0,815.0,0.0,815.0,1200.0,0.0,1200.0
10,Statement 3,,0.0,0.0,0.0,0.0,0.0,0.0,0.0,0.0,0.0,0.0,0.0,0.0,2024-25,Statement 3 - Budget,0.0,0.0,0.0,0.0,0.0,0.0,0.0,0.0,0.0,0.0,Ministry of Ayush,Establishment Expenditure of the Centre,3.0,0.0,0.0,0.0,0.0,0.0,0.0,0.0,0.0,0.0,0.0,0.0,0.0,4.0,0.0,0.0,0.0,0.0,0.0,0.0,0.0,0.0,0.0,category,65.25,0.0,65.25,73.82,5.94,79.76,85.5,5.88,91.38,81.66,8.75,90.41
10,Statement 3,,0.0,0.0,0.0,0.0,0.0,0.0,0.0,0.0,0.0,0.0,0.0,0.0,2024-25,Statement 3 - Budget,0.0,0.0,0.0,0.0,0.0,0.0,0.0,0.0,0.0,0.0,Ministry of Ayush,Other Central Sector Expenditure,4.0,0.0,0.0,0.0,0.0,0.0,0.0,0.0,0.0,0.0,0.0,0.0,0.0,4.0,0.0,0.0,0.0,0.0,0.0,0.0,0.0,0.0,0.0,category,1550.24,0.0,1550.24,2182.3,0.0,2182.3,1958.62,0.0,1958.62,2044.88,0.0,2044.88
10,Statement 3,,0.0,0.0,0.0,0.0,0.0,0.0,0.0,0.0,0.0,0.0,0.0,0.0,2024-25,Statement 3 - Budget,0.0,0.0,0.0,0.0,0.0,0.0,0.0,0.0,0.0,0.0,Department of Chemicals and Petrochemicals,,0.0,0.0,0.0,0.0,0.0,0.0,0.0,0.0,0.0,0.0,0.0,0.0,0.0,5.0,0.0,0.0,0.0,0.0,0.0,0.0,0.0,0.0,0.0,ministry_total,143.94,0.0,143.94,172.55,0.9,173.45,84.26,488.37,572.63,136.82,122.29,259.11
10,Statement 3,,0.0,0.0,0.0,0.0,0.0,0.0,0.0,0.0,0.0,0.0,0.0,0.0,2024-25,Statement 3 - Budget,0.0,0.0,0.0,0.0,0.0,0.0,0.0,0.0,0.0,0.0,Department of Chemicals and Petrochemicals,Central Sector Schemes/Projects,1.0,0.0,0.0,0.0,0.0,0.0,0.0,0.0,0.0,0.0,0.0,0.0,0.0,5.0,0.0,0.0,0.0,0.0,0.0,0.0,0.0,0.0,0.0,category,27.21,0.0,27.21,22.0,0.0,22.0,18.0,0.0,18.0,25.0,0.0,25.0
10,Statement 3,,0.0,0.0,0.0,0.0,0.0,0.0,0.0,0.0,0.0,0.0,0.0,0.0,2024-25,Statement 3 - Budget,0.0,0.0,0.0,0.0,0.0,0.0,0.0,0.0,0.0,0.0,Department of Chemicals and Petrochemicals,Establishment Expenditure of the Centre,2.0,0.0,0.0,0.0,0.0,0.0,0.0,0.0,0.0,0.0,0.0,0.0,0.0,5.0,0.0,0.0,0.0,0.0,0.0,0.0,0.0,0.0,0.0,category,20.85,0.0,20.85,21.69,0.86,22.55,26.55,1.63,28.18,29.47,2.21,31.68
10,Statement 3,,0.0,0.0,0.0,0.0,0.0,0.0,0.0,0.0,0.0,0.0,0.0,0.0,2024-25,Statement 3 - Budget,0.0,0.0,0.0,0.0,0.0,0.0,0.0,0.0,0.0,0.0,Department of Chemicals and Petrochemicals,Other Central Sector Expenditure,3.0,0.0,0.0,0.0,0.0,0.0,0.0,0.0,0.0,0.0,0.0,0.0,0.0,5.0,0.0,0.0,0.0,0.0,0.0,0.0,0.0,0.0,0.0,category,95.88,0.0,95.88,128.86,0.04,128.9,39.71,0.0,39.71,82.35,120.08,202.43
10,Statement 3,,0.0,0.0,0.0,0.0,0.0,0.0,0.0,0.0,0.0,0.0,0.0,0.0,2024-25,Statement 3 - Budget,0.0,0.0,0.0,0.0,0.0,0.0,0.0,0.0,0.0,0.0,Department of Chemicals and Petrochemicals,Other Grants/Loans/Transfers,4.0,0.0,0.0,0.0,0.0,0.0,0.0,0.0,0.0,0.0,0.0,0.0,0.0,5.0,0.0,0.0,0.0,0.0,0.0,0.0,0.0,0.0,0.0,category,0.0,0.0,0.0,0.0,0.0,0.0,0.0,486.74,486.74,0.0,0.0,0.0
11,Statement 3,,0.0,0.0,0.0,0.0,0.0,0.0,0.0,0.0,0.0,0.0,0.0,0.0,2024-25,Statement 3 - Budget,0.0,0.0,0.0,0.0,0.0,0.0,0.0,0.0,0.0,0.0,Department of Fertilisers,,0.0,0.0,0.0,0.0,0.0,0.0,0.0,0.0,0.0,0.0,0.0,0.0,0.0,6.0,0.0,0.0,0.0,0.0,0.0,0.0,0.0,0.0,0.0,ministry_total,251369.18,0.0,251369.18,175145.79,2.69,175148.48,188944.6,2.69,188947.29,164147.2,3.61,164150.81
11,Statement 3,,0.0,0.0,0.0,0.0,0.0,0.0,0.0,0.0,0.0,0.0,0.0,0.0,2024-25,Statement 3 - Budget,0.0,0.0,0.0,0.0,0.0,0.0,0.0,0.0,0.0,0.0,Department of Fertilisers,Central Sector Schemes/Projects,1.0,0.0,0.0,0.0,0.0,0.0,0.0,0.0,0.0,0.0,0.0,0.0,0.0,6.0,0.0,0.0,0.0,0.0,0.0,0.0,0.0,0.0,0.0,category,251340.48,0.0,251340.48,175103.17,0.2,175103.37,188901.3,0.2,188901.5,164102.3,0.2,164102.5
11,Statement 3,,0.0,0.0,0.0,0.0,0.0,0.0,0.0,0.0,0.0,0.0,0.0,0.0,2024-25,Statement 3 - Budget,0.0,0.0,0.0,0.0,0.0,0.0,0.0,0.0,0.0,0.0,Department of Fertilisers,Establishment Expenditure of the Centre,2.0,0.0,0.0,0.0,0.0,0.0,0.0,0.0,0.0,0.0,0.0,0.0,0.0,6.0,0.0,0.0,0.0,0.0,0.0,0.0,0.0,0.0,0.0,category,37.42,0.0,37.42,42.51,2.44,44.95,43.29,2.44,45.73,44.88,3.36,48.24
11,Statement 3,,0.0,0.0,0.0,0.0,0.0,0.0,0.0,0.0,0.0,0.0,0.0,0.0,2024-25,Statement 3 - Budget,0.0,0.0,0.0,0.0,0.0,0.0,0.0,0.0,0.0,0.0,Department of Fertilisers,Other Central Sector Expenditure,3.0,0.0,0.0,0.0,0.0,0.0,0.0,0.0,0.0,0.0,0.0,0.0,0.0,6.0,0.0,0.0,0.0,0.0,0.0,0.0,0.0,0.0,0.0,category,-8.72,0.0,-8.72,0.11,0.05,0.16,0.01,0.05,0.06,0.02,0.05,0.07
11,Statement 3,,0.0,0.0,0.0,0.0,0.0,0.0,0.0,0.0,0.0,0.0,0.0,0.0,2024-25,Statement 3 - Budget,0.0,0.0,0.0,0.0,0.0,0.0,0.0,0.0,0.0,0.0,Department of Pharmaceuticals,,0.0,0.0,0.0,0.0,0.0,0.0,0.0,0.0,0.0,0.0,0.0,0.0,0.0,7.0,0.0,0.0,0.0,0.0,0.0,0.0,0.0,0.0,0.0,ministry_total,2044.81,5.26,2050.07,3158.87,1.19,3160.06,2696.97,0.98,2697.95,4088.69,1.26,4089.95
11,Statement 3,,0.0,0.0,0.0,0.0,0.0,0.0,0.0,0.0,0.0,0.0,0.0,0.0,2024-25,Statement 3 - Budget,0.0,0.0,0.0,0.0,0.0,0.0,0.0,0.0,0.0,0.0,Department of Pharmaceuticals,Central Sector Schemes/Projects,1.0,0.0,0.0,0.0,0.0,0.0,0.0,0.0,0.0,0.0,0.0,0.0,0.0,7.0,0.0,0.0,0.0,0.0,0.0,0.0,0.0,0.0,0.0,category,1955.32,0.0,1955.32,3120.0,0.0,3120.0,2303.76,0.0,2303.76,4048.5,0.0,4048.5
11,Statement 3,,0.0,0.0,0.0,0.0,0.0,0.0,0.0,0.0,0.0,0.0,0.0,0.0,2024-25,Statement 3 - Budget,0.0,0.0,0.0,0.0,0.0,0.0,0.0,0.0,0.0,0.0,Department of Pharmaceuticals,Establishment Expenditure of the Centre,2.0,0.0,0.0,0.0,0.0,0.0,0.0,0.0,0.0,0.0,0.0,0.0,0.0,7.0,0.0,0.0,0.0,0.0,0.0,0.0,0.0,0.0,0.0,category,32.99,0.0,32.99,38.87,1.13,40.0,36.77,0.97,37.74,40.18,1.2,41.38
11,Statement 3,,0.0,0.0,0.0,0.0,0.0,0.0,0.0,0.0,0.0,0.0,0.0,0.0,2024-25,Statement 3 - Budget,0.0,0.0,0.0,0.0,0.0,0.0,0.0,0.0,0.0,0.0,Department of Pharmaceuticals,Other Central Sector Expenditure,3.0,0.0,0.0,0.0,0.0,0.0,0.0,0.0,0.0,0.0,0.0,0.0,0.0,7.0,0.0,0.0,0.0,0.0,0.0,0.0,0.0,0.0,0.0,category,56.5,5.26,61.76,0.0,0.06,0.06,356.44,0.01,356.45,0.01,0.06,0.07
11,Statement 3,,0.0,0.0,0.0,0.0,0.0,0.0,0.0,0.0,0.0,0.0,0.0,0.0,2024-25,Statement 3 - Budget,0.0,0.0,0.0,0.0,0.0,0.0,0.0,0.0,0.0,0.0,Ministry of Civil Aviation,,0.0,0.0,0.0,0.0,0.0,0.0,0.0,0.0,0.0,0.0,0.0,0.0,0.0,8.0,0.0,0.0,0.0,0.0,0.0,0.0,0.0,0.0,0.0,ministry_total,9234.41,86.44,9320.85,3026.7,86.66,3113.36,2150.35,771.77,2922.12,2257.79,99.35,2357.14
11,Statement 3,,0.0,0.0,0.0,0.0,0.0,0.0,0.0,0.0,0.0,0.0,0.0,0.0,2024-25,Statement 3 - Budget,0.0,0.0,0.0,0.0,0.0,0.0,0.0,0.0,0.0,0.0,Ministry of Civil Aviation,Central Sector Schemes/Projects,1.0,0.0,0.0,0.0,0.0,0.0,0.0,0.0,0.0,0.0,0.0,0.0,0.0,8.0,0.0,0.0,0.0,0.0,0.0,0.0,0.0,0.0,0.0,category,8333.12,0.0,8333.12,1277.09,0.0,1277.09,883.01,0.0,883.01,559.01,0.0,559.01
11,Statement 3,,0.0,0.0,0.0,0.0,0.0,0.0,0.0,0.0,0.0,0.0,0.0,0.0,2024-25,Statement 3 - Budget,0.0,0.0,0.0,0.0,0.0,0.0,0.0,0.0,0.0,0.0,Ministry of Civil Aviation,Establishment Expenditure of the Centre,2.0,0.0,0.0,0.0,0.0,0.0,0.0,0.0,0.0,0.0,0.0,0.0,0.0,8.0,0.0,0.0,0.0,0.0,0.0,0.0,0.0,0.0,0.0,category,464.98,86.44,551.42,555.1,86.66,641.76,469.53,171.77,641.3,512.52,41.95,554.47
11,Statement 3,,0.0,0.0,0.0,0.0,0.0,0.0,0.0,0.0,0.0,0.0,0.0,0.0,2024-25,Statement 3 - Budget,0.0,0.0,0.0,0.0,0.0,0.0,0.0,0.0,0.0,0.0,Ministry of Civil Aviation,Other Central Sector Expenditure,3.0,0.0,0.0,0.0,0.0,0.0,0.0,0.0,0.0,0.0,0.0,0.0,0.0,8.0,0.0,0.0,0.0,0.0,0.0,0.0,0.0,0.0,0.0,category,436.31,0.0,436.31,1194.51,0.0,1194.51,797.81,600.0,1397.81,1186.26,57.4,1243.66
11,Statement 3,,0.0,0.0,0.0,0.0,0.0,0.0,0.0,0.0,0.0,0.0,0.0,0.0,2024-25,Statement 3 - Budget,0.0,0.0,0.0,0.0,0.0,0.0,0.0,0.0,0.0,0.0,Ministry of Coal,,0.0,0.0,0.0,0.0,0.0,0.0,0.0,0.0,0.0,0.0,0.0,0.0,0.0,9.0,0.0,0.0,0.0,0.0,0.0,0.0,0.0,0.0,0.0,ministry_total,103.46,0.0,103.46,190.77,1.55,192.32,187.49,1.55,189.04,190.35,2.2,192.55
11,Statement 3,,0.0,0.0,0.0,0.0,0.0,0.0,0.0,0.0,0.0,0.0,0.0,0.0,2024-25,Statement 3 - Budget,0.0,0.0,0.0,0.0,0.0,0.0,0.0,0.0,0.0,0.0,Ministry of Coal,Central Sector Schemes/Projects,1.0,0.0,0.0,0.0,0.0,0.0,0.0,0.0,0.0,0.0,0.0,0.0,0.0,9.0,0.0,0.0,0.0,0.0,0.0,0.0,0.0,0.0,0.0,category,55.58,0.0,55.58,113.5,0.0,113.5,110.5,0.0,110.5,113.5,0.0,113.5
11,Statement 3,,0.0,0.0,0.0,0.0,0.0,0.0,0.0,0.0,0.0,0.0,0.0,0.0,2024-25,Statement 3 - Budget,0.0,0.0,0.0,0.0,0.0,0.0,0.0,0.0,0.0,0.0,Ministry of Coal,Establishment Expenditure of the Centre,2.0,0.0,0.0,0.0,0.0,0.0,0.0,0.0,0.0,0.0,0.0,0.0,0.0,9.0,0.0,0.0,0.0,0.0,0.0,0.0,0.0,0.0,0.0,category,47.31,0.0,47.31,66.63,1.55,68.18,66.33,1.55,67.88,66.74,2.2,68.94
11,Statement 3,,0.0,0.0,0.0,0.0,0.0,0.0,0.0,0.0,0.0,0.0,0.0,0.0,2024-25,Statement 3 - Budget,0.0,0.0,0.0,0.0,0.0,0.0,0.0,0.0,0.0,0.0,Ministry of Coal,Other Central Sector Expenditure,3.0,0.0,0.0,0.0,0.0,0.0,0.0,0.0,0.0,0.0,0.0,0.0,0.0,9.0,0.0,0.0,0.0,0.0,0.0,0.0,0.0,0.0,0.0,category,0.57,0.0,0.57,10.64,0.0,10.64,10.66,0.0,10.66,10.11,0.0,10.11
11,Statement 3,,0.0,0.0,0.0,0.0,0.0,0.0,0.0,0.0,0.0,0.0,0.0,0.0,2024-25,Statement 3 - Budget,0.0,0.0,0.0,0.0,0.0,0.0,0.0,0.0,0.0,0.0,Department of Commerce,,0.0,0.0,0.0,0.0,0.0,0.0,0.0,0.0,0.0,0.0,0.0,0.0,0.0,10.0,0.0,0.0,0.0,0.0,0.0,0.0,0.0,0.0,0.0,ministry_total,6658.93,395.0,7053.93,5216.43,38.15,5254.58,6021.31,28.7,6050.01,4954.84,59.22,5014.06
11,Statement 3,,0.0,0.0,0.0,0.0,0.0,0.0,0.0,0.0,0.0,0.0,0.0,0.0,2024-25,Statement 3 - Budget,0.0,0.0,0.0,0.0,0.0,0.0,0.0,0.0,0.0,0.0,Department of Commerce,Central Sector Schemes/Projects,1.0,0.0,0.0,0.0,0.0,0.0,0.0,0.0,0.0,0.0,0.0,0.0,0.0,10.0,0.0,0.0,0.0,0.0,0.0,0.0,0.0,0.0,0.0,category,5914.87,388.0,6302.87,4351.46,0.01,4351.47,5244.39,0.0,5244.39,3857.35,0.0,3857.35
11,Statement 3,,0.0,0.0,0.0,0.0,0.0,0.0,0.0,0.0,0.0,0.0,0.0,0.0,2024-25,Statement 3 - Budget,0.0,0.0,0.0,0.0,0.0,0.0,0.0,0.0,0.0,0.0,Department of Commerce,Establishment Expenditure of the Centre,2.0,0.0,0.0,0.0,0.0,0.0,0.0,0.0,0.0,0.0,0.0,0.0,0.0,10.0,0.0,0.0,0.0,0.0,0.0,0.0,0.0,0.0,0.0,category,734.39,7.0,741.39,801.47,38.14,839.61,739.35,28.7,768.05,1044.92,59.22,1104.14
11,Statement 3,,0.0,0.0,0.0,0.0,0.0,0.0,0.0,0.0,0.0,0.0,0.0,0.0,2024-25,Statement 3 - Budget,0.0,0.0,0.0,0.0,0.0,0.0,0.0,0.0,0.0,0.0,Department of Commerce,Other Central Sector Expenditure,3.0,0.0,0.0,0.0,0.0,0.0,0.0,0.0,0.0,0.0,0.0,0.0,0.0,10.0,0.0,0.0,0.0,0.0,0.0,0.0,0.0,0.0,0.0,category,9.67,0.0,9.67,63.5,0.0,63.5,37.57,0.0,37.57,52.57,0.0,52.57
11,Statement 3,,0.0,0.0,0.0,0.0,0.0,0.0,0.0,0.0,0.0,0.0,0.0,0.0,2024-25,Statement 3 - Budget,0.0,0.0,0.0,0.0,0.0,0.0,0.0,0.0,0.0,0.0,Department for Promotion of Industry and Internal Trade,,0.0,0.0,0.0,0.0,0.0,0.0,0.0,0.0,0.0,0.0,0.0,0.0,0.0,11.0,0.0,0.0,0.0,0.0,0.0,0.0,0.0,0.0,0.0,ministry_total,4348.59,1598.28,5946.87,6548.93,1651.7,8200.63,4741.48,1662.31,6403.79,5050.69,1404.39,6455.08
11,Statement 3,,0.0,0.0,0.0,0.0,0.0,0.0,0.0,0.0,0.0,0.0,0.0,0.0,2024-25,Statement 3 - Budget,0.0,0.0,0.0,0.0,0.0,0.0,0.0,0.0,0.0,0.0,Department for Promotion of Industry and Internal Trade,Central Sector Schemes/Projects,1.0,0.0,0.0,0.0,0.0,0.0,0.0,0.0,0.0,0.0,0.0,0.0,0.0,11.0,0.0,0.0,0.0,0.0,0.0,0.0,0.0,0.0,0.0,category,3690.38,1565.0,5255.38,5741.88,1630.15,7372.03,3966.55,1630.15,5596.7,4219.27,1375.15,5594.42
11,Statement 3,,0.0,0.0,0.0,0.0,0.0,0.0,0.0,0.0,0.0,0.0,0.0,0.0,2024-25,Statement 3 - Budget,0.0,0.0,0.0,0.0,0.0,0.0,0.0,0.0,0.0,0.0,Department for Promotion of Industry and Internal Trade,Establishment Expenditure of the Centre,2.0,0.0,0.0,0.0,0.0,0.0,0.0,0.0,0.0,0.0,0.0,0.0,0.0,11.0,0.0,0.0,0.0,0.0,0.0,0.0,0.0,0.0,0.0,category,498.43,33.28,531.71,626.8,21.55,648.35,595.39,32.16,627.55,627.26,29.24,656.5
11,Statement 3,,0.0,0.0,0.0,0.0,0.0,0.0,0.0,0.0,0.0,0.0,0.0,0.0,2024-25,Statement 3 - Budget,0.0,0.0,0.0,0.0,0.0,0.0,0.0,0.0,0.0,0.0,Department for Promotion of Industry and Internal Trade,Other Central Sector Expenditure,3.0,0.0,0.0,0.0,0.0,0.0,0.0,0.0,0.0,0.0,0.0,0.0,0.0,11.0,0.0,0.0,0.0,0.0,0.0,0.0,0.0,0.0,0.0,category,159.78,0.0,159.78,180.25,0.0,180.25,179.54,0.0,179.54,204.16,0.0,204.16
12,Statement 3,,0.0,0.0,0.0,0.0,0.0,0.0,0.0,0.0,0.0,0.0,0.0,0.0,2024-25,Statement 3 - Budget,0.0,0.0,0.0,0.0,0.0,0.0,0.0,0.0,0.0,0.0,Department of Posts,,0.0,0.0,0.0,0.0,0.0,0.0,0.0,0.0,0.0,0.0,0.0,0.0,0.0,12.0,0.0,0.0,0.0,0.0,0.0,0.0,0.0,0.0,0.0,ministry_total,20538.44,1476.67,22015.11,24417.05,1396.95,25814.0,22808.5,1580.7,24389.2,24115.87,1262.6,25378.47
12,Statement 3,,0.0,0.0,0.0,0.0,0.0,0.0,0.0,0.0,0.0,0.0,0.0,0.0,2024-25,Statement 3 - Budget,0.0,0.0,0.0,0.0,0.0,0.0,0.0,0.0,0.0,0.0,Department of Posts,Central Sector Schemes/Projects,1.0,0.0,0.0,0.0,0.0,0.0,0.0,0.0,0.0,0.0,0.0,0.0,0.0,12.0,0.0,0.0,0.0,0.0,0.0,0.0,0.0,0.0,0.0,category,257.21,1461.57,1718.78,149.36,1378.95,1528.31,168.44,1550.9,1719.34,176.9,1222.6,1399.5
12,Statement 3,,0.0,0.0,0.0,0.0,0.0,0.0,0.0,0.0,0.0,0.0,0.0,0.0,2024-25,Statement 3 - Budget,0.0,0.0,0.0,0.0,0.0,0.0,0.0,0.0,0.0,0.0,Department of Posts,Establishment Expenditure of the Centre,2.0,0.0,0.0,0.0,0.0,0.0,0.0,0.0,0.0,0.0,0.0,0.0,0.0,12.0,0.0,0.0,0.0,0.0,0.0,0.0,0.0,0.0,0.0,category,20281.23,15.1,20296.33,24267.69,18.0,24285.69,22640.06,29.8,22669.86,23938.97,40.0,23978.97
12,Statement 3,,0.0,0.0,0.0,0.0,0.0,0.0,0.0,0.0,0.0,0.0,0.0,0.0,2024-25,Statement 3 - Budget,0.0,0.0,0.0,0.0,0.0,0.0,0.0,0.0,0.0,0.0,Department of Telecommunications,,0.0,0.0,0.0,0.0,0.0,0.0,0.0,0.0,0.0,0.0,0.0,0.0,0.0,13.0,0.0,0.0,0.0,0.0,0.0,0.0,0.0,0.0,0.0,ministry_total,64231.92,54728.62,118960.54,35887.23,61691.82,97579.05,28259.98,70099.43,98359.41,27419.17,84496.26,111915.43
12,Statement 3,,0.0,0.0,0.0,0.0,0.0,0.0,0.0,0.0,0.0,0.0,0.0,0.0,2024-25,Statement 3 - Budget,0.0,0.0,0.0,0.0,0.0,0.0,0.0,0.0,0.0,0.0,Department of Telecommunications,Central Sector Schemes/Projects,1.0,0.0,0.0,0.0,0.0,0.0,0.0,0.0,0.0,0.0,0.0,0.0,0.0,13.0,0.0,0.0,0.0,0.0,0.0,0.0,0.0,0.0,0.0,category,27178.48,28004.73,55183.21,6391.55,8451.77,14843.32,1622.54,5055.73,6678.27,2989.72,1363.47,4353.19
12,Statement 3,,0.0,0.0,0.0,0.0,0.0,0.0,0.0,0.0,0.0,0.0,0.0,0.0,2024-25,Statement 3 - Budget,0.0,0.0,0.0,0.0,0.0,0.0,0.0,0.0,0.0,0.0,Department of Telecommunications,Establishment Expenditure of the Centre,2.0,0.0,0.0,0.0,0.0,0.0,0.0,0.0,0.0,0.0,0.0,0.0,0.0,13.0,0.0,0.0,0.0,0.0,0.0,0.0,0.0,0.0,0.0,category,16451.37,150.45,16601.82,21899.86,143.05,22042.91,18205.82,256.53,18462.35,18607.63,48.59,18656.22
12,Statement 3,,0.0,0.0,0.0,0.0,0.0,0.0,0.0,0.0,0.0,0.0,0.0,0.0,2024-25,Statement 3 - Budget,0.0,0.0,0.0,0.0,0.0,0.0,0.0,0.0,0.0,0.0,Department of Telecommunications,Other Central Sector Expenditure,3.0,0.0,0.0,0.0,0.0,0.0,0.0,0.0,0.0,0.0,0.0,0.0,0.0,13.0,0.0,0.0,0.0,0.0,0.0,0.0,0.0,0.0,0.0,category,20602.07,26573.44,47175.51,7595.82,53097.0,60692.82,8431.62,64787.17,73218.79,5821.82,83084.2,88906.02
12,Statement 3,,0.0,0.0,0.0,0.0,0.0,0.0,0.0,0.0,0.0,0.0,0.0,0.0,2024-25,Statement 3 - Budget,0.0,0.0,0.0,0.0,0.0,0.0,0.0,0.0,0.0,0.0,Department of Consumer Affairs,,0.0,0.0,0.0,0.0,0.0,0.0,0.0,0.0,0.0,0.0,0.0,0.0,0.0,14.0,0.0,0.0,0.0,0.0,0.0,0.0,0.0,0.0,0.0,ministry_total,183.84,25.64,209.48,222.59,28.07,250.66,258.82,50.44,309.26,10237.29,66.32,10303.61
12,Statement 3,,0.0,0.0,0.0,0.0,0.0,0.0,0.0,0.0,0.0,0.0,0.0,0.0,2024-25,Statement 3 - Budget,0.0,0.0,0.0,0.0,0.0,0.0,0.0,0.0,0.0,0.0,Department of Consumer Affairs,Central Sector Schemes/Projects,1.0,0.0,0.0,0.0,0.0,0.0,0.0,0.0,0.0,0.0,0.0,0.0,0.0,14.0,0.0,0.0,0.0,0.0,0.0,0.0,0.0,0.0,0.0,category,71.05,25.64,96.69,86.47,27.03,113.5,133.21,49.4,182.61,10103.95,65.05,10169.0
12,Statement 3,,0.0,0.0,0.0,0.0,0.0,0.0,0.0,0.0,0.0,0.0,0.0,0.0,2024-25,Statement 3 - Budget,0.0,0.0,0.0,0.0,0.0,0.0,0.0,0.0,0.0,0.0,Department of Consumer Affairs,Establishment Expenditure of the Centre,2.0,0.0,0.0,0.0,0.0,0.0,0.0,0.0,0.0,0.0,0.0,0.0,0.0,14.0,0.0,0.0,0.0,0.0,0.0,0.0,0.0,0.0,0.0,category,116.03,0.0,116.03,136.12,1.04,137.16,125.61,1.04,126.65,133.34,1.27,134.61
12,Statement 3,,0.0,0.0,0.0,0.0,0.0,0.0,0.0,0.0,0.0,0.0,0.0,0.0,2024-25,Statement 3 - Budget,0.0,0.0,0.0,0.0,0.0,0.0,0.0,0.0,0.0,0.0,Department of Consumer Affairs,Other Central Sector Expenditure,3.0,0.0,0.0,0.0,0.0,0.0,0.0,0.0,0.0,0.0,0.0,0.0,0.0,14.0,0.0,0.0,0.0,0.0,0.0,0.0,0.0,0.0,0.0,category,-3.24,0.0,-3.24,0.0,0.0,0.0,0.0,0.0,0.0,0.0,0.0,0.0
12,Statement 3,,0.0,0.0,0.0,0.0,0.0,0.0,0.0,0.0,0.0,0.0,0.0,0.0,2024-25,Statement 3 - Budget,0.0,0.0,0.0,0.0,0.0,0.0,0.0,0.0,0.0,0.0,Department of Food and Public Distribution,,0.0,0.0,0.0,0.0,0.0,0.0,0.0,0.0,0.0,0.0,0.0,0.0,0.0,15.0,0.0,0.0,0.0,0.0,0.0,0.0,0.0,0.0,0.0,ministry_total,281733.05,2011.48,283744.53,205363.57,150.37,205513.94,221722.71,201.93,221924.64,212976.21,43.54,213019.75
12,Statement 3,,0.0,0.0,0.0,0.0,0.0,0.0,0.0,0.0,0.0,0.0,0.0,0.0,2024-25,Statement 3 - Budget,0.0,0.0,0.0,0.0,0.0,0.0,0.0,0.0,0.0,0.0,Department of Food and Public Distribution,Central Sector Schemes/Projects,1.0,0.0,0.0,0.0,0.0,0.0,0.0,0.0,0.0,0.0,0.0,0.0,0.0,15.0,0.0,0.0,0.0,0.0,0.0,0.0,0.0,0.0,0.0,category,273022.08,79.23,273101.31,197768.57,100.0,197868.57,212751.03,147.26,212898.29,205700.56,0.01,205700.57
12,Statement 3,,0.0,0.0,0.0,0.0,0.0,0.0,0.0,0.0,0.0,0.0,0.0,0.0,2024-25,Statement 3 - Budget,0.0,0.0,0.0,0.0,0.0,0.0,0.0,0.0,0.0,0.0,Department of Food and Public Distribution,Centrally Sponsored Schemes,2.0,0.0,0.0,0.0,0.0,0.0,0.0,0.0,0.0,0.0,0.0,0.0,0.0,15.0,0.0,0.0,0.0,0.0,0.0,0.0,0.0,0.0,0.0,category,8581.87,0.0,8581.87,7424.6,0.0,7424.6,8554.89,0.0,8554.89,7098.5,26.5,7125.0
12,Statement 3,,0.0,0.0,0.0,0.0,0.0,0.0,0.0,0.0,0.0,0.0,0.0,0.0,2024-25,Statement 3 - Budget,0.0,0.0,0.0,0.0,0.0,0.0,0.0,0.0,0.0,0.0,Department of Food and Public Distribution,Establishment Expenditure of the Centre,3.0,0.0,0.0,0.0,0.0,0.0,0.0,0.0,0.0,0.0,0.0,0.0,0.0,15.0,0.0,0.0,0.0,0.0,0.0,0.0,0.0,0.0,0.0,category,112.02,32.25,144.27,144.39,50.37,194.76,390.72,54.67,445.39,150.46,17.02,167.48
12,Statement 3,,0.0,0.0,0.0,0.0,0.0,0.0,0.0,0.0,0.0,0.0,0.0,0.0,2024-25,Statement 3 - Budget,0.0,0.0,0.0,0.0,0.0,0.0,0.0,0.0,0.0,0.0,Department of Food and Public Distribution,Other Central Sector Expenditure,4.0,0.0,0.0,0.0,0.0,0.0,0.0,0.0,0.0,0.0,0.0,0.0,0.0,15.0,0.0,0.0,0.0,0.0,0.0,0.0,0.0,0.0,0.0,category,17.08,1900.0,1917.08,26.01,0.0,26.01,26.07,0.0,26.07,26.69,0.01,26.7
12,Statement 3,,0.0,0.0,0.0,0.0,0.0,0.0,0.0,0.0,0.0,0.0,0.0,0.0,2024-25,Statement 3 - Budget,0.0,0.0,0.0,0.0,0.0,0.0,0.0,0.0,0.0,0.0,Ministry of Cooperation,,0.0,0.0,0.0,0.0,0.0,0.0,0.0,0.0,0.0,0.0,0.0,0.0,0.0,16.0,0.0,0.0,0.0,0.0,0.0,0.0,0.0,0.0,0.0,ministry_total,1471.74,164.78,1636.52,1149.38,1.0,1150.38,746.34,1.5,747.84,1182.38,1.01,1183.39
12,Statement 3,,0.0,0.0,0.0,0.0,0.0,0.0,0.0,0.0,0.0,0.0,0.0,0.0,2024-25,Statement 3 - Budget,0.0,0.0,0.0,0.0,0.0,0.0,0.0,0.0,0.0,0.0,Ministry of Cooperation,Central Sector Schemes/Projects,1.0,0.0,0.0,0.0,0.0,0.0,0.0,0.0,0.0,0.0,0.0,0.0,0.0,16.0,0.0,0.0,0.0,0.0,0.0,0.0,0.0,0.0,0.0,category,876.93,0.0,876.93,55.01,0.0,55.01,300.03,0.0,300.03,500.02,0.0,500.02
12,Statement 3,,0.0,0.0,0.0,0.0,0.0,0.0,0.0,0.0,0.0,0.0,0.0,0.0,2024-25,Statement 3 - Budget,0.0,0.0,0.0,0.0,0.0,0.0,0.0,0.0,0.0,0.0,Ministry of Cooperation,Centrally Sponsored Schemes,2.0,0.0,0.0,0.0,0.0,0.0,0.0,0.0,0.0,0.0,0.0,0.0,0.0,16.0,0.0,0.0,0.0,0.0,0.0,0.0,0.0,0.0,0.0,category,495.0,0.0,495.0,968.25,0.0,968.25,350.01,0.0,350.01,588.97,0.0,588.97
12,Statement 3,,0.0,0.0,0.0,0.0,0.0,0.0,0.0,0.0,0.0,0.0,0.0,0.0,2024-25,Statement 3 - Budget,0.0,0.0,0.0,0.0,0.0,0.0,0.0,0.0,0.0,0.0,Ministry of Cooperation,Establishment Expenditure of the Centre,3.0,0.0,0.0,0.0,0.0,0.0,0.0,0.0,0.0,0.0,0.0,0.0,0.0,16.0,0.0,0.0,0.0,0.0,0.0,0.0,0.0,0.0,0.0,category,25.81,164.78,190.59,75.0,1.0,76.0,44.3,1.5,45.8,38.39,1.01,39.4
12,Statement 3,,0.0,0.0,0.0,0.0,0.0,0.0,0.0,0.0,0.0,0.0,0.0,0.0,2024-25,Statement 3 - Budget,0.0,0.0,0.0,0.0,0.0,0.0,0.0,0.0,0.0,0.0,Ministry of Cooperation,Other Central Sector Expenditure,4.0,0.0,0.0,0.0,0.0,0.0,0.0,0.0,0.0,0.0,0.0,0.0,0.0,16.0,0.0,0.0,0.0,0.0,0.0,0.0,0.0,0.0,0.0,category,74.0,0.0,74.0,51.12,0.0,51.12,52.0,0.0,52.0,55.0,0.0,55.0
12,Statement 3,,0.0,0.0,0.0,0.0,0.0,0.0,0.0,0.0,0.0,0.0,0.0,0.0,2024-25,Statement 3 - Budget,0.0,0.0,0.0,0.0,0.0,0.0,0.0,0.0,0.0,0.0,Ministry of Corporate Affairs,,0.0,0.0,0.0,0.0,0.0,0.0,0.0,0.0,0.0,0.0,0.0,0.0,0.0,17.0,0.0,0.0,0.0,0.0,0.0,0.0,0.0,0.0,0.0,ministry_total,563.01,5.6,568.61,714.19,42.0,756.19,575.43,42.0,617.43,2611.96,55.1,2667.06
12,Statement 3,,0.0,0.0,0.0,0.0,0.0,0.0,0.0,0.0,0.0,0.0,0.0,0.0,2024-25,Statement 3 - Budget,0.0,0.0,0.0,0.0,0.0,0.0,0.0,0.0,0.0,0.0,Ministry of Corporate Affairs,Central Sector Schemes/Projects,1.0,0.0,0.0,0.0,0.0,0.0,0.0,0.0,0.0,0.0,0.0,0.0,0.0,17.0,0.0,0.0,0.0,0.0,0.0,0.0,0.0,0.0,0.0,category,4.7,0.42,5.12,0.02,0.0,0.02,4.4,0.5,4.9,2004.0,1.0,2005.0
12,Statement 3,,0.0,0.0,0.0,0.0,0.0,0.0,0.0,0.0,0.0,0.0,0.0,0.0,2024-25,Statement 3 - Budget,0.0,0.0,0.0,0.0,0.0,0.0,0.0,0.0,0.0,0.0,Ministry of Corporate Affairs,Establishment Expenditure of the Centre,2.0,0.0,0.0,0.0,0.0,0.0,0.0,0.0,0.0,0.0,0.0,0.0,0.0,17.0,0.0,0.0,0.0,0.0,0.0,0.0,0.0,0.0,0.0,category,482.51,0.0,482.51,621.32,0.0,621.32,502.05,0.0,502.05,537.96,0.0,537.96
13,Statement 3,,0.0,0.0,0.0,0.0,0.0,0.0,0.0,0.0,0.0,0.0,0.0,0.0,2024-25,Statement 3 - Budget,0.0,0.0,0.0,0.0,0.0,0.0,0.0,0.0,0.0,0.0,Ministry of Corporate Affairs,Other Central Sector Expenditure,3.0,0.0,0.0,0.0,0.0,0.0,0.0,0.0,0.0,0.0,0.0,0.0,0.0,17.0,0.0,0.0,0.0,0.0,0.0,0.0,0.0,0.0,0.0,category,75.8,5.18,80.98,92.85,42.0,134.85,68.98,41.5,110.48,70.0,54.1,124.1
13,Statement 3,,0.0,0.0,0.0,0.0,0.0,0.0,0.0,0.0,0.0,0.0,0.0,0.0,2024-25,Statement 3 - Budget,0.0,0.0,0.0,0.0,0.0,0.0,0.0,0.0,0.0,0.0,Ministry of Culture,,0.0,0.0,0.0,0.0,0.0,0.0,0.0,0.0,0.0,0.0,0.0,0.0,0.0,18.0,0.0,0.0,0.0,0.0,0.0,0.0,0.0,0.0,0.0,ministry_total,3204.45,71.04,3275.49,3114.25,285.4,3399.65,3372.6,87.4,3460.0,3070.92,190.01,3260.93
13,Statement 3,,0.0,0.0,0.0,0.0,0.0,0.0,0.0,0.0,0.0,0.0,0.0,0.0,2024-25,Statement 3 - Budget,0.0,0.0,0.0,0.0,0.0,0.0,0.0,0.0,0.0,0.0,Ministry of Culture,Central Sector Schemes/Projects,1.0,0.0,0.0,0.0,0.0,0.0,0.0,0.0,0.0,0.0,0.0,0.0,0.0,18.0,0.0,0.0,0.0,0.0,0.0,0.0,0.0,0.0,0.0,category,770.2,0.0,770.2,650.74,0.0,650.74,808.77,0.0,808.77,520.24,0.0,520.24
13,Statement 3,,0.0,0.0,0.0,0.0,0.0,0.0,0.0,0.0,0.0,0.0,0.0,0.0,2024-25,Statement 3 - Budget,0.0,0.0,0.0,0.0,0.0,0.0,0.0,0.0,0.0,0.0,Ministry of Culture,Establishment Expenditure of the Centre,2.0,0.0,0.0,0.0,0.0,0.0,0.0,0.0,0.0,0.0,0.0,0.0,0.0,18.0,0.0,0.0,0.0,0.0,0.0,0.0,0.0,0.0,0.0,category,1305.81,71.04,1376.85,1417.29,285.4,1702.69,1431.36,87.4,1518.76,1519.61,190.01,1709.62
13,Statement 3,,0.0,0.0,0.0,0.0,0.0,0.0,0.0,0.0,0.0,0.0,0.0,0.0,2024-25,Statement 3 - Budget,0.0,0.0,0.0,0.0,0.0,0.0,0.0,0.0,0.0,0.0,Ministry of Culture,Other Central Sector Expenditure,3.0,0.0,0.0,0.0,0.0,0.0,0.0,0.0,0.0,0.0,0.0,0.0,0.0,18.0,0.0,0.0,0.0,0.0,0.0,0.0,0.0,0.0,0.0,category,1128.44,0.0,1128.44,1046.22,0.0,1046.22,1132.47,0.0,1132.47,1031.07,0.0,1031.07
13,Statement 3,,0.0,0.0,0.0,0.0,0.0,0.0,0.0,0.0,0.0,0.0,0.0,0.0,2024-25,Statement 3 - Budget,0.0,0.0,0.0,0.0,0.0,0.0,0.0,0.0,0.0,0.0,Ministry of Defence (Civil),,0.0,0.0,0.0,0.0,0.0,0.0,0.0,0.0,0.0,0.0,0.0,0.0,0.0,19.0,0.0,0.0,0.0,0.0,0.0,0.0,0.0,0.0,0.0,ministry_total,12611.77,7955.97,20567.74,13837.71,8774.79,22612.5,15354.24,10542.75,25896.99,15722.33,10240.85,25963.18
13,Statement 3,,0.0,0.0,0.0,0.0,0.0,0.0,0.0,0.0,0.0,0.0,0.0,0.0,2024-25,Statement 3 - Budget,0.0,0.0,0.0,0.0,0.0,0.0,0.0,0.0,0.0,0.0,Ministry of Defence (Civil),Central Sector Schemes/Projects,1.0,0.0,0.0,0.0,0.0,0.0,0.0,0.0,0.0,0.0,0.0,0.0,0.0,19.0,0.0,0.0,0.0,0.0,0.0,0.0,0.0,0.0,0.0,category,1039.97,4510.0,5549.97,1005.0,5000.0,6005.0,1250.0,6500.0,7750.0,1305.0,6500.0,7805.0
13,Statement 3,,0.0,0.0,0.0,0.0,0.0,0.0,0.0,0.0,0.0,0.0,0.0,0.0,2024-25,Statement 3 - Budget,0.0,0.0,0.0,0.0,0.0,0.0,0.0,0.0,0.0,0.0,Ministry of Defence (Civil),Establishment Expenditure of the Centre,2.0,0.0,0.0,0.0,0.0,0.0,0.0,0.0,0.0,0.0,0.0,0.0,0.0,19.0,0.0,0.0,0.0,0.0,0.0,0.0,0.0,0.0,0.0,category,12634.82,3300.25,15935.07,13016.27,3671.29,16687.56,14162.24,3951.0,18113.24,14475.33,3633.6,18108.93
13,Statement 3,,0.0,0.0,0.0,0.0,0.0,0.0,0.0,0.0,0.0,0.0,0.0,0.0,2024-25,Statement 3 - Budget,0.0,0.0,0.0,0.0,0.0,0.0,0.0,0.0,0.0,0.0,Ministry of Defence (Civil),Other Central Sector Expenditure,3.0,0.0,0.0,0.0,0.0,0.0,0.0,0.0,0.0,0.0,0.0,0.0,0.0,19.0,0.0,0.0,0.0,0.0,0.0,0.0,0.0,0.0,0.0,category,-1063.02,145.72,-917.3,-183.56,103.5,-80.06,-58.0,91.75,33.75,-58.0,107.25,49.25
13,Statement 3,,0.0,0.0,0.0,0.0,0.0,0.0,0.0,0.0,0.0,0.0,0.0,0.0,2024-25,Statement 3 - Budget,0.0,0.0,0.0,0.0,0.0,0.0,0.0,0.0,0.0,0.0,Defence Services (Revenue),,0.0,0.0,0.0,0.0,0.0,0.0,0.0,0.0,0.0,0.0,0.0,0.0,0.0,20.0,0.0,0.0,0.0,0.0,0.0,0.0,0.0,0.0,0.0,ministry_total,256183.44,0.0,256183.44,270120.14,0.0,270120.14,298668.75,0.0,298668.75,282772.67,0.0,282772.67
13,Statement 3,,0.0,0.0,0.0,0.0,0.0,0.0,0.0,0.0,0.0,0.0,0.0,0.0,2024-25,Statement 3 - Budget,0.0,0.0,0.0,0.0,0.0,0.0,0.0,0.0,0.0,0.0,Defence Services (Revenue),Establishment Expenditure of the Centre,1.0,0.0,0.0,0.0,0.0,0.0,0.0,0.0,0.0,0.0,0.0,0.0,0.0,20.0,0.0,0.0,0.0,0.0,0.0,0.0,0.0,0.0,0.0,category,256183.44,0.0,256183.44,270120.14,0.0,270120.14,298668.75,0.0,298668.75,282772.67,0.0,282772.67
13,Statement 3,,0.0,0.0,0.0,0.0,0.0,0.0,0.0,0.0,0.0,0.0,0.0,0.0,2024-25,Statement 3 - Budget,0.0,0.0,0.0,0.0,0.0,0.0,0.0,0.0,0.0,0.0,Capital Outlay on Defence Services,,0.0,0.0,0.0,0.0,0.0,0.0,0.0,0.0,0.0,0.0,0.0,0.0,0.0,21.0,0.0,0.0,0.0,0.0,0.0,0.0,0.0,0.0,0.0,ministry_total,0.0,142940.01,142940.01,0.0,162600.0,162600.0,0.0,157228.2,157228.2,0.0,172000.0,172000.0
13,Statement 3,,0.0,0.0,0.0,0.0,0.0,0.0,0.0,0.0,0.0,0.0,0.0,0.0,2024-25,Statement 3 - Budget,0.0,0.0,0.0,0.0,0.0,0.0,0.0,0.0,0.0,0.0,Capital Outlay on Defence Services,Central Sector Schemes/Projects,1.0,0.0,0.0,0.0,0.0,0.0,0.0,0.0,0.0,0.0,0.0,0.0,0.0,21.0,0.0,0.0,0.0,0.0,0.0,0.0,0.0,0.0,0.0,category,0.0,142940.01,142940.01,0.0,162600.0,162600.0,0.0,157228.2,157228.2,0.0,172000.0,172000.0
13,Statement 3,,0.0,0.0,0.0,0.0,0.0,0.0,0.0,0.0,0.0,0.0,0.0,0.0,2024-25,Statement 3 - Budget,0.0,0.0,0.0,0.0,0.0,0.0,0.0,0.0,0.0,0.0,Defence Pensions,,0.0,0.0,0.0,0.0,0.0,0.0,0.0,0.0,0.0,0.0,0.0,0.0,0.0,22.0,0.0,0.0,0.0,0.0,0.0,0.0,0.0,0.0,0.0,ministry_total,153406.9,0.0,153406.9,138205.0,0.0,138205.0,142095.0,0.0,142095.0,141205.0,0.0,141205.0
13,Statement 3,,0.0,0.0,0.0,0.0,0.0,0.0,0.0,0.0,0.0,0.0,0.0,0.0,2024-25,Statement 3 - Budget,0.0,0.0,0.0,0.0,0.0,0.0,0.0,0.0,0.0,0.0,Defence Pensions,Establishment Expenditure of the Centre,1.0,0.0,0.0,0.0,0.0,0.0,0.0,0.0,0.0,0.0,0.0,0.0,0.0,22.0,0.0,0.0,0.0,0.0,0.0,0.0,0.0,0.0,0.0,category,153406.9,0.0,153406.9,138205.0,0.0,138205.0,142095.0,0.0,142095.0,141205.0,0.0,141205.0
13,Statement 3,,0.0,0.0,0.0,0.0,0.0,0.0,0.0,0.0,0.0,0.0,0.0,0.0,2024-25,Statement 3 - Budget,0.0,0.0,0.0,0.0,0.0,0.0,0.0,0.0,0.0,0.0,Ministry of Development of North Eastern Region,,0.0,0.0,0.0,0.0,0.0,0.0,0.0,0.0,0.0,0.0,0.0,0.0,0.0,23.0,0.0,0.0,0.0,0.0,0.0,0.0,0.0,0.0,0.0,ministry_total,653.67,336.28,989.95,1798.75,4093.25,5892.0,1798.75,4093.25,5892.0,2040.68,3859.32,5900.0
13,Statement 3,,0.0,0.0,0.0,0.0,0.0,0.0,0.0,0.0,0.0,0.0,0.0,0.0,2024-25,Statement 3 - Budget,0.0,0.0,0.0,0.0,0.0,0.0,0.0,0.0,0.0,0.0,Ministry of Development of North Eastern Region,Central Sector Schemes/Projects,1.0,0.0,0.0,0.0,0.0,0.0,0.0,0.0,0.0,0.0,0.0,0.0,0.0,23.0,0.0,0.0,0.0,0.0,0.0,0.0,0.0,0.0,0.0,category,635.66,300.52,936.18,1762.7,4088.3,5851.0,1761.86,4088.3,5850.16,2008.94,3856.72,5865.66
13,Statement 3,,0.0,0.0,0.0,0.0,0.0,0.0,0.0,0.0,0.0,0.0,0.0,0.0,2024-25,Statement 3 - Budget,0.0,0.0,0.0,0.0,0.0,0.0,0.0,0.0,0.0,0.0,Ministry of Development of North Eastern Region,Establishment Expenditure of the Centre,2.0,0.0,0.0,0.0,0.0,0.0,0.0,0.0,0.0,0.0,0.0,0.0,0.0,23.0,0.0,0.0,0.0,0.0,0.0,0.0,0.0,0.0,0.0,category,29.93,0.0,29.93,30.38,0.95,31.33,31.22,0.95,32.17,31.74,0.6,32.34
13,Statement 3,,0.0,0.0,0.0,0.0,0.0,0.0,0.0,0.0,0.0,0.0,0.0,0.0,2024-25,Statement 3 - Budget,0.0,0.0,0.0,0.0,0.0,0.0,0.0,0.0,0.0,0.0,Ministry of Development of North Eastern Region,Other Central Sector Expenditure,3.0,0.0,0.0,0.0,0.0,0.0,0.0,0.0,0.0,0.0,0.0,0.0,0.0,23.0,0.0,0.0,0.0,0.0,0.0,0.0,0.0,0.0,0.0,category,-11.92,35.76,23.84,5.67,4.0,9.67,5.67,4.0,9.67,0.0,2.0,2.0
13,Statement 3,,0.0,0.0,0.0,0.0,0.0,0.0,0.0,0.0,0.0,0.0,0.0,0.0,2024-25,Statement 3 - Budget,0.0,0.0,0.0,0.0,0.0,0.0,0.0,0.0,0.0,0.0,Ministry of Earth Sciences,,0.0,0.0,0.0,0.0,0.0,0.0,0.0,0.0,0.0,0.0,0.0,0.0,0.0,24.0,0.0,0.0,0.0,0.0,0.0,0.0,0.0,0.0,0.0,ministry_total,1480.57,88.29,1568.86,2646.07,673.81,3319.88,2466.18,412.84,2879.02,2506.46,558.34,3064.8
13,Statement 3,,0.0,0.0,0.0,0.0,0.0,0.0,0.0,0.0,0.0,0.0,0.0,0.0,2024-25,Statement 3 - Budget,0.0,0.0,0.0,0.0,0.0,0.0,0.0,0.0,0.0,0.0,Ministry of Earth Sciences,Central Sector Schemes/Projects,1.0,0.0,0.0,0.0,0.0,0.0,0.0,0.0,0.0,0.0,0.0,0.0,0.0,24.0,0.0,0.0,0.0,0.0,0.0,0.0,0.0,0.0,0.0,category,786.89,88.29,875.18,1404.77,666.23,2071.0,1169.47,405.53,1575.0,1119.8,551.2,1671.0
13,Statement 3,,0.0,0.0,0.0,0.0,0.0,0.0,0.0,0.0,0.0,0.0,0.0,0.0,2024-25,Statement 3 - Budget,0.0,0.0,0.0,0.0,0.0,0.0,0.0,0.0,0.0,0.0,Ministry of Earth Sciences,Establishment Expenditure of the Centre,2.0,0.0,0.0,0.0,0.0,0.0,0.0,0.0,0.0,0.0,0.0,0.0,0.0,24.0,0.0,0.0,0.0,0.0,0.0,0.0,0.0,0.0,0.0,category,517.23,0.0,517.23,1036.4,7.58,1043.98,1084.95,7.31,1092.26,1172.02,7.14,1179.16
13,Statement 3,,0.0,0.0,0.0,0.0,0.0,0.0,0.0,0.0,0.0,0.0,0.0,0.0,2024-25,Statement 3 - Budget,0.0,0.0,0.0,0.0,0.0,0.0,0.0,0.0,0.0,0.0,Ministry of Earth Sciences,Other Central Sector Expenditure,3.0,0.0,0.0,0.0,0.0,0.0,0.0,0.0,0.0,0.0,0.0,0.0,0.0,24.0,0.0,0.0,0.0,0.0,0.0,0.0,0.0,0.0,0.0,category,176.45,0.0,176.45,204.9,0.0,204.9,211.76,0.0,211.76,214.64,0.0,214.64
14,Statement 3,,0.0,0.0,0.0,0.0,0.0,0.0,0.0,0.0,0.0,0.0,0.0,0.0,2024-25,Statement 3 - Budget,0.0,0.0,0.0,0.0,0.0,0.0,0.0,0.0,0.0,0.0,Department of School Education and Literacy,,0.0,0.0,0.0,0.0,0.0,0.0,0.0,0.0,0.0,0.0,0.0,0.0,0.0,25.0,0.0,0.0,0.0,0.0,0.0,0.0,0.0,0.0,0.0,ministry_total,58639.56,0.0,58639.56,68804.3,0.55,68804.85,72473.15,0.65,72473.8,73007.34,0.76,73008.1
14,Statement 3,,0.0,0.0,0.0,0.0,0.0,0.0,0.0,0.0,0.0,0.0,0.0,0.0,2024-25,Statement 3 - Budget,0.0,0.0,0.0,0.0,0.0,0.0,0.0,0.0,0.0,0.0,Department of School Education and Literacy,Central Sector Schemes/Projects,1.0,0.0,0.0,0.0,0.0,0.0,0.0,0.0,0.0,0.0,0.0,0.0,0.0,25.0,0.0,0.0,0.0,0.0,0.0,0.0,0.0,0.0,0.0,category,310.47,0.0,310.47,364.01,0.0,364.01,358.0,0.0,358.0,377.01,0.0,377.01
14,Statement 3,,0.0,0.0,0.0,0.0,0.0,0.0,0.0,0.0,0.0,0.0,0.0,0.0,2024-25,Statement 3 - Budget,0.0,0.0,0.0,0.0,0.0,0.0,0.0,0.0,0.0,0.0,Department of School Education and Literacy,Centrally Sponsored Schemes,2.0,0.0,0.0,0.0,0.0,0.0,0.0,0.0,0.0,0.0,0.0,0.0,0.0,25.0,0.0,0.0,0.0,0.0,0.0,0.0,0.0,0.0,0.0,category,45744.97,0.0,45744.97,54010.47,0.0,54010.47,46600.0,0.0,46600.0,56937.39,0.0,56937.39
14,Statement 3,,0.0,0.0,0.0,0.0,0.0,0.0,0.0,0.0,0.0,0.0,0.0,0.0,2024-25,Statement 3 - Budget,0.0,0.0,0.0,0.0,0.0,0.0,0.0,0.0,0.0,0.0,Department of School Education and Literacy,Establishment Expenditure of the Centre,3.0,0.0,0.0,0.0,0.0,0.0,0.0,0.0,0.0,0.0,0.0,0.0,0.0,25.0,0.0,0.0,0.0,0.0,0.0,0.0,0.0,0.0,0.0,category,34.35,0.0,34.35,38.46,0.55,39.01,45.15,0.65,45.8,54.27,0.76,55.03
14,Statement 3,,0.0,0.0,0.0,0.0,0.0,0.0,0.0,0.0,0.0,0.0,0.0,0.0,2024-25,Statement 3 - Budget,0.0,0.0,0.0,0.0,0.0,0.0,0.0,0.0,0.0,0.0,Department of School Education and Literacy,Other Central Sector Expenditure,4.0,0.0,0.0,0.0,0.0,0.0,0.0,0.0,0.0,0.0,0.0,0.0,0.0,25.0,0.0,0.0,0.0,0.0,0.0,0.0,0.0,0.0,0.0,category,12800.34,0.0,12800.34,14391.36,0.0,14391.36,25470.0,0.0,25470.0,15638.67,0.0,15638.67
14,Statement 3,,0.0,0.0,0.0,0.0,0.0,0.0,0.0,0.0,0.0,0.0,0.0,0.0,2024-25,Statement 3 - Budget,0.0,0.0,0.0,0.0,0.0,0.0,0.0,0.0,0.0,0.0,Department of School Education and Literacy,Other Grants/Loans/Transfers,5.0,0.0,0.0,0.0,0.0,0.0,0.0,0.0,0.0,0.0,0.0,0.0,0.0,25.0,0.0,0.0,0.0,0.0,0.0,0.0,0.0,0.0,0.0,category,-250.57,0.0,-250.57,0.0,0.0,0.0,0.0,0.0,0.0,0.0,0.0,0.0
14,Statement 3,,0.0,0.0,0.0,0.0,0.0,0.0,0.0,0.0,0.0,0.0,0.0,0.0,2024-25,Statement 3 - Budget,0.0,0.0,0.0,0.0,0.0,0.0,0.0,0.0,0.0,0.0,Department of Higher Education,,0.0,0.0,0.0,0.0,0.0,0.0,0.0,0.0,0.0,0.0,0.0,0.0,0.0,26.0,0.0,0.0,0.0,0.0,0.0,0.0,0.0,0.0,0.0,ministry_total,38553.86,2.94,38556.8,44082.1,12.52,44094.62,57231.96,12.52,57244.48,47608.71,11.06,47619.77
14,Statement 3,,0.0,0.0,0.0,0.0,0.0,0.0,0.0,0.0,0.0,0.0,0.0,0.0,2024-25,Statement 3 - Budget,0.0,0.0,0.0,0.0,0.0,0.0,0.0,0.0,0.0,0.0,Department of Higher Education,Central Sector Schemes/Projects,1.0,0.0,0.0,0.0,0.0,0.0,0.0,0.0,0.0,0.0,0.0,0.0,0.0,26.0,0.0,0.0,0.0,0.0,0.0,0.0,0.0,0.0,0.0,category,3800.93,0.0,3800.93,4968.03,0.0,4968.03,3980.39,0.0,3980.39,5672.93,0.0,5672.93
14,Statement 3,,0.0,0.0,0.0,0.0,0.0,0.0,0.0,0.0,0.0,0.0,0.0,0.0,2024-25,Statement 3 - Budget,0.0,0.0,0.0,0.0,0.0,0.0,0.0,0.0,0.0,0.0,Department of Higher Education,Centrally Sponsored Schemes,2.0,0.0,0.0,0.0,0.0,0.0,0.0,0.0,0.0,0.0,0.0,0.0,0.0,26.0,0.0,0.0,0.0,0.0,0.0,0.0,0.0,0.0,0.0,category,360.51,0.0,360.51,1500.0,0.0,1500.0,500.0,0.0,500.0,1814.94,0.0,1814.94
14,Statement 3,,0.0,0.0,0.0,0.0,0.0,0.0,0.0,0.0,0.0,0.0,0.0,0.0,2024-25,Statement 3 - Budget,0.0,0.0,0.0,0.0,0.0,0.0,0.0,0.0,0.0,0.0,Department of Higher Education,Establishment Expenditure of the Centre,3.0,0.0,0.0,0.0,0.0,0.0,0.0,0.0,0.0,0.0,0.0,0.0,0.0,26.0,0.0,0.0,0.0,0.0,0.0,0.0,0.0,0.0,0.0,category,189.46,2.94,192.4,278.33,12.52,290.85,257.36,12.52,269.88,240.45,11.06,251.51
14,Statement 3,,0.0,0.0,0.0,0.0,0.0,0.0,0.0,0.0,0.0,0.0,0.0,0.0,2024-25,Statement 3 - Budget,0.0,0.0,0.0,0.0,0.0,0.0,0.0,0.0,0.0,0.0,Department of Higher Education,Other Central Sector Expenditure,4.0,0.0,0.0,0.0,0.0,0.0,0.0,0.0,0.0,0.0,0.0,0.0,0.0,26.0,0.0,0.0,0.0,0.0,0.0,0.0,0.0,0.0,0.0,category,34666.47,0.0,34666.47,37335.74,0.0,37335.74,52494.21,0.0,52494.21,39880.39,0.0,39880.39
14,Statement 3,,0.0,0.0,0.0,0.0,0.0,0.0,0.0,0.0,0.0,0.0,0.0,0.0,2024-25,Statement 3 - Budget,0.0,0.0,0.0,0.0,0.0,0.0,0.0,0.0,0.0,0.0,Department of Higher Education,Other Grants/Loans/Transfers,5.0,0.0,0.0,0.0,0.0,0.0,0.0,0.0,0.0,0.0,0.0,0.0,0.0,26.0,0.0,0.0,0.0,0.0,0.0,0.0,0.0,0.0,0.0,category,-463.51,0.0,-463.51,0.0,0.0,0.0,0.0,0.0,0.0,0.0,0.0,0.0
14,Statement 3,,0.0,0.0,0.0,0.0,0.0,0.0,0.0,0.0,0.0,0.0,0.0,0.0,2024-25,Statement 3 - Budget,0.0,0.0,0.0,0.0,0.0,0.0,0.0,0.0,0.0,0.0,Ministry of Electronics and Information Technology,,0.0,0.0,0.0,0.0,0.0,0.0,0.0,0.0,0.0,0.0,0.0,0.0,0.0,27.0,0.0,0.0,0.0,0.0,0.0,0.0,0.0,0.0,0.0,ministry_total,7922.65,276.6,8199.25,16180.36,368.68,16549.04,14012.39,408.86,14421.25,21355.89,581.01,21936.9
14,Statement 3,,0.0,0.0,0.0,0.0,0.0,0.0,0.0,0.0,0.0,0.0,0.0,0.0,2024-25,Statement 3 - Budget,0.0,0.0,0.0,0.0,0.0,0.0,0.0,0.0,0.0,0.0,Ministry of Electronics and Information Technology,Central Sector Schemes/Projects,1.0,0.0,0.0,0.0,0.0,0.0,0.0,0.0,0.0,0.0,0.0,0.0,0.0,27.0,0.0,0.0,0.0,0.0,0.0,0.0,0.0,0.0,0.0,category,5531.09,0.0,5531.09,12440.28,0.0,12440.28,10491.25,0.0,10491.25,17871.26,0.0,17871.26
14,Statement 3,,0.0,0.0,0.0,0.0,0.0,0.0,0.0,0.0,0.0,0.0,0.0,0.0,2024-25,Statement 3 - Budget,0.0,0.0,0.0,0.0,0.0,0.0,0.0,0.0,0.0,0.0,Ministry of Electronics and Information Technology,Establishment Expenditure of the Centre,2.0,0.0,0.0,0.0,0.0,0.0,0.0,0.0,0.0,0.0,0.0,0.0,0.0,27.0,0.0,0.0,0.0,0.0,0.0,0.0,0.0,0.0,0.0,category,1539.3,276.6,1815.9,1672.08,368.68,2040.76,1665.64,408.86,2074.5,1771.63,581.01,2352.64
14,Statement 3,,0.0,0.0,0.0,0.0,0.0,0.0,0.0,0.0,0.0,0.0,0.0,0.0,2024-25,Statement 3 - Budget,0.0,0.0,0.0,0.0,0.0,0.0,0.0,0.0,0.0,0.0,Ministry of Electronics and Information Technology,Other Central Sector Expenditure,3.0,0.0,0.0,0.0,0.0,0.0,0.0,0.0,0.0,0.0,0.0,0.0,0.0,27.0,0.0,0.0,0.0,0.0,0.0,0.0,0.0,0.0,0.0,category,852.26,0.0,852.26,2068.0,0.0,2068.0,1855.5,0.0,1855.5,1713.0,0.0,1713.0
14,Statement 3,,0.0,0.0,0.0,0.0,0.0,0.0,0.0,0.0,0.0,0.0,0.0,0.0,2024-25,Statement 3 - Budget,0.0,0.0,0.0,0.0,0.0,0.0,0.0,0.0,0.0,0.0,"Ministry of Environment, Forests and Climate Change",,0.0,0.0,0.0,0.0,0.0,0.0,0.0,0.0,0.0,0.0,0.0,0.0,0.0,28.0,0.0,0.0,0.0,0.0,0.0,0.0,0.0,0.0,0.0,ministry_total,2316.88,72.42,2389.3,2934.02,145.38,3079.4,3152.64,78.38,3231.02,3237.12,93.25,3330.37
14,Statement 3,,0.0,0.0,0.0,0.0,0.0,0.0,0.0,0.0,0.0,0.0,0.0,0.0,2024-25,Statement 3 - Budget,0.0,0.0,0.0,0.0,0.0,0.0,0.0,0.0,0.0,0.0,"Ministry of Environment, Forests and Climate Change",Central Sector Schemes/Projects,1.0,0.0,0.0,0.0,0.0,0.0,0.0,0.0,0.0,0.0,0.0,0.0,0.0,28.0,0.0,0.0,0.0,0.0,0.0,0.0,0.0,0.0,0.0,category,818.63,0.0,818.63,948.76,0.0,948.76,1045.8,0.0,1045.8,1074.24,0.0,1074.24
14,Statement 3,,0.0,0.0,0.0,0.0,0.0,0.0,0.0,0.0,0.0,0.0,0.0,0.0,2024-25,Statement 3 - Budget,0.0,0.0,0.0,0.0,0.0,0.0,0.0,0.0,0.0,0.0,"Ministry of Environment, Forests and Climate Change",Centrally Sponsored Schemes,2.0,0.0,0.0,0.0,0.0,0.0,0.0,0.0,0.0,0.0,0.0,0.0,0.0,28.0,0.0,0.0,0.0,0.0,0.0,0.0,0.0,0.0,0.0,category,485.24,0.0,485.24,758.8,0.0,758.8,535.0,0.0,535.0,713.5,0.0,713.5
14,Statement 3,,0.0,0.0,0.0,0.0,0.0,0.0,0.0,0.0,0.0,0.0,0.0,0.0,2024-25,Statement 3 - Budget,0.0,0.0,0.0,0.0,0.0,0.0,0.0,0.0,0.0,0.0,"Ministry of Environment, Forests and Climate Change",Establishment Expenditure of the Centre,3.0,0.0,0.0,0.0,0.0,0.0,0.0,0.0,0.0,0.0,0.0,0.0,0.0,28.0,0.0,0.0,0.0,0.0,0.0,0.0,0.0,0.0,0.0,category,551.3,72.42,623.72,758.06,145.38,903.44,709.8,78.38,788.18,866.38,93.25,959.63
14,Statement 3,,0.0,0.0,0.0,0.0,0.0,0.0,0.0,0.0,0.0,0.0,0.0,0.0,2024-25,Statement 3 - Budget,0.0,0.0,0.0,0.0,0.0,0.0,0.0,0.0,0.0,0.0,"Ministry of Environment, Forests and Climate Change",Other Central Sector Expenditure,4.0,0.0,0.0,0.0,0.0,0.0,0.0,0.0,0.0,0.0,0.0,0.0,0.0,28.0,0.0,0.0,0.0,0.0,0.0,0.0,0.0,0.0,0.0,category,461.71,0.0,461.71,468.4,0.0,468.4,862.04,0.0,862.04,583.0,0.0,583.0
14,Statement 3,,0.0,0.0,0.0,0.0,0.0,0.0,0.0,0.0,0.0,0.0,0.0,0.0,2024-25,Statement 3 - Budget,0.0,0.0,0.0,0.0,0.0,0.0,0.0,0.0,0.0,0.0,Ministry of External Affairs,,0.0,0.0,0.0,0.0,0.0,0.0,0.0,0.0,0.0,0.0,0.0,0.0,0.0,29.0,0.0,0.0,0.0,0.0,0.0,0.0,0.0,0.0,0.0,ministry_total,15487.57,1173.39,16660.96,16529.79,1520.21,18050.0,27145.95,1975.93,29121.88,20479.49,1675.18,22154.67
14,Statement 3,,0.0,0.0,0.0,0.0,0.0,0.0,0.0,0.0,0.0,0.0,0.0,0.0,2024-25,Statement 3 - Budget,0.0,0.0,0.0,0.0,0.0,0.0,0.0,0.0,0.0,0.0,Ministry of External Affairs,Central Sector Schemes/Projects,1.0,0.0,0.0,0.0,0.0,0.0,0.0,0.0,0.0,0.0,0.0,0.0,0.0,29.0,0.0,0.0,0.0,0.0,0.0,0.0,0.0,0.0,0.0,category,4840.0,704.2,5544.2,5080.24,768.34,5848.58,4927.43,1614.36,6541.79,4677.86,989.7,5667.56
14,Statement 3,,0.0,0.0,0.0,0.0,0.0,0.0,0.0,0.0,0.0,0.0,0.0,0.0,2024-25,Statement 3 - Budget,0.0,0.0,0.0,0.0,0.0,0.0,0.0,0.0,0.0,0.0,Ministry of External Affairs,Establishment Expenditure of the Centre,2.0,0.0,0.0,0.0,0.0,0.0,0.0,0.0,0.0,0.0,0.0,0.0,0.0,29.0,0.0,0.0,0.0,0.0,0.0,0.0,0.0,0.0,0.0,category,5385.96,470.02,5855.98,6193.48,751.87,6945.35,7082.4,361.57,7443.97,5755.76,685.48,6441.24
14,Statement 3,,0.0,0.0,0.0,0.0,0.0,0.0,0.0,0.0,0.0,0.0,0.0,0.0,2024-25,Statement 3 - Budget,0.0,0.0,0.0,0.0,0.0,0.0,0.0,0.0,0.0,0.0,Ministry of External Affairs,Other Central Sector Expenditure,3.0,0.0,0.0,0.0,0.0,0.0,0.0,0.0,0.0,0.0,0.0,0.0,0.0,29.0,0.0,0.0,0.0,0.0,0.0,0.0,0.0,0.0,0.0,category,5261.61,-0.83,5260.78,5256.07,0.0,5256.07,15136.12,0.0,15136.12,10045.87,0.0,10045.87
15,Statement 3,,0.0,0.0,0.0,0.0,0.0,0.0,0.0,0.0,0.0,0.0,0.0,0.0,2024-25,Statement 3 - Budget,0.0,0.0,0.0,0.0,0.0,0.0,0.0,0.0,0.0,0.0,Department of Economic Affairs,,0.0,0.0,0.0,0.0,0.0,0.0,0.0,0.0,0.0,0.0,0.0,0.0,0.0,30.0,0.0,0.0,0.0,0.0,0.0,0.0,0.0,0.0,0.0,ministry_total,5710.74,1566.21,7276.95,6321.62,4559.43,10881.05,12655.94,5571.32,18227.26,14075.64,66197.27,80272.91
15,Statement 3,,0.0,0.0,0.0,0.0,0.0,0.0,0.0,0.0,0.0,0.0,0.0,0.0,2024-25,Statement 3 - Budget,0.0,0.0,0.0,0.0,0.0,0.0,0.0,0.0,0.0,0.0,Department of Economic Affairs,Central Sector Schemes/Projects,1.0,0.0,0.0,0.0,0.0,0.0,0.0,0.0,0.0,0.0,0.0,0.0,0.0,30.0,0.0,0.0,0.0,0.0,0.0,0.0,0.0,0.0,0.0,category,1460.68,1690.75,3151.43,1827.0,1998.0,3825.0,3086.03,2604.97,5691.0,4365.05,1510.0,5875.05
15,Statement 3,,0.0,0.0,0.0,0.0,0.0,0.0,0.0,0.0,0.0,0.0,0.0,0.0,2024-25,Statement 3 - Budget,0.0,0.0,0.0,0.0,0.0,0.0,0.0,0.0,0.0,0.0,Department of Economic Affairs,Establishment Expenditure of the Centre,2.0,0.0,0.0,0.0,0.0,0.0,0.0,0.0,0.0,0.0,0.0,0.0,0.0,30.0,0.0,0.0,0.0,0.0,0.0,0.0,0.0,0.0,0.0,category,212.16,0.0,212.16,280.07,15.26,295.33,322.62,17.38,340.0,294.82,18.78,313.6
15,Statement 3,,0.0,0.0,0.0,0.0,0.0,0.0,0.0,0.0,0.0,0.0,0.0,0.0,2024-25,Statement 3 - Budget,0.0,0.0,0.0,0.0,0.0,0.0,0.0,0.0,0.0,0.0,Department of Economic Affairs,Other Central Sector Expenditure,3.0,0.0,0.0,0.0,0.0,0.0,0.0,0.0,0.0,0.0,0.0,0.0,0.0,30.0,0.0,0.0,0.0,0.0,0.0,0.0,0.0,0.0,0.0,category,4037.9,-124.54,3913.36,4214.55,2546.17,6760.72,9247.29,2948.97,12196.26,9415.77,64668.49,74084.26
15,Statement 3,,0.0,0.0,0.0,0.0,0.0,0.0,0.0,0.0,0.0,0.0,0.0,0.0,2024-25,Statement 3 - Budget,0.0,0.0,0.0,0.0,0.0,0.0,0.0,0.0,0.0,0.0,Department of Expenditure,,0.0,0.0,0.0,0.0,0.0,0.0,0.0,0.0,0.0,0.0,0.0,0.0,0.0,31.0,0.0,0.0,0.0,0.0,0.0,0.0,0.0,0.0,0.0,ministry_total,365.78,0.0,365.78,389.26,128.08,517.34,378.2,90.84,469.04,412.68,91.46,504.14
15,Statement 3,,0.0,0.0,0.0,0.0,0.0,0.0,0.0,0.0,0.0,0.0,0.0,0.0,2024-25,Statement 3 - Budget,0.0,0.0,0.0,0.0,0.0,0.0,0.0,0.0,0.0,0.0,Department of Expenditure,Establishment Expenditure of the Centre,1.0,0.0,0.0,0.0,0.0,0.0,0.0,0.0,0.0,0.0,0.0,0.0,0.0,31.0,0.0,0.0,0.0,0.0,0.0,0.0,0.0,0.0,0.0,category,352.48,0.0,352.48,374.16,128.08,502.24,363.1,90.84,453.94,397.58,91.46,489.04
15,Statement 3,,0.0,0.0,0.0,0.0,0.0,0.0,0.0,0.0,0.0,0.0,0.0,0.0,2024-25,Statement 3 - Budget,0.0,0.0,0.0,0.0,0.0,0.0,0.0,0.0,0.0,0.0,Department of Expenditure,Other Central Sector Expenditure,2.0,0.0,0.0,0.0,0.0,0.0,0.0,0.0,0.0,0.0,0.0,0.0,0.0,31.0,0.0,0.0,0.0,0.0,0.0,0.0,0.0,0.0,0.0,category,13.3,0.0,13.3,15.1,0.0,15.1,15.1,0.0,15.1,15.1,0.0,15.1
15,Statement 3,,0.0,0.0,0.0,0.0,0.0,0.0,0.0,0.0,0.0,0.0,0.0,0.0,2024-25,Statement 3 - Budget,0.0,0.0,0.0,0.0,0.0,0.0,0.0,0.0,0.0,0.0,Department of Financial Services,,0.0,0.0,0.0,0.0,0.0,0.0,0.0,0.0,0.0,0.0,0.0,0.0,0.0,32.0,0.0,0.0,0.0,0.0,0.0,0.0,0.0,0.0,0.0,ministry_total,1174.62,1986.0,3160.62,1112.35,212.29,1324.64,4090.03,518.59,4608.62,2783.21,61.94,2845.15
15,Statement 3,,0.0,0.0,0.0,0.0,0.0,0.0,0.0,0.0,0.0,0.0,0.0,0.0,2024-25,Statement 3 - Budget,0.0,0.0,0.0,0.0,0.0,0.0,0.0,0.0,0.0,0.0,Department of Financial Services,Central Sector Schemes/Projects,1.0,0.0,0.0,0.0,0.0,0.0,0.0,0.0,0.0,0.0,0.0,0.0,0.0,32.0,0.0,0.0,0.0,0.0,0.0,0.0,0.0,0.0,0.0,category,1105.23,1986.0,3091.23,824.59,200.05,1024.64,3841.13,500.03,4341.16,2520.67,50.06,2570.73
15,Statement 3,,0.0,0.0,0.0,0.0,0.0,0.0,0.0,0.0,0.0,0.0,0.0,0.0,2024-25,Statement 3 - Budget,0.0,0.0,0.0,0.0,0.0,0.0,0.0,0.0,0.0,0.0,Department of Financial Services,Establishment Expenditure of the Centre,2.0,0.0,0.0,0.0,0.0,0.0,0.0,0.0,0.0,0.0,0.0,0.0,0.0,32.0,0.0,0.0,0.0,0.0,0.0,0.0,0.0,0.0,0.0,category,69.39,0.0,69.39,287.76,12.24,300.0,248.9,18.56,267.46,262.54,11.88,274.42
15,Statement 3,,0.0,0.0,0.0,0.0,0.0,0.0,0.0,0.0,0.0,0.0,0.0,0.0,2024-25,Statement 3 - Budget,0.0,0.0,0.0,0.0,0.0,0.0,0.0,0.0,0.0,0.0,Department of Public Enterprises,,0.0,0.0,0.0,0.0,0.0,0.0,0.0,0.0,0.0,0.0,0.0,0.0,0.0,33.0,0.0,0.0,0.0,0.0,0.0,0.0,0.0,0.0,0.0,ministry_total,30.99,150.0,180.99,32.15,0.9,33.05,29.97,2.6,32.57,25.91,0.69,26.6
15,Statement 3,,0.0,0.0,0.0,0.0,0.0,0.0,0.0,0.0,0.0,0.0,0.0,0.0,2024-25,Statement 3 - Budget,0.0,0.0,0.0,0.0,0.0,0.0,0.0,0.0,0.0,0.0,Department of Public Enterprises,Central Sector Schemes/Projects,1.0,0.0,0.0,0.0,0.0,0.0,0.0,0.0,0.0,0.0,0.0,0.0,0.0,33.0,0.0,0.0,0.0,0.0,0.0,0.0,0.0,0.0,0.0,category,7.82,0.0,7.82,9.91,0.0,9.91,8.21,0.0,8.21,8.38,0.0,8.38
15,Statement 3,,0.0,0.0,0.0,0.0,0.0,0.0,0.0,0.0,0.0,0.0,0.0,0.0,2024-25,Statement 3 - Budget,0.0,0.0,0.0,0.0,0.0,0.0,0.0,0.0,0.0,0.0,Department of Public Enterprises,Establishment Expenditure of the Centre,2.0,0.0,0.0,0.0,0.0,0.0,0.0,0.0,0.0,0.0,0.0,0.0,0.0,33.0,0.0,0.0,0.0,0.0,0.0,0.0,0.0,0.0,0.0,category,23.17,150.0,173.17,22.24,0.9,23.14,21.76,2.6,24.36,17.53,0.69,18.22
15,Statement 3,,0.0,0.0,0.0,0.0,0.0,0.0,0.0,0.0,0.0,0.0,0.0,0.0,2024-25,Statement 3 - Budget,0.0,0.0,0.0,0.0,0.0,0.0,0.0,0.0,0.0,0.0,Department of Investment and Public Asset Management (DIPAM),,0.0,0.0,0.0,0.0,0.0,0.0,0.0,0.0,0.0,0.0,0.0,0.0,0.0,34.0,0.0,0.0,0.0,0.0,0.0,0.0,0.0,0.0,0.0,ministry_total,178.89,0.0,178.89,93.46,1.46,94.92,58.57,1.46,60.03,48.27,1.47,49.74
15,Statement 3,,0.0,0.0,0.0,0.0,0.0,0.0,0.0,0.0,0.0,0.0,0.0,0.0,2024-25,Statement 3 - Budget,0.0,0.0,0.0,0.0,0.0,0.0,0.0,0.0,0.0,0.0,Department of Investment and Public Asset Management (DIPAM),Establishment Expenditure of the Centre,1.0,0.0,0.0,0.0,0.0,0.0,0.0,0.0,0.0,0.0,0.0,0.0,0.0,34.0,0.0,0.0,0.0,0.0,0.0,0.0,0.0,0.0,0.0,category,178.89,0.0,178.89,93.46,1.46,94.92,58.57,1.46,60.03,48.27,1.47,49.74
15,Statement 3,,0.0,0.0,0.0,0.0,0.0,0.0,0.0,0.0,0.0,0.0,0.0,0.0,2024-25,Statement 3 - Budget,0.0,0.0,0.0,0.0,0.0,0.0,0.0,0.0,0.0,0.0,Department of Revenue,,0.0,0.0,0.0,0.0,0.0,0.0,0.0,0.0,0.0,0.0,0.0,0.0,0.0,35.0,0.0,0.0,0.0,0.0,0.0,0.0,0.0,0.0,0.0,ministry_total,164547.95,28.99,164576.94,146227.84,119.84,146347.68,146643.88,306.76,146950.64,151561.83,531.96,152093.79
15,Statement 3,,0.0,0.0,0.0,0.0,0.0,0.0,0.0,0.0,0.0,0.0,0.0,0.0,2024-25,Statement 3 - Budget,0.0,0.0,0.0,0.0,0.0,0.0,0.0,0.0,0.0,0.0,Department of Revenue,Establishment Expenditure of the Centre,1.0,0.0,0.0,0.0,0.0,0.0,0.0,0.0,0.0,0.0,0.0,0.0,0.0,35.0,0.0,0.0,0.0,0.0,0.0,0.0,0.0,0.0,0.0,category,891.58,0.0,891.58,793.18,71.44,864.62,913.5,52.44,965.94,879.06,55.71,934.77
15,Statement 3,,0.0,0.0,0.0,0.0,0.0,0.0,0.0,0.0,0.0,0.0,0.0,0.0,2024-25,Statement 3 - Budget,0.0,0.0,0.0,0.0,0.0,0.0,0.0,0.0,0.0,0.0,Department of Revenue,Other Central Sector Expenditure,2.0,0.0,0.0,0.0,0.0,0.0,0.0,0.0,0.0,0.0,0.0,0.0,0.0,35.0,0.0,0.0,0.0,0.0,0.0,0.0,0.0,0.0,0.0,category,150.08,28.99,179.07,434.63,48.4,483.03,730.38,254.32,984.7,682.74,476.25,1158.99
15,Statement 3,,0.0,0.0,0.0,0.0,0.0,0.0,0.0,0.0,0.0,0.0,0.0,0.0,2024-25,Statement 3 - Budget,0.0,0.0,0.0,0.0,0.0,0.0,0.0,0.0,0.0,0.0,Department of Revenue,Other Grants/Loans/Transfers,3.0,0.0,0.0,0.0,0.0,0.0,0.0,0.0,0.0,0.0,0.0,0.0,0.0,35.0,0.0,0.0,0.0,0.0,0.0,0.0,0.0,0.0,0.0,category,163506.29,0.0,163506.29,145000.03,0.0,145000.03,145000.0,0.0,145000.0,150000.03,0.0,150000.03
15,Statement 3,,0.0,0.0,0.0,0.0,0.0,0.0,0.0,0.0,0.0,0.0,0.0,0.0,2024-25,Statement 3 - Budget,0.0,0.0,0.0,0.0,0.0,0.0,0.0,0.0,0.0,0.0,Direct Taxes,,0.0,0.0,0.0,0.0,0.0,0.0,0.0,0.0,0.0,0.0,0.0,0.0,0.0,36.0,0.0,0.0,0.0,0.0,0.0,0.0,0.0,0.0,0.0,ministry_total,8452.15,416.63,8868.78,8282.87,1608.0,9890.87,8818.3,1210.39,10028.69,9025.42,1312.96,10338.38
15,Statement 3,,0.0,0.0,0.0,0.0,0.0,0.0,0.0,0.0,0.0,0.0,0.0,0.0,2024-25,Statement 3 - Budget,0.0,0.0,0.0,0.0,0.0,0.0,0.0,0.0,0.0,0.0,Direct Taxes,Establishment Expenditure of the Centre,1.0,0.0,0.0,0.0,0.0,0.0,0.0,0.0,0.0,0.0,0.0,0.0,0.0,36.0,0.0,0.0,0.0,0.0,0.0,0.0,0.0,0.0,0.0,category,8452.15,416.42,8868.57,8282.87,558.0,8840.87,8818.3,411.64,9229.94,9025.42,496.52,9521.94
15,Statement 3,,0.0,0.0,0.0,0.0,0.0,0.0,0.0,0.0,0.0,0.0,0.0,0.0,2024-25,Statement 3 - Budget,0.0,0.0,0.0,0.0,0.0,0.0,0.0,0.0,0.0,0.0,Direct Taxes,Other Central Sector Expenditure,2.0,0.0,0.0,0.0,0.0,0.0,0.0,0.0,0.0,0.0,0.0,0.0,0.0,36.0,0.0,0.0,0.0,0.0,0.0,0.0,0.0,0.0,0.0,category,0.0,0.21,0.21,0.0,1050.0,1050.0,0.0,798.75,798.75,0.0,816.44,816.44
16,Statement 3,,0.0,0.0,0.0,0.0,0.0,0.0,0.0,0.0,0.0,0.0,0.0,0.0,2024-25,Statement 3 - Budget,0.0,0.0,0.0,0.0,0.0,0.0,0.0,0.0,0.0,0.0,Indirect Taxes,,0.0,0.0,0.0,0.0,0.0,0.0,0.0,0.0,0.0,0.0,0.0,0.0,0.0,37.0,0.0,0.0,0.0,0.0,0.0,0.0,0.0,0.0,0.0,ministry_total,33304.22,681.55,33985.77,36305.08,2205.0,38510.08,34508.44,2207.66,36716.1,38859.36,2238.62,41097.98
16,Statement 3,,0.0,0.0,0.0,0.0,0.0,0.0,0.0,0.0,0.0,0.0,0.0,0.0,2024-25,Statement 3 - Budget,0.0,0.0,0.0,0.0,0.0,0.0,0.0,0.0,0.0,0.0,Indirect Taxes,Central Sector Schemes/Projects,1.0,0.0,0.0,0.0,0.0,0.0,0.0,0.0,0.0,0.0,0.0,0.0,0.0,37.0,0.0,0.0,0.0,0.0,0.0,0.0,0.0,0.0,0.0,category,24882.23,0.0,24882.23,27554.59,0.0,27554.59,25935.85,0.0,25935.85,29940.74,0.0,29940.74
16,Statement 3,,0.0,0.0,0.0,0.0,0.0,0.0,0.0,0.0,0.0,0.0,0.0,0.0,2024-25,Statement 3 - Budget,0.0,0.0,0.0,0.0,0.0,0.0,0.0,0.0,0.0,0.0,Indirect Taxes,Establishment Expenditure of the Centre,2.0,0.0,0.0,0.0,0.0,0.0,0.0,0.0,0.0,0.0,0.0,0.0,0.0,37.0,0.0,0.0,0.0,0.0,0.0,0.0,0.0,0.0,0.0,category,8421.99,681.55,9103.54,8750.49,2205.0,10955.49,8572.59,2207.66,10780.25,8918.62,2238.62,11157.24
16,Statement 3,,0.0,0.0,0.0,0.0,0.0,0.0,0.0,0.0,0.0,0.0,0.0,0.0,2024-25,Statement 3 - Budget,0.0,0.0,0.0,0.0,0.0,0.0,0.0,0.0,0.0,0.0,Indian Audit and Accounts Department,,0.0,0.0,0.0,0.0,0.0,0.0,0.0,0.0,0.0,0.0,0.0,0.0,0.0,38.0,0.0,0.0,0.0,0.0,0.0,0.0,0.0,0.0,0.0,ministry_total,5519.85,156.35,5676.2,5669.93,136.2,5806.13,5760.06,207.31,5967.37,5785.98,175.5,5961.48
16,Statement 3,,0.0,0.0,0.0,0.0,0.0,0.0,0.0,0.0,0.0,0.0,0.0,0.0,2024-25,Statement 3 - Budget,0.0,0.0,0.0,0.0,0.0,0.0,0.0,0.0,0.0,0.0,Indian Audit and Accounts Department,Establishment Expenditure of the Centre,1.0,0.0,0.0,0.0,0.0,0.0,0.0,0.0,0.0,0.0,0.0,0.0,0.0,38.0,0.0,0.0,0.0,0.0,0.0,0.0,0.0,0.0,0.0,category,5519.85,156.35,5676.2,5669.93,136.2,5806.13,5760.06,207.31,5967.37,5785.98,175.5,5961.48
16,Statement 3,,0.0,0.0,0.0,0.0,0.0,0.0,0.0,0.0,0.0,0.0,0.0,0.0,2024-25,Statement 3 - Budget,0.0,0.0,0.0,0.0,0.0,0.0,0.0,0.0,0.0,0.0,Interest Payments,,0.0,0.0,0.0,0.0,0.0,0.0,0.0,0.0,0.0,0.0,0.0,0.0,0.0,39.0,0.0,0.0,0.0,0.0,0.0,0.0,0.0,0.0,0.0,ministry_total,928517.03,0.0,928517.03,1079971.0,0.0,1079971.0,1055427.21,0.0,1055427.21,1162940.29,0.0,1162940.29
16,Statement 3,,0.0,0.0,0.0,0.0,0.0,0.0,0.0,0.0,0.0,0.0,0.0,0.0,2024-25,Statement 3 - Budget,0.0,0.0,0.0,0.0,0.0,0.0,0.0,0.0,0.0,0.0,Interest Payments,Other Central Sector Expenditure,1.0,0.0,0.0,0.0,0.0,0.0,0.0,0.0,0.0,0.0,0.0,0.0,0.0,39.0,0.0,0.0,0.0,0.0,0.0,0.0,0.0,0.0,0.0,category,928517.03,0.0,928517.03,1079971.0,0.0,1079971.0,1055427.21,0.0,1055427.21,1162940.29,0.0,1162940.29
16,Statement 3,,0.0,0.0,0.0,0.0,0.0,0.0,0.0,0.0,0.0,0.0,0.0,0.0,2024-25,Statement 3 - Budget,0.0,0.0,0.0,0.0,0.0,0.0,0.0,0.0,0.0,0.0,Repayment of Debt,,0.0,0.0,0.0,0.0,0.0,0.0,0.0,0.0,0.0,0.0,0.0,0.0,0.0,40.0,0.0,0.0,0.0,0.0,0.0,0.0,0.0,0.0,0.0,ministry_total,0.0,0.0,0.0,0.0,0.0,0.0,0.0,0.0,0.0,0.0,0.0,0.0
16,Statement 3,,0.0,0.0,0.0,0.0,0.0,0.0,0.0,0.0,0.0,0.0,0.0,0.0,2024-25,Statement 3 - Budget,0.0,0.0,0.0,0.0,0.0,0.0,0.0,0.0,0.0,0.0,Repayment of Debt,Other Central Sector Expenditure,1.0,0.0,0.0,0.0,0.0,0.0,0.0,0.0,0.0,0.0,0.0,0.0,0.0,40.0,0.0,0.0,0.0,0.0,0.0,0.0,0.0,0.0,0.0,category,0.0,0.0,0.0,0.0,0.0,0.0,0.0,0.0,0.0,0.0,0.0,0.0
16,Statement 3,,0.0,0.0,0.0,0.0,0.0,0.0,0.0,0.0,0.0,0.0,0.0,0.0,2024-25,Statement 3 - Budget,0.0,0.0,0.0,0.0,0.0,0.0,0.0,0.0,0.0,0.0,Pensions,,0.0,0.0,0.0,0.0,0.0,0.0,0.0,0.0,0.0,0.0,0.0,0.0,0.0,41.0,0.0,0.0,0.0,0.0,0.0,0.0,0.0,0.0,0.0,ministry_total,68066.13,0.0,68066.13,71701.0,0.0,71701.0,74701.0,0.0,74701.0,79241.0,0.0,79241.0
16,Statement 3,,0.0,0.0,0.0,0.0,0.0,0.0,0.0,0.0,0.0,0.0,0.0,0.0,2024-25,Statement 3 - Budget,0.0,0.0,0.0,0.0,0.0,0.0,0.0,0.0,0.0,0.0,Pensions,Establishment Expenditure of the Centre,1.0,0.0,0.0,0.0,0.0,0.0,0.0,0.0,0.0,0.0,0.0,0.0,0.0,41.0,0.0,0.0,0.0,0.0,0.0,0.0,0.0,0.0,0.0,category,68066.13,0.0,68066.13,71701.0,0.0,71701.0,74701.0,0.0,74701.0,79241.0,0.0,79241.0
16,Statement 3,,0.0,0.0,0.0,0.0,0.0,0.0,0.0,0.0,0.0,0.0,0.0,0.0,2024-25,Statement 3 - Budget,0.0,0.0,0.0,0.0,0.0,0.0,0.0,0.0,0.0,0.0,Transfers to States,,0.0,0.0,0.0,0.0,0.0,0.0,0.0,0.0,0.0,0.0,0.0,0.0,0.0,42.0,0.0,0.0,0.0,0.0,0.0,0.0,0.0,0.0,0.0,ministry_total,180688.82,92704.53,273393.35,187260.01,137381.4,324641.41,158429.01,115555.88,273984.89,160378.18,162408.88,322787.06
16,Statement 3,,0.0,0.0,0.0,0.0,0.0,0.0,0.0,0.0,0.0,0.0,0.0,0.0,2024-25,Statement 3 - Budget,0.0,0.0,0.0,0.0,0.0,0.0,0.0,0.0,0.0,0.0,Transfers to States,Finance Commission Grants,1.0,0.0,0.0,0.0,0.0,0.0,0.0,0.0,0.0,0.0,0.0,0.0,0.0,42.0,0.0,0.0,0.0,0.0,0.0,0.0,0.0,0.0,0.0,category,172759.68,0.0,172759.68,165480.0,0.0,165480.0,140429.0,0.0,140429.0,132378.17,0.0,132378.17
16,Statement 3,,0.0,0.0,0.0,0.0,0.0,0.0,0.0,0.0,0.0,0.0,0.0,0.0,2024-25,Statement 3 - Budget,0.0,0.0,0.0,0.0,0.0,0.0,0.0,0.0,0.0,0.0,Transfers to States,Other Grants/Loans/Transfers,2.0,0.0,0.0,0.0,0.0,0.0,0.0,0.0,0.0,0.0,0.0,0.0,0.0,42.0,0.0,0.0,0.0,0.0,0.0,0.0,0.0,0.0,0.0,category,7929.14,92704.53,100633.67,21780.01,137381.4,159161.41,18000.01,115555.88,133555.89,28000.01,162408.88,190408.89
16,Statement 3,,0.0,0.0,0.0,0.0,0.0,0.0,0.0,0.0,0.0,0.0,0.0,0.0,2024-25,Statement 3 - Budget,0.0,0.0,0.0,0.0,0.0,0.0,0.0,0.0,0.0,0.0,Department of Fisheries,,0.0,0.0,0.0,0.0,0.0,0.0,0.0,0.0,0.0,0.0,0.0,0.0,0.0,43.0,0.0,0.0,0.0,0.0,0.0,0.0,0.0,0.0,0.0,ministry_total,1292.1,2.28,1294.38,2228.37,20.4,2248.77,1692.74,8.26,1701.0,2597.44,19.0,2616.44
16,Statement 3,,0.0,0.0,0.0,0.0,0.0,0.0,0.0,0.0,0.0,0.0,0.0,0.0,2024-25,Statement 3 - Budget,0.0,0.0,0.0,0.0,0.0,0.0,0.0,0.0,0.0,0.0,Department of Fisheries,Central Sector Schemes/Projects,1.0,0.0,0.0,0.0,0.0,0.0,0.0,0.0,0.0,0.0,0.0,0.0,0.0,43.0,0.0,0.0,0.0,0.0,0.0,0.0,0.0,0.0,0.0,category,0.0,0.0,0.0,0.0,0.0,0.0,25.0,0.0,25.0,30.0,0.0,30.0
16,Statement 3,,0.0,0.0,0.0,0.0,0.0,0.0,0.0,0.0,0.0,0.0,0.0,0.0,2024-25,Statement 3 - Budget,0.0,0.0,0.0,0.0,0.0,0.0,0.0,0.0,0.0,0.0,Department of Fisheries,Centrally Sponsored Schemes,2.0,0.0,0.0,0.0,0.0,0.0,0.0,0.0,0.0,0.0,0.0,0.0,0.0,43.0,0.0,0.0,0.0,0.0,0.0,0.0,0.0,0.0,0.0,category,1114.2,0.0,1114.2,2025.0,0.0,2025.0,1500.0,0.0,1500.0,2352.0,0.0,2352.0
16,Statement 3,,0.0,0.0,0.0,0.0,0.0,0.0,0.0,0.0,0.0,0.0,0.0,0.0,2024-25,Statement 3 - Budget,0.0,0.0,0.0,0.0,0.0,0.0,0.0,0.0,0.0,0.0,Department of Fisheries,Establishment Expenditure of the Centre,3.0,0.0,0.0,0.0,0.0,0.0,0.0,0.0,0.0,0.0,0.0,0.0,0.0,43.0,0.0,0.0,0.0,0.0,0.0,0.0,0.0,0.0,0.0,category,160.3,2.28,162.58,179.17,20.4,199.57,147.74,8.26,156.0,192.94,19.0,211.94
16,Statement 3,,0.0,0.0,0.0,0.0,0.0,0.0,0.0,0.0,0.0,0.0,0.0,0.0,2024-25,Statement 3 - Budget,0.0,0.0,0.0,0.0,0.0,0.0,0.0,0.0,0.0,0.0,Department of Fisheries,Other Central Sector Expenditure,4.0,0.0,0.0,0.0,0.0,0.0,0.0,0.0,0.0,0.0,0.0,0.0,0.0,43.0,0.0,0.0,0.0,0.0,0.0,0.0,0.0,0.0,0.0,category,17.6,0.0,17.6,24.2,0.0,24.2,20.0,0.0,20.0,22.5,0.0,22.5
16,Statement 3,,0.0,0.0,0.0,0.0,0.0,0.0,0.0,0.0,0.0,0.0,0.0,0.0,2024-25,Statement 3 - Budget,0.0,0.0,0.0,0.0,0.0,0.0,0.0,0.0,0.0,0.0,Department of Animal Husbandry and Dairying,,0.0,0.0,0.0,0.0,0.0,0.0,0.0,0.0,0.0,0.0,0.0,0.0,0.0,44.0,0.0,0.0,0.0,0.0,0.0,0.0,0.0,0.0,0.0,ministry_total,2302.16,13.45,2315.61,4289.09,38.76,4327.85,3727.22,186.71,3913.93,4283.57,237.67,4521.24
16,Statement 3,,0.0,0.0,0.0,0.0,0.0,0.0,0.0,0.0,0.0,0.0,0.0,0.0,2024-25,Statement 3 - Budget,0.0,0.0,0.0,0.0,0.0,0.0,0.0,0.0,0.0,0.0,Department of Animal Husbandry and Dairying,Central Sector Schemes/Projects,1.0,0.0,0.0,0.0,0.0,0.0,0.0,0.0,0.0,0.0,0.0,0.0,0.0,44.0,0.0,0.0,0.0,0.0,0.0,0.0,0.0,0.0,0.0,category,1037.05,0.0,1037.05,2689.71,0.0,2689.71,1840.0,0.0,1840.0,3755.0,151.0,3906.0
16,Statement 3,,0.0,0.0,0.0,0.0,0.0,0.0,0.0,0.0,0.0,0.0,0.0,0.0,2024-25,Statement 3 - Budget,0.0,0.0,0.0,0.0,0.0,0.0,0.0,0.0,0.0,0.0,Department of Animal Husbandry and Dairying,Centrally Sponsored Schemes,2.0,0.0,0.0,0.0,0.0,0.0,0.0,0.0,0.0,0.0,0.0,0.0,0.0,44.0,0.0,0.0,0.0,0.0,0.0,0.0,0.0,0.0,0.0,category,1014.16,0.0,1014.16,1395.93,10.0,1405.93,1694.19,157.31,1851.5,369.0,0.0,369.0
16,Statement 3,,0.0,0.0,0.0,0.0,0.0,0.0,0.0,0.0,0.0,0.0,0.0,0.0,2024-25,Statement 3 - Budget,0.0,0.0,0.0,0.0,0.0,0.0,0.0,0.0,0.0,0.0,Department of Animal Husbandry and Dairying,Establishment Expenditure of the Centre,3.0,0.0,0.0,0.0,0.0,0.0,0.0,0.0,0.0,0.0,0.0,0.0,0.0,44.0,0.0,0.0,0.0,0.0,0.0,0.0,0.0,0.0,0.0,category,151.01,13.45,164.46,170.54,17.86,188.4,175.52,23.4,198.92,162.72,55.67,218.39
17,Statement 3,,0.0,0.0,0.0,0.0,0.0,0.0,0.0,0.0,0.0,0.0,0.0,0.0,2024-25,Statement 3 - Budget,0.0,0.0,0.0,0.0,0.0,0.0,0.0,0.0,0.0,0.0,Department of Animal Husbandry and Dairying,Other Central Sector Expenditure,4.0,0.0,0.0,0.0,0.0,0.0,0.0,0.0,0.0,0.0,0.0,0.0,0.0,44.0,0.0,0.0,0.0,0.0,0.0,0.0,0.0,0.0,0.0,category,99.94,0.0,99.94,32.91,10.9,43.81,17.51,6.0,23.51,-3.15,31.0,27.85
17,Statement 3,,0.0,0.0,0.0,0.0,0.0,0.0,0.0,0.0,0.0,0.0,0.0,0.0,2024-25,Statement 3 - Budget,0.0,0.0,0.0,0.0,0.0,0.0,0.0,0.0,0.0,0.0,Ministry of Food Processing Industries,,0.0,0.0,0.0,0.0,0.0,0.0,0.0,0.0,0.0,0.0,0.0,0.0,0.0,45.0,0.0,0.0,0.0,0.0,0.0,0.0,0.0,0.0,0.0,ministry_total,1409.94,0.0,1409.94,3285.19,2.46,3287.65,2909.64,2.31,2911.95,3287.46,2.54,3290.0
17,Statement 3,,0.0,0.0,0.0,0.0,0.0,0.0,0.0,0.0,0.0,0.0,0.0,0.0,2024-25,Statement 3 - Budget,0.0,0.0,0.0,0.0,0.0,0.0,0.0,0.0,0.0,0.0,Ministry of Food Processing Industries,Central Sector Schemes/Projects,1.0,0.0,0.0,0.0,0.0,0.0,0.0,0.0,0.0,0.0,0.0,0.0,0.0,45.0,0.0,0.0,0.0,0.0,0.0,0.0,0.0,0.0,0.0,category,1051.75,0.0,1051.75,2453.04,0.2,2453.24,1894.8,0.2,1895.0,2172.98,0.04,2173.02
17,Statement 3,,0.0,0.0,0.0,0.0,0.0,0.0,0.0,0.0,0.0,0.0,0.0,0.0,2024-25,Statement 3 - Budget,0.0,0.0,0.0,0.0,0.0,0.0,0.0,0.0,0.0,0.0,Ministry of Food Processing Industries,Centrally Sponsored Schemes,2.0,0.0,0.0,0.0,0.0,0.0,0.0,0.0,0.0,0.0,0.0,0.0,0.0,45.0,0.0,0.0,0.0,0.0,0.0,0.0,0.0,0.0,0.0,category,229.58,0.0,229.58,638.55,0.5,639.05,799.95,0.05,800.0,879.0,0.5,879.5
17,Statement 3,,0.0,0.0,0.0,0.0,0.0,0.0,0.0,0.0,0.0,0.0,0.0,0.0,2024-25,Statement 3 - Budget,0.0,0.0,0.0,0.0,0.0,0.0,0.0,0.0,0.0,0.0,Ministry of Food Processing Industries,Establishment Expenditure of the Centre,3.0,0.0,0.0,0.0,0.0,0.0,0.0,0.0,0.0,0.0,0.0,0.0,0.0,45.0,0.0,0.0,0.0,0.0,0.0,0.0,0.0,0.0,0.0,category,35.74,0.0,35.74,125.28,1.76,127.04,121.58,2.06,123.64,120.48,2.0,122.48
17,Statement 3,,0.0,0.0,0.0,0.0,0.0,0.0,0.0,0.0,0.0,0.0,0.0,0.0,2024-25,Statement 3 - Budget,0.0,0.0,0.0,0.0,0.0,0.0,0.0,0.0,0.0,0.0,Ministry of Food Processing Industries,Other Central Sector Expenditure,4.0,0.0,0.0,0.0,0.0,0.0,0.0,0.0,0.0,0.0,0.0,0.0,0.0,45.0,0.0,0.0,0.0,0.0,0.0,0.0,0.0,0.0,0.0,category,92.87,0.0,92.87,68.32,0.0,68.32,93.31,0.0,93.31,115.0,0.0,115.0
17,Statement 3,,0.0,0.0,0.0,0.0,0.0,0.0,0.0,0.0,0.0,0.0,0.0,0.0,2024-25,Statement 3 - Budget,0.0,0.0,0.0,0.0,0.0,0.0,0.0,0.0,0.0,0.0,Department of Health and Family Welfare,,0.0,0.0,0.0,0.0,0.0,0.0,0.0,0.0,0.0,0.0,0.0,0.0,0.0,46.0,0.0,0.0,0.0,0.0,0.0,0.0,0.0,0.0,0.0,ministry_total,70257.76,3050.54,73308.3,80874.66,5300.34,86175.0,74915.43,2709.36,77624.79,84044.61,3612.29,87656.9
17,Statement 3,,0.0,0.0,0.0,0.0,0.0,0.0,0.0,0.0,0.0,0.0,0.0,0.0,2024-25,Statement 3 - Budget,0.0,0.0,0.0,0.0,0.0,0.0,0.0,0.0,0.0,0.0,Department of Health and Family Welfare,Central Sector Schemes/Projects,1.0,0.0,0.0,0.0,0.0,0.0,0.0,0.0,0.0,0.0,0.0,0.0,0.0,46.0,0.0,0.0,0.0,0.0,0.0,0.0,0.0,0.0,0.0,category,8415.27,2533.87,10949.14,4868.49,3951.78,8820.27,3686.07,1912.85,5598.92,4363.8,2586.12,6949.92
17,Statement 3,,0.0,0.0,0.0,0.0,0.0,0.0,0.0,0.0,0.0,0.0,0.0,0.0,2024-25,Statement 3 - Budget,0.0,0.0,0.0,0.0,0.0,0.0,0.0,0.0,0.0,0.0,Department of Health and Family Welfare,Centrally Sponsored Schemes,2.0,0.0,0.0,0.0,0.0,0.0,0.0,0.0,0.0,0.0,0.0,0.0,0.0,46.0,0.0,0.0,0.0,0.0,0.0,0.0,0.0,0.0,0.0,category,40637.1,2.85,40639.95,46935.04,412.19,47347.23,42381.14,0.52,42381.66,48212.57,6.5,48219.07
17,Statement 3,,0.0,0.0,0.0,0.0,0.0,0.0,0.0,0.0,0.0,0.0,0.0,0.0,2024-25,Statement 3 - Budget,0.0,0.0,0.0,0.0,0.0,0.0,0.0,0.0,0.0,0.0,Department of Health and Family Welfare,Establishment Expenditure of the Centre,3.0,0.0,0.0,0.0,0.0,0.0,0.0,0.0,0.0,0.0,0.0,0.0,0.0,46.0,0.0,0.0,0.0,0.0,0.0,0.0,0.0,0.0,0.0,category,5838.97,468.95,6307.92,6828.7,868.94,7697.64,6390.56,745.56,7136.12,7104.98,942.44,8047.42
17,Statement 3,,0.0,0.0,0.0,0.0,0.0,0.0,0.0,0.0,0.0,0.0,0.0,0.0,2024-25,Statement 3 - Budget,0.0,0.0,0.0,0.0,0.0,0.0,0.0,0.0,0.0,0.0,Department of Health and Family Welfare,Other Central Sector Expenditure,4.0,0.0,0.0,0.0,0.0,0.0,0.0,0.0,0.0,0.0,0.0,0.0,0.0,46.0,0.0,0.0,0.0,0.0,0.0,0.0,0.0,0.0,0.0,category,15366.42,44.87,15411.29,22242.43,67.43,22309.86,22457.66,50.43,22508.09,24363.26,77.23,24440.49
17,Statement 3,,0.0,0.0,0.0,0.0,0.0,0.0,0.0,0.0,0.0,0.0,0.0,0.0,2024-25,Statement 3 - Budget,0.0,0.0,0.0,0.0,0.0,0.0,0.0,0.0,0.0,0.0,Department of Health Research,,0.0,0.0,0.0,0.0,0.0,0.0,0.0,0.0,0.0,0.0,0.0,0.0,0.0,47.0,0.0,0.0,0.0,0.0,0.0,0.0,0.0,0.0,0.0,ministry_total,2422.76,0.0,2422.76,2979.2,0.8,2980.0,2892.03,0.8,2892.83,3300.87,0.86,3301.73
17,Statement 3,,0.0,0.0,0.0,0.0,0.0,0.0,0.0,0.0,0.0,0.0,0.0,0.0,2024-25,Statement 3 - Budget,0.0,0.0,0.0,0.0,0.0,0.0,0.0,0.0,0.0,0.0,Department of Health Research,Central Sector Schemes/Projects,1.0,0.0,0.0,0.0,0.0,0.0,0.0,0.0,0.0,0.0,0.0,0.0,0.0,47.0,0.0,0.0,0.0,0.0,0.0,0.0,0.0,0.0,0.0,category,340.15,0.0,340.15,566.42,0.0,566.42,552.16,0.0,552.16,507.25,0.0,507.25
17,Statement 3,,0.0,0.0,0.0,0.0,0.0,0.0,0.0,0.0,0.0,0.0,0.0,0.0,2024-25,Statement 3 - Budget,0.0,0.0,0.0,0.0,0.0,0.0,0.0,0.0,0.0,0.0,Department of Health Research,Establishment Expenditure of the Centre,2.0,0.0,0.0,0.0,0.0,0.0,0.0,0.0,0.0,0.0,0.0,0.0,0.0,47.0,0.0,0.0,0.0,0.0,0.0,0.0,0.0,0.0,0.0,category,35.92,0.0,35.92,53.2,0.8,54.0,44.75,0.8,45.55,61.49,0.86,62.35
17,Statement 3,,0.0,0.0,0.0,0.0,0.0,0.0,0.0,0.0,0.0,0.0,0.0,0.0,2024-25,Statement 3 - Budget,0.0,0.0,0.0,0.0,0.0,0.0,0.0,0.0,0.0,0.0,Department of Health Research,Other Central Sector Expenditure,3.0,0.0,0.0,0.0,0.0,0.0,0.0,0.0,0.0,0.0,0.0,0.0,0.0,47.0,0.0,0.0,0.0,0.0,0.0,0.0,0.0,0.0,0.0,category,2046.69,0.0,2046.69,2359.58,0.0,2359.58,2295.12,0.0,2295.12,2732.13,0.0,2732.13
17,Statement 3,,0.0,0.0,0.0,0.0,0.0,0.0,0.0,0.0,0.0,0.0,0.0,0.0,2024-25,Statement 3 - Budget,0.0,0.0,0.0,0.0,0.0,0.0,0.0,0.0,0.0,0.0,Ministry of Heavy Industries,,0.0,0.0,0.0,0.0,0.0,0.0,0.0,0.0,0.0,0.0,0.0,0.0,0.0,48.0,0.0,0.0,0.0,0.0,0.0,0.0,0.0,0.0,0.0,ministry_total,2662.31,43.96,2706.27,6145.32,26.31,6171.63,6389.32,2.19,6391.51,7240.2,1.8,7242.0
17,Statement 3,,0.0,0.0,0.0,0.0,0.0,0.0,0.0,0.0,0.0,0.0,0.0,0.0,2024-25,Statement 3 - Budget,0.0,0.0,0.0,0.0,0.0,0.0,0.0,0.0,0.0,0.0,Ministry of Heavy Industries,Central Sector Schemes/Projects,1.0,0.0,0.0,0.0,0.0,0.0,0.0,0.0,0.0,0.0,0.0,0.0,0.0,48.0,0.0,0.0,0.0,0.0,0.0,0.0,0.0,0.0,0.0,category,2611.19,0.0,2611.19,6026.97,0.0,6026.97,5490.38,0.0,5490.38,7171.33,0.0,7171.33
17,Statement 3,,0.0,0.0,0.0,0.0,0.0,0.0,0.0,0.0,0.0,0.0,0.0,0.0,2024-25,Statement 3 - Budget,0.0,0.0,0.0,0.0,0.0,0.0,0.0,0.0,0.0,0.0,Ministry of Heavy Industries,Establishment Expenditure of the Centre,2.0,0.0,0.0,0.0,0.0,0.0,0.0,0.0,0.0,0.0,0.0,0.0,0.0,48.0,0.0,0.0,0.0,0.0,0.0,0.0,0.0,0.0,0.0,category,32.54,0.0,32.54,37.02,2.0,39.02,35.73,2.0,37.73,32.44,1.6,34.04
17,Statement 3,,0.0,0.0,0.0,0.0,0.0,0.0,0.0,0.0,0.0,0.0,0.0,0.0,2024-25,Statement 3 - Budget,0.0,0.0,0.0,0.0,0.0,0.0,0.0,0.0,0.0,0.0,Ministry of Heavy Industries,Other Central Sector Expenditure,3.0,0.0,0.0,0.0,0.0,0.0,0.0,0.0,0.0,0.0,0.0,0.0,0.0,48.0,0.0,0.0,0.0,0.0,0.0,0.0,0.0,0.0,0.0,category,18.58,43.96,62.54,81.33,24.31,105.64,863.21,0.19,863.4,36.43,0.2,36.63
17,Statement 3,,0.0,0.0,0.0,0.0,0.0,0.0,0.0,0.0,0.0,0.0,0.0,0.0,2024-25,Statement 3 - Budget,0.0,0.0,0.0,0.0,0.0,0.0,0.0,0.0,0.0,0.0,Ministry of Home Affairs,,0.0,0.0,0.0,0.0,0.0,0.0,0.0,0.0,0.0,0.0,0.0,0.0,0.0,49.0,0.0,0.0,0.0,0.0,0.0,0.0,0.0,0.0,0.0,ministry_total,4021.47,214.22,4235.69,5472.44,428.87,5901.31,4575.13,545.65,5120.78,6072.97,385.27,6458.24
17,Statement 3,,0.0,0.0,0.0,0.0,0.0,0.0,0.0,0.0,0.0,0.0,0.0,0.0,2024-25,Statement 3 - Budget,0.0,0.0,0.0,0.0,0.0,0.0,0.0,0.0,0.0,0.0,Ministry of Home Affairs,Central Sector Schemes/Projects,1.0,0.0,0.0,0.0,0.0,0.0,0.0,0.0,0.0,0.0,0.0,0.0,0.0,49.0,0.0,0.0,0.0,0.0,0.0,0.0,0.0,0.0,0.0,category,1240.68,89.82,1330.5,1362.61,141.73,1504.34,1562.58,105.0,1667.58,1552.28,157.13,1709.41
17,Statement 3,,0.0,0.0,0.0,0.0,0.0,0.0,0.0,0.0,0.0,0.0,0.0,0.0,2024-25,Statement 3 - Budget,0.0,0.0,0.0,0.0,0.0,0.0,0.0,0.0,0.0,0.0,Ministry of Home Affairs,Centrally Sponsored Schemes,2.0,0.0,0.0,0.0,0.0,0.0,0.0,0.0,0.0,0.0,0.0,0.0,0.0,49.0,0.0,0.0,0.0,0.0,0.0,0.0,0.0,0.0,0.0,category,99.07,0.0,99.07,110.0,0.0,110.0,2.29,0.0,2.29,10.87,0.0,10.87
17,Statement 3,,0.0,0.0,0.0,0.0,0.0,0.0,0.0,0.0,0.0,0.0,0.0,0.0,2024-25,Statement 3 - Budget,0.0,0.0,0.0,0.0,0.0,0.0,0.0,0.0,0.0,0.0,Ministry of Home Affairs,Establishment Expenditure of the Centre,3.0,0.0,0.0,0.0,0.0,0.0,0.0,0.0,0.0,0.0,0.0,0.0,0.0,49.0,0.0,0.0,0.0,0.0,0.0,0.0,0.0,0.0,0.0,category,2018.2,93.5,2111.7,2247.39,244.14,2491.53,2239.54,383.32,2622.86,2257.69,198.81,2456.5
17,Statement 3,,0.0,0.0,0.0,0.0,0.0,0.0,0.0,0.0,0.0,0.0,0.0,0.0,2024-25,Statement 3 - Budget,0.0,0.0,0.0,0.0,0.0,0.0,0.0,0.0,0.0,0.0,Ministry of Home Affairs,Other Central Sector Expenditure,4.0,0.0,0.0,0.0,0.0,0.0,0.0,0.0,0.0,0.0,0.0,0.0,0.0,49.0,0.0,0.0,0.0,0.0,0.0,0.0,0.0,0.0,0.0,category,592.92,30.9,623.82,1685.13,43.0,1728.13,704.42,57.33,761.75,1584.12,29.33,1613.45
17,Statement 3,,0.0,0.0,0.0,0.0,0.0,0.0,0.0,0.0,0.0,0.0,0.0,0.0,2024-25,Statement 3 - Budget,0.0,0.0,0.0,0.0,0.0,0.0,0.0,0.0,0.0,0.0,Ministry of Home Affairs,Other Grants/Loans/Transfers,5.0,0.0,0.0,0.0,0.0,0.0,0.0,0.0,0.0,0.0,0.0,0.0,0.0,49.0,0.0,0.0,0.0,0.0,0.0,0.0,0.0,0.0,0.0,category,70.6,0.0,70.6,67.31,0.0,67.31,66.3,0.0,66.3,668.01,0.0,668.01
18,Statement 3,,0.0,0.0,0.0,0.0,0.0,0.0,0.0,0.0,0.0,0.0,0.0,0.0,2024-25,Statement 3 - Budget,0.0,0.0,0.0,0.0,0.0,0.0,0.0,0.0,0.0,0.0,Cabinet,,0.0,0.0,0.0,0.0,0.0,0.0,0.0,0.0,0.0,0.0,0.0,0.0,0.0,50.0,0.0,0.0,0.0,0.0,0.0,0.0,0.0,0.0,0.0,ministry_total,961.13,94.78,1055.91,969.18,289.5,1258.68,1251.67,551.34,1803.01,1152.68,96.23,1248.91
18,Statement 3,,0.0,0.0,0.0,0.0,0.0,0.0,0.0,0.0,0.0,0.0,0.0,0.0,2024-25,Statement 3 - Budget,0.0,0.0,0.0,0.0,0.0,0.0,0.0,0.0,0.0,0.0,Cabinet,Establishment Expenditure of the Centre,1.0,0.0,0.0,0.0,0.0,0.0,0.0,0.0,0.0,0.0,0.0,0.0,0.0,50.0,0.0,0.0,0.0,0.0,0.0,0.0,0.0,0.0,0.0,category,961.13,94.78,1055.91,969.18,289.5,1258.68,1251.67,551.34,1803.01,1152.68,96.23,1248.91
18,Statement 3,,0.0,0.0,0.0,0.0,0.0,0.0,0.0,0.0,0.0,0.0,0.0,0.0,2024-25,Statement 3 - Budget,0.0,0.0,0.0,0.0,0.0,0.0,0.0,0.0,0.0,0.0,Police,,0.0,0.0,0.0,0.0,0.0,0.0,0.0,0.0,0.0,0.0,0.0,0.0,0.0,51.0,0.0,0.0,0.0,0.0,0.0,0.0,0.0,0.0,0.0,ministry_total,107434.11,8206.01,115640.12,115946.87,11809.87,127756.74,116390.79,10045.03,126435.82,129934.3,13341.6,143275.9
18,Statement 3,,0.0,0.0,0.0,0.0,0.0,0.0,0.0,0.0,0.0,0.0,0.0,0.0,2024-25,Statement 3 - Budget,0.0,0.0,0.0,0.0,0.0,0.0,0.0,0.0,0.0,0.0,Police,Central Sector Schemes/Projects,1.0,0.0,0.0,0.0,0.0,0.0,0.0,0.0,0.0,0.0,0.0,0.0,0.0,51.0,0.0,0.0,0.0,0.0,0.0,0.0,0.0,0.0,0.0,category,887.74,5403.84,6291.58,1889.27,7058.12,8947.39,2127.93,5362.5,7490.43,2252.44,7052.99,9305.43
18,Statement 3,,0.0,0.0,0.0,0.0,0.0,0.0,0.0,0.0,0.0,0.0,0.0,0.0,2024-25,Statement 3 - Budget,0.0,0.0,0.0,0.0,0.0,0.0,0.0,0.0,0.0,0.0,Police,Centrally Sponsored Schemes,2.0,0.0,0.0,0.0,0.0,0.0,0.0,0.0,0.0,0.0,0.0,0.0,0.0,51.0,0.0,0.0,0.0,0.0,0.0,0.0,0.0,0.0,0.0,category,3098.85,0.0,3098.85,4350.0,0.0,4350.0,3388.94,0.0,3388.94,5105.13,0.0,5105.13
18,Statement 3,,0.0,0.0,0.0,0.0,0.0,0.0,0.0,0.0,0.0,0.0,0.0,0.0,2024-25,Statement 3 - Budget,0.0,0.0,0.0,0.0,0.0,0.0,0.0,0.0,0.0,0.0,Police,Establishment Expenditure of the Centre,3.0,0.0,0.0,0.0,0.0,0.0,0.0,0.0,0.0,0.0,0.0,0.0,0.0,51.0,0.0,0.0,0.0,0.0,0.0,0.0,0.0,0.0,0.0,category,102430.43,1783.65,104214.08,108327.6,3750.75,112078.35,108617.94,3823.53,112441.47,120350.53,5037.61,125388.14
18,Statement 3,,0.0,0.0,0.0,0.0,0.0,0.0,0.0,0.0,0.0,0.0,0.0,0.0,2024-25,Statement 3 - Budget,0.0,0.0,0.0,0.0,0.0,0.0,0.0,0.0,0.0,0.0,Police,Other Central Sector Expenditure,4.0,0.0,0.0,0.0,0.0,0.0,0.0,0.0,0.0,0.0,0.0,0.0,0.0,51.0,0.0,0.0,0.0,0.0,0.0,0.0,0.0,0.0,0.0,category,1235.23,1028.46,2263.69,1380.0,1001.0,2381.0,2255.98,859.0,3114.98,2226.2,1251.0,3477.2
18,Statement 3,,0.0,0.0,0.0,0.0,0.0,0.0,0.0,0.0,0.0,0.0,0.0,0.0,2024-25,Statement 3 - Budget,0.0,0.0,0.0,0.0,0.0,0.0,0.0,0.0,0.0,0.0,Police,Other Grants/Loans/Transfers,5.0,0.0,0.0,0.0,0.0,0.0,0.0,0.0,0.0,0.0,0.0,0.0,0.0,51.0,0.0,0.0,0.0,0.0,0.0,0.0,0.0,0.0,0.0,category,-218.14,-9.94,-228.08,0.0,0.0,0.0,0.0,0.0,0.0,0.0,0.0,0.0
18,Statement 3,,0.0,0.0,0.0,0.0,0.0,0.0,0.0,0.0,0.0,0.0,0.0,0.0,2024-25,Statement 3 - Budget,0.0,0.0,0.0,0.0,0.0,0.0,0.0,0.0,0.0,0.0,Andaman and Nicobar Islands,,0.0,0.0,0.0,0.0,0.0,0.0,0.0,0.0,0.0,0.0,0.0,0.0,0.0,52.0,0.0,0.0,0.0,0.0,0.0,0.0,0.0,0.0,0.0,ministry_total,5032.2,470.53,5502.73,5481.96,505.18,5987.14,5446.79,490.63,5937.42,5518.69,467.13,5985.82
18,Statement 3,,0.0,0.0,0.0,0.0,0.0,0.0,0.0,0.0,0.0,0.0,0.0,0.0,2024-25,Statement 3 - Budget,0.0,0.0,0.0,0.0,0.0,0.0,0.0,0.0,0.0,0.0,Andaman and Nicobar Islands,Establishment Expenditure of the Centre,1.0,0.0,0.0,0.0,0.0,0.0,0.0,0.0,0.0,0.0,0.0,0.0,0.0,52.0,0.0,0.0,0.0,0.0,0.0,0.0,0.0,0.0,0.0,category,2494.93,1.18,2496.11,2646.37,0.13,2646.5,2852.59,0.75,2853.34,2897.46,0.28,2897.74
18,Statement 3,,0.0,0.0,0.0,0.0,0.0,0.0,0.0,0.0,0.0,0.0,0.0,0.0,2024-25,Statement 3 - Budget,0.0,0.0,0.0,0.0,0.0,0.0,0.0,0.0,0.0,0.0,Andaman and Nicobar Islands,Other Central Sector Expenditure,2.0,0.0,0.0,0.0,0.0,0.0,0.0,0.0,0.0,0.0,0.0,0.0,0.0,52.0,0.0,0.0,0.0,0.0,0.0,0.0,0.0,0.0,0.0,category,2537.27,469.35,3006.62,2835.59,505.05,3340.64,2594.2,489.88,3084.08,2621.23,466.85,3088.08
18,Statement 3,,0.0,0.0,0.0,0.0,0.0,0.0,0.0,0.0,0.0,0.0,0.0,0.0,2024-25,Statement 3 - Budget,0.0,0.0,0.0,0.0,0.0,0.0,0.0,0.0,0.0,0.0,Chandigarh,,0.0,0.0,0.0,0.0,0.0,0.0,0.0,0.0,0.0,0.0,0.0,0.0,0.0,53.0,0.0,0.0,0.0,0.0,0.0,0.0,0.0,0.0,0.0,ministry_total,4770.98,240.03,5011.01,4834.07,602.03,5436.1,5429.42,388.03,5817.45,5327.62,535.0,5862.62
18,Statement 3,,0.0,0.0,0.0,0.0,0.0,0.0,0.0,0.0,0.0,0.0,0.0,0.0,2024-25,Statement 3 - Budget,0.0,0.0,0.0,0.0,0.0,0.0,0.0,0.0,0.0,0.0,Chandigarh,Establishment Expenditure of the Centre,1.0,0.0,0.0,0.0,0.0,0.0,0.0,0.0,0.0,0.0,0.0,0.0,0.0,53.0,0.0,0.0,0.0,0.0,0.0,0.0,0.0,0.0,0.0,category,2967.92,0.0,2967.92,2867.16,0.0,2867.16,3218.8,0.0,3218.8,3287.77,0.0,3287.77
18,Statement 3,,0.0,0.0,0.0,0.0,0.0,0.0,0.0,0.0,0.0,0.0,0.0,0.0,2024-25,Statement 3 - Budget,0.0,0.0,0.0,0.0,0.0,0.0,0.0,0.0,0.0,0.0,Chandigarh,Other Central Sector Expenditure,2.0,0.0,0.0,0.0,0.0,0.0,0.0,0.0,0.0,0.0,0.0,0.0,0.0,53.0,0.0,0.0,0.0,0.0,0.0,0.0,0.0,0.0,0.0,category,1803.06,240.03,2043.09,1966.91,602.03,2568.94,2210.62,388.03,2598.65,2039.85,535.0,2574.85
18,Statement 3,,0.0,0.0,0.0,0.0,0.0,0.0,0.0,0.0,0.0,0.0,0.0,0.0,2024-25,Statement 3 - Budget,0.0,0.0,0.0,0.0,0.0,0.0,0.0,0.0,0.0,0.0,Dadra and Nagar Haveli and Daman and Diu,,0.0,0.0,0.0,0.0,0.0,0.0,0.0,0.0,0.0,0.0,0.0,0.0,0.0,54.0,0.0,0.0,0.0,0.0,0.0,0.0,0.0,0.0,0.0,ministry_total,1545.21,929.1,2474.31,1526.86,948.14,2475.0,1588.47,948.14,2536.61,1632.71,1016.26,2648.97
18,Statement 3,,0.0,0.0,0.0,0.0,0.0,0.0,0.0,0.0,0.0,0.0,0.0,0.0,2024-25,Statement 3 - Budget,0.0,0.0,0.0,0.0,0.0,0.0,0.0,0.0,0.0,0.0,Dadra and Nagar Haveli and Daman and Diu,Establishment Expenditure of the Centre,1.0,0.0,0.0,0.0,0.0,0.0,0.0,0.0,0.0,0.0,0.0,0.0,0.0,54.0,0.0,0.0,0.0,0.0,0.0,0.0,0.0,0.0,0.0,category,670.67,0.0,670.67,732.87,0.0,732.87,757.87,0.0,757.87,801.71,0.0,801.71
18,Statement 3,,0.0,0.0,0.0,0.0,0.0,0.0,0.0,0.0,0.0,0.0,0.0,0.0,2024-25,Statement 3 - Budget,0.0,0.0,0.0,0.0,0.0,0.0,0.0,0.0,0.0,0.0,Dadra and Nagar Haveli and Daman and Diu,Other Central Sector Expenditure,2.0,0.0,0.0,0.0,0.0,0.0,0.0,0.0,0.0,0.0,0.0,0.0,0.0,54.0,0.0,0.0,0.0,0.0,0.0,0.0,0.0,0.0,0.0,category,874.54,929.1,1803.64,793.99,948.14,1742.13,830.6,948.14,1778.74,831.0,1016.26,1847.26
18,Statement 3,,0.0,0.0,0.0,0.0,0.0,0.0,0.0,0.0,0.0,0.0,0.0,0.0,2024-25,Statement 3 - Budget,0.0,0.0,0.0,0.0,0.0,0.0,0.0,0.0,0.0,0.0,Ladakh,,0.0,0.0,0.0,0.0,0.0,0.0,0.0,0.0,0.0,0.0,0.0,0.0,0.0,55.0,0.0,0.0,0.0,0.0,0.0,0.0,0.0,0.0,0.0,ministry_total,778.87,2090.15,2869.02,2808.08,3149.92,5958.0,2400.0,2100.0,4500.0,2881.84,3076.16,5958.0
18,Statement 3,,0.0,0.0,0.0,0.0,0.0,0.0,0.0,0.0,0.0,0.0,0.0,0.0,2024-25,Statement 3 - Budget,0.0,0.0,0.0,0.0,0.0,0.0,0.0,0.0,0.0,0.0,Ladakh,Establishment Expenditure of the Centre,1.0,0.0,0.0,0.0,0.0,0.0,0.0,0.0,0.0,0.0,0.0,0.0,0.0,55.0,0.0,0.0,0.0,0.0,0.0,0.0,0.0,0.0,0.0,category,108.82,0.0,108.82,1784.69,0.0,1784.69,1726.86,0.0,1726.86,2035.49,0.0,2035.49
18,Statement 3,,0.0,0.0,0.0,0.0,0.0,0.0,0.0,0.0,0.0,0.0,0.0,0.0,2024-25,Statement 3 - Budget,0.0,0.0,0.0,0.0,0.0,0.0,0.0,0.0,0.0,0.0,Ladakh,Other Central Sector Expenditure,2.0,0.0,0.0,0.0,0.0,0.0,0.0,0.0,0.0,0.0,0.0,0.0,0.0,55.0,0.0,0.0,0.0,0.0,0.0,0.0,0.0,0.0,0.0,category,670.05,2090.15,2760.2,1023.39,3149.92,4173.31,673.14,2100.0,2773.14,846.35,3076.16,3922.51
18,Statement 3,,0.0,0.0,0.0,0.0,0.0,0.0,0.0,0.0,0.0,0.0,0.0,0.0,2024-25,Statement 3 - Budget,0.0,0.0,0.0,0.0,0.0,0.0,0.0,0.0,0.0,0.0,Lakshadweep,,0.0,0.0,0.0,0.0,0.0,0.0,0.0,0.0,0.0,0.0,0.0,0.0,0.0,56.0,0.0,0.0,0.0,0.0,0.0,0.0,0.0,0.0,0.0,ministry_total,1176.19,87.37,1263.56,1109.52,285.23,1394.75,1297.76,278.12,1575.88,1173.25,316.85,1490.1
18,Statement 3,,0.0,0.0,0.0,0.0,0.0,0.0,0.0,0.0,0.0,0.0,0.0,0.0,2024-25,Statement 3 - Budget,0.0,0.0,0.0,0.0,0.0,0.0,0.0,0.0,0.0,0.0,Lakshadweep,Establishment Expenditure of the Centre,1.0,0.0,0.0,0.0,0.0,0.0,0.0,0.0,0.0,0.0,0.0,0.0,0.0,56.0,0.0,0.0,0.0,0.0,0.0,0.0,0.0,0.0,0.0,category,418.48,0.0,418.48,427.82,0.0,427.82,427.82,0.0,427.82,454.28,0.0,454.28
18,Statement 3,,0.0,0.0,0.0,0.0,0.0,0.0,0.0,0.0,0.0,0.0,0.0,0.0,2024-25,Statement 3 - Budget,0.0,0.0,0.0,0.0,0.0,0.0,0.0,0.0,0.0,0.0,Lakshadweep,Other Central Sector Expenditure,2.0,0.0,0.0,0.0,0.0,0.0,0.0,0.0,0.0,0.0,0.0,0.0,0.0,56.0,0.0,0.0,0.0,0.0,0.0,0.0,0.0,0.0,0.0,category,757.71,87.37,845.08,681.7,285.23,966.93,869.94,278.12,1148.06,718.97,316.85,1035.82
19,Statement 3,,0.0,0.0,0.0,0.0,0.0,0.0,0.0,0.0,0.0,0.0,0.0,0.0,2024-25,Statement 3 - Budget,0.0,0.0,0.0,0.0,0.0,0.0,0.0,0.0,0.0,0.0,Transfers to Delhi,,0.0,0.0,0.0,0.0,0.0,0.0,0.0,0.0,0.0,0.0,0.0,0.0,0.0,57.0,0.0,0.0,0.0,0.0,0.0,0.0,0.0,0.0,0.0,ministry_total,960.49,0.0,960.49,1168.0,0.01,1168.01,1168.0,0.01,1168.01,968.01,200.0,1168.01
19,Statement 3,,0.0,0.0,0.0,0.0,0.0,0.0,0.0,0.0,0.0,0.0,0.0,0.0,2024-25,Statement 3 - Budget,0.0,0.0,0.0,0.0,0.0,0.0,0.0,0.0,0.0,0.0,Transfers to Delhi,Other Grants/Loans/Transfers,1.0,0.0,0.0,0.0,0.0,0.0,0.0,0.0,0.0,0.0,0.0,0.0,0.0,57.0,0.0,0.0,0.0,0.0,0.0,0.0,0.0,0.0,0.0,category,960.49,0.0,960.49,1168.0,0.01,1168.01,1168.0,0.01,1168.01,968.01,200.0,1168.01
19,Statement 3,,0.0,0.0,0.0,0.0,0.0,0.0,0.0,0.0,0.0,0.0,0.0,0.0,2024-25,Statement 3 - Budget,0.0,0.0,0.0,0.0,0.0,0.0,0.0,0.0,0.0,0.0,Transfers to Jammu and Kashmir,,0.0,0.0,0.0,0.0,0.0,0.0,0.0,0.0,0.0,0.0,0.0,0.0,0.0,58.0,0.0,0.0,0.0,0.0,0.0,0.0,0.0,0.0,0.0,ministry_total,44696.13,0.0,44696.13,35581.44,0.0,35581.44,41751.44,0.0,41751.44,42277.74,0.0,42277.74
19,Statement 3,,0.0,0.0,0.0,0.0,0.0,0.0,0.0,0.0,0.0,0.0,0.0,0.0,2024-25,Statement 3 - Budget,0.0,0.0,0.0,0.0,0.0,0.0,0.0,0.0,0.0,0.0,Transfers to Jammu and Kashmir,Other Grants/Loans/Transfers,1.0,0.0,0.0,0.0,0.0,0.0,0.0,0.0,0.0,0.0,0.0,0.0,0.0,58.0,0.0,0.0,0.0,0.0,0.0,0.0,0.0,0.0,0.0,category,44696.13,0.0,44696.13,35581.44,0.0,35581.44,41751.44,0.0,41751.44,42277.74,0.0,42277.74
19,Statement 3,,0.0,0.0,0.0,0.0,0.0,0.0,0.0,0.0,0.0,0.0,0.0,0.0,2024-25,Statement 3 - Budget,0.0,0.0,0.0,0.0,0.0,0.0,0.0,0.0,0.0,0.0,Transfers to Puducherry,,0.0,0.0,0.0,0.0,0.0,0.0,0.0,0.0,0.0,0.0,0.0,0.0,0.0,59.0,0.0,0.0,0.0,0.0,0.0,0.0,0.0,0.0,0.0,ministry_total,3129.77,0.0,3129.77,3117.76,0.01,3117.77,3388.76,0.01,3388.77,3268.99,0.01,3269.0
19,Statement 3,,0.0,0.0,0.0,0.0,0.0,0.0,0.0,0.0,0.0,0.0,0.0,0.0,2024-25,Statement 3 - Budget,0.0,0.0,0.0,0.0,0.0,0.0,0.0,0.0,0.0,0.0,Transfers to Puducherry,Other Grants/Loans/Transfers,1.0,0.0,0.0,0.0,0.0,0.0,0.0,0.0,0.0,0.0,0.0,0.0,0.0,59.0,0.0,0.0,0.0,0.0,0.0,0.0,0.0,0.0,0.0,category,3129.77,0.0,3129.77,3117.76,0.01,3117.77,3388.76,0.01,3388.77,3268.99,0.01,3269.0
19,Statement 3,,0.0,0.0,0.0,0.0,0.0,0.0,0.0,0.0,0.0,0.0,0.0,0.0,2024-25,Statement 3 - Budget,0.0,0.0,0.0,0.0,0.0,0.0,0.0,0.0,0.0,0.0,Ministry of Housing and Urban Affairs,,0.0,0.0,0.0,0.0,0.0,0.0,0.0,0.0,0.0,0.0,0.0,0.0,0.0,60.0,0.0,0.0,0.0,0.0,0.0,0.0,0.0,0.0,0.0,ministry_total,50432.46,26877.77,77310.23,50434.33,25997.27,76431.6,42737.28,26533.44,69270.72,53948.31,28628.26,82576.57
19,Statement 3,,0.0,0.0,0.0,0.0,0.0,0.0,0.0,0.0,0.0,0.0,0.0,0.0,2024-25,Statement 3 - Budget,0.0,0.0,0.0,0.0,0.0,0.0,0.0,0.0,0.0,0.0,Ministry of Housing and Urban Affairs,Central Sector Schemes/Projects,1.0,0.0,0.0,0.0,0.0,0.0,0.0,0.0,0.0,0.0,0.0,0.0,0.0,60.0,0.0,0.0,0.0,0.0,0.0,0.0,0.0,0.0,0.0,category,2709.43,26876.57,29586.0,589.01,25855.95,26444.96,586.18,26487.82,27074.0,1475.37,28485.93,29961.3
19,Statement 3,,0.0,0.0,0.0,0.0,0.0,0.0,0.0,0.0,0.0,0.0,0.0,0.0,2024-25,Statement 3 - Budget,0.0,0.0,0.0,0.0,0.0,0.0,0.0,0.0,0.0,0.0,Ministry of Housing and Urban Affairs,Centrally Sponsored Schemes,2.0,0.0,0.0,0.0,0.0,0.0,0.0,0.0,0.0,0.0,0.0,0.0,0.0,60.0,0.0,0.0,0.0,0.0,0.0,0.0,0.0,0.0,0.0,category,46173.25,0.0,46173.25,46103.04,0.0,46103.04,38396.03,0.0,38396.03,48545.63,0.0,48545.63
19,Statement 3,,0.0,0.0,0.0,0.0,0.0,0.0,0.0,0.0,0.0,0.0,0.0,0.0,2024-25,Statement 3 - Budget,0.0,0.0,0.0,0.0,0.0,0.0,0.0,0.0,0.0,0.0,Ministry of Housing and Urban Affairs,Establishment Expenditure of the Centre,3.0,0.0,0.0,0.0,0.0,0.0,0.0,0.0,0.0,0.0,0.0,0.0,0.0,60.0,0.0,0.0,0.0,0.0,0.0,0.0,0.0,0.0,0.0,category,1478.59,0.0,1478.59,3626.45,9.65,3636.1,3629.92,8.15,3638.07,3804.89,10.48,3815.37
19,Statement 3,,0.0,0.0,0.0,0.0,0.0,0.0,0.0,0.0,0.0,0.0,0.0,0.0,2024-25,Statement 3 - Budget,0.0,0.0,0.0,0.0,0.0,0.0,0.0,0.0,0.0,0.0,Ministry of Housing and Urban Affairs,Other Central Sector Expenditure,4.0,0.0,0.0,0.0,0.0,0.0,0.0,0.0,0.0,0.0,0.0,0.0,0.0,60.0,0.0,0.0,0.0,0.0,0.0,0.0,0.0,0.0,0.0,category,71.19,1.2,72.39,115.83,131.67,247.5,125.15,37.47,162.62,122.42,131.85,254.27
19,Statement 3,,0.0,0.0,0.0,0.0,0.0,0.0,0.0,0.0,0.0,0.0,0.0,0.0,2024-25,Statement 3 - Budget,0.0,0.0,0.0,0.0,0.0,0.0,0.0,0.0,0.0,0.0,Ministry of Information and Broadcasting,,0.0,0.0,0.0,0.0,0.0,0.0,0.0,0.0,0.0,0.0,0.0,0.0,0.0,61.0,0.0,0.0,0.0,0.0,0.0,0.0,0.0,0.0,0.0,ministry_total,3994.53,25.65,4020.18,4661.16,30.84,4692.0,4410.92,38.84,4449.76,4303.71,38.84,4342.55
19,Statement 3,,0.0,0.0,0.0,0.0,0.0,0.0,0.0,0.0,0.0,0.0,0.0,0.0,2024-25,Statement 3 - Budget,0.0,0.0,0.0,0.0,0.0,0.0,0.0,0.0,0.0,0.0,Ministry of Information and Broadcasting,Central Sector Schemes/Projects,1.0,0.0,0.0,0.0,0.0,0.0,0.0,0.0,0.0,0.0,0.0,0.0,0.0,61.0,0.0,0.0,0.0,0.0,0.0,0.0,0.0,0.0,0.0,category,544.01,25.65,569.66,1079.24,25.76,1105.0,1001.52,25.76,1027.28,978.55,25.76,1004.31
19,Statement 3,,0.0,0.0,0.0,0.0,0.0,0.0,0.0,0.0,0.0,0.0,0.0,0.0,2024-25,Statement 3 - Budget,0.0,0.0,0.0,0.0,0.0,0.0,0.0,0.0,0.0,0.0,Ministry of Information and Broadcasting,Establishment Expenditure of the Centre,2.0,0.0,0.0,0.0,0.0,0.0,0.0,0.0,0.0,0.0,0.0,0.0,0.0,61.0,0.0,0.0,0.0,0.0,0.0,0.0,0.0,0.0,0.0,category,566.73,0.0,566.73,530.42,5.08,535.5,537.92,13.08,551.0,553.33,13.08,566.41
19,Statement 3,,0.0,0.0,0.0,0.0,0.0,0.0,0.0,0.0,0.0,0.0,0.0,0.0,2024-25,Statement 3 - Budget,0.0,0.0,0.0,0.0,0.0,0.0,0.0,0.0,0.0,0.0,Ministry of Information and Broadcasting,Other Central Sector Expenditure,3.0,0.0,0.0,0.0,0.0,0.0,0.0,0.0,0.0,0.0,0.0,0.0,0.0,61.0,0.0,0.0,0.0,0.0,0.0,0.0,0.0,0.0,0.0,category,2883.79,0.0,2883.79,3051.5,0.0,3051.5,2871.48,0.0,2871.48,2771.83,0.0,2771.83
19,Statement 3,,0.0,0.0,0.0,0.0,0.0,0.0,0.0,0.0,0.0,0.0,0.0,0.0,2024-25,Statement 3 - Budget,0.0,0.0,0.0,0.0,0.0,0.0,0.0,0.0,0.0,0.0,"Department of Water Resources, River Development and Ganga",,0.0,0.0,0.0,0.0,0.0,0.0,0.0,0.0,0.0,0.0,0.0,0.0,0.0,62.0,0.0,0.0,0.0,0.0,0.0,0.0,0.0,0.0,0.0,ministry_total,11794.44,167.63,11962.07,19694.19,360.48,20054.67,19191.99,324.93,19516.92,20921.15,401.95,21323.1
19,Statement 3,,0.0,0.0,0.0,0.0,0.0,0.0,0.0,0.0,0.0,0.0,0.0,0.0,2024-25,Statement 3 - Budget,0.0,0.0,0.0,0.0,0.0,0.0,0.0,0.0,0.0,0.0,"Department of Water Resources, River Development and Ganga",Central Sector Schemes/Projects,1.0,0.0,0.0,0.0,0.0,0.0,0.0,0.0,0.0,0.0,0.0,0.0,0.0,62.0,0.0,0.0,0.0,0.0,0.0,0.0,0.0,0.0,0.0,category,4034.97,147.67,4182.64,5937.75,320.36,6258.11,5830.45,293.52,6123.97,6213.74,359.99,6573.73
19,Statement 3,,0.0,0.0,0.0,0.0,0.0,0.0,0.0,0.0,0.0,0.0,0.0,0.0,2024-25,Statement 3 - Budget,0.0,0.0,0.0,0.0,0.0,0.0,0.0,0.0,0.0,0.0,"Department of Water Resources, River Development and Ganga",Centrally Sponsored Schemes,2.0,0.0,0.0,0.0,0.0,0.0,0.0,0.0,0.0,0.0,0.0,0.0,0.0,62.0,0.0,0.0,0.0,0.0,0.0,0.0,0.0,0.0,0.0,category,6703.06,0.67,6703.73,12385.66,1.57,12387.23,12061.75,1.35,12063.1,13429.65,1.83,13431.48
19,Statement 3,,0.0,0.0,0.0,0.0,0.0,0.0,0.0,0.0,0.0,0.0,0.0,0.0,2024-25,Statement 3 - Budget,0.0,0.0,0.0,0.0,0.0,0.0,0.0,0.0,0.0,0.0,"Department of Water Resources, River Development and Ganga",Establishment Expenditure of the Centre,3.0,0.0,0.0,0.0,0.0,0.0,0.0,0.0,0.0,0.0,0.0,0.0,0.0,62.0,0.0,0.0,0.0,0.0,0.0,0.0,0.0,0.0,0.0,category,1056.41,19.29,1075.7,1370.78,38.55,1409.33,1299.79,30.06,1329.85,1277.76,40.13,1317.89
19,Statement 3,,0.0,0.0,0.0,0.0,0.0,0.0,0.0,0.0,0.0,0.0,0.0,0.0,2024-25,Statement 3 - Budget,0.0,0.0,0.0,0.0,0.0,0.0,0.0,0.0,0.0,0.0,Department of Drinking Water and Sanitation,,0.0,0.0,0.0,0.0,0.0,0.0,0.0,0.0,0.0,0.0,0.0,0.0,0.0,63.0,0.0,0.0,0.0,0.0,0.0,0.0,0.0,0.0,0.0,ministry_total,59655.49,0.0,59655.49,77221.8,1.2,77223.0,77031.05,1.6,77032.65,77389.18,1.5,77390.68
19,Statement 3,,0.0,0.0,0.0,0.0,0.0,0.0,0.0,0.0,0.0,0.0,0.0,0.0,2024-25,Statement 3 - Budget,0.0,0.0,0.0,0.0,0.0,0.0,0.0,0.0,0.0,0.0,Department of Drinking Water and Sanitation,Centrally Sponsored Schemes,1.0,0.0,0.0,0.0,0.0,0.0,0.0,0.0,0.0,0.0,0.0,0.0,0.0,63.0,0.0,0.0,0.0,0.0,0.0,0.0,0.0,0.0,0.0,category,59624.89,0.0,59624.89,77192.0,0.0,77192.0,77000.0,0.0,77000.0,77354.9,0.0,77354.9
19,Statement 3,,0.0,0.0,0.0,0.0,0.0,0.0,0.0,0.0,0.0,0.0,0.0,0.0,2024-25,Statement 3 - Budget,0.0,0.0,0.0,0.0,0.0,0.0,0.0,0.0,0.0,0.0,Department of Drinking Water and Sanitation,Establishment Expenditure of the Centre,2.0,0.0,0.0,0.0,0.0,0.0,0.0,0.0,0.0,0.0,0.0,0.0,0.0,63.0,0.0,0.0,0.0,0.0,0.0,0.0,0.0,0.0,0.0,category,30.6,0.0,30.6,29.8,1.2,31.0,31.05,1.6,32.65,34.28,1.5,35.78
20,Statement 3,,0.0,0.0,0.0,0.0,0.0,0.0,0.0,0.0,0.0,0.0,0.0,0.0,2024-25,Statement 3 - Budget,0.0,0.0,0.0,0.0,0.0,0.0,0.0,0.0,0.0,0.0,Ministry of Labour and Employment,,0.0,0.0,0.0,0.0,0.0,0.0,0.0,0.0,0.0,0.0,0.0,0.0,0.0,64.0,0.0,0.0,0.0,0.0,0.0,0.0,0.0,0.0,0.0,ministry_total,14757.37,37.52,14794.89,13183.86,37.87,13221.73,12483.19,37.87,12521.06,22481.88,49.59,22531.47
20,Statement 3,,0.0,0.0,0.0,0.0,0.0,0.0,0.0,0.0,0.0,0.0,0.0,0.0,2024-25,Statement 3 - Budget,0.0,0.0,0.0,0.0,0.0,0.0,0.0,0.0,0.0,0.0,Ministry of Labour and Employment,Central Sector Schemes/Projects,1.0,0.0,0.0,0.0,0.0,0.0,0.0,0.0,0.0,0.0,0.0,0.0,0.0,64.0,0.0,0.0,0.0,0.0,0.0,0.0,0.0,0.0,0.0,category,14047.83,0.0,14047.83,12434.32,0.5,12434.82,11714.49,0.5,11714.99,21704.96,0.61,21705.57
20,Statement 3,,0.0,0.0,0.0,0.0,0.0,0.0,0.0,0.0,0.0,0.0,0.0,0.0,2024-25,Statement 3 - Budget,0.0,0.0,0.0,0.0,0.0,0.0,0.0,0.0,0.0,0.0,Ministry of Labour and Employment,Centrally Sponsored Schemes,2.0,0.0,0.0,0.0,0.0,0.0,0.0,0.0,0.0,0.0,0.0,0.0,0.0,64.0,0.0,0.0,0.0,0.0,0.0,0.0,0.0,0.0,0.0,category,43.89,0.09,43.98,0.0,0.0,0.0,0.0,0.0,0.0,0.0,0.0,0.0
20,Statement 3,,0.0,0.0,0.0,0.0,0.0,0.0,0.0,0.0,0.0,0.0,0.0,0.0,2024-25,Statement 3 - Budget,0.0,0.0,0.0,0.0,0.0,0.0,0.0,0.0,0.0,0.0,Ministry of Labour and Employment,Establishment Expenditure of the Centre,3.0,0.0,0.0,0.0,0.0,0.0,0.0,0.0,0.0,0.0,0.0,0.0,0.0,64.0,0.0,0.0,0.0,0.0,0.0,0.0,0.0,0.0,0.0,category,555.35,37.43,592.78,622.54,37.37,659.91,641.7,37.37,679.07,644.77,48.98,693.75
20,Statement 3,,0.0,0.0,0.0,0.0,0.0,0.0,0.0,0.0,0.0,0.0,0.0,0.0,2024-25,Statement 3 - Budget,0.0,0.0,0.0,0.0,0.0,0.0,0.0,0.0,0.0,0.0,Ministry of Labour and Employment,Other Central Sector Expenditure,4.0,0.0,0.0,0.0,0.0,0.0,0.0,0.0,0.0,0.0,0.0,0.0,0.0,64.0,0.0,0.0,0.0,0.0,0.0,0.0,0.0,0.0,0.0,category,110.3,0.0,110.3,127.0,0.0,127.0,127.0,0.0,127.0,132.15,0.0,132.15
20,Statement 3,,0.0,0.0,0.0,0.0,0.0,0.0,0.0,0.0,0.0,0.0,0.0,0.0,2024-25,Statement 3 - Budget,0.0,0.0,0.0,0.0,0.0,0.0,0.0,0.0,0.0,0.0,Law and Justice,,0.0,0.0,0.0,0.0,0.0,0.0,0.0,0.0,0.0,0.0,0.0,0.0,0.0,65.0,0.0,0.0,0.0,0.0,0.0,0.0,0.0,0.0,0.0,ministry_total,4931.93,1191.24,6123.17,2030.65,1944.78,3975.43,5927.39,2562.85,8490.24,5773.79,167.16,5940.95
20,Statement 3,,0.0,0.0,0.0,0.0,0.0,0.0,0.0,0.0,0.0,0.0,0.0,0.0,2024-25,Statement 3 - Budget,0.0,0.0,0.0,0.0,0.0,0.0,0.0,0.0,0.0,0.0,Law and Justice,Central Sector Schemes/Projects,1.0,0.0,0.0,0.0,0.0,0.0,0.0,0.0,0.0,0.0,0.0,0.0,0.0,65.0,0.0,0.0,0.0,0.0,0.0,0.0,0.0,0.0,0.0,category,47.1,0.0,47.1,40.01,0.0,40.01,873.0,0.0,873.0,1748.0,86.63,1834.63
20,Statement 3,,0.0,0.0,0.0,0.0,0.0,0.0,0.0,0.0,0.0,0.0,0.0,0.0,2024-25,Statement 3 - Budget,0.0,0.0,0.0,0.0,0.0,0.0,0.0,0.0,0.0,0.0,Law and Justice,Centrally Sponsored Schemes,2.0,0.0,0.0,0.0,0.0,0.0,0.0,0.0,0.0,0.0,0.0,0.0,0.0,65.0,0.0,0.0,0.0,0.0,0.0,0.0,0.0,0.0,0.0,category,858.0,0.0,858.0,1061.0,0.0,1061.0,1061.0,0.0,1061.0,1000.0,0.0,1000.0
20,Statement 3,,0.0,0.0,0.0,0.0,0.0,0.0,0.0,0.0,0.0,0.0,0.0,0.0,2024-25,Statement 3 - Budget,0.0,0.0,0.0,0.0,0.0,0.0,0.0,0.0,0.0,0.0,Law and Justice,Establishment Expenditure of the Centre,3.0,0.0,0.0,0.0,0.0,0.0,0.0,0.0,0.0,0.0,0.0,0.0,0.0,65.0,0.0,0.0,0.0,0.0,0.0,0.0,0.0,0.0,0.0,category,351.91,0.0,351.91,384.14,78.0,462.14,379.88,121.75,501.63,379.41,55.88,435.29
20,Statement 3,,0.0,0.0,0.0,0.0,0.0,0.0,0.0,0.0,0.0,0.0,0.0,0.0,2024-25,Statement 3 - Budget,0.0,0.0,0.0,0.0,0.0,0.0,0.0,0.0,0.0,0.0,Law and Justice,Other Central Sector Expenditure,4.0,0.0,0.0,0.0,0.0,0.0,0.0,0.0,0.0,0.0,0.0,0.0,0.0,65.0,0.0,0.0,0.0,0.0,0.0,0.0,0.0,0.0,0.0,category,218.75,0.0,218.75,228.5,0.0,228.5,432.49,0.0,432.49,228.18,0.0,228.18
20,Statement 3,,0.0,0.0,0.0,0.0,0.0,0.0,0.0,0.0,0.0,0.0,0.0,0.0,2024-25,Statement 3 - Budget,0.0,0.0,0.0,0.0,0.0,0.0,0.0,0.0,0.0,0.0,Law and Justice,Other Grants/Loans/Transfers,5.0,0.0,0.0,0.0,0.0,0.0,0.0,0.0,0.0,0.0,0.0,0.0,0.0,65.0,0.0,0.0,0.0,0.0,0.0,0.0,0.0,0.0,0.0,category,3456.17,1191.24,4647.41,317.0,1866.78,2183.78,3181.02,2441.1,5622.12,2418.2,24.65,2442.85
20,Statement 3,,0.0,0.0,0.0,0.0,0.0,0.0,0.0,0.0,0.0,0.0,0.0,0.0,2024-25,Statement 3 - Budget,0.0,0.0,0.0,0.0,0.0,0.0,0.0,0.0,0.0,0.0,Election Commission,,0.0,0.0,0.0,0.0,0.0,0.0,0.0,0.0,0.0,0.0,0.0,0.0,0.0,66.0,0.0,0.0,0.0,0.0,0.0,0.0,0.0,0.0,0.0,ministry_total,319.25,-5.0,314.25,312.0,28.0,340.0,385.67,80.37,466.04,306.06,15.83,321.89
20,Statement 3,,0.0,0.0,0.0,0.0,0.0,0.0,0.0,0.0,0.0,0.0,0.0,0.0,2024-25,Statement 3 - Budget,0.0,0.0,0.0,0.0,0.0,0.0,0.0,0.0,0.0,0.0,Election Commission,Establishment Expenditure of the Centre,1.0,0.0,0.0,0.0,0.0,0.0,0.0,0.0,0.0,0.0,0.0,0.0,0.0,66.0,0.0,0.0,0.0,0.0,0.0,0.0,0.0,0.0,0.0,category,320.23,0.0,320.23,312.0,28.0,340.0,385.67,80.37,466.04,306.06,15.83,321.89
20,Statement 3,,0.0,0.0,0.0,0.0,0.0,0.0,0.0,0.0,0.0,0.0,0.0,0.0,2024-25,Statement 3 - Budget,0.0,0.0,0.0,0.0,0.0,0.0,0.0,0.0,0.0,0.0,Election Commission,Other Central Sector Expenditure,2.0,0.0,0.0,0.0,0.0,0.0,0.0,0.0,0.0,0.0,0.0,0.0,0.0,66.0,0.0,0.0,0.0,0.0,0.0,0.0,0.0,0.0,0.0,category,-0.98,-5.0,-5.98,0.0,0.0,0.0,0.0,0.0,0.0,0.0,0.0,0.0
20,Statement 3,,0.0,0.0,0.0,0.0,0.0,0.0,0.0,0.0,0.0,0.0,0.0,0.0,2024-25,Statement 3 - Budget,0.0,0.0,0.0,0.0,0.0,0.0,0.0,0.0,0.0,0.0,Supreme Court of India,,0.0,0.0,0.0,0.0,0.0,0.0,0.0,0.0,0.0,0.0,0.0,0.0,0.0,67.0,0.0,0.0,0.0,0.0,0.0,0.0,0.0,0.0,0.0,ministry_total,392.78,0.0,392.78,407.15,30.0,437.15,459.28,58.0,517.28,456.54,68.95,525.49
20,Statement 3,,0.0,0.0,0.0,0.0,0.0,0.0,0.0,0.0,0.0,0.0,0.0,0.0,2024-25,Statement 3 - Budget,0.0,0.0,0.0,0.0,0.0,0.0,0.0,0.0,0.0,0.0,Supreme Court of India,Establishment Expenditure of the Centre,1.0,0.0,0.0,0.0,0.0,0.0,0.0,0.0,0.0,0.0,0.0,0.0,0.0,67.0,0.0,0.0,0.0,0.0,0.0,0.0,0.0,0.0,0.0,category,392.78,0.0,392.78,407.15,30.0,437.15,459.28,58.0,517.28,456.54,68.95,525.49
20,Statement 3,,0.0,0.0,0.0,0.0,0.0,0.0,0.0,0.0,0.0,0.0,0.0,0.0,2024-25,Statement 3 - Budget,0.0,0.0,0.0,0.0,0.0,0.0,0.0,0.0,0.0,0.0,"Ministry of Micro, Small and Medium Enterprises",,0.0,0.0,0.0,0.0,0.0,0.0,0.0,0.0,0.0,0.0,0.0,0.0,0.0,68.0,0.0,0.0,0.0,0.0,0.0,0.0,0.0,0.0,0.0,ministry_total,23134.61,406.33,23540.94,21543.43,594.52,22137.95,21543.28,594.67,22137.95,21549.87,588.08,22137.95
20,Statement 3,,0.0,0.0,0.0,0.0,0.0,0.0,0.0,0.0,0.0,0.0,0.0,0.0,2024-25,Statement 3 - Budget,0.0,0.0,0.0,0.0,0.0,0.0,0.0,0.0,0.0,0.0,"Ministry of Micro, Small and Medium Enterprises",Central Sector Schemes/Projects,1.0,0.0,0.0,0.0,0.0,0.0,0.0,0.0,0.0,0.0,0.0,0.0,0.0,68.0,0.0,0.0,0.0,0.0,0.0,0.0,0.0,0.0,0.0,category,23123.86,406.33,23530.19,21277.55,575.0,21852.55,21293.72,575.25,21868.97,21292.95,575.5,21868.45
20,Statement 3,,0.0,0.0,0.0,0.0,0.0,0.0,0.0,0.0,0.0,0.0,0.0,0.0,2024-25,Statement 3 - Budget,0.0,0.0,0.0,0.0,0.0,0.0,0.0,0.0,0.0,0.0,"Ministry of Micro, Small and Medium Enterprises",Establishment Expenditure of the Centre,2.0,0.0,0.0,0.0,0.0,0.0,0.0,0.0,0.0,0.0,0.0,0.0,0.0,68.0,0.0,0.0,0.0,0.0,0.0,0.0,0.0,0.0,0.0,category,53.7,0.0,53.7,245.88,19.52,265.4,235.29,19.42,254.71,244.82,12.58,257.4
20,Statement 3,,0.0,0.0,0.0,0.0,0.0,0.0,0.0,0.0,0.0,0.0,0.0,0.0,2024-25,Statement 3 - Budget,0.0,0.0,0.0,0.0,0.0,0.0,0.0,0.0,0.0,0.0,"Ministry of Micro, Small and Medium Enterprises",Other Central Sector Expenditure,3.0,0.0,0.0,0.0,0.0,0.0,0.0,0.0,0.0,0.0,0.0,0.0,0.0,68.0,0.0,0.0,0.0,0.0,0.0,0.0,0.0,0.0,0.0,category,-42.95,0.0,-42.95,20.0,0.0,20.0,14.27,0.0,14.27,12.1,0.0,12.1
20,Statement 3,,0.0,0.0,0.0,0.0,0.0,0.0,0.0,0.0,0.0,0.0,0.0,0.0,2024-25,Statement 3 - Budget,0.0,0.0,0.0,0.0,0.0,0.0,0.0,0.0,0.0,0.0,Ministry of Mines,,0.0,0.0,0.0,0.0,0.0,0.0,0.0,0.0,0.0,0.0,0.0,0.0,0.0,69.0,0.0,0.0,0.0,0.0,0.0,0.0,0.0,0.0,0.0,ministry_total,1520.94,58.22,1579.16,1834.48,77.12,1911.6,2759.4,77.12,2836.52,1895.14,45.92,1941.06
20,Statement 3,,0.0,0.0,0.0,0.0,0.0,0.0,0.0,0.0,0.0,0.0,0.0,0.0,2024-25,Statement 3 - Budget,0.0,0.0,0.0,0.0,0.0,0.0,0.0,0.0,0.0,0.0,Ministry of Mines,Establishment Expenditure of the Centre,1.0,0.0,0.0,0.0,0.0,0.0,0.0,0.0,0.0,0.0,0.0,0.0,0.0,69.0,0.0,0.0,0.0,0.0,0.0,0.0,0.0,0.0,0.0,category,943.41,0.0,943.41,927.01,0.0,927.01,973.55,0.58,974.13,1090.15,0.55,1090.7
20,Statement 3,,0.0,0.0,0.0,0.0,0.0,0.0,0.0,0.0,0.0,0.0,0.0,0.0,2024-25,Statement 3 - Budget,0.0,0.0,0.0,0.0,0.0,0.0,0.0,0.0,0.0,0.0,Ministry of Mines,Other Central Sector Expenditure,2.0,0.0,0.0,0.0,0.0,0.0,0.0,0.0,0.0,0.0,0.0,0.0,0.0,69.0,0.0,0.0,0.0,0.0,0.0,0.0,0.0,0.0,0.0,category,577.53,58.22,635.75,907.47,77.12,984.59,1785.85,76.54,1862.39,804.99,45.37,850.36
21,Statement 3,,0.0,0.0,0.0,0.0,0.0,0.0,0.0,0.0,0.0,0.0,0.0,0.0,2024-25,Statement 3 - Budget,0.0,0.0,0.0,0.0,0.0,0.0,0.0,0.0,0.0,0.0,Ministry of Minority Affairs,,0.0,0.0,0.0,0.0,0.0,0.0,0.0,0.0,0.0,0.0,0.0,0.0,0.0,70.0,0.0,0.0,0.0,0.0,0.0,0.0,0.0,0.0,0.0,ministry_total,643.69,159.0,802.69,3032.6,65.0,3097.6,2543.93,65.0,2608.93,3179.49,3.75,3183.24
21,Statement 3,,0.0,0.0,0.0,0.0,0.0,0.0,0.0,0.0,0.0,0.0,0.0,0.0,2024-25,Statement 3 - Budget,0.0,0.0,0.0,0.0,0.0,0.0,0.0,0.0,0.0,0.0,Ministry of Minority Affairs,Central Sector Schemes/Projects,1.0,0.0,0.0,0.0,0.0,0.0,0.0,0.0,0.0,0.0,0.0,0.0,0.0,70.0,0.0,0.0,0.0,0.0,0.0,0.0,0.0,0.0,0.0,category,356.13,159.0,515.13,2275.5,61.0,2336.5,1854.86,61.0,1915.86,2120.72,0.0,2120.72
21,Statement 3,,0.0,0.0,0.0,0.0,0.0,0.0,0.0,0.0,0.0,0.0,0.0,0.0,2024-25,Statement 3 - Budget,0.0,0.0,0.0,0.0,0.0,0.0,0.0,0.0,0.0,0.0,Ministry of Minority Affairs,Centrally Sponsored Schemes,2.0,0.0,0.0,0.0,0.0,0.0,0.0,0.0,0.0,0.0,0.0,0.0,0.0,70.0,0.0,0.0,0.0,0.0,0.0,0.0,0.0,0.0,0.0,category,222.75,0.0,222.75,610.0,0.0,610.0,555.0,0.0,555.0,912.9,0.0,912.9
21,Statement 3,,0.0,0.0,0.0,0.0,0.0,0.0,0.0,0.0,0.0,0.0,0.0,0.0,2024-25,Statement 3 - Budget,0.0,0.0,0.0,0.0,0.0,0.0,0.0,0.0,0.0,0.0,Ministry of Minority Affairs,Establishment Expenditure of the Centre,3.0,0.0,0.0,0.0,0.0,0.0,0.0,0.0,0.0,0.0,0.0,0.0,0.0,70.0,0.0,0.0,0.0,0.0,0.0,0.0,0.0,0.0,0.0,category,86.58,0.0,86.58,128.0,4.0,132.0,117.69,4.0,121.69,128.87,3.75,132.62
21,Statement 3,,0.0,0.0,0.0,0.0,0.0,0.0,0.0,0.0,0.0,0.0,0.0,0.0,2024-25,Statement 3 - Budget,0.0,0.0,0.0,0.0,0.0,0.0,0.0,0.0,0.0,0.0,Ministry of Minority Affairs,Other Central Sector Expenditure,4.0,0.0,0.0,0.0,0.0,0.0,0.0,0.0,0.0,0.0,0.0,0.0,0.0,70.0,0.0,0.0,0.0,0.0,0.0,0.0,0.0,0.0,0.0,category,-21.77,0.0,-21.77,19.1,0.0,19.1,16.38,0.0,16.38,17.0,0.0,17.0
21,Statement 3,,0.0,0.0,0.0,0.0,0.0,0.0,0.0,0.0,0.0,0.0,0.0,0.0,2024-25,Statement 3 - Budget,0.0,0.0,0.0,0.0,0.0,0.0,0.0,0.0,0.0,0.0,Ministry of New and Renewable Energy,,0.0,0.0,0.0,0.0,0.0,0.0,0.0,0.0,0.0,0.0,0.0,0.0,0.0,71.0,0.0,0.0,0.0,0.0,0.0,0.0,0.0,0.0,0.0,ministry_total,7549.9,13.47,7563.37,10210.35,11.65,10222.0,7833.0,15.0,7848.0,19082.55,17.45,19100.0
21,Statement 3,,0.0,0.0,0.0,0.0,0.0,0.0,0.0,0.0,0.0,0.0,0.0,0.0,2024-25,Statement 3 - Budget,0.0,0.0,0.0,0.0,0.0,0.0,0.0,0.0,0.0,0.0,Ministry of New and Renewable Energy,Central Sector Schemes/Projects,1.0,0.0,0.0,0.0,0.0,0.0,0.0,0.0,0.0,0.0,0.0,0.0,0.0,71.0,0.0,0.0,0.0,0.0,0.0,0.0,0.0,0.0,0.0,category,7592.85,0.0,7592.85,9874.81,0.0,9874.81,7623.46,0.0,7623.46,18852.76,0.0,18852.76
21,Statement 3,,0.0,0.0,0.0,0.0,0.0,0.0,0.0,0.0,0.0,0.0,0.0,0.0,2024-25,Statement 3 - Budget,0.0,0.0,0.0,0.0,0.0,0.0,0.0,0.0,0.0,0.0,Ministry of New and Renewable Energy,Establishment Expenditure of the Centre,2.0,0.0,0.0,0.0,0.0,0.0,0.0,0.0,0.0,0.0,0.0,0.0,0.0,71.0,0.0,0.0,0.0,0.0,0.0,0.0,0.0,0.0,0.0,category,45.78,13.47,59.25,53.54,11.65,65.19,53.54,15.0,68.54,69.79,17.45,87.24
21,Statement 3,,0.0,0.0,0.0,0.0,0.0,0.0,0.0,0.0,0.0,0.0,0.0,0.0,2024-25,Statement 3 - Budget,0.0,0.0,0.0,0.0,0.0,0.0,0.0,0.0,0.0,0.0,Ministry of New and Renewable Energy,Other Central Sector Expenditure,3.0,0.0,0.0,0.0,0.0,0.0,0.0,0.0,0.0,0.0,0.0,0.0,0.0,71.0,0.0,0.0,0.0,0.0,0.0,0.0,0.0,0.0,0.0,category,-88.73,0.0,-88.73,282.0,0.0,282.0,156.0,0.0,156.0,160.0,0.0,160.0
21,Statement 3,,0.0,0.0,0.0,0.0,0.0,0.0,0.0,0.0,0.0,0.0,0.0,0.0,2024-25,Statement 3 - Budget,0.0,0.0,0.0,0.0,0.0,0.0,0.0,0.0,0.0,0.0,Ministry of Panchayati Raj,,0.0,0.0,0.0,0.0,0.0,0.0,0.0,0.0,0.0,0.0,0.0,0.0,0.0,72.0,0.0,0.0,0.0,0.0,0.0,0.0,0.0,0.0,0.0,ministry_total,901.18,0.0,901.18,993.27,23.15,1016.42,981.39,2.61,984.0,1161.2,22.44,1183.64
21,Statement 3,,0.0,0.0,0.0,0.0,0.0,0.0,0.0,0.0,0.0,0.0,0.0,0.0,2024-25,Statement 3 - Budget,0.0,0.0,0.0,0.0,0.0,0.0,0.0,0.0,0.0,0.0,Ministry of Panchayati Raj,Central Sector Schemes/Projects,1.0,0.0,0.0,0.0,0.0,0.0,0.0,0.0,0.0,0.0,0.0,0.0,0.0,72.0,0.0,0.0,0.0,0.0,0.0,0.0,0.0,0.0,0.0,category,103.29,0.0,103.29,55.46,20.54,76.0,54.0,0.0,54.0,50.46,19.54,70.0
21,Statement 3,,0.0,0.0,0.0,0.0,0.0,0.0,0.0,0.0,0.0,0.0,0.0,0.0,2024-25,Statement 3 - Budget,0.0,0.0,0.0,0.0,0.0,0.0,0.0,0.0,0.0,0.0,Ministry of Panchayati Raj,Centrally Sponsored Schemes,2.0,0.0,0.0,0.0,0.0,0.0,0.0,0.0,0.0,0.0,0.0,0.0,0.0,72.0,0.0,0.0,0.0,0.0,0.0,0.0,0.0,0.0,0.0,category,761.67,0.0,761.67,893.5,1.5,895.0,885.64,1.5,887.14,1062.17,1.5,1063.67
21,Statement 3,,0.0,0.0,0.0,0.0,0.0,0.0,0.0,0.0,0.0,0.0,0.0,0.0,2024-25,Statement 3 - Budget,0.0,0.0,0.0,0.0,0.0,0.0,0.0,0.0,0.0,0.0,Ministry of Panchayati Raj,Establishment Expenditure of the Centre,3.0,0.0,0.0,0.0,0.0,0.0,0.0,0.0,0.0,0.0,0.0,0.0,0.0,72.0,0.0,0.0,0.0,0.0,0.0,0.0,0.0,0.0,0.0,category,36.22,0.0,36.22,44.31,1.11,45.42,41.75,1.11,42.86,48.57,1.4,49.97
21,Statement 3,,0.0,0.0,0.0,0.0,0.0,0.0,0.0,0.0,0.0,0.0,0.0,0.0,2024-25,Statement 3 - Budget,0.0,0.0,0.0,0.0,0.0,0.0,0.0,0.0,0.0,0.0,Ministry of Parliamentary Affairs,,0.0,0.0,0.0,0.0,0.0,0.0,0.0,0.0,0.0,0.0,0.0,0.0,0.0,73.0,0.0,0.0,0.0,0.0,0.0,0.0,0.0,0.0,0.0,ministry_total,52.2,0.0,52.2,59.0,4.0,63.0,56.93,6.07,63.0,59.7,4.3,64.0
21,Statement 3,,0.0,0.0,0.0,0.0,0.0,0.0,0.0,0.0,0.0,0.0,0.0,0.0,2024-25,Statement 3 - Budget,0.0,0.0,0.0,0.0,0.0,0.0,0.0,0.0,0.0,0.0,Ministry of Parliamentary Affairs,Establishment Expenditure of the Centre,1.0,0.0,0.0,0.0,0.0,0.0,0.0,0.0,0.0,0.0,0.0,0.0,0.0,73.0,0.0,0.0,0.0,0.0,0.0,0.0,0.0,0.0,0.0,category,52.2,0.0,52.2,59.0,4.0,63.0,56.93,6.07,63.0,59.7,4.3,64.0
21,Statement 3,,0.0,0.0,0.0,0.0,0.0,0.0,0.0,0.0,0.0,0.0,0.0,0.0,2024-25,Statement 3 - Budget,0.0,0.0,0.0,0.0,0.0,0.0,0.0,0.0,0.0,0.0,"Ministry of Personnel, Public Grievances and Pensions",,0.0,0.0,0.0,0.0,0.0,0.0,0.0,0.0,0.0,0.0,0.0,0.0,0.0,74.0,0.0,0.0,0.0,0.0,0.0,0.0,0.0,0.0,0.0,ministry_total,1982.74,293.92,2276.66,1932.02,275.72,2207.74,2158.76,334.94,2493.7,2052.63,275.93,2328.56
21,Statement 3,,0.0,0.0,0.0,0.0,0.0,0.0,0.0,0.0,0.0,0.0,0.0,0.0,2024-25,Statement 3 - Budget,0.0,0.0,0.0,0.0,0.0,0.0,0.0,0.0,0.0,0.0,"Ministry of Personnel, Public Grievances and Pensions",Central Sector Schemes/Projects,1.0,0.0,0.0,0.0,0.0,0.0,0.0,0.0,0.0,0.0,0.0,0.0,0.0,74.0,0.0,0.0,0.0,0.0,0.0,0.0,0.0,0.0,0.0,category,106.0,57.86,163.86,154.59,72.16,226.75,170.97,101.38,272.35,217.6,128.09,345.69
21,Statement 3,,0.0,0.0,0.0,0.0,0.0,0.0,0.0,0.0,0.0,0.0,0.0,0.0,2024-25,Statement 3 - Budget,0.0,0.0,0.0,0.0,0.0,0.0,0.0,0.0,0.0,0.0,"Ministry of Personnel, Public Grievances and Pensions",Establishment Expenditure of the Centre,2.0,0.0,0.0,0.0,0.0,0.0,0.0,0.0,0.0,0.0,0.0,0.0,0.0,74.0,0.0,0.0,0.0,0.0,0.0,0.0,0.0,0.0,0.0,category,1830.42,236.06,2066.48,1705.83,203.56,1909.39,1932.61,233.56,2166.17,1788.76,147.84,1936.6
21,Statement 3,,0.0,0.0,0.0,0.0,0.0,0.0,0.0,0.0,0.0,0.0,0.0,0.0,2024-25,Statement 3 - Budget,0.0,0.0,0.0,0.0,0.0,0.0,0.0,0.0,0.0,0.0,"Ministry of Personnel, Public Grievances and Pensions",Other Central Sector Expenditure,3.0,0.0,0.0,0.0,0.0,0.0,0.0,0.0,0.0,0.0,0.0,0.0,0.0,74.0,0.0,0.0,0.0,0.0,0.0,0.0,0.0,0.0,0.0,category,46.32,0.0,46.32,71.6,0.0,71.6,55.18,0.0,55.18,46.27,0.0,46.27
21,Statement 3,,0.0,0.0,0.0,0.0,0.0,0.0,0.0,0.0,0.0,0.0,0.0,0.0,2024-25,Statement 3 - Budget,0.0,0.0,0.0,0.0,0.0,0.0,0.0,0.0,0.0,0.0,Central Vigilance Commission,,0.0,0.0,0.0,0.0,0.0,0.0,0.0,0.0,0.0,0.0,0.0,0.0,0.0,75.0,0.0,0.0,0.0,0.0,0.0,0.0,0.0,0.0,0.0,ministry_total,43.17,0.0,43.17,43.21,1.25,44.46,46.48,1.25,47.73,49.69,1.62,51.31
21,Statement 3,,0.0,0.0,0.0,0.0,0.0,0.0,0.0,0.0,0.0,0.0,0.0,0.0,2024-25,Statement 3 - Budget,0.0,0.0,0.0,0.0,0.0,0.0,0.0,0.0,0.0,0.0,Central Vigilance Commission,Establishment Expenditure of the Centre,1.0,0.0,0.0,0.0,0.0,0.0,0.0,0.0,0.0,0.0,0.0,0.0,0.0,75.0,0.0,0.0,0.0,0.0,0.0,0.0,0.0,0.0,0.0,category,43.17,0.0,43.17,43.21,1.25,44.46,46.48,1.25,47.73,49.69,1.62,51.31
21,Statement 3,,0.0,0.0,0.0,0.0,0.0,0.0,0.0,0.0,0.0,0.0,0.0,0.0,2024-25,Statement 3 - Budget,0.0,0.0,0.0,0.0,0.0,0.0,0.0,0.0,0.0,0.0,Ministry of Petroleum and Natural Gas,,0.0,0.0,0.0,0.0,0.0,0.0,0.0,0.0,0.0,0.0,0.0,0.0,0.0,76.0,0.0,0.0,0.0,0.0,0.0,0.0,0.0,0.0,0.0,ministry_total,30912.71,0.0,30912.71,5498.74,35508.98,41007.72,14716.98,40.03,14757.01,14801.29,1128.97,15930.26
21,Statement 3,,0.0,0.0,0.0,0.0,0.0,0.0,0.0,0.0,0.0,0.0,0.0,0.0,2024-25,Statement 3 - Budget,0.0,0.0,0.0,0.0,0.0,0.0,0.0,0.0,0.0,0.0,Ministry of Petroleum and Natural Gas,Central Sector Schemes/Projects,1.0,0.0,0.0,0.0,0.0,0.0,0.0,0.0,0.0,0.0,0.0,0.0,0.0,76.0,0.0,0.0,0.0,0.0,0.0,0.0,0.0,0.0,0.0,category,30837.17,0.0,30837.17,5277.6,35508.0,40785.6,14576.36,40.03,14616.39,14571.99,1128.02,15700.01
22,Statement 3,,0.0,0.0,0.0,0.0,0.0,0.0,0.0,0.0,0.0,0.0,0.0,0.0,2024-25,Statement 3 - Budget,0.0,0.0,0.0,0.0,0.0,0.0,0.0,0.0,0.0,0.0,Ministry of Petroleum and Natural Gas,Establishment Expenditure of the Centre,2.0,0.0,0.0,0.0,0.0,0.0,0.0,0.0,0.0,0.0,0.0,0.0,0.0,76.0,0.0,0.0,0.0,0.0,0.0,0.0,0.0,0.0,0.0,category,46.07,0.0,46.07,51.9,0.98,52.88,50.0,0.0,50.0,61.29,0.95,62.24
22,Statement 3,,0.0,0.0,0.0,0.0,0.0,0.0,0.0,0.0,0.0,0.0,0.0,0.0,2024-25,Statement 3 - Budget,0.0,0.0,0.0,0.0,0.0,0.0,0.0,0.0,0.0,0.0,Ministry of Petroleum and Natural Gas,Other Central Sector Expenditure,3.0,0.0,0.0,0.0,0.0,0.0,0.0,0.0,0.0,0.0,0.0,0.0,0.0,76.0,0.0,0.0,0.0,0.0,0.0,0.0,0.0,0.0,0.0,category,29.47,0.0,29.47,169.24,0.0,169.24,90.62,0.0,90.62,168.01,0.0,168.01
22,Statement 3,,0.0,0.0,0.0,0.0,0.0,0.0,0.0,0.0,0.0,0.0,0.0,0.0,2024-25,Statement 3 - Budget,0.0,0.0,0.0,0.0,0.0,0.0,0.0,0.0,0.0,0.0,Ministry of Planning,,0.0,0.0,0.0,0.0,0.0,0.0,0.0,0.0,0.0,0.0,0.0,0.0,0.0,77.0,0.0,0.0,0.0,0.0,0.0,0.0,0.0,0.0,0.0,ministry_total,846.84,0.3,847.14,805.73,18.66,824.39,496.76,17.43,514.19,818.3,18.96,837.26
22,Statement 3,,0.0,0.0,0.0,0.0,0.0,0.0,0.0,0.0,0.0,0.0,0.0,0.0,2024-25,Statement 3 - Budget,0.0,0.0,0.0,0.0,0.0,0.0,0.0,0.0,0.0,0.0,Ministry of Planning,Central Sector Schemes/Projects,1.0,0.0,0.0,0.0,0.0,0.0,0.0,0.0,0.0,0.0,0.0,0.0,0.0,77.0,0.0,0.0,0.0,0.0,0.0,0.0,0.0,0.0,0.0,category,669.62,0.3,669.92,621.0,11.0,632.0,301.29,10.71,312.0,621.29,10.71,632.0
22,Statement 3,,0.0,0.0,0.0,0.0,0.0,0.0,0.0,0.0,0.0,0.0,0.0,0.0,2024-25,Statement 3 - Budget,0.0,0.0,0.0,0.0,0.0,0.0,0.0,0.0,0.0,0.0,Ministry of Planning,Establishment Expenditure of the Centre,2.0,0.0,0.0,0.0,0.0,0.0,0.0,0.0,0.0,0.0,0.0,0.0,0.0,77.0,0.0,0.0,0.0,0.0,0.0,0.0,0.0,0.0,0.0,category,167.87,0.0,167.87,173.43,7.66,181.09,184.17,6.72,190.89,185.71,8.25,193.96
22,Statement 3,,0.0,0.0,0.0,0.0,0.0,0.0,0.0,0.0,0.0,0.0,0.0,0.0,2024-25,Statement 3 - Budget,0.0,0.0,0.0,0.0,0.0,0.0,0.0,0.0,0.0,0.0,Ministry of Planning,Other Central Sector Expenditure,3.0,0.0,0.0,0.0,0.0,0.0,0.0,0.0,0.0,0.0,0.0,0.0,0.0,77.0,0.0,0.0,0.0,0.0,0.0,0.0,0.0,0.0,0.0,category,9.35,0.0,9.35,11.3,0.0,11.3,11.3,0.0,11.3,11.3,0.0,11.3
22,Statement 3,,0.0,0.0,0.0,0.0,0.0,0.0,0.0,0.0,0.0,0.0,0.0,0.0,2024-25,Statement 3 - Budget,0.0,0.0,0.0,0.0,0.0,0.0,0.0,0.0,0.0,0.0,"Ministry of Ports, Shipping and Waterways",,0.0,0.0,0.0,0.0,0.0,0.0,0.0,0.0,0.0,0.0,0.0,0.0,0.0,78.0,0.0,0.0,0.0,0.0,0.0,0.0,0.0,0.0,0.0,ministry_total,1009.3,678.4,1687.7,1150.53,1068.21,2218.74,1228.67,1166.45,2395.12,1299.56,1077.93,2377.49
22,Statement 3,,0.0,0.0,0.0,0.0,0.0,0.0,0.0,0.0,0.0,0.0,0.0,0.0,2024-25,Statement 3 - Budget,0.0,0.0,0.0,0.0,0.0,0.0,0.0,0.0,0.0,0.0,"Ministry of Ports, Shipping and Waterways",Central Sector Schemes/Projects,1.0,0.0,0.0,0.0,0.0,0.0,0.0,0.0,0.0,0.0,0.0,0.0,0.0,78.0,0.0,0.0,0.0,0.0,0.0,0.0,0.0,0.0,0.0,category,452.05,124.21,576.26,448.03,130.0,578.03,513.91,130.0,643.91,766.51,40.0,806.51
22,Statement 3,,0.0,0.0,0.0,0.0,0.0,0.0,0.0,0.0,0.0,0.0,0.0,0.0,2024-25,Statement 3 - Budget,0.0,0.0,0.0,0.0,0.0,0.0,0.0,0.0,0.0,0.0,"Ministry of Ports, Shipping and Waterways",Establishment Expenditure of the Centre,2.0,0.0,0.0,0.0,0.0,0.0,0.0,0.0,0.0,0.0,0.0,0.0,0.0,78.0,0.0,0.0,0.0,0.0,0.0,0.0,0.0,0.0,0.0,category,51.49,0.0,51.49,77.75,2.25,80.0,63.07,5.95,69.02,77.33,2.17,79.5
22,Statement 3,,0.0,0.0,0.0,0.0,0.0,0.0,0.0,0.0,0.0,0.0,0.0,0.0,2024-25,Statement 3 - Budget,0.0,0.0,0.0,0.0,0.0,0.0,0.0,0.0,0.0,0.0,"Ministry of Ports, Shipping and Waterways",Other Central Sector Expenditure,3.0,0.0,0.0,0.0,0.0,0.0,0.0,0.0,0.0,0.0,0.0,0.0,0.0,78.0,0.0,0.0,0.0,0.0,0.0,0.0,0.0,0.0,0.0,category,505.76,554.19,1059.95,624.75,935.96,1560.71,651.69,1030.5,1682.19,455.72,1035.76,1491.48
22,Statement 3,,0.0,0.0,0.0,0.0,0.0,0.0,0.0,0.0,0.0,0.0,0.0,0.0,2024-25,Statement 3 - Budget,0.0,0.0,0.0,0.0,0.0,0.0,0.0,0.0,0.0,0.0,Ministry of Power,,0.0,0.0,0.0,0.0,0.0,0.0,0.0,0.0,0.0,0.0,0.0,0.0,0.0,79.0,0.0,0.0,0.0,0.0,0.0,0.0,0.0,0.0,0.0,ministry_total,9289.87,23.11,9312.98,20654.52,16.8,20671.32,17510.53,124.47,17635.0,19415.5,1086.5,20502.0
22,Statement 3,,0.0,0.0,0.0,0.0,0.0,0.0,0.0,0.0,0.0,0.0,0.0,0.0,2024-25,Statement 3 - Budget,0.0,0.0,0.0,0.0,0.0,0.0,0.0,0.0,0.0,0.0,Ministry of Power,Central Sector Schemes/Projects,1.0,0.0,0.0,0.0,0.0,0.0,0.0,0.0,0.0,0.0,0.0,0.0,0.0,79.0,0.0,0.0,0.0,0.0,0.0,0.0,0.0,0.0,0.0,category,5869.43,13.11,5882.54,16107.92,1.0,16108.92,13921.51,0.01,13921.52,16361.02,1.0,16362.02
22,Statement 3,,0.0,0.0,0.0,0.0,0.0,0.0,0.0,0.0,0.0,0.0,0.0,0.0,2024-25,Statement 3 - Budget,0.0,0.0,0.0,0.0,0.0,0.0,0.0,0.0,0.0,0.0,Ministry of Power,Establishment Expenditure of the Centre,2.0,0.0,0.0,0.0,0.0,0.0,0.0,0.0,0.0,0.0,0.0,0.0,0.0,79.0,0.0,0.0,0.0,0.0,0.0,0.0,0.0,0.0,0.0,category,218.63,0.0,218.63,244.13,5.79,249.92,252.71,5.46,258.17,280.09,7.57,287.66
22,Statement 3,,0.0,0.0,0.0,0.0,0.0,0.0,0.0,0.0,0.0,0.0,0.0,0.0,2024-25,Statement 3 - Budget,0.0,0.0,0.0,0.0,0.0,0.0,0.0,0.0,0.0,0.0,Ministry of Power,Other Central Sector Expenditure,3.0,0.0,0.0,0.0,0.0,0.0,0.0,0.0,0.0,0.0,0.0,0.0,0.0,79.0,0.0,0.0,0.0,0.0,0.0,0.0,0.0,0.0,0.0,category,3201.81,10.0,3211.81,4302.47,10.01,4312.48,3336.31,119.0,3455.31,2774.39,1077.93,3852.32
22,Statement 3,,0.0,0.0,0.0,0.0,0.0,0.0,0.0,0.0,0.0,0.0,0.0,0.0,2024-25,Statement 3 - Budget,0.0,0.0,0.0,0.0,0.0,0.0,0.0,0.0,0.0,0.0,"Staff, Household and Allowances of the President",,0.0,0.0,0.0,0.0,0.0,0.0,0.0,0.0,0.0,0.0,0.0,0.0,0.0,80.0,0.0,0.0,0.0,0.0,0.0,0.0,0.0,0.0,0.0,ministry_total,80.36,0.0,80.36,87.73,2.41,90.14,93.04,4.65,97.69,108.09,36.09,144.18
22,Statement 3,,0.0,0.0,0.0,0.0,0.0,0.0,0.0,0.0,0.0,0.0,0.0,0.0,2024-25,Statement 3 - Budget,0.0,0.0,0.0,0.0,0.0,0.0,0.0,0.0,0.0,0.0,"Staff, Household and Allowances of the President",Establishment Expenditure of the Centre,1.0,0.0,0.0,0.0,0.0,0.0,0.0,0.0,0.0,0.0,0.0,0.0,0.0,80.0,0.0,0.0,0.0,0.0,0.0,0.0,0.0,0.0,0.0,category,80.36,0.0,80.36,87.73,2.41,90.14,93.04,4.65,97.69,108.09,36.09,144.18
22,Statement 3,,0.0,0.0,0.0,0.0,0.0,0.0,0.0,0.0,0.0,0.0,0.0,0.0,2024-25,Statement 3 - Budget,0.0,0.0,0.0,0.0,0.0,0.0,0.0,0.0,0.0,0.0,Lok Sabha,,0.0,0.0,0.0,0.0,0.0,0.0,0.0,0.0,0.0,0.0,0.0,0.0,0.0,81.0,0.0,0.0,0.0,0.0,0.0,0.0,0.0,0.0,0.0,ministry_total,666.53,0.0,666.53,786.51,35.49,822.0,757.46,31.19,788.65,782.77,79.23,862.0
22,Statement 3,,0.0,0.0,0.0,0.0,0.0,0.0,0.0,0.0,0.0,0.0,0.0,0.0,2024-25,Statement 3 - Budget,0.0,0.0,0.0,0.0,0.0,0.0,0.0,0.0,0.0,0.0,Lok Sabha,Establishment Expenditure of the Centre,1.0,0.0,0.0,0.0,0.0,0.0,0.0,0.0,0.0,0.0,0.0,0.0,0.0,81.0,0.0,0.0,0.0,0.0,0.0,0.0,0.0,0.0,0.0,category,666.53,0.0,666.53,786.51,35.49,822.0,757.46,31.19,788.65,782.77,79.23,862.0
22,Statement 3,,0.0,0.0,0.0,0.0,0.0,0.0,0.0,0.0,0.0,0.0,0.0,0.0,2024-25,Statement 3 - Budget,0.0,0.0,0.0,0.0,0.0,0.0,0.0,0.0,0.0,0.0,Rajya Sabha,,0.0,0.0,0.0,0.0,0.0,0.0,0.0,0.0,0.0,0.0,0.0,0.0,0.0,82.0,0.0,0.0,0.0,0.0,0.0,0.0,0.0,0.0,0.0,ministry_total,383.19,0.0,383.19,474.35,10.06,484.41,408.59,13.27,421.86,425.74,15.68,441.42
22,Statement 3,,0.0,0.0,0.0,0.0,0.0,0.0,0.0,0.0,0.0,0.0,0.0,0.0,2024-25,Statement 3 - Budget,0.0,0.0,0.0,0.0,0.0,0.0,0.0,0.0,0.0,0.0,Rajya Sabha,Establishment Expenditure of the Centre,1.0,0.0,0.0,0.0,0.0,0.0,0.0,0.0,0.0,0.0,0.0,0.0,0.0,82.0,0.0,0.0,0.0,0.0,0.0,0.0,0.0,0.0,0.0,category,383.19,0.0,383.19,474.35,10.06,484.41,408.59,13.27,421.86,425.74,15.68,441.42
22,Statement 3,,0.0,0.0,0.0,0.0,0.0,0.0,0.0,0.0,0.0,0.0,0.0,0.0,2024-25,Statement 3 - Budget,0.0,0.0,0.0,0.0,0.0,0.0,0.0,0.0,0.0,0.0,Secretariat of the Vice-President,,0.0,0.0,0.0,0.0,0.0,0.0,0.0,0.0,0.0,0.0,0.0,0.0,0.0,83.0,0.0,0.0,0.0,0.0,0.0,0.0,0.0,0.0,0.0,ministry_total,8.31,0.0,8.31,9.1,0.21,9.31,9.6,0.36,9.96,11.3,0.31,11.61
22,Statement 3,,0.0,0.0,0.0,0.0,0.0,0.0,0.0,0.0,0.0,0.0,0.0,0.0,2024-25,Statement 3 - Budget,0.0,0.0,0.0,0.0,0.0,0.0,0.0,0.0,0.0,0.0,Secretariat of the Vice-President,Establishment Expenditure of the Centre,1.0,0.0,0.0,0.0,0.0,0.0,0.0,0.0,0.0,0.0,0.0,0.0,0.0,83.0,0.0,0.0,0.0,0.0,0.0,0.0,0.0,0.0,0.0,category,8.31,0.0,8.31,9.1,0.21,9.31,9.6,0.36,9.96,11.3,0.31,11.61
23,Statement 3,,0.0,0.0,0.0,0.0,0.0,0.0,0.0,0.0,0.0,0.0,0.0,0.0,2024-25,Statement 3 - Budget,0.0,0.0,0.0,0.0,0.0,0.0,0.0,0.0,0.0,0.0,Union Public Service Commission,,0.0,0.0,0.0,0.0,0.0,0.0,0.0,0.0,0.0,0.0,0.0,0.0,0.0,84.0,0.0,0.0,0.0,0.0,0.0,0.0,0.0,0.0,0.0,ministry_total,369.71,0.0,369.71,358.46,21.54,380.0,408.7,17.54,426.24,404.17,21.54,425.71
23,Statement 3,,0.0,0.0,0.0,0.0,0.0,0.0,0.0,0.0,0.0,0.0,0.0,0.0,2024-25,Statement 3 - Budget,0.0,0.0,0.0,0.0,0.0,0.0,0.0,0.0,0.0,0.0,Union Public Service Commission,Establishment Expenditure of the Centre,1.0,0.0,0.0,0.0,0.0,0.0,0.0,0.0,0.0,0.0,0.0,0.0,0.0,84.0,0.0,0.0,0.0,0.0,0.0,0.0,0.0,0.0,0.0,category,369.71,0.0,369.71,358.46,21.54,380.0,408.7,17.54,426.24,404.17,21.54,425.71
23,Statement 3,,0.0,0.0,0.0,0.0,0.0,0.0,0.0,0.0,0.0,0.0,0.0,0.0,2024-25,Statement 3 - Budget,0.0,0.0,0.0,0.0,0.0,0.0,0.0,0.0,0.0,0.0,Ministry of Railways,,0.0,0.0,0.0,0.0,0.0,0.0,0.0,0.0,0.0,0.0,0.0,0.0,0.0,85.0,0.0,0.0,0.0,0.0,0.0,0.0,0.0,0.0,0.0,ministry_total,3153.97,159256.15,162410.12,1267.51,240000.0,241267.51,3271.84,240000.0,243271.84,3393.0,252000.0,255393.0
23,Statement 3,,0.0,0.0,0.0,0.0,0.0,0.0,0.0,0.0,0.0,0.0,0.0,0.0,2024-25,Statement 3 - Budget,0.0,0.0,0.0,0.0,0.0,0.0,0.0,0.0,0.0,0.0,Ministry of Railways,Central Sector Schemes/Projects,1.0,0.0,0.0,0.0,0.0,0.0,0.0,0.0,0.0,0.0,0.0,0.0,0.0,85.0,0.0,0.0,0.0,0.0,0.0,0.0,0.0,0.0,0.0,category,0.0,159256.15,159256.15,0.0,240000.0,240000.0,0.0,240000.0,240000.0,0.0,252000.0,252000.0
23,Statement 3,,0.0,0.0,0.0,0.0,0.0,0.0,0.0,0.0,0.0,0.0,0.0,0.0,2024-25,Statement 3 - Budget,0.0,0.0,0.0,0.0,0.0,0.0,0.0,0.0,0.0,0.0,Ministry of Railways,Establishment Expenditure of the Centre,2.0,0.0,0.0,0.0,0.0,0.0,0.0,0.0,0.0,0.0,0.0,0.0,0.0,85.0,0.0,0.0,0.0,0.0,0.0,0.0,0.0,0.0,0.0,category,3153.97,0.0,3153.97,1267.51,0.0,1267.51,3271.84,0.0,3271.84,3393.0,0.0,3393.0
23,Statement 3,,0.0,0.0,0.0,0.0,0.0,0.0,0.0,0.0,0.0,0.0,0.0,0.0,2024-25,Statement 3 - Budget,0.0,0.0,0.0,0.0,0.0,0.0,0.0,0.0,0.0,0.0,Ministry of Road Transport and Highways,,0.0,0.0,0.0,0.0,0.0,0.0,0.0,0.0,0.0,0.0,0.0,0.0,0.0,86.0,0.0,0.0,0.0,0.0,0.0,0.0,0.0,0.0,0.0,ministry_total,11103.53,205985.94,217089.47,11829.18,258605.53,270434.71,11825.92,264525.53,276351.45,5758.85,272241.15,278000.0
23,Statement 3,,0.0,0.0,0.0,0.0,0.0,0.0,0.0,0.0,0.0,0.0,0.0,0.0,2024-25,Statement 3 - Budget,0.0,0.0,0.0,0.0,0.0,0.0,0.0,0.0,0.0,0.0,Ministry of Road Transport and Highways,Central Sector Schemes/Projects,1.0,0.0,0.0,0.0,0.0,0.0,0.0,0.0,0.0,0.0,0.0,0.0,0.0,86.0,0.0,0.0,0.0,0.0,0.0,0.0,0.0,0.0,0.0,category,10956.2,205985.94,216942.14,11649.05,258601.33,270250.38,11653.12,264523.33,276176.45,5591.85,272238.24,277830.09
23,Statement 3,,0.0,0.0,0.0,0.0,0.0,0.0,0.0,0.0,0.0,0.0,0.0,0.0,2024-25,Statement 3 - Budget,0.0,0.0,0.0,0.0,0.0,0.0,0.0,0.0,0.0,0.0,Ministry of Road Transport and Highways,Establishment Expenditure of the Centre,2.0,0.0,0.0,0.0,0.0,0.0,0.0,0.0,0.0,0.0,0.0,0.0,0.0,86.0,0.0,0.0,0.0,0.0,0.0,0.0,0.0,0.0,0.0,category,147.33,0.0,147.33,180.13,4.2,184.33,172.8,2.2,175.0,167.0,2.91,169.91
23,Statement 3,,0.0,0.0,0.0,0.0,0.0,0.0,0.0,0.0,0.0,0.0,0.0,0.0,2024-25,Statement 3 - Budget,0.0,0.0,0.0,0.0,0.0,0.0,0.0,0.0,0.0,0.0,Department of Rural Development,,0.0,0.0,0.0,0.0,0.0,0.0,0.0,0.0,0.0,0.0,0.0,0.0,0.0,87.0,0.0,0.0,0.0,0.0,0.0,0.0,0.0,0.0,0.0,ministry_total,176837.39,0.0,176837.39,157541.48,3.52,157545.0,171065.82,3.64,171069.46,177562.05,4.14,177566.19
23,Statement 3,,0.0,0.0,0.0,0.0,0.0,0.0,0.0,0.0,0.0,0.0,0.0,0.0,2024-25,Statement 3 - Budget,0.0,0.0,0.0,0.0,0.0,0.0,0.0,0.0,0.0,0.0,Department of Rural Development,Central Sector Schemes/Projects,1.0,0.0,0.0,0.0,0.0,0.0,0.0,0.0,0.0,0.0,0.0,0.0,0.0,87.0,0.0,0.0,0.0,0.0,0.0,0.0,0.0,0.0,0.0,category,201.36,0.0,201.36,113.49,0.0,113.49,100.0,0.0,100.0,250.53,0.0,250.53
23,Statement 3,,0.0,0.0,0.0,0.0,0.0,0.0,0.0,0.0,0.0,0.0,0.0,0.0,2024-25,Statement 3 - Budget,0.0,0.0,0.0,0.0,0.0,0.0,0.0,0.0,0.0,0.0,Department of Rural Development,Centrally Sponsored Schemes,2.0,0.0,0.0,0.0,0.0,0.0,0.0,0.0,0.0,0.0,0.0,0.0,0.0,87.0,0.0,0.0,0.0,0.0,0.0,0.0,0.0,0.0,0.0,category,176558.64,0.0,176558.64,157252.49,0.0,157252.49,170781.18,0.0,170781.18,177199.14,0.0,177199.14
23,Statement 3,,0.0,0.0,0.0,0.0,0.0,0.0,0.0,0.0,0.0,0.0,0.0,0.0,2024-25,Statement 3 - Budget,0.0,0.0,0.0,0.0,0.0,0.0,0.0,0.0,0.0,0.0,Department of Rural Development,Establishment Expenditure of the Centre,3.0,0.0,0.0,0.0,0.0,0.0,0.0,0.0,0.0,0.0,0.0,0.0,0.0,87.0,0.0,0.0,0.0,0.0,0.0,0.0,0.0,0.0,0.0,category,85.6,0.0,85.6,60.5,3.52,64.02,93.26,3.64,96.9,101.54,4.14,105.68
23,Statement 3,,0.0,0.0,0.0,0.0,0.0,0.0,0.0,0.0,0.0,0.0,0.0,0.0,2024-25,Statement 3 - Budget,0.0,0.0,0.0,0.0,0.0,0.0,0.0,0.0,0.0,0.0,Department of Rural Development,Other Central Sector Expenditure,4.0,0.0,0.0,0.0,0.0,0.0,0.0,0.0,0.0,0.0,0.0,0.0,0.0,87.0,0.0,0.0,0.0,0.0,0.0,0.0,0.0,0.0,0.0,category,-8.21,0.0,-8.21,115.0,0.0,115.0,91.38,0.0,91.38,10.84,0.0,10.84
23,Statement 3,,0.0,0.0,0.0,0.0,0.0,0.0,0.0,0.0,0.0,0.0,0.0,0.0,2024-25,Statement 3 - Budget,0.0,0.0,0.0,0.0,0.0,0.0,0.0,0.0,0.0,0.0,Department of Land Resources,,0.0,0.0,0.0,0.0,0.0,0.0,0.0,0.0,0.0,0.0,0.0,0.0,0.0,88.0,0.0,0.0,0.0,0.0,0.0,0.0,0.0,0.0,0.0,ministry_total,1002.32,0.0,1002.32,2417.97,1.26,2419.23,1896.78,1.26,1898.04,2666.23,1.01,2667.24
23,Statement 3,,0.0,0.0,0.0,0.0,0.0,0.0,0.0,0.0,0.0,0.0,0.0,0.0,2024-25,Statement 3 - Budget,0.0,0.0,0.0,0.0,0.0,0.0,0.0,0.0,0.0,0.0,Department of Land Resources,Central Sector Schemes/Projects,1.0,0.0,0.0,0.0,0.0,0.0,0.0,0.0,0.0,0.0,0.0,0.0,0.0,88.0,0.0,0.0,0.0,0.0,0.0,0.0,0.0,0.0,0.0,category,239.25,0.0,239.25,195.75,0.0,195.75,125.0,0.0,125.0,141.0,0.0,141.0
23,Statement 3,,0.0,0.0,0.0,0.0,0.0,0.0,0.0,0.0,0.0,0.0,0.0,0.0,2024-25,Statement 3 - Budget,0.0,0.0,0.0,0.0,0.0,0.0,0.0,0.0,0.0,0.0,Department of Land Resources,Centrally Sponsored Schemes,2.0,0.0,0.0,0.0,0.0,0.0,0.0,0.0,0.0,0.0,0.0,0.0,0.0,88.0,0.0,0.0,0.0,0.0,0.0,0.0,0.0,0.0,0.0,category,742.89,0.0,742.89,2200.0,0.0,2200.0,1750.0,0.0,1750.0,2501.0,0.0,2501.0
23,Statement 3,,0.0,0.0,0.0,0.0,0.0,0.0,0.0,0.0,0.0,0.0,0.0,0.0,2024-25,Statement 3 - Budget,0.0,0.0,0.0,0.0,0.0,0.0,0.0,0.0,0.0,0.0,Department of Land Resources,Establishment Expenditure of the Centre,3.0,0.0,0.0,0.0,0.0,0.0,0.0,0.0,0.0,0.0,0.0,0.0,0.0,88.0,0.0,0.0,0.0,0.0,0.0,0.0,0.0,0.0,0.0,category,20.18,0.0,20.18,22.22,1.26,23.48,21.78,1.26,23.04,24.23,1.01,25.24
23,Statement 3,,0.0,0.0,0.0,0.0,0.0,0.0,0.0,0.0,0.0,0.0,0.0,0.0,2024-25,Statement 3 - Budget,0.0,0.0,0.0,0.0,0.0,0.0,0.0,0.0,0.0,0.0,Department of Science and Technology,,0.0,0.0,0.0,0.0,0.0,0.0,0.0,0.0,0.0,0.0,0.0,0.0,0.0,89.0,0.0,0.0,0.0,0.0,0.0,0.0,0.0,0.0,0.0,ministry_total,4396.23,40.03,4436.26,7842.75,88.3,7931.05,4850.39,41.39,4891.78,7964.51,64.5,8029.01
23,Statement 3,,0.0,0.0,0.0,0.0,0.0,0.0,0.0,0.0,0.0,0.0,0.0,0.0,2024-25,Statement 3 - Budget,0.0,0.0,0.0,0.0,0.0,0.0,0.0,0.0,0.0,0.0,Department of Science and Technology,Central Sector Schemes/Projects,1.0,0.0,0.0,0.0,0.0,0.0,0.0,0.0,0.0,0.0,0.0,0.0,0.0,89.0,0.0,0.0,0.0,0.0,0.0,0.0,0.0,0.0,0.0,category,1790.65,0.0,1790.65,2777.0,0.0,2777.0,1340.0,0.0,1340.0,2819.07,0.0,2819.07
23,Statement 3,,0.0,0.0,0.0,0.0,0.0,0.0,0.0,0.0,0.0,0.0,0.0,0.0,2024-25,Statement 3 - Budget,0.0,0.0,0.0,0.0,0.0,0.0,0.0,0.0,0.0,0.0,Department of Science and Technology,Establishment Expenditure of the Centre,2.0,0.0,0.0,0.0,0.0,0.0,0.0,0.0,0.0,0.0,0.0,0.0,0.0,89.0,0.0,0.0,0.0,0.0,0.0,0.0,0.0,0.0,0.0,category,579.41,40.03,619.44,602.75,88.3,691.05,574.29,41.39,615.68,630.24,64.5,694.74
23,Statement 3,,0.0,0.0,0.0,0.0,0.0,0.0,0.0,0.0,0.0,0.0,0.0,0.0,2024-25,Statement 3 - Budget,0.0,0.0,0.0,0.0,0.0,0.0,0.0,0.0,0.0,0.0,Department of Science and Technology,Other Central Sector Expenditure,3.0,0.0,0.0,0.0,0.0,0.0,0.0,0.0,0.0,0.0,0.0,0.0,0.0,89.0,0.0,0.0,0.0,0.0,0.0,0.0,0.0,0.0,0.0,category,2026.17,0.0,2026.17,4463.0,0.0,4463.0,2936.1,0.0,2936.1,4515.2,0.0,4515.2
23,Statement 3,,0.0,0.0,0.0,0.0,0.0,0.0,0.0,0.0,0.0,0.0,0.0,0.0,2024-25,Statement 3 - Budget,0.0,0.0,0.0,0.0,0.0,0.0,0.0,0.0,0.0,0.0,Department of Biotechnology,,0.0,0.0,0.0,0.0,0.0,0.0,0.0,0.0,0.0,0.0,0.0,0.0,0.0,90.0,0.0,0.0,0.0,0.0,0.0,0.0,0.0,0.0,0.0,ministry_total,2044.74,0.0,2044.74,2683.86,0.0,2683.86,1607.32,0.0,1607.32,2275.7,0.0,2275.7
23,Statement 3,,0.0,0.0,0.0,0.0,0.0,0.0,0.0,0.0,0.0,0.0,0.0,0.0,2024-25,Statement 3 - Budget,0.0,0.0,0.0,0.0,0.0,0.0,0.0,0.0,0.0,0.0,Department of Biotechnology,Central Sector Schemes/Projects,1.0,0.0,0.0,0.0,0.0,0.0,0.0,0.0,0.0,0.0,0.0,0.0,0.0,90.0,0.0,0.0,0.0,0.0,0.0,0.0,0.0,0.0,0.0,category,1207.41,0.0,1207.41,1645.0,0.0,1645.0,550.0,0.0,550.0,1174.0,0.0,1174.0
24,Statement 3,,0.0,0.0,0.0,0.0,0.0,0.0,0.0,0.0,0.0,0.0,0.0,0.0,2024-25,Statement 3 - Budget,0.0,0.0,0.0,0.0,0.0,0.0,0.0,0.0,0.0,0.0,Department of Biotechnology,Establishment Expenditure of the Centre,2.0,0.0,0.0,0.0,0.0,0.0,0.0,0.0,0.0,0.0,0.0,0.0,0.0,90.0,0.0,0.0,0.0,0.0,0.0,0.0,0.0,0.0,0.0,category,32.74,0.0,32.74,46.39,0.0,46.39,44.25,0.0,44.25,71.04,0.0,71.04
24,Statement 3,,0.0,0.0,0.0,0.0,0.0,0.0,0.0,0.0,0.0,0.0,0.0,0.0,2024-25,Statement 3 - Budget,0.0,0.0,0.0,0.0,0.0,0.0,0.0,0.0,0.0,0.0,Department of Biotechnology,Other Central Sector Expenditure,3.0,0.0,0.0,0.0,0.0,0.0,0.0,0.0,0.0,0.0,0.0,0.0,0.0,90.0,0.0,0.0,0.0,0.0,0.0,0.0,0.0,0.0,0.0,category,804.59,0.0,804.59,992.47,0.0,992.47,1013.07,0.0,1013.07,1030.66,0.0,1030.66
24,Statement 3,,0.0,0.0,0.0,0.0,0.0,0.0,0.0,0.0,0.0,0.0,0.0,0.0,2024-25,Statement 3 - Budget,0.0,0.0,0.0,0.0,0.0,0.0,0.0,0.0,0.0,0.0,Department of Scientific and Industrial Research,,0.0,0.0,0.0,0.0,0.0,0.0,0.0,0.0,0.0,0.0,0.0,0.0,0.0,91.0,0.0,0.0,0.0,0.0,0.0,0.0,0.0,0.0,0.0,ministry_total,5850.64,1.5,5852.14,5737.05,9.46,5746.51,6189.51,13.02,6202.53,6321.71,1.7,6323.41
24,Statement 3,,0.0,0.0,0.0,0.0,0.0,0.0,0.0,0.0,0.0,0.0,0.0,0.0,2024-25,Statement 3 - Budget,0.0,0.0,0.0,0.0,0.0,0.0,0.0,0.0,0.0,0.0,Department of Scientific and Industrial Research,Central Sector Schemes/Projects,1.0,0.0,0.0,0.0,0.0,0.0,0.0,0.0,0.0,0.0,0.0,0.0,0.0,91.0,0.0,0.0,0.0,0.0,0.0,0.0,0.0,0.0,0.0,category,25.73,1.5,27.23,36.63,8.4,45.03,24.6,12.2,36.8,31.4,0.6,32.0
24,Statement 3,,0.0,0.0,0.0,0.0,0.0,0.0,0.0,0.0,0.0,0.0,0.0,0.0,2024-25,Statement 3 - Budget,0.0,0.0,0.0,0.0,0.0,0.0,0.0,0.0,0.0,0.0,Department of Scientific and Industrial Research,Establishment Expenditure of the Centre,2.0,0.0,0.0,0.0,0.0,0.0,0.0,0.0,0.0,0.0,0.0,0.0,0.0,91.0,0.0,0.0,0.0,0.0,0.0,0.0,0.0,0.0,0.0,category,15.28,0.0,15.28,17.91,0.56,18.47,16.15,0.35,16.5,17.16,0.6,17.76
24,Statement 3,,0.0,0.0,0.0,0.0,0.0,0.0,0.0,0.0,0.0,0.0,0.0,0.0,2024-25,Statement 3 - Budget,0.0,0.0,0.0,0.0,0.0,0.0,0.0,0.0,0.0,0.0,Department of Scientific and Industrial Research,Other Central Sector Expenditure,3.0,0.0,0.0,0.0,0.0,0.0,0.0,0.0,0.0,0.0,0.0,0.0,0.0,91.0,0.0,0.0,0.0,0.0,0.0,0.0,0.0,0.0,0.0,category,5809.63,0.0,5809.63,5682.51,0.5,5683.01,6148.76,0.47,6149.23,6273.15,0.5,6273.65
24,Statement 3,,0.0,0.0,0.0,0.0,0.0,0.0,0.0,0.0,0.0,0.0,0.0,0.0,2024-25,Statement 3 - Budget,0.0,0.0,0.0,0.0,0.0,0.0,0.0,0.0,0.0,0.0,Ministry of Skill Development and Entrepreneurship,,0.0,0.0,0.0,0.0,0.0,0.0,0.0,0.0,0.0,0.0,0.0,0.0,0.0,92.0,0.0,0.0,0.0,0.0,0.0,0.0,0.0,0.0,0.0,ministry_total,1311.43,59.57,1371.0,3418.07,99.24,3517.31,3160.94,99.24,3260.18,4409.63,110.37,4520.0
24,Statement 3,,0.0,0.0,0.0,0.0,0.0,0.0,0.0,0.0,0.0,0.0,0.0,0.0,2024-25,Statement 3 - Budget,0.0,0.0,0.0,0.0,0.0,0.0,0.0,0.0,0.0,0.0,Ministry of Skill Development and Entrepreneurship,Central Sector Schemes/Projects,1.0,0.0,0.0,0.0,0.0,0.0,0.0,0.0,0.0,0.0,0.0,0.0,0.0,92.0,0.0,0.0,0.0,0.0,0.0,0.0,0.0,0.0,0.0,category,0.0,0.0,0.0,2278.37,0.0,2278.37,2333.33,0.0,2333.33,2685.64,0.0,2685.64
24,Statement 3,,0.0,0.0,0.0,0.0,0.0,0.0,0.0,0.0,0.0,0.0,0.0,0.0,2024-25,Statement 3 - Budget,0.0,0.0,0.0,0.0,0.0,0.0,0.0,0.0,0.0,0.0,Ministry of Skill Development and Entrepreneurship,Centrally Sponsored Schemes,2.0,0.0,0.0,0.0,0.0,0.0,0.0,0.0,0.0,0.0,0.0,0.0,0.0,92.0,0.0,0.0,0.0,0.0,0.0,0.0,0.0,0.0,0.0,category,1119.38,0.01,1119.39,894.46,0.0,894.46,572.64,0.0,572.64,1434.95,0.0,1434.95
24,Statement 3,,0.0,0.0,0.0,0.0,0.0,0.0,0.0,0.0,0.0,0.0,0.0,0.0,2024-25,Statement 3 - Budget,0.0,0.0,0.0,0.0,0.0,0.0,0.0,0.0,0.0,0.0,Ministry of Skill Development and Entrepreneurship,Establishment Expenditure of the Centre,3.0,0.0,0.0,0.0,0.0,0.0,0.0,0.0,0.0,0.0,0.0,0.0,0.0,92.0,0.0,0.0,0.0,0.0,0.0,0.0,0.0,0.0,0.0,category,208.9,59.56,268.46,222.99,99.24,322.23,240.23,99.24,339.47,265.72,110.37,376.09
24,Statement 3,,0.0,0.0,0.0,0.0,0.0,0.0,0.0,0.0,0.0,0.0,0.0,0.0,2024-25,Statement 3 - Budget,0.0,0.0,0.0,0.0,0.0,0.0,0.0,0.0,0.0,0.0,Ministry of Skill Development and Entrepreneurship,Other Central Sector Expenditure,4.0,0.0,0.0,0.0,0.0,0.0,0.0,0.0,0.0,0.0,0.0,0.0,0.0,92.0,0.0,0.0,0.0,0.0,0.0,0.0,0.0,0.0,0.0,category,-16.85,0.0,-16.85,22.25,0.0,22.25,14.74,0.0,14.74,23.32,0.0,23.32
24,Statement 3,,0.0,0.0,0.0,0.0,0.0,0.0,0.0,0.0,0.0,0.0,0.0,0.0,2024-25,Statement 3 - Budget,0.0,0.0,0.0,0.0,0.0,0.0,0.0,0.0,0.0,0.0,Department of Social Justice and Empowerment,,0.0,0.0,0.0,0.0,0.0,0.0,0.0,0.0,0.0,0.0,0.0,0.0,0.0,93.0,0.0,0.0,0.0,0.0,0.0,0.0,0.0,0.0,0.0,ministry_total,7360.59,53.17,7413.76,12706.97,140.05,12847.02,9772.39,80.93,9853.32,12939.16,61.04,13000.2
24,Statement 3,,0.0,0.0,0.0,0.0,0.0,0.0,0.0,0.0,0.0,0.0,0.0,0.0,2024-25,Statement 3 - Budget,0.0,0.0,0.0,0.0,0.0,0.0,0.0,0.0,0.0,0.0,Department of Social Justice and Empowerment,Central Sector Schemes/Projects,1.0,0.0,0.0,0.0,0.0,0.0,0.0,0.0,0.0,0.0,0.0,0.0,0.0,93.0,0.0,0.0,0.0,0.0,0.0,0.0,0.0,0.0,0.0,category,711.83,45.0,756.83,884.86,92.0,976.86,850.72,32.0,882.72,1045.89,50.0,1095.89
24,Statement 3,,0.0,0.0,0.0,0.0,0.0,0.0,0.0,0.0,0.0,0.0,0.0,0.0,2024-25,Statement 3 - Budget,0.0,0.0,0.0,0.0,0.0,0.0,0.0,0.0,0.0,0.0,Department of Social Justice and Empowerment,Centrally Sponsored Schemes,2.0,0.0,0.0,0.0,0.0,0.0,0.0,0.0,0.0,0.0,0.0,0.0,0.0,93.0,0.0,0.0,0.0,0.0,0.0,0.0,0.0,0.0,0.0,category,6495.62,0.0,6495.62,11603.11,0.0,11603.11,8698.0,0.0,8698.0,11699.98,0.0,11699.98
24,Statement 3,,0.0,0.0,0.0,0.0,0.0,0.0,0.0,0.0,0.0,0.0,0.0,0.0,2024-25,Statement 3 - Budget,0.0,0.0,0.0,0.0,0.0,0.0,0.0,0.0,0.0,0.0,Department of Social Justice and Empowerment,Establishment Expenditure of the Centre,3.0,0.0,0.0,0.0,0.0,0.0,0.0,0.0,0.0,0.0,0.0,0.0,0.0,93.0,0.0,0.0,0.0,0.0,0.0,0.0,0.0,0.0,0.0,category,91.15,8.17,99.32,139.0,8.05,147.05,143.67,8.93,152.6,134.79,11.01,145.8
24,Statement 3,,0.0,0.0,0.0,0.0,0.0,0.0,0.0,0.0,0.0,0.0,0.0,0.0,2024-25,Statement 3 - Budget,0.0,0.0,0.0,0.0,0.0,0.0,0.0,0.0,0.0,0.0,Department of Social Justice and Empowerment,Other Central Sector Expenditure,4.0,0.0,0.0,0.0,0.0,0.0,0.0,0.0,0.0,0.0,0.0,0.0,0.0,93.0,0.0,0.0,0.0,0.0,0.0,0.0,0.0,0.0,0.0,category,61.99,0.0,61.99,80.0,40.0,120.0,80.0,40.0,120.0,58.5,0.03,58.53
24,Statement 3,,0.0,0.0,0.0,0.0,0.0,0.0,0.0,0.0,0.0,0.0,0.0,0.0,2024-25,Statement 3 - Budget,0.0,0.0,0.0,0.0,0.0,0.0,0.0,0.0,0.0,0.0,Department of Empowerment of Persons with Disabilities,,0.0,0.0,0.0,0.0,0.0,0.0,0.0,0.0,0.0,0.0,0.0,0.0,0.0,94.0,0.0,0.0,0.0,0.0,0.0,0.0,0.0,0.0,0.0,ministry_total,985.58,0.0,985.58,1224.09,1.06,1225.15,1223.96,1.05,1225.01,1224.07,1.2,1225.27
24,Statement 3,,0.0,0.0,0.0,0.0,0.0,0.0,0.0,0.0,0.0,0.0,0.0,0.0,2024-25,Statement 3 - Budget,0.0,0.0,0.0,0.0,0.0,0.0,0.0,0.0,0.0,0.0,Department of Empowerment of Persons with Disabilities,Central Sector Schemes/Projects,1.0,0.0,0.0,0.0,0.0,0.0,0.0,0.0,0.0,0.0,0.0,0.0,0.0,94.0,0.0,0.0,0.0,0.0,0.0,0.0,0.0,0.0,0.0,category,564.57,0.0,564.57,680.0,0.0,680.0,657.0,0.0,657.0,758.01,0.0,758.01
24,Statement 3,,0.0,0.0,0.0,0.0,0.0,0.0,0.0,0.0,0.0,0.0,0.0,0.0,2024-25,Statement 3 - Budget,0.0,0.0,0.0,0.0,0.0,0.0,0.0,0.0,0.0,0.0,Department of Empowerment of Persons with Disabilities,Establishment Expenditure of the Centre,2.0,0.0,0.0,0.0,0.0,0.0,0.0,0.0,0.0,0.0,0.0,0.0,0.0,94.0,0.0,0.0,0.0,0.0,0.0,0.0,0.0,0.0,0.0,category,31.63,0.0,31.63,41.67,1.05,42.72,40.81,1.05,41.86,41.55,1.2,42.75
24,Statement 3,,0.0,0.0,0.0,0.0,0.0,0.0,0.0,0.0,0.0,0.0,0.0,0.0,2024-25,Statement 3 - Budget,0.0,0.0,0.0,0.0,0.0,0.0,0.0,0.0,0.0,0.0,Department of Empowerment of Persons with Disabilities,Other Central Sector Expenditure,3.0,0.0,0.0,0.0,0.0,0.0,0.0,0.0,0.0,0.0,0.0,0.0,0.0,94.0,0.0,0.0,0.0,0.0,0.0,0.0,0.0,0.0,0.0,category,389.38,0.0,389.38,502.42,0.01,502.43,526.15,0.0,526.15,424.51,0.0,424.51
24,Statement 3,,0.0,0.0,0.0,0.0,0.0,0.0,0.0,0.0,0.0,0.0,0.0,0.0,2024-25,Statement 3 - Budget,0.0,0.0,0.0,0.0,0.0,0.0,0.0,0.0,0.0,0.0,Department of Space,,0.0,0.0,0.0,0.0,0.0,0.0,0.0,0.0,0.0,0.0,0.0,0.0,0.0,95.0,0.0,0.0,0.0,0.0,0.0,0.0,0.0,0.0,0.0,ministry_total,5886.0,4253.43,10139.43,6187.1,6356.81,12543.91,6634.17,4435.9,11070.07,7475.22,5567.53,13042.75
24,Statement 3,,0.0,0.0,0.0,0.0,0.0,0.0,0.0,0.0,0.0,0.0,0.0,0.0,2024-25,Statement 3 - Budget,0.0,0.0,0.0,0.0,0.0,0.0,0.0,0.0,0.0,0.0,Department of Space,Central Sector Schemes/Projects,1.0,0.0,0.0,0.0,0.0,0.0,0.0,0.0,0.0,0.0,0.0,0.0,0.0,95.0,0.0,0.0,0.0,0.0,0.0,0.0,0.0,0.0,0.0,category,5199.55,4244.03,9443.58,5382.05,6287.36,11669.41,5794.09,4384.81,10178.9,6597.07,5511.73,12108.8
24,Statement 3,,0.0,0.0,0.0,0.0,0.0,0.0,0.0,0.0,0.0,0.0,0.0,0.0,2024-25,Statement 3 - Budget,0.0,0.0,0.0,0.0,0.0,0.0,0.0,0.0,0.0,0.0,Department of Space,Establishment Expenditure of the Centre,2.0,0.0,0.0,0.0,0.0,0.0,0.0,0.0,0.0,0.0,0.0,0.0,0.0,95.0,0.0,0.0,0.0,0.0,0.0,0.0,0.0,0.0,0.0,category,309.33,15.41,324.74,382.46,68.45,450.91,402.69,51.09,453.78,423.76,54.8,478.56
24,Statement 3,,0.0,0.0,0.0,0.0,0.0,0.0,0.0,0.0,0.0,0.0,0.0,0.0,2024-25,Statement 3 - Budget,0.0,0.0,0.0,0.0,0.0,0.0,0.0,0.0,0.0,0.0,Department of Space,Other Central Sector Expenditure,3.0,0.0,0.0,0.0,0.0,0.0,0.0,0.0,0.0,0.0,0.0,0.0,0.0,95.0,0.0,0.0,0.0,0.0,0.0,0.0,0.0,0.0,0.0,category,377.12,-6.01,371.11,422.59,1.0,423.59,437.39,0.0,437.39,454.39,1.0,455.39
25,Statement 3,,0.0,0.0,0.0,0.0,0.0,0.0,0.0,0.0,0.0,0.0,0.0,0.0,2024-25,Statement 3 - Budget,0.0,0.0,0.0,0.0,0.0,0.0,0.0,0.0,0.0,0.0,Ministry of Statistics and Programme Implementation,,0.0,0.0,0.0,0.0,0.0,0.0,0.0,0.0,0.0,0.0,0.0,0.0,0.0,96.0,0.0,0.0,0.0,0.0,0.0,0.0,0.0,0.0,0.0,ministry_total,3704.58,7.85,3712.43,5409.92,33.48,5443.4,3928.23,32.78,3961.01,5408.85,44.98,5453.83
25,Statement 3,,0.0,0.0,0.0,0.0,0.0,0.0,0.0,0.0,0.0,0.0,0.0,0.0,2024-25,Statement 3 - Budget,0.0,0.0,0.0,0.0,0.0,0.0,0.0,0.0,0.0,0.0,Ministry of Statistics and Programme Implementation,Central Sector Schemes/Projects,1.0,0.0,0.0,0.0,0.0,0.0,0.0,0.0,0.0,0.0,0.0,0.0,0.0,96.0,0.0,0.0,0.0,0.0,0.0,0.0,0.0,0.0,0.0,category,2884.29,7.85,2892.14,4526.25,32.25,4558.5,3018.45,31.55,3050.0,4455.12,43.75,4498.87
25,Statement 3,,0.0,0.0,0.0,0.0,0.0,0.0,0.0,0.0,0.0,0.0,0.0,0.0,2024-25,Statement 3 - Budget,0.0,0.0,0.0,0.0,0.0,0.0,0.0,0.0,0.0,0.0,Ministry of Statistics and Programme Implementation,Establishment Expenditure of the Centre,2.0,0.0,0.0,0.0,0.0,0.0,0.0,0.0,0.0,0.0,0.0,0.0,0.0,96.0,0.0,0.0,0.0,0.0,0.0,0.0,0.0,0.0,0.0,category,821.67,0.0,821.67,561.38,1.23,562.61,552.23,1.23,553.46,578.14,1.23,579.37
25,Statement 3,,0.0,0.0,0.0,0.0,0.0,0.0,0.0,0.0,0.0,0.0,0.0,0.0,2024-25,Statement 3 - Budget,0.0,0.0,0.0,0.0,0.0,0.0,0.0,0.0,0.0,0.0,Ministry of Statistics and Programme Implementation,Other Central Sector Expenditure,3.0,0.0,0.0,0.0,0.0,0.0,0.0,0.0,0.0,0.0,0.0,0.0,0.0,96.0,0.0,0.0,0.0,0.0,0.0,0.0,0.0,0.0,0.0,category,-1.38,0.0,-1.38,322.29,0.0,322.29,357.55,0.0,357.55,375.59,0.0,375.59
25,Statement 3,,0.0,0.0,0.0,0.0,0.0,0.0,0.0,0.0,0.0,0.0,0.0,0.0,2024-25,Statement 3 - Budget,0.0,0.0,0.0,0.0,0.0,0.0,0.0,0.0,0.0,0.0,Ministry of Steel,,0.0,0.0,0.0,0.0,0.0,0.0,0.0,0.0,0.0,0.0,0.0,0.0,0.0,97.0,0.0,0.0,0.0,0.0,0.0,0.0,0.0,0.0,0.0,ministry_total,46.04,0.0,46.04,67.98,2.17,70.15,53.02,1.53,54.55,324.19,1.47,325.66
25,Statement 3,,0.0,0.0,0.0,0.0,0.0,0.0,0.0,0.0,0.0,0.0,0.0,0.0,2024-25,Statement 3 - Budget,0.0,0.0,0.0,0.0,0.0,0.0,0.0,0.0,0.0,0.0,Ministry of Steel,Central Sector Schemes/Projects,1.0,0.0,0.0,0.0,0.0,0.0,0.0,0.0,0.0,0.0,0.0,0.0,0.0,97.0,0.0,0.0,0.0,0.0,0.0,0.0,0.0,0.0,0.0,category,7.74,0.0,7.74,24.0,0.0,24.0,13.88,0.0,13.88,258.82,0.0,258.82
25,Statement 3,,0.0,0.0,0.0,0.0,0.0,0.0,0.0,0.0,0.0,0.0,0.0,0.0,2024-25,Statement 3 - Budget,0.0,0.0,0.0,0.0,0.0,0.0,0.0,0.0,0.0,0.0,Ministry of Steel,Establishment Expenditure of the Centre,2.0,0.0,0.0,0.0,0.0,0.0,0.0,0.0,0.0,0.0,0.0,0.0,0.0,97.0,0.0,0.0,0.0,0.0,0.0,0.0,0.0,0.0,0.0,category,36.96,0.0,36.96,41.47,2.17,43.64,37.28,1.53,38.81,63.31,1.47,64.78
25,Statement 3,,0.0,0.0,0.0,0.0,0.0,0.0,0.0,0.0,0.0,0.0,0.0,0.0,2024-25,Statement 3 - Budget,0.0,0.0,0.0,0.0,0.0,0.0,0.0,0.0,0.0,0.0,Ministry of Steel,Other Central Sector Expenditure,3.0,0.0,0.0,0.0,0.0,0.0,0.0,0.0,0.0,0.0,0.0,0.0,0.0,97.0,0.0,0.0,0.0,0.0,0.0,0.0,0.0,0.0,0.0,category,1.34,0.0,1.34,2.51,0.0,2.51,1.86,0.0,1.86,2.06,0.0,2.06
25,Statement 3,,0.0,0.0,0.0,0.0,0.0,0.0,0.0,0.0,0.0,0.0,0.0,0.0,2024-25,Statement 3 - Budget,0.0,0.0,0.0,0.0,0.0,0.0,0.0,0.0,0.0,0.0,Ministry of Textiles,,0.0,0.0,0.0,0.0,0.0,0.0,0.0,0.0,0.0,0.0,0.0,0.0,0.0,98.0,0.0,0.0,0.0,0.0,0.0,0.0,0.0,0.0,0.0,ministry_total,3279.06,30.09,3309.15,4362.53,26.81,4389.34,3424.53,18.56,3443.09,4373.38,43.65,4417.03
25,Statement 3,,0.0,0.0,0.0,0.0,0.0,0.0,0.0,0.0,0.0,0.0,0.0,0.0,2024-25,Statement 3 - Budget,0.0,0.0,0.0,0.0,0.0,0.0,0.0,0.0,0.0,0.0,Ministry of Textiles,Central Sector Schemes/Projects,1.0,0.0,0.0,0.0,0.0,0.0,0.0,0.0,0.0,0.0,0.0,0.0,0.0,98.0,0.0,0.0,0.0,0.0,0.0,0.0,0.0,0.0,0.0,category,3019.5,5.85,3025.35,3602.78,1.0,3603.78,2654.87,0.0,2654.87,3841.67,24.5,3866.17
25,Statement 3,,0.0,0.0,0.0,0.0,0.0,0.0,0.0,0.0,0.0,0.0,0.0,0.0,2024-25,Statement 3 - Budget,0.0,0.0,0.0,0.0,0.0,0.0,0.0,0.0,0.0,0.0,Ministry of Textiles,Establishment Expenditure of the Centre,2.0,0.0,0.0,0.0,0.0,0.0,0.0,0.0,0.0,0.0,0.0,0.0,0.0,98.0,0.0,0.0,0.0,0.0,0.0,0.0,0.0,0.0,0.0,category,304.69,24.24,328.93,351.17,25.78,376.95,366.95,18.56,385.51,356.26,19.15,375.41
25,Statement 3,,0.0,0.0,0.0,0.0,0.0,0.0,0.0,0.0,0.0,0.0,0.0,0.0,2024-25,Statement 3 - Budget,0.0,0.0,0.0,0.0,0.0,0.0,0.0,0.0,0.0,0.0,Ministry of Textiles,Other Central Sector Expenditure,3.0,0.0,0.0,0.0,0.0,0.0,0.0,0.0,0.0,0.0,0.0,0.0,0.0,98.0,0.0,0.0,0.0,0.0,0.0,0.0,0.0,0.0,0.0,category,-45.13,0.0,-45.13,408.58,0.03,408.61,402.71,0.0,402.71,175.45,0.0,175.45
25,Statement 3,,0.0,0.0,0.0,0.0,0.0,0.0,0.0,0.0,0.0,0.0,0.0,0.0,2024-25,Statement 3 - Budget,0.0,0.0,0.0,0.0,0.0,0.0,0.0,0.0,0.0,0.0,Ministry of Tourism,,0.0,0.0,0.0,0.0,0.0,0.0,0.0,0.0,0.0,0.0,0.0,0.0,0.0,99.0,0.0,0.0,0.0,0.0,0.0,0.0,0.0,0.0,0.0,ministry_total,681.71,0.0,681.71,2400.0,0.0,2400.0,1692.1,0.0,1692.1,2477.85,1.77,2479.62
25,Statement 3,,0.0,0.0,0.0,0.0,0.0,0.0,0.0,0.0,0.0,0.0,0.0,0.0,2024-25,Statement 3 - Budget,0.0,0.0,0.0,0.0,0.0,0.0,0.0,0.0,0.0,0.0,Ministry of Tourism,Central Sector Schemes/Projects,1.0,0.0,0.0,0.0,0.0,0.0,0.0,0.0,0.0,0.0,0.0,0.0,0.0,99.0,0.0,0.0,0.0,0.0,0.0,0.0,0.0,0.0,0.0,category,571.12,0.0,571.12,2286.22,0.0,2286.22,1594.0,0.0,1594.0,2374.07,0.0,2374.07
25,Statement 3,,0.0,0.0,0.0,0.0,0.0,0.0,0.0,0.0,0.0,0.0,0.0,0.0,2024-25,Statement 3 - Budget,0.0,0.0,0.0,0.0,0.0,0.0,0.0,0.0,0.0,0.0,Ministry of Tourism,Centrally Sponsored Schemes,2.0,0.0,0.0,0.0,0.0,0.0,0.0,0.0,0.0,0.0,0.0,0.0,0.0,99.0,0.0,0.0,0.0,0.0,0.0,0.0,0.0,0.0,0.0,category,0.0,0.0,0.0,5.27,0.0,5.27,5.27,0.0,5.27,5.27,0.0,5.27
25,Statement 3,,0.0,0.0,0.0,0.0,0.0,0.0,0.0,0.0,0.0,0.0,0.0,0.0,2024-25,Statement 3 - Budget,0.0,0.0,0.0,0.0,0.0,0.0,0.0,0.0,0.0,0.0,Ministry of Tourism,Establishment Expenditure of the Centre,3.0,0.0,0.0,0.0,0.0,0.0,0.0,0.0,0.0,0.0,0.0,0.0,0.0,99.0,0.0,0.0,0.0,0.0,0.0,0.0,0.0,0.0,0.0,category,110.59,0.0,110.59,108.51,0.0,108.51,92.83,0.0,92.83,98.51,1.77,100.28
25,Statement 3,,0.0,0.0,0.0,0.0,0.0,0.0,0.0,0.0,0.0,0.0,0.0,0.0,2024-25,Statement 3 - Budget,0.0,0.0,0.0,0.0,0.0,0.0,0.0,0.0,0.0,0.0,Ministry of Tribal Affairs,,0.0,0.0,0.0,0.0,0.0,0.0,0.0,0.0,0.0,0.0,0.0,0.0,0.0,100.0,0.0,0.0,0.0,0.0,0.0,0.0,0.0,0.0,0.0,ministry_total,7253.53,20.0,7273.53,12414.95,46.93,12461.88,7588.48,16.52,7605.0,12968.17,31.83,13000.0
25,Statement 3,,0.0,0.0,0.0,0.0,0.0,0.0,0.0,0.0,0.0,0.0,0.0,0.0,2024-25,Statement 3 - Budget,0.0,0.0,0.0,0.0,0.0,0.0,0.0,0.0,0.0,0.0,Ministry of Tribal Affairs,Central Sector Schemes/Projects,1.0,0.0,0.0,0.0,0.0,0.0,0.0,0.0,0.0,0.0,0.0,0.0,0.0,100.0,0.0,0.0,0.0,0.0,0.0,0.0,0.0,0.0,0.0,category,2398.54,20.0,2418.54,6588.49,30.0,6618.49,3071.81,0.0,3071.81,7066.84,30.0,7096.84
25,Statement 3,,0.0,0.0,0.0,0.0,0.0,0.0,0.0,0.0,0.0,0.0,0.0,0.0,2024-25,Statement 3 - Budget,0.0,0.0,0.0,0.0,0.0,0.0,0.0,0.0,0.0,0.0,Ministry of Tribal Affairs,Centrally Sponsored Schemes,2.0,0.0,0.0,0.0,0.0,0.0,0.0,0.0,0.0,0.0,0.0,0.0,0.0,100.0,0.0,0.0,0.0,0.0,0.0,0.0,0.0,0.0,0.0,category,3825.01,0.0,3825.01,4295.4,0.0,4295.4,3285.86,0.0,3285.86,4300.0,0.0,4300.0
25,Statement 3,,0.0,0.0,0.0,0.0,0.0,0.0,0.0,0.0,0.0,0.0,0.0,0.0,2024-25,Statement 3 - Budget,0.0,0.0,0.0,0.0,0.0,0.0,0.0,0.0,0.0,0.0,Ministry of Tribal Affairs,Establishment Expenditure of the Centre,3.0,0.0,0.0,0.0,0.0,0.0,0.0,0.0,0.0,0.0,0.0,0.0,0.0,100.0,0.0,0.0,0.0,0.0,0.0,0.0,0.0,0.0,0.0,category,53.48,0.0,53.48,58.95,1.93,60.88,58.71,1.52,60.23,59.85,1.83,61.68
25,Statement 3,,0.0,0.0,0.0,0.0,0.0,0.0,0.0,0.0,0.0,0.0,0.0,0.0,2024-25,Statement 3 - Budget,0.0,0.0,0.0,0.0,0.0,0.0,0.0,0.0,0.0,0.0,Ministry of Tribal Affairs,Other Central Sector Expenditure,4.0,0.0,0.0,0.0,0.0,0.0,0.0,0.0,0.0,0.0,0.0,0.0,0.0,100.0,0.0,0.0,0.0,0.0,0.0,0.0,0.0,0.0,0.0,category,0.0,0.0,0.0,0.0,15.0,15.0,0.0,15.0,15.0,0.0,0.0,0.0
25,Statement 3,,0.0,0.0,0.0,0.0,0.0,0.0,0.0,0.0,0.0,0.0,0.0,0.0,2024-25,Statement 3 - Budget,0.0,0.0,0.0,0.0,0.0,0.0,0.0,0.0,0.0,0.0,Ministry of Tribal Affairs,Other Grants/Loans/Transfers,5.0,0.0,0.0,0.0,0.0,0.0,0.0,0.0,0.0,0.0,0.0,0.0,0.0,100.0,0.0,0.0,0.0,0.0,0.0,0.0,0.0,0.0,0.0,category,976.5,0.0,976.5,1472.11,0.0,1472.11,1172.1,0.0,1172.1,1541.48,0.0,1541.48
25,Statement 3,,0.0,0.0,0.0,0.0,0.0,0.0,0.0,0.0,0.0,0.0,0.0,0.0,2024-25,Statement 3 - Budget,0.0,0.0,0.0,0.0,0.0,0.0,0.0,0.0,0.0,0.0,Ministry of Women and Child Development,,0.0,0.0,0.0,0.0,0.0,0.0,0.0,0.0,0.0,0.0,0.0,0.0,0.0,101.0,0.0,0.0,0.0,0.0,0.0,0.0,0.0,0.0,0.0,ministry_total,23994.05,0.0,23994.05,25443.67,5.08,25448.75,25437.6,11.08,25448.68,26088.81,3.38,26092.19
25,Statement 3,,0.0,0.0,0.0,0.0,0.0,0.0,0.0,0.0,0.0,0.0,0.0,0.0,2024-25,Statement 3 - Budget,0.0,0.0,0.0,0.0,0.0,0.0,0.0,0.0,0.0,0.0,Ministry of Women and Child Development,Centrally Sponsored Schemes,1.0,0.0,0.0,0.0,0.0,0.0,0.0,0.0,0.0,0.0,0.0,0.0,0.0,101.0,0.0,0.0,0.0,0.0,0.0,0.0,0.0,0.0,0.0,category,23746.1,0.0,23746.1,25188.44,2.0,25190.44,25149.15,2.0,25151.15,25848.14,0.0,25848.14
26,Statement 3,,0.0,0.0,0.0,0.0,0.0,0.0,0.0,0.0,0.0,0.0,0.0,0.0,2024-25,Statement 3 - Budget,0.0,0.0,0.0,0.0,0.0,0.0,0.0,0.0,0.0,0.0,Ministry of Women and Child Development,Establishment Expenditure of the Centre,2.0,0.0,0.0,0.0,0.0,0.0,0.0,0.0,0.0,0.0,0.0,0.0,0.0,101.0,0.0,0.0,0.0,0.0,0.0,0.0,0.0,0.0,0.0,category,72.79,0.0,72.79,79.32,3.08,82.4,83.62,9.08,92.7,80.41,3.38,83.79
26,Statement 3,,0.0,0.0,0.0,0.0,0.0,0.0,0.0,0.0,0.0,0.0,0.0,0.0,2024-25,Statement 3 - Budget,0.0,0.0,0.0,0.0,0.0,0.0,0.0,0.0,0.0,0.0,Ministry of Women and Child Development,Other Central Sector Expenditure,3.0,0.0,0.0,0.0,0.0,0.0,0.0,0.0,0.0,0.0,0.0,0.0,0.0,101.0,0.0,0.0,0.0,0.0,0.0,0.0,0.0,0.0,0.0,category,175.16,0.0,175.16,175.91,0.0,175.91,204.83,0.0,204.83,160.26,0.0,160.26
26,Statement 3,,0.0,0.0,0.0,0.0,0.0,0.0,0.0,0.0,0.0,0.0,0.0,0.0,2024-25,Statement 3 - Budget,0.0,0.0,0.0,0.0,0.0,0.0,0.0,0.0,0.0,0.0,Ministry of Youth Affairs and Sports,,0.0,0.0,0.0,0.0,0.0,0.0,0.0,0.0,0.0,0.0,0.0,0.0,0.0,102.0,0.0,0.0,0.0,0.0,0.0,0.0,0.0,0.0,0.0,ministry_total,2543.7,2.0,2545.7,3389.56,7.76,3397.32,3392.9,4.06,3396.96,3435.85,6.47,3442.32
26,Statement 3,,0.0,0.0,0.0,0.0,0.0,0.0,0.0,0.0,0.0,0.0,0.0,0.0,2024-25,Statement 3 - Budget,0.0,0.0,0.0,0.0,0.0,0.0,0.0,0.0,0.0,0.0,Ministry of Youth Affairs and Sports,Central Sector Schemes/Projects,1.0,0.0,0.0,0.0,0.0,0.0,0.0,0.0,0.0,0.0,0.0,0.0,0.0,102.0,0.0,0.0,0.0,0.0,0.0,0.0,0.0,0.0,0.0,category,1241.58,2.0,1243.58,1908.12,5.39,1913.51,1785.09,1.49,1786.58,1701.31,3.55,1704.86
26,Statement 3,,0.0,0.0,0.0,0.0,0.0,0.0,0.0,0.0,0.0,0.0,0.0,0.0,2024-25,Statement 3 - Budget,0.0,0.0,0.0,0.0,0.0,0.0,0.0,0.0,0.0,0.0,Ministry of Youth Affairs and Sports,Establishment Expenditure of the Centre,2.0,0.0,0.0,0.0,0.0,0.0,0.0,0.0,0.0,0.0,0.0,0.0,0.0,102.0,0.0,0.0,0.0,0.0,0.0,0.0,0.0,0.0,0.0,category,41.5,0.0,41.5,41.86,2.37,44.23,38.15,2.57,40.72,41.73,2.92,44.65
26,Statement 3,,0.0,0.0,0.0,0.0,0.0,0.0,0.0,0.0,0.0,0.0,0.0,0.0,2024-25,Statement 3 - Budget,0.0,0.0,0.0,0.0,0.0,0.0,0.0,0.0,0.0,0.0,Ministry of Youth Affairs and Sports,Other Central Sector Expenditure,3.0,0.0,0.0,0.0,0.0,0.0,0.0,0.0,0.0,0.0,0.0,0.0,0.0,102.0,0.0,0.0,0.0,0.0,0.0,0.0,0.0,0.0,0.0,category,1260.62,0.0,1260.62,1439.58,0.0,1439.58,1569.66,0.0,1569.66,1692.81,0.0,1692.81
26,Statement 3,,0.0,0.0,0.0,0.0,0.0,0.0,0.0,0.0,0.0,0.0,0.0,0.0,2024-25,Statement 3 - Budget,0.0,0.0,0.0,0.0,0.0,0.0,0.0,0.0,0.0,0.0,Ministry of Youth Affairs and Sports,Grand Total,0.0,0.0,0.0,0.0,0.0,0.0,0.0,0.0,0.0,0.0,0.0,0.0,0.0,102.0,0.0,0.0,0.0,0.0,0.0,0.0,0.0,0.0,0.0,other,3453132.07,740025.16,4193157.23,3502136.44,1000961.01,4503097.45,3540239.27,950246.3,4490485.57,3709401.08,1111111.0,4820512.08
26,Statement 3,,0.0,0.0,0.0,0.0,0.0,0.0,0.0,0.0,0.0,0.0,0.0,0.0,2024-25,Statement 3 - Budget,0.0,0.0,0.0,0.0,0.0,0.0,0.0,0.0,0.0,0.0,Ministry of Youth Affairs and Sports,Central Sector Schemes/Projects,0.0,0.0,0.0,0.0,0.0,0.0,0.0,0.0,0.0,0.0,0.0,0.0,0.0,102.0,0.0,0.0,0.0,0.0,0.0,0.0,0.0,0.0,0.0,other,849547.79,596374.79,1445922.58,695454.46,772425.53,1467879.99,714259.68,731892.78,1446152.46,750579.03,765596.72,1516175.75
26,Statement 3,,0.0,0.0,0.0,0.0,0.0,0.0,0.0,0.0,0.0,0.0,0.0,0.0,2024-25,Statement 3 - Budget,0.0,0.0,0.0,0.0,0.0,0.0,0.0,0.0,0.0,0.0,Ministry of Youth Affairs and Sports,Centrally Sponsored Schemes,0.0,0.0,0.0,0.0,0.0,0.0,0.0,0.0,0.0,0.0,0.0,0.0,0.0,102.0,0.0,0.0,0.0,0.0,0.0,0.0,0.0,0.0,0.0,other,437552.7,3.62,437556.32,475676.83,427.76,476104.59,460451.75,162.73,460614.48,505941.24,36.83,505978.07
26,Statement 3,,0.0,0.0,0.0,0.0,0.0,0.0,0.0,0.0,0.0,0.0,0.0,0.0,2024-25,Statement 3 - Budget,0.0,0.0,0.0,0.0,0.0,0.0,0.0,0.0,0.0,0.0,Ministry of Youth Affairs and Sports,Establishment Expenditure of the Centre,0.0,0.0,0.0,0.0,0.0,0.0,0.0,0.0,0.0,0.0,0.0,0.0,0.0,102.0,0.0,0.0,0.0,0.0,0.0,0.0,0.0,0.0,0.0,other,705786.26,8863.94,714650.2,729829.24,14509.99,744339.23,766643.73,15130.61,781774.34,768034.74,15583.34,783618.08
26,Statement 3,,0.0,0.0,0.0,0.0,0.0,0.0,0.0,0.0,0.0,0.0,0.0,0.0,2024-25,Statement 3 - Budget,0.0,0.0,0.0,0.0,0.0,0.0,0.0,0.0,0.0,0.0,Ministry of Youth Affairs and Sports,Finance Commission Grants,0.0,0.0,0.0,0.0,0.0,0.0,0.0,0.0,0.0,0.0,0.0,0.0,0.0,102.0,0.0,0.0,0.0,0.0,0.0,0.0,0.0,0.0,0.0,other,172759.68,0.0,172759.68,165480.0,0.0,165480.0,140429.0,0.0,140429.0,132378.17,0.0,132378.17
26,Statement 3,,0.0,0.0,0.0,0.0,0.0,0.0,0.0,0.0,0.0,0.0,0.0,0.0,2024-25,Statement 3 - Budget,0.0,0.0,0.0,0.0,0.0,0.0,0.0,0.0,0.0,0.0,Ministry of Youth Affairs and Sports,Other Central Sector Expenditure,0.0,0.0,0.0,0.0,0.0,0.0,0.0,0.0,0.0,0.0,0.0,0.0,0.0,102.0,0.0,0.0,0.0,0.0,0.0,0.0,0.0,0.0,0.0,other,1063692.77,40896.98,1104589.75,1227192.25,74349.53,1301541.78,1244727.48,84576.44,1329303.92,1323325.43,167260.57,1490586.0
26,Statement 3,,0.0,0.0,0.0,0.0,0.0,0.0,0.0,0.0,0.0,0.0,0.0,0.0,2024-25,Statement 3 - Budget,0.0,0.0,0.0,0.0,0.0,0.0,0.0,0.0,0.0,0.0,Ministry of Youth Affairs and Sports,Other Grants/Loans/Transfers,0.0,0.0,0.0,0.0,0.0,0.0,0.0,0.0,0.0,0.0,0.0,0.0,0.0,102.0,0.0,0.0,0.0,0.0,0.0,0.0,0.0,0.0,0.0,other,223792.87,93885.83,317678.7,208503.66,139248.2,347751.86,213727.63,118483.74,332211.37,229142.47,162633.54,391776.01
