page,statement,row_label,actuals_2018_19_revenue,actuals_2018_19_capital,actuals_2018_19_total,BE_2019_20_revenue,BE_2019_20_capital,BE_2019_20_total,RE_2019_20_revenue,RE_2019_20_capital,RE_2019_20_total,BE_2020_21_revenue,BE_2020_21_capital,BE_2020_21_total
5,Statement 1,1.   Central Expenditure (2+3+4),1542664.19,294481.42,1837145.61,1858501.93,330717.36,2189219.29,1740356.48,341525.69,2081882.17,1926707.51,402276.51,2328984.02
5,Statement 1,2.   Establishment,514756.72,6490.51,521247.23,538759.82,7536.42,546296.24,560214.12,6918.64,567132.76,602276.49,7308.3,609584.79
5,Statement 1,3.   Central Sector Schemes,364691.69,273803.18,638494.87,568660.18,302134.28,870794.46,458524.99,314671.01,773196.0,497024.69,334800.37,831825.06
5,Statement 1,4.   Other Central Expenditure,663215.78,14187.73,677403.51,751081.93,21046.66,772128.59,721617.37,19936.04,741553.41,827406.33,60167.84,887574.17
5,Statement 1,5.   Transfers (6+7+8),464734.9,13232.1,477967.0,589278.41,7851.75,597130.16,609288.19,7381.78,616669.97,703437.65,9808.42,713246.07
5,Statement 1,6.   Centrally Sponsored Schemes,295927.44,101.41,296028.85,331544.07,65.51,331609.58,316760.91,54.65,316815.56,339838.77,55.76,339894.53
5,Statement 1,7.   Finance Commission Transfers,93703.58,,93703.58,120466.22,,120466.22,123709.88,,123709.88,149924.8,,149924.8
5,Statement 1,8.   Other Transfers,75103.88,13130.69,88234.57,137268.12,7786.24,145054.36,168817.4,7327.13,176144.53,213674.08,9752.66,223426.74
5,Statement 1,9.   Total Expenditure through Budget (1+5),2007399.09,307713.52,2315112.61,2447780.34,338569.11,2786349.45,2349644.67,348907.47,2698552.14,2630145.16,412084.93,3042230.09
5,Statement 1,10.   Resources of Public Enterprises,,607955.93,607955.93,,537639.21,537639.21,,710564.95,710564.95,,672663.38,672663.38
5,Statement 1,11.   Total Expenditure through Budget and Resources,2007399.09,915669.45,2923068.54,2447780.34,876208.32,3323988.66,2349644.67,1059472.42,3409117.09,2630145.16,1084748.31,3714893.47
8,Statement 3,"1. Department of Agriculture, Cooperation and Farmers' Welfare",46065.41,10.78,46076.19,130450.51,34.7,130485.21,101870.15,33.85,101904.0,134349.45,50.32,134399.77
8,Statement 3,1. Central Sector Schemes/Projects,31379.26,,31379.26,113800.0,,113800.0,89369.92,,89369.92,116490.0,,116490.0
8,Statement 3,2.   Centrally Sponsored Schemes,14158.81,9.88,14168.69,16025.85,34.7,16060.55,11963.25,33.85,11997.1,17269.45,50.32,17319.77
8,Statement 3,3.   Establishment Expenditure of the Centre,509.14,0.9,510.04,552.34,,552.34,506.51,,506.51,556.07,,556.07
8,Statement 3,4.   Other Central Sector Expenditure,18.2,,18.2,72.32,,72.32,30.47,,30.47,33.93,,33.93
8,Statement 3,2. Department of Agricultural Research and Education,7544.25,,7544.25,8078.76,,8078.76,7846.17,,7846.17,8362.58,,8362.58
8,Statement 3,1. Central Sector Schemes/Projects,2508.72,,2508.72,2699.0,,2699.0,2488.61,,2488.61,2729.0,,2729.0
8,Statement 3,2.   Establishment Expenditure of the Centre,12.89,,12.89,14.8,,14.8,13.18,,13.18,13.85,,13.85
8,Statement 3,3.   Other Central Sector Expenditure,5022.64,,5022.64,5364.96,,5364.96,5344.38,,5344.38,5619.73,,5619.73
8,Statement 3,3. Atomic Energy,8676.77,8741.59,17418.36,8818.95,8106.56,16925.51,9350.9,8074.61,17425.51,8884.44,9344.5,18228.94
8,Statement 3,1. Central Sector Schemes/Projects,82.32,4150.62,4232.94,1065.0,4968.61,6033.61,1134.97,5145.61,6280.58,821.05,5465.32,6286.37
8,Statement 3,2.   Establishment Expenditure of the Centre,6424.26,-119.03,6305.23,5264.11,-17.05,5247.06,5606.31,-176.0,5430.31,5189.42,-57.82,5131.6
8,Statement 3,3.   Other Central Sector Expenditure,2170.19,4710.0,6880.19,2489.84,3155.0,5644.84,2609.62,3105.0,5714.62,2873.97,3937.0,6810.97
8,Statement 3,"4. Ministry of Ayurveda, Yoga and Naturopathy, Unani, Siddha",1550.0,3.98,1553.98,1939.55,0.21,1939.76,1856.8,0.2,1857.0,2122.08,,2122.08
8,Statement 3,and Homoeopathy (AYUSH) 1. Central Sector Schemes/Projects,98.7,,98.7,142.32,,142.32,89.44,,89.44,136.0,,136.0
8,Statement 3,2.   Centrally Sponsored Schemes,457.27,,457.27,656.0,,656.0,500.6,,500.6,705.0,,705.0
8,Statement 3,3.   Establishment Expenditure of the Centre,92.56,3.98,96.54,109.84,0.2,110.04,104.01,0.2,104.21,110.5,,110.5
8,Statement 3,4.   Other Central Sector Expenditure,901.47,,901.47,1031.39,0.01,1031.4,1162.75,,1162.75,1170.58,,1170.58
8,Statement 3,5. Department of Chemicals and Petrochemicals,339.87,,339.87,263.65,,263.65,370.18,,370.18,218.34,,218.34
8,Statement 3,1. Central Sector Schemes/Projects,221.39,,221.39,134.65,,134.65,234.65,,234.65,57.3,,57.3
8,Statement 3,2.   Establishment Expenditure of the Centre,18.0,,18.0,19.58,,19.58,18.08,,18.08,19.99,,19.99
8,Statement 3,3.   Other Central Sector Expenditure,100.48,,100.48,109.42,,109.42,117.45,,117.45,141.05,,141.05
8,Statement 3,6. Department of Fertilisers,70550.31,,70550.31,80034.95,0.05,80035.0,80034.95,0.05,80035.0,71344.95,0.05,71345.0
8,Statement 3,1. Central Sector Schemes/Projects,70604.8,,70604.8,79996.0,,79996.0,79997.85,,79997.85,71309.0,,71309.0
8,Statement 3,2.   Establishment Expenditure of the Centre,35.23,,35.23,38.94,,38.94,37.09,,37.09,35.94,,35.94
8,Statement 3,3.   Other Central Sector Expenditure,-89.72,,-89.72,0.01,0.05,0.06,0.01,0.05,0.06,0.01,0.05,0.06
8,Statement 3,7. Department of Pharmaceuticals,512.51,10.95,523.46,230.45,5.06,235.51,229.15,333.18,562.33,326.4,7.18,333.58
8,Statement 3,1. Central Sector Schemes/Projects,181.45,,181.45,204.3,,204.3,185.4,,185.4,281.0,,281.0
9,Statement 3,2.   Establishment Expenditure of the Centre,23.83,,23.83,26.15,,26.15,26.15,,26.15,27.4,,27.4
9,Statement 3,3.   Other Central Sector Expenditure,307.23,10.95,318.18,,5.06,5.06,17.6,333.18,350.78,18.0,7.18,25.18
9,Statement 3,8. Ministry of Civil Aviation,5623.13,3975.87,9599.0,4474.99,25.01,4500.0,3674.99,25.01,3700.0,3771.74,25.97,3797.71
9,Statement 3,1. Central Sector Schemes/Projects,5254.47,3975.0,9229.47,4164.1,0.01,4164.11,3323.87,0.01,3323.88,3480.41,0.01,3480.42
9,Statement 3,2.   Establishment Expenditure of the Centre,260.35,0.87,261.22,282.69,24.99,307.68,319.31,24.99,344.3,274.51,25.95,300.46
9,Statement 3,3.   Other Central Sector Expenditure,108.31,,108.31,28.2,0.01,28.21,31.81,0.01,31.82,16.82,0.01,16.83
9,Statement 3,9. Ministry of Coal,708.34,,708.34,1159.05,,1159.05,933.6,,933.6,882.61,,882.61
9,Statement 3,1. Central Sector Schemes/Projects,654.32,,654.32,1097.0,,1097.0,871.55,,871.55,819.98,,819.98
9,Statement 3,2.   Establishment Expenditure of the Centre,33.0,,33.0,38.9,,38.9,39.15,,39.15,40.28,,40.28
9,Statement 3,3.   Other Central Sector Expenditure,21.02,,21.02,23.15,,23.15,22.9,,22.9,22.35,,22.35
9,Statement 3,10. Department of Commerce,5651.12,494.97,6146.09,5709.32,510.0,6219.32,6344.32,875.0,7219.32,5532.32,687.0,6219.32
9,Statement 3,1. Central Sector Schemes/Projects,4855.35,500.0,5355.35,4833.0,500.0,5333.0,5384.51,800.0,6184.51,4656.0,650.0,5306.0
9,Statement 3,2.   Establishment Expenditure of the Centre,775.98,,775.98,814.0,10.0,824.0,849.5,75.0,924.5,784.0,37.0,821.0
9,Statement 3,3.   Other Central Sector Expenditure,19.79,-5.03,14.76,62.32,,62.32,110.31,,110.31,92.32,,92.32
9,Statement 3,11. Department for Promotion of Industry and Internal Trade,5300.09,717.55,6017.64,5001.79,672.72,5674.51,5381.79,1108.21,6490.0,5136.55,1469.0,6605.55
9,Statement 3,1. Central Sector Schemes/Projects,4666.23,699.99,5366.22,4401.18,600.1,5001.28,4748.78,1085.71,5834.49,4325.01,1402.38,5727.39
9,Statement 3,2.   Establishment Expenditure of the Centre,367.24,17.56,384.8,461.94,72.62,534.56,436.34,22.5,458.84,488.37,66.62,554.99
9,Statement 3,3.   Other Central Sector Expenditure,266.62,,266.62,138.67,,138.67,196.67,,196.67,323.17,,323.17
9,Statement 3,12. Department of Posts,13977.39,811.27,14788.66,10351.36,947.74,11299.1,11655.23,743.26,12398.49,14394.17,1131.21,15525.38
9,Statement 3,1. Central Sector Schemes/Projects,206.53,808.55,1015.08,272.89,932.74,1205.63,154.81,728.26,883.07,476.02,1116.21,1592.23
9,Statement 3,2.   Establishment Expenditure of the Centre,13770.86,2.72,13773.58,10078.47,15.0,10093.47,11500.42,15.0,11515.42,13918.15,15.0,13933.15
9,Statement 3,13. Department of Telecommunications,18492.25,2114.23,20606.48,22343.64,4994.72,27338.36,18435.1,4915.39,23350.49,40756.63,25675.06,66431.69
9,Statement 3,1. Central Sector Schemes/Projects,4854.36,2059.23,6913.59,8510.77,4889.72,13400.49,3073.81,4810.39,7884.2,8119.44,5160.06,13279.5
9,Statement 3,2.   Establishment Expenditure of the Centre,12971.33,,12971.33,12847.57,,12847.57,13880.83,,13880.83,14751.77,,14751.77
9,Statement 3,3.   Other Central Sector Expenditure,666.56,55.0,721.56,985.3,105.0,1090.3,1480.46,105.0,1585.46,17885.42,20515.0,38400.42
9,Statement 3,14. Department of Consumer Affairs,1721.35,48.46,1769.81,2220.82,51.5,2272.32,2032.14,17.86,2050.0,2244.6,55.4,2300.0
9,Statement 3,1. Central Sector Schemes/Projects,1630.63,48.46,1679.09,2124.5,51.5,2176.0,1932.14,17.86,1950.0,2139.6,55.4,2195.0
9,Statement 3,2.   Establishment Expenditure of the Centre,90.72,,90.72,96.32,,96.32,100.0,,100.0,105.0,,105.0
9,Statement 3,15. Department of Food and Public Distribution,106224.75,853.23,107077.98,190914.27,1326.12,192240.39,113989.47,1250.92,115240.39,121038.41,1197.02,122235.43
9,Statement 3,1. Central Sector Schemes/Projects,106007.31,347.95,106355.26,190754.84,319.0,191073.84,113864.76,244.0,114108.76,120887.92,190.0,121077.92
10,Statement 3,2.   Centrally Sponsored Schemes,,,,42.65,,42.65,1.0,,1.0,20.0,,20.0
10,Statement 3,3.   Establishment Expenditure of the Centre,98.83,5.28,104.11,107.78,7.12,114.9,109.56,6.92,116.48,114.13,7.02,121.15
10,Statement 3,4.   Other Central Sector Expenditure,118.61,500.0,618.61,9.0,1000.0,1009.0,14.15,1000.0,1014.15,16.36,1000.0,1016.36
10,Statement 3,16. Ministry of Corporate Affairs,555.53,35.97,591.5,545.34,41.0,586.34,563.5,12.5,576.0,675.62,52.0,727.62
10,Statement 3,1. Central Sector Schemes/Projects,4.52,0.97,5.49,9.95,1.0,10.95,12.75,0.2,12.95,10.5,1.0,11.5
10,Statement 3,2.   Establishment Expenditure of the Centre,360.33,,360.33,429.85,,429.85,470.01,,470.01,554.52,,554.52
10,Statement 3,3.   Other Central Sector Expenditure,190.68,35.0,225.68,105.54,40.0,145.54,80.74,12.3,93.04,110.6,51.0,161.6
10,Statement 3,17. Ministry of Culture,2497.38,94.82,2592.2,2953.21,89.14,3042.35,2476.87,70.13,2547.0,3057.57,92.29,3149.86
10,Statement 3,1. Central Sector Schemes/Projects,440.45,42.84,483.29,746.23,32.0,778.23,380.47,46.45,426.92,576.32,2.0,578.32
10,Statement 3,2.   Establishment Expenditure of the Centre,1175.06,51.98,1227.04,1262.47,57.14,1319.61,1235.85,23.68,1259.53,1469.43,90.29,1559.72
10,Statement 3,3.   Other Central Sector Expenditure,881.87,,881.87,944.51,,944.51,860.55,,860.55,1011.82,,1011.82
10,Statement 3,18. Ministry of Defence (Civil),6309.89,4570.61,10880.5,8780.66,4854.49,13635.15,9736.54,4977.05,14713.59,9679.0,4821.0,14500.0
10,Statement 3,1. Central Sector Schemes/Projects,667.88,2120.53,2788.41,740.0,2321.0,3061.0,785.0,2356.0,3141.0,750.0,2300.0,3050.0
10,Statement 3,2.   Establishment Expenditure of the Centre,8812.3,2260.49,11072.79,8130.82,2500.0,10630.82,9045.04,2600.0,11645.04,8978.83,2500.0,11478.83
10,Statement 3,3.   Other Central Sector Expenditure,-3170.29,189.59,-2980.7,-90.16,33.49,-56.67,-93.5,21.05,-72.45,-49.83,21.0,-28.83
10,Statement 3,19. Defence Services (Revenue),195571.57,,195571.57,201901.76,,201901.76,205901.76,,205901.76,209319.0,,209319.0
10,Statement 3,1. Establishment Expenditure of the Centre,195571.57,,195571.57,201901.76,,201901.76,205901.76,,205901.76,209319.0,,209319.0
10,Statement 3,20. Capital Outlay on Defence Services,,95230.59,95230.59,,103394.31,103394.31,,110394.31,110394.31,,113734.0,113734.0
10,Statement 3,1. Central Sector Schemes/Projects,,95230.59,95230.59,,103394.31,103394.31,,110394.31,110394.31,,113734.0,113734.0
10,Statement 3,21. Defence Pensions,101774.61,,101774.61,112079.57,,112079.57,117810.44,,117810.44,133825.0,,133825.0
10,Statement 3,1. Establishment Expenditure of the Centre,101774.61,,101774.61,112079.57,,112079.57,117810.44,,117810.44,133825.0,,133825.0
10,Statement 3,22. Ministry of Development of North Eastern Region,1867.11,93.51,1960.62,2292.8,707.2,3000.0,2026.3,643.7,2670.0,2330.14,718.59,3048.73
10,Statement 3,1. Central Sector Schemes/Projects,1852.92,91.51,1944.43,2277.0,701.1,2978.1,2010.5,637.6,2648.1,2313.06,714.59,3027.65
10,Statement 3,2.   Establishment Expenditure of the Centre,14.19,,14.19,15.8,,15.8,15.8,,15.8,17.08,,17.08
10,Statement 3,3.   Other Central Sector Expenditure,,2.0,2.0,,6.1,6.1,,6.1,6.1,,4.0,4.0
10,Statement 3,23. Ministry of Earth Sciences,1641.7,84.4,1726.1,1760.76,141.0,1901.76,1691.74,118.0,1809.74,1898.0,172.0,2070.0
10,Statement 3,1. Central Sector Schemes/Projects,1011.42,86.23,1097.65,1080.0,141.0,1221.0,1012.0,118.0,1130.0,1165.0,172.0,1337.0
10,Statement 3,2.   Establishment Expenditure of the Centre,441.1,,441.1,502.76,,502.76,499.96,,499.96,531.2,,531.2
10,Statement 3,3.   Other Central Sector Expenditure,189.18,-1.83,187.35,178.0,,178.0,179.78,,179.78,201.8,,201.8
10,Statement 3,24. Ministry of Electronics and Information Technology,5944.34,307.6,6251.94,6306.0,348.0,6654.0,5561.46,278.0,5839.46,6524.03,375.0,6899.03
11,Statement 3,1.   Central Sector Schemes/Projects,3216.38,112.16,3328.54,3592.76,158.0,3750.76,3134.52,78.0,3212.52,3898.0,60.0,3958.0
11,Statement 3,2.   Establishment Expenditure of the Centre,1261.45,195.44,1456.89,1240.24,190.0,1430.24,1330.91,200.0,1530.91,1360.03,315.0,1675.03
11,Statement 3,3.   Other Central Sector Expenditure,1466.51,,1466.51,1473.0,,1473.0,1096.03,,1096.03,1266.0,,1266.0
11,Statement 3,"25. Ministry of Environment, Forests and Climate Change",2539.9,45.67,2585.57,2890.2,64.52,2954.72,2611.39,46.55,2657.94,2942.45,157.55,3100.0
11,Statement 3,1. Central Sector Schemes/Projects,610.41,,610.41,1008.8,,1008.8,859.05,,859.05,1017.23,,1017.23
11,Statement 3,2.   Centrally Sponsored Schemes,978.11,,978.11,886.0,,886.0,786.57,,786.57,926.0,,926.0
11,Statement 3,3.   Establishment Expenditure of the Centre,492.21,45.67,537.88,523.5,64.52,588.02,501.27,46.55,547.82,513.72,157.55,671.27
11,Statement 3,4.   Other Central Sector Expenditure,459.17,,459.17,471.9,,471.9,464.5,,464.5,485.5,,485.5
11,Statement 3,26. Ministry of External Affairs,14612.94,901.53,15514.47,16511.23,1373.55,17884.78,16239.59,1132.68,17372.27,16014.43,1332.28,17346.71
11,Statement 3,1. Central Sector Schemes/Projects,5962.88,494.62,6457.5,7333.79,842.0,8175.79,6619.78,802.68,7422.46,6617.37,832.28,7449.65
11,Statement 3,2.   Establishment Expenditure of the Centre,4459.47,407.23,4866.7,4955.71,531.55,5487.26,5122.66,330.0,5452.66,5008.81,500.0,5508.81
11,Statement 3,3.   Other Central Sector Expenditure,4190.59,-0.32,4190.27,4221.73,,4221.73,4497.15,,4497.15,4388.25,,4388.25
11,Statement 3,27. Department of Economic Affairs,2214.39,6201.32,8415.71,2727.69,11583.96,14311.65,3308.53,12643.62,15952.15,3262.57,26045.7,29308.27
11,Statement 3,1. Central Sector Schemes/Projects,770.27,1202.1,1972.37,1027.5,1037.0,2064.5,1378.75,2040.01,3418.76,1013.95,530.01,1543.96
11,Statement 3,2.   Establishment Expenditure of the Centre,172.85,,172.85,230.42,,230.42,202.07,,202.07,304.48,,304.48
11,Statement 3,3.   Other Central Sector Expenditure,1271.27,4999.22,6270.49,1469.77,10546.96,12016.73,1727.71,10603.61,12331.32,1944.14,25515.69,27459.83
11,Statement 3,28. Department of Expenditure,288.58,,288.58,400.55,,400.55,485.55,,485.55,535.55,,535.55
11,Statement 3,1. Central Sector Schemes/Projects,107.46,,107.46,210.0,,210.0,263.24,,263.24,,,
11,Statement 3,2.   Establishment Expenditure of the Centre,168.56,,168.56,176.0,,176.0,206.95,,206.95,516.34,,516.34
11,Statement 3,3.   Other Central Sector Expenditure,12.56,,12.56,14.55,,14.55,15.36,,15.36,19.21,,19.21
11,Statement 3,29. Department of Financial Services,1207.38,4271.19,5478.57,1305.15,3385.04,4690.19,1378.99,6355.01,7734.0,1474.96,9650.04,11125.0
11,Statement 3,1. Central Sector Schemes/Projects,1018.64,4271.19,5289.83,1087.81,3385.04,4472.85,1145.89,6355.01,7500.9,1240.0,9650.04,10890.04
11,Statement 3,2.   Establishment Expenditure of the Centre,176.14,,176.14,204.11,,204.11,209.3,,209.3,226.07,,226.07
11,Statement 3,3.   Other Central Sector Expenditure,12.6,,12.6,13.23,,13.23,23.8,,23.8,8.89,,8.89
11,Statement 3,30. Department of Investment and Public Asset Management,145.15,,145.15,132.08,,132.08,132.08,,132.08,132.11,,132.11
11,Statement 3,(DIPAM) 1. Establishment Expenditure of the Centre,145.15,,145.15,132.08,,132.08,132.08,,132.08,132.11,,132.11
11,Statement 3,31. Department of Revenue,54927.81,2.72,54930.53,102039.61,8.73,102048.34,122049.01,16.99,122066.0,136549.12,91.21,136640.33
11,Statement 3,1. Establishment Expenditure of the Centre,504.89,,504.89,640.28,,640.28,673.76,,673.76,735.07,,735.07
11,Statement 3,2.   Other Central Sector Expenditure,147.92,2.72,150.64,199.31,8.73,208.04,175.23,16.99,192.22,446.0,91.21,537.21
12,Statement 3,3.   Other Grants/Loans/Transfers,54275.0,,54275.0,101200.02,,101200.02,121200.02,,121200.02,135368.05,,135368.05
12,Statement 3,32. Direct Taxes,7073.9,231.93,7305.83,7036.44,300.0,7336.44,7041.42,300.02,7341.44,7733.39,330.0,8063.39
12,Statement 3,1. Establishment Expenditure of the Centre,7073.9,242.82,7316.72,7036.44,300.0,7336.44,7041.42,300.02,7341.44,7733.39,330.0,8063.39
12,Statement 3,2.   Other Central Sector Expenditure,,-10.89,-10.89,,,,,,,,,
12,Statement 3,33. Indirect Taxes,6927.7,252.16,7179.86,7493.15,406.85,7900.0,7493.15,406.85,7900.0,7820.0,438.0,8258.0
12,Statement 3,1. Establishment Expenditure of the Centre,6927.7,252.16,7179.86,7493.15,406.85,7900.0,7493.15,406.85,7900.0,7820.0,438.0,8258.0
12,Statement 3,34. Indian Audit and Accounts Department,4483.53,34.12,4517.65,4666.78,16.0,4682.78,4774.0,16.0,4790.0,5036.73,18.0,5054.73
12,Statement 3,1. Establishment Expenditure of the Centre,4483.53,34.12,4517.65,4666.78,16.0,4682.78,4774.0,16.0,4790.0,5036.73,18.0,5054.73
12,Statement 3,35. Interest Payments,582648.45,,582648.45,660470.6,,660470.6,625105.23,,625105.23,708203.16,,708203.16
12,Statement 3,1. Other Central Sector Expenditure,582648.45,,582648.45,660470.6,,660470.6,625105.23,,625105.23,708203.16,,708203.16
12,Statement 3,36. Repayment of Debt,,,,,,,,,,,,
12,Statement 3,1. Other Central Sector Expenditure,,,,,,,,,,,,
12,Statement 3,37. Pensions,44726.63,,44726.63,48565.0,,48565.0,50565.0,,50565.0,61169.35,,61169.35
12,Statement 3,1. Establishment Expenditure of the Centre,44726.63,,44726.63,48565.0,,48565.0,50565.0,,50565.0,61169.35,,61169.35
12,Statement 3,38. Transfers to States,109721.63,9422.69,119144.32,147986.22,7461.23,155447.45,148419.88,7027.12,155447.0,190994.8,9452.65,200447.45
12,Statement 3,1. Finance Commission Grants,93703.58,,93703.58,120466.22,,120466.22,123709.88,,123709.88,149924.8,,149924.8
12,Statement 3,2.   Other Grants/Loans/Transfers,16018.05,9422.69,25440.74,27520.0,7461.23,34981.23,24710.0,7027.12,31737.12,41070.0,9452.65,50522.65
12,Statement 3,39. Department of Fisheries,,,,790.58,14.17,804.75,685.83,14.17,700.0,805.84,19.16,825.0
12,Statement 3,1. Centrally Sponsored Schemes,,,,560.0,,560.0,455.25,,455.25,570.0,,570.0
12,Statement 3,2.   Establishment Expenditure of the Centre,,,,145.33,14.17,159.5,145.33,14.17,159.5,153.84,19.16,173.0
12,Statement 3,3.   Other Central Sector Expenditure,,,,85.25,,85.25,85.25,,85.25,82.0,,82.0
12,Statement 3,40. Department of Animal Husbandry and Dairying,3163.06,7.74,3170.8,2890.61,41.64,2932.25,2776.58,13.42,2790.0,3242.42,46.71,3289.13
12,Statement 3,1. Central Sector Schemes/Projects,,,,500.0,,500.0,811.07,,811.07,1300.0,,1300.0
12,Statement 3,2.   Centrally Sponsored Schemes,2857.16,,2857.16,2240.0,,2240.0,1798.93,,1798.93,1805.0,,1805.0
12,Statement 3,3.   Establishment Expenditure of the Centre,232.99,7.74,240.73,182.37,17.88,200.25,165.58,8.42,174.0,164.95,12.18,177.13
12,Statement 3,4.   Other Central Sector Expenditure,72.91,,72.91,-31.76,23.76,-8.0,1.0,5.0,6.0,-27.53,34.53,7.0
12,Statement 3,41. Ministry of Food Processing Industries,716.7,,716.7,1196.6,,1196.6,1042.79,,1042.79,1232.94,,1232.94
12,Statement 3,1. Central Sector Schemes/Projects,591.63,,591.63,1101.0,,1101.0,889.43,,889.43,1081.41,,1081.41
12,Statement 3,2.   Centrally Sponsored Schemes,-2.47,,-2.47,,,,,,,,,
12,Statement 3,3.   Establishment Expenditure of the Centre,25.39,,25.39,27.16,,27.16,29.71,,29.71,32.32,,32.32
12,Statement 3,4.   Other Central Sector Expenditure,102.15,,102.15,68.44,,68.44,123.65,,123.65,119.21,,119.21
13,Statement 3,42. Department of Health and Family Welfare,50592.47,2361.48,52953.95,60908.22,1750.9,62659.12,60810.86,1848.26,62659.12,63946.1,1065.7,65011.8
13,Statement 3,1. Central Sector Schemes/Projects,4177.36,2020.29,6197.65,6225.79,1224.21,7450.0,7246.21,1219.05,8465.26,8978.69,782.31,9761.0
13,Statement 3,2.   Centrally Sponsored Schemes,32945.54,,32945.54,39550.0,1.0,39551.0,37102.6,1.0,37103.6,39838.0,1.0,39839.0
13,Statement 3,3.   Establishment Expenditure of the Centre,4171.17,318.28,4489.45,4636.36,491.57,5127.93,4877.87,511.68,5389.55,4976.21,243.0,5219.21
13,Statement 3,4.   Other Central Sector Expenditure,9298.4,22.91,9321.31,10496.07,34.12,10530.19,11584.18,116.53,11700.71,10153.2,39.39,10192.59
13,Statement 3,43. Department of Health Research,1727.88,,1727.88,1900.0,,1900.0,1950.0,,1950.0,2100.0,,2100.0
13,Statement 3,1. Central Sector Schemes/Projects,126.88,,126.88,247.35,,247.35,230.0,,230.0,262.29,,262.29
13,Statement 3,2.   Establishment Expenditure of the Centre,25.43,,25.43,38.0,,38.0,38.0,,38.0,42.0,,42.0
13,Statement 3,3.   Other Central Sector Expenditure,1575.57,,1575.57,1614.65,,1614.65,1682.0,,1682.0,1795.71,,1795.71
13,Statement 3,44. Department of Heavy Industry,570.26,463.87,1034.13,980.74,386.26,1367.0,956.53,352.08,1308.61,930.35,559.63,1489.98
13,Statement 3,1. Central Sector Schemes/Projects,518.38,372.0,890.38,920.38,108.35,1028.73,896.18,108.35,1004.53,881.25,300.0,1181.25
13,Statement 3,2.   Establishment Expenditure of the Centre,35.67,,35.67,39.05,,39.05,39.05,,39.05,41.09,,41.09
13,Statement 3,3.   Other Central Sector Expenditure,16.21,91.87,108.08,21.31,277.91,299.22,21.3,243.73,265.03,8.01,259.63,267.64
13,Statement 3,45. Department of Public Enterprises,21.19,,21.19,22.64,,22.64,22.64,,22.64,24.15,,24.15
13,Statement 3,1. Central Sector Schemes/Projects,8.9,,8.9,9.5,,9.5,9.5,,9.5,10.5,,10.5
13,Statement 3,2.   Establishment Expenditure of the Centre,12.29,,12.29,13.14,,13.14,13.14,,13.14,13.65,,13.65
13,Statement 3,46. Ministry of Home Affairs,4570.36,272.26,4842.62,4584.41,311.4,4895.81,19634.38,320.68,19955.06,7749.52,252.48,8002.0
13,Statement 3,1. Central Sector Schemes/Projects,2461.66,198.93,2660.59,2418.25,142.93,2561.18,2290.94,147.34,2438.28,1528.7,72.03,1600.73
13,Statement 3,2.   Establishment Expenditure of the Centre,1366.65,64.52,1431.17,1475.29,117.47,1592.76,1549.97,85.34,1635.31,1588.85,85.45,1674.3
13,Statement 3,3.   Other Central Sector Expenditure,696.05,8.81,704.86,647.87,51.0,698.87,1141.69,88.0,1229.69,4558.96,95.0,4653.96
13,Statement 3,4.   Other Grants/Loans/Transfers,46.0,,46.0,43.0,,43.0,14651.78,,14651.78,73.01,,73.01
13,Statement 3,47. Cabinet,864.66,715.89,1580.55,828.85,,828.85,925.28,,925.28,1140.38,,1140.38
13,Statement 3,1.      Establishment Expenditure of the Centre,864.66,715.89,1580.55,828.85,,828.85,925.28,,925.28,1140.38,,1140.38
13,Statement 3,48. Police,82208.59,9484.48,91693.07,87411.95,10790.28,98202.23,93454.58,9747.65,103202.23,95397.97,9846.37,105244.34
13,Statement 3,1.   Central Sector Schemes/Projects,395.43,7038.11,7433.54,522.02,6777.71,7299.73,468.75,6451.59,6920.34,1261.81,6035.64,7297.45
13,Statement 3,2.   Centrally Sponsored Schemes,4030.75,,4030.75,4287.24,,4287.24,4979.95,,4979.95,3945.62,,3945.62
13,Statement 3,3.   Establishment Expenditure of the Centre,77206.0,1468.19,78674.19,81421.24,2106.35,83527.59,86635.17,1944.32,88579.49,88696.31,2014.73,90711.04
13,Statement 3,4.   Other Central Sector Expenditure,1264.54,1056.16,2320.7,1181.45,1906.22,3087.67,1370.71,1351.74,2722.45,1494.23,1796.0,3290.23
13,Statement 3,5.   Other Grants/Loans/Transfers,-688.13,-77.98,-766.11,,,,,,,,,
13,Statement 3,49. Andaman and Nicobar Islands,4146.58,473.27,4619.85,4215.9,601.58,4817.48,4442.6,516.56,4959.16,4541.9,622.36,5164.26
14,Statement 3,1.   Establishment Expenditure of the Centre,2072.68,,2072.68,2191.5,,2191.5,2327.17,,2327.17,2409.6,,2409.6
14,Statement 3,2.   Other Central Sector Expenditure,2073.9,473.27,2547.17,2024.4,601.58,2625.98,2115.43,516.56,2631.99,2132.3,622.36,2754.66
14,Statement 3,50. Chandigarh,3624.94,390.16,4015.1,4050.07,241.63,4291.7,4061.36,126.63,4187.99,4300.96,334.14,4635.1
14,Statement 3,1. Establishment Expenditure of the Centre,2253.32,,2253.32,2431.8,,2431.8,2392.91,,2392.91,2475.56,,2475.56
14,Statement 3,2.   Other Central Sector Expenditure,1371.62,390.16,1761.78,1618.27,241.63,1859.9,1668.45,126.63,1795.08,1825.4,334.14,2159.54
14,Statement 3,51. Dadra and Nagar Haveli and Daman and Diu,1232.71,584.11,1816.82,1339.93,659.54,1999.47,1278.07,664.54,1942.61,1428.1,752.42,2180.52
14,Statement 3,1. Establishment Expenditure of the Centre,511.51,,511.51,555.17,,555.17,542.95,,542.95,612.83,,612.83
14,Statement 3,2.   Other Central Sector Expenditure,721.2,584.11,1305.31,784.76,659.54,1444.3,735.12,664.54,1399.66,815.27,752.42,1567.69
14,Statement 3,52. Ladakh,,,,,,,,,,2331.72,3626.28,5958.0
14,Statement 3,1.   Establishment Expenditure of the Centre,,,,,,,,,,1880.5,,1880.5
14,Statement 3,2.   Other Central Sector Expenditure,,,,,,,,,,451.22,3626.28,4077.5
14,Statement 3,53. Lakshadweep,1080.49,153.41,1233.9,1090.61,186.13,1276.74,1129.88,167.98,1297.86,1148.34,201.37,1349.71
14,Statement 3,1. Establishment Expenditure of the Centre,355.6,,355.6,368.25,,368.25,378.2,,378.2,399.28,,399.28
14,Statement 3,2.   Other Central Sector Expenditure,724.89,153.41,878.3,722.36,186.13,908.49,751.68,167.98,919.66,749.06,201.37,950.43
14,Statement 3,54. Transfers to Delhi,781.24,80.0,861.24,812.0,300.0,1112.0,812.0,225.0,1037.0,966.0,150.0,1116.0
14,Statement 3,1. Other Grants/Loans/Transfers,781.24,80.0,861.24,812.0,300.0,1112.0,812.0,225.0,1037.0,966.0,150.0,1116.0
14,Statement 3,55. Transfers to Jammu and Kashmir,,,,,,,,,,30757.0,,30757.0
14,Statement 3,1. Other Grants/Loans/Transfers,,,,,,,,,,30757.0,,30757.0
14,Statement 3,56. Transfers to Puducherry,1475.99,49.61,1525.6,1600.99,0.01,1601.0,1600.99,0.01,1601.0,1703.01,0.01,1703.02
14,Statement 3,1. Other Grants/Loans/Transfers,1475.99,49.61,1525.6,1600.99,0.01,1601.0,1600.99,0.01,1601.0,1703.01,0.01,1703.02
14,Statement 3,57. Ministry of Housing and Urban Affairs,24838.43,15773.44,40611.87,28487.84,19544.33,48032.17,23069.28,19197.44,42266.72,28890.89,21149.01,50039.9
14,Statement 3,1. Central Sector Schemes/Projects,2252.06,15773.44,18025.5,2926.37,19508.17,22434.54,2824.25,19197.43,22021.68,629.0,20859.01,21488.01
14,Statement 3,2.   Centrally Sponsored Schemes,21113.28,,21113.28,24003.26,,24003.26,18745.26,,18745.26,24845.0,,24845.0
14,Statement 3,3.   Establishment Expenditure of the Centre,1387.44,,1387.44,1448.36,,1448.36,1417.97,,1417.97,3340.35,,3340.35
14,Statement 3,4.   Other Central Sector Expenditure,85.65,,85.65,109.85,36.16,146.01,81.8,0.01,81.81,76.54,290.0,366.54
14,Statement 3,58. Department of School Education and Literacy,48440.57,,48440.57,56536.63,,56536.63,56536.63,,56536.63,59845.0,,59845.0
14,Statement 3,1. Central Sector Schemes/Projects,484.5,,484.5,471.2,,471.2,424.21,,424.21,519.5,,519.5
14,Statement 3,2.   Centrally Sponsored Schemes,39346.55,,39346.55,47567.4,,47567.4,46324.51,,46324.51,50080.5,,50080.5
14,Statement 3,3.   Establishment Expenditure of the Centre,27.58,,27.58,32.9,,32.9,33.7,,33.7,40.0,,40.0
14,Statement 3,4.   Other Central Sector Expenditure,8588.04,,8588.04,8465.13,,8465.13,9754.21,,9754.21,9205.0,,9205.0
15,Statement 3,5.   Other Grants/Loans/Transfers,-6.1,,-6.1,,,,,,,,,
15,Statement 3,59. Department of Higher Education,29641.77,2262.5,31904.27,36197.01,2120.0,38317.01,36197.01,2120.0,38317.01,37239.52,2227.0,39466.52
15,Statement 3,1. Central Sector Schemes/Projects,3625.3,2262.5,5887.8,5337.86,2100.0,7437.86,5146.41,2100.0,7246.41,6206.9,2200.0,8406.9
15,Statement 3,2.   Centrally Sponsored Schemes,1349.45,,1349.45,2100.0,,2100.0,1380.0,,1380.0,300.0,,300.0
15,Statement 3,3.   Establishment Expenditure of the Centre,175.22,,175.22,219.59,20.0,239.59,224.58,20.0,244.58,231.26,27.0,258.26
15,Statement 3,4.   Other Central Sector Expenditure,24022.63,,24022.63,26539.56,,26539.56,27646.02,,27646.02,28601.36,,28601.36
15,Statement 3,5.   Other Grants/Loans/Transfers,469.17,,469.17,2000.0,,2000.0,1800.0,,1800.0,1900.0,,1900.0
15,Statement 3,60. Ministry of Information and Broadcasting,3991.52,9.28,4000.8,4361.67,13.54,4375.21,4059.24,5.52,4064.76,4361.65,13.56,4375.21
15,Statement 3,1. Central Sector Schemes/Projects,647.5,9.28,656.78,886.46,13.54,900.0,619.87,5.52,625.39,726.44,13.56,740.0
15,Statement 3,2.   Establishment Expenditure of the Centre,453.65,,453.65,495.45,,495.45,460.64,,460.64,554.8,,554.8
15,Statement 3,3.   Other Central Sector Expenditure,2890.37,,2890.37,2979.76,,2979.76,2978.73,,2978.73,3080.41,,3080.41
15,Statement 3,"61. Department of Water Resources, River Development and",7104.85,317.23,7422.08,7853.78,391.47,8245.25,7198.73,319.48,7518.21,8574.37,386.02,8960.39
15,Statement 3,Ganga Rejuvenation 1. Central Sector Schemes/Projects,2888.52,316.02,3204.54,2660.52,388.87,3049.39,2156.86,317.33,2474.19,2363.05,382.98,2746.03
15,Statement 3,2.   Centrally Sponsored Schemes,3438.62,0.34,3438.96,4310.06,1.5,4311.56,4177.64,0.92,4178.56,5344.69,1.82,5346.51
15,Statement 3,3.   Establishment Expenditure of the Centre,777.71,0.87,778.58,883.2,1.1,884.3,864.23,1.23,865.46,866.63,1.22,867.85
15,Statement 3,62. Department of Drinking Water and Sanitation,18411.54,,18411.54,20016.34,,20016.34,18360.0,,18360.0,21518.1,,21518.1
15,Statement 3,1. Centrally Sponsored Schemes,18396.81,,18396.81,19994.66,,19994.66,18338.88,,18338.88,21494.1,,21494.1
15,Statement 3,2.   Establishment Expenditure of the Centre,14.73,,14.73,21.68,,21.68,21.12,,21.12,24.0,,24.0
15,Statement 3,63. Ministry of Labour and Employment,9280.5,5.27,9285.77,11151.65,32.44,11184.09,11146.55,37.54,11184.09,12021.49,44.0,12065.49
15,Statement 3,1. Central Sector Schemes/Projects,5367.54,3.95,5371.49,6106.27,22.94,6129.21,7139.22,26.04,7165.26,8724.1,1.0,8725.1
15,Statement 3,2.   Centrally Sponsored Schemes,3561.84,1.1,3562.94,4575.5,8.29,4583.79,3491.5,10.29,3501.79,2646.29,0.1,2646.39
15,Statement 3,3.   Establishment Expenditure of the Centre,271.36,0.22,271.58,379.88,1.21,381.09,390.83,1.21,392.04,551.1,42.9,594.0
15,Statement 3,4.   Other Central Sector Expenditure,79.76,,79.76,90.0,,90.0,125.0,,125.0,100.0,,100.0
15,Statement 3,64. Law and Justice,2294.15,3676.96,5971.11,2920.11,135.0,3055.11,3063.36,110.0,3173.36,2000.0,200.0,2200.0
15,Statement 3,1. Central Sector Schemes/Projects,284.94,,284.94,292.26,,292.26,210.0,,210.0,285.73,,285.73
15,Statement 3,2.   Centrally Sponsored Schemes,656.69,,656.69,720.0,,720.0,990.0,,990.0,762.0,,762.0
15,Statement 3,3.   Establishment Expenditure of the Centre,278.53,20.59,299.12,324.3,110.0,434.3,324.3,35.0,359.3,348.27,50.0,398.27
15,Statement 3,4.   Other Central Sector Expenditure,161.15,,161.15,154.0,,154.0,159.0,,159.0,117.0,,117.0
15,Statement 3,5.   Other Grants/Loans/Transfers,912.84,3656.37,4569.21,1429.55,25.0,1454.55,1380.06,75.0,1455.06,487.0,150.0,637.0
16,Statement 3,65. Election Commission,217.34,19.3,236.64,261.68,25.0,286.68,255.46,31.22,286.68,269.0,1.0,270.0
16,Statement 3,1. Establishment Expenditure of the Centre,218.73,19.3,238.03,261.68,25.0,286.68,255.46,31.22,286.68,269.0,1.0,270.0
16,Statement 3,2.   Other Central Sector Expenditure,-1.39,,-1.39,,,,,,,,,
16,Statement 3,66. Supreme Court of India,258.53,,258.53,269.46,,269.46,296.55,,296.55,308.61,,308.61
16,Statement 3,1. Establishment Expenditure of the Centre,258.53,,258.53,269.46,,269.46,296.55,,296.55,308.61,,308.61
16,Statement 3,"67. Ministry of Micro, Small and Medium Enterprises",6502.24,7.23,6509.47,6984.27,27.02,7011.29,6985.09,26.2,7011.29,7513.2,59.0,7572.2
16,Statement 3,1. Central Sector Schemes/Projects,6455.59,7.23,6462.82,6930.74,27.02,6957.76,6927.2,26.2,6953.4,7220.46,59.0,7279.46
16,Statement 3,2.   Centrally Sponsored Schemes,,,,,,,,,,235.89,,235.89
16,Statement 3,3.   Establishment Expenditure of the Centre,50.3,,50.3,53.53,,53.53,57.89,,57.89,56.85,,56.85
16,Statement 3,4.   Other Central Sector Expenditure,-3.65,,-3.65,,,,,,,,,
16,Statement 3,68. Ministry of Mines,1233.05,73.34,1306.39,1567.98,107.57,1675.55,1441.35,86.87,1528.22,1587.04,114.36,1701.4
16,Statement 3,1. Establishment Expenditure of the Centre,112.42,,112.42,804.07,,804.07,775.15,,775.15,854.83,,854.83
16,Statement 3,2.   Other Central Sector Expenditure,1120.63,73.34,1193.97,763.91,107.57,871.48,666.2,86.87,753.07,732.21,114.36,846.57
16,Statement 3,69. Ministry of Minority Affairs,3390.99,173.18,3564.17,4599.98,100.02,4700.0,4539.98,160.02,4700.0,4868.98,160.02,5029.0
16,Statement 3,1. Central Sector Schemes/Projects,2376.3,165.0,2541.3,2912.4,100.0,3012.4,2736.15,160.0,2896.15,3050.0,160.0,3210.0
16,Statement 3,2.   Centrally Sponsored Schemes,867.4,,867.4,1469.99,0.01,1470.0,1588.85,0.01,1588.86,1599.99,0.01,1600.0
16,Statement 3,3.   Establishment Expenditure of the Centre,100.86,8.18,109.04,115.99,0.01,116.0,112.38,0.01,112.39,122.99,0.01,123.0
16,Statement 3,4.   Other Central Sector Expenditure,46.43,,46.43,101.6,,101.6,102.6,,102.6,96.0,,96.0
16,Statement 3,70. Ministry of New and Renewable Energy,4207.23,17.39,4224.62,5209.83,45.0,5254.83,3820.74,71.0,3891.74,5701.0,52.0,5753.0
16,Statement 3,1. Central Sector Schemes/Projects,4403.81,,4403.81,5131.45,,5131.45,3743.7,,3743.7,5646.5,,5646.5
16,Statement 3,2.   Establishment Expenditure of the Centre,37.6,17.39,54.99,43.38,45.0,88.38,40.34,71.0,111.34,46.5,52.0,98.5
16,Statement 3,3.   Other Central Sector Expenditure,-234.18,,-234.18,35.0,,35.0,36.7,,36.7,8.0,,8.0
16,Statement 3,71. Ministry of Panchayati Raj,686.18,,686.18,871.37,,871.37,500.0,,500.0,900.94,,900.94
16,Statement 3,1. Central Sector Schemes/Projects,14.32,,14.32,18.2,,18.2,6.06,,6.06,10.2,,10.2
16,Statement 3,2.   Centrally Sponsored Schemes,649.35,,649.35,821.84,,821.84,465.46,,465.46,857.53,,857.53
16,Statement 3,3.   Establishment Expenditure of the Centre,22.51,,22.51,31.33,,31.33,28.48,,28.48,33.21,,33.21
16,Statement 3,72. Ministry of Parliamentary Affairs,16.39,,16.39,19.38,,19.38,42.62,,42.62,50.52,,50.52
16,Statement 3,1. Establishment Expenditure of the Centre,16.39,,16.39,19.38,,19.38,42.62,,42.62,50.52,,50.52
16,Statement 3,"73. Ministry of Personnel, Public Grievances and Pensions",1322.03,101.11,1423.14,1580.7,145.89,1726.59,1568.62,136.38,1705.0,1606.28,148.26,1754.54
16,Statement 3,1. Central Sector Schemes/Projects,126.96,17.8,144.76,145.5,48.77,194.27,133.27,35.16,168.43,139.7,50.3,190.0
17,Statement 3,2.   Establishment Expenditure of the Centre,1162.31,81.82,1244.13,1403.4,97.12,1500.52,1402.7,101.22,1503.92,1432.0,93.56,1525.56
17,Statement 3,3.   Other Central Sector Expenditure,32.76,1.49,34.25,31.8,,31.8,32.65,,32.65,34.58,4.4,38.98
17,Statement 3,74. Central Vigilance Commission,33.98,,33.98,35.55,,35.55,36.65,,36.65,39.0,,39.0
17,Statement 3,1. Establishment Expenditure of the Centre,33.98,,33.98,35.55,,35.55,36.65,,36.65,39.0,,39.0
17,Statement 3,75. Ministry of Petroleum and Natural Gas,30462.66,1908.14,32370.8,41234.18,1667.31,42901.49,42282.44,619.05,42901.49,41994.0,907.0,42901.0
17,Statement 3,1. Central Sector Schemes/Projects,30373.88,1908.14,32282.02,41142.98,1625.26,42768.24,42203.31,577.0,42780.31,41895.44,907.0,42802.44
17,Statement 3,2.   Establishment Expenditure of the Centre,34.01,,34.01,35.13,,35.13,36.12,,36.12,38.37,,38.37
17,Statement 3,3.   Other Central Sector Expenditure,54.77,,54.77,56.07,42.05,98.12,43.01,42.05,85.06,60.19,,60.19
17,Statement 3,76. Ministry of Planning,446.29,0.48,446.77,582.29,1.11,583.4,579.2,0.54,579.74,649.22,0.78,650.0
17,Statement 3,1. Central Sector Schemes/Projects,368.57,0.48,369.05,487.63,1.11,488.74,468.2,0.54,468.74,547.0,0.78,547.78
17,Statement 3,2.   Establishment Expenditure of the Centre,80.88,,80.88,85.31,,85.31,102.75,,102.75,93.22,,93.22
17,Statement 3,3.   Other Central Sector Expenditure,-3.16,,-3.16,9.35,,9.35,8.25,,8.25,9.0,,9.0
17,Statement 3,77. Ministry of Power,13532.63,2043.21,15575.84,13474.7,2400.12,15874.82,14052.7,1822.12,15874.82,14792.54,1082.28,15874.82
17,Statement 3,1. Central Sector Schemes/Projects,12346.98,1472.21,13819.19,10893.74,1075.47,11969.21,11197.45,1075.47,12272.92,11394.16,933.0,12327.16
17,Statement 3,2.   Establishment Expenditure of the Centre,178.42,,178.42,197.03,,197.03,199.46,,199.46,209.28,,209.28
17,Statement 3,3.   Other Central Sector Expenditure,1007.23,571.0,1578.23,2383.93,1324.65,3708.58,2655.79,746.65,3402.44,3189.1,149.28,3338.38
17,Statement 3,"78. Staff, Household and Allowances of the President",59.6,,59.6,76.33,,76.33,74.42,,74.42,80.98,,80.98
17,Statement 3,1. Establishment Expenditure of the Centre,59.6,,59.6,76.33,,76.33,74.42,,74.42,80.98,,80.98
17,Statement 3,79. Lok Sabha,672.94,,672.94,809.13,,809.13,766.87,,766.87,811.1,,811.1
17,Statement 3,1. Establishment Expenditure of the Centre,672.94,,672.94,809.13,,809.13,766.87,,766.87,811.1,,811.1
17,Statement 3,80. Rajya Sabha,412.92,,412.92,401.04,,401.04,421.76,,421.76,436.29,,436.29
17,Statement 3,1. Establishment Expenditure of the Centre,412.92,,412.92,401.04,,401.04,421.76,,421.76,436.29,,436.29
17,Statement 3,81. Secretariat of the Vice-President,6.41,,6.41,8.3,,8.3,8.05,,8.05,7.25,,7.25
17,Statement 3,1. Establishment Expenditure of the Centre,6.41,,6.41,8.3,,8.3,8.05,,8.05,7.25,,7.25
17,Statement 3,82. Union Public Service Commission,280.65,,280.65,298.45,,298.45,298.16,,298.16,305.38,,305.38
17,Statement 3,1. Establishment Expenditure of the Centre,280.65,,280.65,298.45,,298.45,298.16,,298.16,305.38,,305.38
17,Statement 3,83. Ministry of Railways,2075.0,52837.67,54912.67,2181.67,65837.0,68018.67,2130.37,67837.0,69967.37,2215.63,70000.0,72215.63
17,Statement 3,1. Central Sector Schemes/Projects,,52837.67,52837.67,,65837.0,65837.0,,67837.0,67837.0,,70000.0,70000.0
17,Statement 3,2.   Establishment Expenditure of the Centre,2075.0,,2075.0,2181.67,,2181.67,2130.37,,2130.37,2215.63,,2215.63
17,Statement 3,84. Ministry of Road Transport and Highways,9654.96,67646.33,77301.29,10957.39,72058.58,83015.97,10853.57,72162.4,83015.97,9848.51,81974.71,91823.22
17,Statement 3,1. Central Sector Schemes/Projects,9537.6,67646.33,77183.93,10802.81,72058.58,82861.39,10698.99,72162.4,82861.39,9681.74,81974.71,91656.45
18,Statement 3,2.   Establishment Expenditure of the Centre,117.24,,117.24,154.58,,154.58,154.58,,154.58,166.77,,166.77
18,Statement 3,3.   Other Central Sector Expenditure,0.12,,0.12,,,,,,,,,
18,Statement 3,85. Department of Rural Development,111841.79,0.09,111841.88,117547.19,100.0,117647.19,122594.1,54.9,122649.0,120047.19,100.0,120147.19
18,Statement 3,1. Central Sector Schemes/Projects,653.19,,653.19,475.62,,475.62,470.69,,470.69,367.47,,367.47
18,Statement 3,2.   Centrally Sponsored Schemes,111171.72,,111171.72,117024.0,,117024.0,122070.88,,122070.88,119506.96,,119506.96
18,Statement 3,3.   Establishment Expenditure of the Centre,44.88,,44.88,47.57,,47.57,52.53,,52.53,48.76,,48.76
18,Statement 3,4.   Other Central Sector Expenditure,-28.0,0.09,-27.91,,100.0,100.0,,54.9,54.9,124.0,100.0,224.0
18,Statement 3,86. Department of Land Resources,1863.84,,1863.84,2227.24,,2227.24,1900.0,,1900.0,2251.24,,2251.24
18,Statement 3,1. Central Sector Schemes/Projects,68.1,,68.1,150.0,,150.0,50.0,,50.0,238.65,,238.65
18,Statement 3,2.   Centrally Sponsored Schemes,1785.73,,1785.73,2066.0,,2066.0,1837.97,,1837.97,2000.0,,2000.0
18,Statement 3,3.   Establishment Expenditure of the Centre,10.01,,10.01,11.24,,11.24,12.03,,12.03,12.59,,12.59
18,Statement 3,87. Department of Science and Technology,4847.59,64.95,4912.54,5490.01,90.0,5580.01,5424.93,56.0,5480.93,6200.53,101.0,6301.53
18,Statement 3,1. Central Sector Schemes/Projects,2233.44,,2233.44,2692.55,,2692.55,2601.0,,2601.0,3202.0,,3202.0
18,Statement 3,2.   Establishment Expenditure of the Centre,491.95,64.95,556.9,514.76,90.0,604.76,549.66,56.0,605.66,541.53,101.0,642.53
18,Statement 3,3.   Other Central Sector Expenditure,2122.2,,2122.2,2282.7,,2282.7,2274.27,,2274.27,2457.0,,2457.0
18,Statement 3,88. Department of Biotechnology,2379.1,,2379.1,2580.34,,2580.34,2381.1,,2381.1,2786.76,,2786.76
18,Statement 3,1. Central Sector Schemes/Projects,1573.06,,1573.06,1755.17,,1755.17,1546.04,,1546.04,1902.67,,1902.67
18,Statement 3,2.   Establishment Expenditure of the Centre,27.81,,27.81,32.31,,32.31,32.31,,32.31,36.48,,36.48
18,Statement 3,3.   Other Central Sector Expenditure,778.23,,778.23,792.86,,792.86,802.75,,802.75,847.61,,847.61
18,Statement 3,89. Department of Scientific and Industrial Research,4544.59,4.19,4548.78,4886.24,9.65,4895.89,4876.59,6.65,4883.24,5375.2,9.8,5385.0
18,Statement 3,1. Central Sector Schemes/Projects,29.88,2.33,32.21,40.0,5.65,45.65,29.35,2.65,32.0,44.2,5.8,50.0
18,Statement 3,2.   Establishment Expenditure of the Centre,12.07,1.5,13.57,12.66,3.5,16.16,12.66,3.5,16.16,14.0,3.5,17.5
18,Statement 3,3.   Other Central Sector Expenditure,4502.64,0.36,4503.0,4833.58,0.5,4834.08,4834.58,0.5,4835.08,5317.0,0.5,5317.5
18,Statement 3,90. Ministry of Shipping,1659.25,153.97,1813.22,1635.99,266.57,1902.56,1271.18,252.22,1523.4,1715.0,85.0,1800.0
18,Statement 3,1. Central Sector Schemes/Projects,1361.46,177.77,1539.23,1363.38,254.87,1618.25,930.25,242.6,1172.85,1194.8,75.0,1269.8
18,Statement 3,2.   Establishment Expenditure of the Centre,55.99,,55.99,60.71,,60.71,64.62,,64.62,74.0,,74.0
18,Statement 3,3.   Other Central Sector Expenditure,241.8,-23.8,218.0,211.9,11.7,223.6,276.31,9.62,285.93,446.2,10.0,456.2
18,Statement 3,91. Ministry of Skill Development and Entrepreneurship,2556.13,62.85,2618.98,2926.11,63.1,2989.21,2445.32,85.72,2531.04,2923.03,79.18,3002.21
18,Statement 3,1. Centrally Sponsored Schemes,2502.9,59.85,2562.75,2656.65,20.0,2676.65,2243.43,3.57,2247.0,2723.53,2.5,2726.03
18,Statement 3,2.   Establishment Expenditure of the Centre,53.26,3.0,56.26,269.46,43.1,312.56,201.89,82.15,284.04,199.5,76.68,276.18
19,Statement 3,3.   Other Central Sector Expenditure,-0.03,,-0.03,,,,,,,,,
19,Statement 3,92. Department of Social Justice and Empowerment,9793.1,277.4,10070.5,8429.99,455.01,8885.0,8429.99,455.01,8885.0,9557.57,546.0,10103.57
19,Statement 3,1. Central Sector Schemes/Projects,794.77,0.01,794.78,1029.6,0.01,1029.61,878.69,0.01,878.7,940.0,1.0,941.0
19,Statement 3,2.   Centrally Sponsored Schemes,8876.76,,8876.76,7262.59,,7262.59,7413.5,,7413.5,8452.33,,8452.33
19,Statement 3,3.   Establishment Expenditure of the Centre,78.2,,78.2,91.8,,91.8,92.87,,92.87,104.24,,104.24
19,Statement 3,4.   Other Central Sector Expenditure,43.37,277.39,320.76,46.0,455.0,501.0,44.93,455.0,499.93,61.0,545.0,606.0
19,Statement 3,93. Department of Empowerment of Persons with Disabilities,988.36,20.75,1009.11,1163.69,41.21,1204.9,1099.08,0.92,1100.0,1325.38,0.01,1325.39
19,Statement 3,1. Central Sector Schemes/Projects,437.65,,437.65,813.0,,813.0,729.37,,729.37,780.0,,780.0
19,Statement 3,2.   Centrally Sponsored Schemes,260.84,,260.84,,,,,,,,,
19,Statement 3,3.   Establishment Expenditure of the Centre,21.93,,21.93,28.67,,28.67,27.16,,27.16,29.86,,29.86
19,Statement 3,4.   Other Central Sector Expenditure,267.94,20.75,288.69,322.02,41.21,363.23,342.55,0.92,343.47,515.52,0.01,515.53
19,Statement 3,94. Department of Space,5655.73,5532.64,11188.37,5874.72,6598.54,12473.26,5874.72,7264.54,13139.26,5704.2,7775.27,13479.47
19,Statement 3,1. Central Sector Schemes/Projects,4771.7,5236.76,10008.46,5048.72,6414.54,11463.26,4950.26,7194.08,12144.34,4854.03,7732.97,12587.0
19,Statement 3,2.   Establishment Expenditure of the Centre,205.75,295.88,501.63,193.0,174.0,367.0,213.02,60.46,273.48,187.87,42.3,230.17
19,Statement 3,3.   Other Central Sector Expenditure,678.28,,678.28,633.0,10.0,643.0,711.44,10.0,721.44,662.3,,662.3
19,Statement 3,95. Ministry of Statistics and Programme Implementation,4869.37,5.37,4874.74,5216.33,14.73,5231.06,5216.33,14.73,5231.06,5426.05,17.95,5444.0
19,Statement 3,1. Central Sector Schemes/Projects,4159.81,5.37,4165.18,4474.1,14.73,4488.83,4474.1,14.73,4488.83,4648.05,17.95,4666.0
19,Statement 3,2.   Establishment Expenditure of the Centre,731.45,,731.45,742.23,,742.23,742.23,,742.23,778.0,,778.0
19,Statement 3,3.   Other Central Sector Expenditure,-21.89,,-21.89,,,,,,,,,
19,Statement 3,96. Ministry of Steel,154.54,,154.54,241.29,,241.29,196.08,,196.08,100.0,,100.0
19,Statement 3,1. Central Sector Schemes/Projects,15.0,,15.0,15.0,,15.0,15.0,,15.0,15.0,,15.0
19,Statement 3,2.   Establishment Expenditure of the Centre,32.4,,32.4,34.54,,34.54,34.54,,34.54,38.58,,38.58
19,Statement 3,3.   Other Central Sector Expenditure,107.14,,107.14,191.75,,191.75,146.54,,146.54,46.42,,46.42
19,Statement 3,97. Ministry of Textiles,6638.13,23.34,6661.47,4800.57,30.91,4831.48,4800.57,30.91,4831.48,3463.76,51.03,3514.79
19,Statement 3,1. Central Sector Schemes/Projects,6598.08,23.34,6621.42,4718.57,30.39,4748.96,4712.8,30.39,4743.19,3377.76,51.0,3428.76
19,Statement 3,2.   Establishment Expenditure of the Centre,74.05,,74.05,82.0,,82.0,87.77,,87.77,86.0,,86.0
19,Statement 3,3.   Other Central Sector Expenditure,-34.0,,-34.0,,0.52,0.52,,0.52,0.52,,0.03,0.03
19,Statement 3,98. Ministry of Tourism,2090.62,,2090.62,2189.21,0.01,2189.22,1416.0,,1416.0,2499.83,,2499.83
19,Statement 3,1. Central Sector Schemes/Projects,1975.51,,1975.51,2075.11,0.01,2075.12,1291.0,,1291.0,2375.21,,2375.21
19,Statement 3,2.   Establishment Expenditure of the Centre,115.11,,115.11,114.1,,114.1,125.0,,125.0,124.62,,124.62
20,Statement 3,99. Ministry of Tribal Affairs,5929.14,65.0,5994.14,6814.96,80.0,6894.96,7260.15,80.01,7340.16,7260.99,150.01,7411.0
20,Statement 3,1. Central Sector Schemes/Projects,288.48,65.0,353.48,295.31,80.0,375.31,356.71,80.01,436.72,1665.22,150.01,1815.23
20,Statement 3,2.   Centrally Sponsored Schemes,3781.05,,3781.05,3810.02,,3810.02,4194.39,,4194.39,4190.52,,4190.52
20,Statement 3,3.   Establishment Expenditure of the Centre,39.79,,39.79,47.07,,47.07,46.5,,46.5,55.24,,55.24
20,Statement 3,4.   Other Grants/Loans/Transfers,1819.82,,1819.82,2662.56,,2662.56,2662.55,,2662.55,1350.01,,1350.01
20,Statement 3,100. Ministry of Women and Child Development,22995.35,30.24,23025.59,29164.89,0.01,29164.9,26179.49,5.01,26184.5,30007.09,0.01,30007.1
20,Statement 3,1. Centrally Sponsored Schemes,22743.28,30.24,22773.52,28914.36,0.01,28914.37,25910.49,5.01,25915.5,29720.37,0.01,29720.38
20,Statement 3,2.   Establishment Expenditure of the Centre,56.67,,56.67,60.92,,60.92,70.0,,70.0,69.12,,69.12
20,Statement 3,3.   Other Central Sector Expenditure,195.4,,195.4,189.61,,189.61,199.0,,199.0,217.6,,217.6
20,Statement 3,101. Ministry of Youth Affairs and Sports,1722.33,0.68,1723.01,2181.9,35.02,2216.92,2731.9,45.02,2776.92,2775.9,51.02,2826.92
20,Statement 3,1. Central Sector Schemes/Projects,1027.88,0.68,1028.56,1309.98,0.02,1310.0,1555.48,0.02,1555.5,1745.9,0.02,1745.92
20,Statement 3,2.   Establishment Expenditure of the Centre,28.26,,28.26,33.0,,33.0,33.0,,33.0,34.0,,34.0
20,Statement 3,3.   Other Central Sector Expenditure,666.19,,666.19,838.92,35.0,873.92,1143.42,45.0,1188.42,996.0,51.0,1047.0
20,Statement 3,Grand Total,2007399.09,307713.52,2315112.61,2447780.34,338569.11,2786349.45,2349644.67,348907.47,2698552.14,2630145.16,412084.93,3042230.09
20,Statement 3,Central Sector Schemes/Projects,364691.69,273803.18,638494.87,568660.18,302134.28,870794.46,458524.99,314671.01,773196.0,497024.69,334800.37,831825.06
20,Statement 3,Centrally Sponsored Schemes,295927.44,101.41,296028.85,331544.07,65.51,331609.58,316760.91,54.65,316815.56,339838.77,55.76,339894.53
20,Statement 3,Establishment Expenditure of the Centre,514756.72,6490.51,521247.23,538759.82,7536.42,546296.24,560214.12,6918.64,567132.76,602276.49,7308.3,609584.79
20,Statement 3,Finance Commission Grants,93703.58,,93703.58,120466.22,,120466.22,123709.88,,123709.88,149924.8,,149924.8
20,Statement 3,Other Central Sector Expenditure,663215.78,14187.73,677403.51,751081.93,21046.66,772128.59,721617.37,19936.04,741553.41,827406.33,60167.84,887574.17
20,Statement 3,Other Grants/Loans/Transfers,75103.88,13130.69,88234.57,137268.12,7786.24,145054.36,168817.4,7327.13,176144.53,213674.08,9752.66,223426.74
21,Statement 4A,(A) Core of the Core Schemes,84038.12,,84038.12,81862.6,0.01,81862.61,93518.55,0.01,93518.56,85159.76,0.01,85159.77
21,Statement 4A,1. National Social Assistance Progam,8418.47,,8418.47,9200.0,,9200.0,9200.0,,9200.0,9196.92,,9196.92
21,Statement 4A,2.   Mahatma Gandhi National Rural Employment,61815.09,,61815.09,60000.0,,60000.0,71001.81,,71001.81,61500.0,,61500.0
21,Statement 4A,Guarantee Program 3.   Umbrella Scheme for Development of Schedule,7574.34,,7574.34,5444.59,,5444.59,5568.0,,5568.0,6242.33,,6242.33
21,Statement 4A,Castes 4.   Umbrella Programme for Development of,3781.05,,3781.05,3810.02,,3810.02,4194.39,,4194.39,4190.52,,4190.52
21,Statement 4A,Scheduled Tribes 5.   Umbrella Programme for Development of Minorities,885.65,,885.65,1589.99,0.01,1590.0,1708.85,0.01,1708.86,1819.99,0.01,1820.0
21,Statement 4A,6. Umbrella Programme for Development of Other,1563.52,,1563.52,1818.0,,1818.0,1845.5,,1845.5,2210.0,,2210.0
21,Statement 4A,Vulnerable Groups (B) Core Schemes,212512.75,101.41,212614.16,249442.82,65.5,249508.32,223088.35,54.64,223142.99,254203.12,55.75,254258.87
21,Statement 4A,7. Green Revolution,11747.75,9.88,11757.63,12525.85,34.7,12560.55,9931.05,33.85,9964.9,13269.45,50.32,13319.77
21,Statement 4A,8.   White Revolution,2422.32,,2422.32,2240.0,,2240.0,1798.93,,1798.93,1805.0,,1805.0
21,Statement 4A,9.   Blue Revolution,485.16,,485.16,560.0,,560.0,455.25,,455.25,570.0,,570.0
21,Statement 4A,10.    Pradhan Mantri Krishi Sinchai Yojna,8142.72,0.34,8143.06,9680.06,1.5,9681.56,7894.8,0.92,7895.72,11124.69,1.82,11126.51
21,Statement 4A,11.    Pradhan Mantri Gram Sadak Yojna,15414.14,,15414.14,19000.0,,19000.0,14070.07,,14070.07,19500.0,,19500.0
21,Statement 4A,12.    Pradhan Mantri Awas Yojna (PMAY),25442.56,,25442.56,25853.26,,25853.26,25328.26,,25328.26,27500.0,,27500.0
21,Statement 4A,13.    Jal Jeevan Mission (JJM)/National Rural Drinking,5484.15,,5484.15,10000.66,,10000.66,10000.66,,10000.66,11500.0,,11500.0
21,Statement 4A,Water Mission 14.    Swachh Bharat Mission (Urban),2461.61,,2461.61,2650.0,,2650.0,1300.0,,1300.0,2300.0,,2300.0
21,Statement 4A,15.    Swachh Bharat Mission (Gramin),12912.66,,12912.66,9994.0,,9994.0,8338.22,,8338.22,9994.1,,9994.1
21,Statement 4A,16.    National Education Mission,30829.89,,30829.89,38547.4,,38547.4,37672.3,,37672.3,39160.5,,39160.5
21,Statement 4A,17.    National Health Mission,31502.16,,31502.16,33650.0,1.0,33651.0,34289.2,1.0,34290.2,34114.0,1.0,34115.0
21,Statement 4A,18.    National Programme of Mid Day Meal in Schools,9514.34,,9514.34,11000.0,,11000.0,9912.21,,9912.21,11000.0,,11000.0
21,Statement 4A,19.    Umbrella ICDS,21612.2,30.24,21642.44,27584.36,0.01,27584.37,24949.49,5.01,24954.5,28557.37,0.01,28557.38
21,Statement 4A,20.    Mission for Protection and Empowerment for,1137.88,,1137.88,1330.0,,1330.0,961.0,,961.0,1163.0,,1163.0
21,Statement 4A,Women 21.    National Livelihood Mission - Ajeevika,6281.56,,6281.56,9774.0,,9774.0,9774.0,,9774.0,10005.04,,10005.04
21,Statement 4A,22.    Jobs and Skill Development,6064.74,60.95,6125.69,7232.15,28.29,7260.44,5734.93,13.86,5748.79,5369.82,2.6,5372.42
21,Statement 4A,"23.    Environment, Forestry and Wildlife",978.11,,978.11,886.0,,886.0,786.57,,786.57,926.0,,926.0
22,Statement 4A,24.   Urban Rejuvenation Mission: AMRUT and Smart,12084.93,,12084.93,13750.0,,13750.0,9842.0,,9842.0,13750.0,,13750.0
22,Statement 4A,Cities Mission,3260.13,,3260.13,3462.3,,3462.3,4155.01,,4155.01,3161.91,,3161.91
22,Statement 4A,25.   Modernisation of Police Forces 26.   Infrastructure Facilities for Judiciary,656.69,,656.69,720.0,,720.0,990.0,,990.0,762.0,,762.0
22,Statement 4A,27.   Border Area Development Programme,770.62,,770.62,824.94,,824.94,824.94,,824.94,783.71,,783.71
22,Statement 4A,28.   Shyama Prasad Mukherjee Rurban Mission,432.61,,432.61,800.0,,800.0,300.0,,300.0,600.0,,600.0
22,Statement 4A,29.   Rashtriya Gram Swaraj Abhiyan(RGSA),649.35,,649.35,821.84,,821.84,465.46,,465.46,857.53,,857.53
22,Statement 4A,30. Pradhan Mantri Jan Arogya Yojana (including RSBY),2224.47,,2224.47,6556.0,,6556.0,3314.0,,3314.0,6429.0,,6429.0
22,Statement 4A,(C) Others,-623.43,,-623.43,238.65,,238.65,154.01,,154.01,475.89,,475.89
22,Statement 4A,I.    National River Conservation Plan – Other Basins,,,,196.0,,196.0,153.01,,153.01,220.0,,220.0
22,Statement 4A,II.   Credit Linked Capital Subsidy and Technology,,,,,,,,,,151.44,,151.44
22,Statement 4A,Upgradation Scheme (CLCS-TUS) – States III.   Procurement and Marketing Support Scheme,,,,,,,,,,29.0,,29.0
22,Statement 4A,(PMS)- States IV.    Promotional Services Institutions and Programme-,,,,,,,,,,55.45,,55.45
22,Statement 4A,States V.    Fortification of Rice and its Distribution under Public,,,,42.65,,42.65,1.0,,1.0,20.0,,20.0
22,Statement 4A,Distribution System VI.    Actual Recoveries,-623.43,,-623.43,,,,,,,,,
22,Statement 4A,Grand Total,295927.44,101.41,296028.85,331544.07,65.51,331609.58,316760.91,54.65,316815.56,339838.77,55.76,339894.53
23,Statement 4B,Demand No. 1,31379.26,,31379.26,113800.0,,113800.0,89369.92,,89369.92,116490.0,,116490.0
23,Statement 4B,"Department of Agriculture, Cooperation and Farmers' Welfare 1. Crop Insurance Scheme",11937.02,,11937.02,14000.0,,14000.0,13640.85,,13640.85,15695.0,,15695.0
23,Statement 4B,2.   Interest Subsidy for Short Term Credit to Farmers,11495.66,,11495.66,18000.0,,18000.0,17863.43,,17863.43,21175.0,,21175.0
23,Statement 4B,3.   Market Intervention Scheme and Price Support,1400.0,,1400.0,3000.0,,3000.0,2010.2,,2010.2,2000.0,,2000.0
23,Statement 4B,Scheme (MIS-PSS) 4.   Pradhan Mantri Annadata Aay Sanrakshan Yojna,4721.12,,4721.12,1500.0,,1500.0,321.0,,321.0,500.0,,500.0
23,Statement 4B,(PM-AASHA) 5.   Distribution of Pulses to State / Union Territories,,,,800.0,,800.0,370.0,,370.0,800.0,,800.0
23,Statement 4B,for Welfare Schemes 6.   Promotion of Agricultural Mechanization for in-situ,584.33,,584.33,600.0,,600.0,594.29,,594.29,600.0,,600.0
23,Statement 4B,Management of Crop Residue 7.   Pradhan Mantri Kisan Samman Nidhi (PM-Kisan),1241.13,,1241.13,75000.0,,75000.0,54370.15,,54370.15,75000.0,,75000.0
23,Statement 4B,8.   Pradhan Mantri Kisan Man Dhan Yojana,,,,900.0,,900.0,200.0,,200.0,220.0,,220.0
23,Statement 4B,"9.   Formation and Promotion of 10,000 Farmer",,,,,,,,,,500.0,,500.0
23,Statement 4B,Producer Organizations (FPOs) Demand No. 2,2508.72,,2508.72,2699.0,,2699.0,2488.61,,2488.61,2729.0,,2729.0
23,Statement 4B,Department of Agricultural Research and Education 10. Agricultural Extension,205.53,,205.53,221.15,,221.15,221.15,,221.15,242.5,,242.5
23,Statement 4B,11.   Agricultural Engineering,59.5,,59.5,64.02,,64.02,64.02,,64.02,70.0,,70.0
23,Statement 4B,12.   Natural Resource Management Institutes including,148.51,,148.51,159.48,,159.48,158.83,,158.83,174.0,,174.0
23,Statement 4B,Agro Forestry Research 13.   Climate Resilient Agriculture Initiative,44.21,,44.21,47.56,,47.56,46.0,,46.0,52.0,,52.0
23,Statement 4B,14.   Crop Science,651.99,,651.99,701.53,,701.53,635.0,,635.0,715.5,,715.5
23,Statement 4B,15.   Horticultural Science,165.75,,165.75,178.34,,178.34,173.61,,173.61,194.0,,194.0
23,Statement 4B,16.   National Agricultural Science Fund,50.75,,50.75,54.6,,54.6,50.0,,50.0,55.0,,55.0
23,Statement 4B,17.   Animal Science,288.98,,288.98,310.98,,310.98,310.0,,310.0,330.0,,330.0
23,Statement 4B,18.   Fisheries Science,132.34,,132.34,142.39,,142.39,142.39,,142.39,156.0,,156.0
23,Statement 4B,19.   Agricultural Universities and Institutions,525.59,,525.59,565.51,,565.51,450.0,,450.0,480.0,,480.0
23,Statement 4B,20.   Economic Statistics and Management,27.66,,27.66,29.76,,29.76,29.76,,29.76,30.0,,30.0
23,Statement 4B,21.   National Agricultural Higher Education Project,155.28,,155.28,,,,,,,,,
24,Statement 4B,22.   National Agricultural Higher Education Project,52.63,,52.63,223.68,,223.68,207.85,,207.85,230.0,,230.0
24,Statement 4B,(EAP) Demand No. 3,82.32,4150.62,4232.94,1065.0,4968.61,6033.61,1134.97,5145.61,6280.58,821.05,5465.32,6286.37
24,Statement 4B,Atomic Energy 23. R and D Basic Science and Engineering,,1021.3,1021.3,,1320.0,1320.0,,1169.86,1169.86,,1250.0,1250.0
24,Statement 4B,24.   R and D for Fast Reactor Science and Technology,,242.4,242.4,,271.0,271.0,,271.0,271.0,,300.0,300.0
24,Statement 4B,"25.   Advanced Technologies for Laser, Synchrotron",,145.14,145.14,,150.99,150.99,,155.0,155.0,,180.0,180.0
24,Statement 4B,and Accelerator 26.   R and D in Exploration and Mining,,118.41,118.41,,138.0,138.0,,138.0,138.0,,150.0,150.0
24,Statement 4B,27.   Grants to other Institutions,88.35,,88.35,154.0,,154.0,100.0,,100.0,154.0,,154.0
24,Statement 4B,28.   Backend Fuel Cycle Projects,,281.08,281.08,,440.0,440.0,,530.14,530.14,,500.0,500.0
24,Statement 4B,29.   Housing Projects,,129.09,129.09,,169.01,169.01,,189.69,189.69,,214.2,214.2
24,Statement 4B,30.   Heavy Water Board,,36.88,36.88,,53.0,53.0,,30.0,30.0,,53.0,53.0
24,Statement 4B,31.   Feedstock,,1127.8,1127.8,,1098.19,1098.19,,1275.19,1275.19,,1194.66,1194.66
24,Statement 4B,32.   Radiation and Isotopes Project,,30.13,30.13,,110.0,110.0,,158.48,158.48,,119.12,119.12
24,Statement 4B,33.   Nuclear Power Projects,56.98,0.71,57.69,107.0,3.42,110.42,94.58,3.42,98.0,96.02,4.1,100.12
24,Statement 4B,34.   Nuclear Fuel Projects,,166.51,166.51,,170.0,170.0,,268.7,268.7,,450.86,450.86
24,Statement 4B,35.   Atomic Energy Regulatory Board Expansion,1.9,14.9,16.8,,40.0,40.0,,28.53,28.53,,49.38,49.38
24,Statement 4B,Project 36.   Advanced Technology for Acclerator,,70.4,70.4,,75.0,75.0,,66.6,66.6,,80.0,80.0
24,Statement 4B,37.   Research and Development Projects,15.0,144.88,159.88,10.0,160.0,170.0,10.0,250.0,260.0,10.0,300.0,310.0
24,Statement 4B,38.   Industries and Material Projects,44.06,34.0,78.06,45.0,20.0,65.0,25.0,11.0,36.0,45.0,20.0,65.0
24,Statement 4B,39.   Fuel Cycle Projects (Fast Reactor Fuel Cycle,,586.99,586.99,,750.0,750.0,,600.0,600.0,,600.0,600.0
24,Statement 4B,Fascility) 40.   Nuclear Fuel Inventory,-123.97,,-123.97,749.0,,749.0,905.39,,905.39,516.03,,516.03
24,Statement 4B,Demand No. 4,98.7,,98.7,142.32,,142.32,89.44,,89.44,136.0,,136.0
24,Statement 4B,"Ministry of Ayurveda, Yoga and Naturopathy, Unani, Siddha and Homoeopathy (AYUSH) 41. Assistance to accredited AYUSH Centres of",4.99,,4.99,5.0,,5.0,5.0,,5.0,8.0,,8.0
24,Statement 4B,Excellence in Non Governmental/ Private Sector engaged in AYUSH education/drug Development and Research/ Clinical Research/ Folk Medicine etc 42. AYUSH and Public Health,3.54,,3.54,5.0,,5.0,4.95,,4.95,5.0,,5.0
25,Statement 4B,43.   Central Drug Controller for AYUSH,0.67,,0.67,1.41,,1.41,0.11,,0.11,1.5,,1.5
25,Statement 4B,44.   Development of Common Facilities for AYUSH,1.0,,1.0,1.0,,1.0,0.33,,0.33,1.0,,1.0
25,Statement 4B,"Industry Clusters 45.   Information, Education and Communication",63.49,,63.49,52.6,,52.6,44.5,,44.5,44.5,,44.5
25,Statement 4B,46.   Promotion of International Cooperation,15.45,,15.45,16.0,,16.0,22.37,,22.37,25.0,,25.0
25,Statement 4B,47.   Pharmacovigilance Initiative for ASU Drugs,1.09,,1.09,1.8,,1.8,2.68,,2.68,2.8,,2.8
25,Statement 4B,48.   Re-oreintation Training Programme of AYUSH,3.0,,3.0,3.5,,3.5,3.5,,3.5,6.0,,6.0
25,Statement 4B,Personnel/Continuing Medical Education (ROTP/CME) 49.   Extra Mural Research Projects through Research,5.47,,5.47,6.0,,6.0,6.0,,6.0,8.0,,8.0
25,Statement 4B,Institutes etc. 50.   Champion Services Sector Scheme,,,,50.01,,50.01,,,,21.2,,21.2
25,Statement 4B,51.   Programme on 'Ayurveda-Biology Integrated,,,,,,,,,,13.0,,13.0
25,Statement 4B,Health Research' Demand No. 5,221.39,,221.39,134.65,,134.65,234.65,,234.65,57.3,,57.3
25,Statement 4B,Department of Chemicals and Petrochemicals 52. Assam Gas Cracker Project,200.0,,200.0,100.0,,100.0,200.0,,200.0,0.01,,0.01
25,Statement 4B,53.   Chemical Promotion and Development Scheme,2.22,,2.22,3.0,,3.0,3.0,,3.0,3.5,,3.5
25,Statement 4B,54.   Promotion of Petrochemicals,19.17,,19.17,31.65,,31.65,31.65,,31.65,53.79,,53.79
25,Statement 4B,Demand No. 6,70604.8,,70604.8,79996.0,,79996.0,79997.85,,79997.85,71309.0,,71309.0
25,Statement 4B,Department of Fertilisers 55. Urea Subsidy,46514.45,,46514.45,53629.0,,53629.0,53629.0,,53629.0,47805.0,,47805.0
25,Statement 4B,56.   Nutrient Based Subsidy,24090.35,,24090.35,26367.0,,26367.0,26368.85,,26368.85,23504.0,,23504.0
25,Statement 4B,Demand No. 7,181.45,,181.45,204.3,,204.3,185.4,,185.4,281.0,,281.0
25,Statement 4B,Department of Pharmaceuticals 57. National Institutes of Pharmaceutical Education,135.0,,135.0,150.0,,150.0,142.4,,142.4,184.45,,184.45
25,Statement 4B,and Research (NIPERs) 58. Jan Aushadhi Scheme,42.5,,42.5,42.0,,42.0,35.51,,35.51,50.0,,50.0
25,Statement 4B,59.   Development of Pharmaceutical Industry,2.81,,2.81,8.3,,8.3,3.49,,3.49,42.05,,42.05
25,Statement 4B,60.   Consumer Awareness Publicity and Price,1.14,,1.14,4.0,,4.0,4.0,,4.0,4.5,,4.5
25,Statement 4B,Monitoring Demand No. 8,5254.47,3975.0,9229.47,4164.1,0.01,4164.11,3323.87,0.01,3323.88,3480.41,0.01,3480.42
25,Statement 4B,Ministry of Civil Aviation 61. Turnaround Plan of Air India Ltd.,,3975.0,3975.0,,0.01,0.01,,0.01,0.01,,0.01,0.01
25,Statement 4B,62.   Regional Connectivity Scheme,403.99,,403.99,480.0,,480.0,451.51,,451.51,465.17,,465.17
26,Statement 4B,63.   Purchase of two new aircraft for Special Extra,3549.5,,3549.5,1084.0,,1084.0,272.35,,272.35,810.23,,810.23
26,Statement 4B,Section Flight operations. 64.   Air India Asset Holding Limited (SPV),1300.0,,1300.0,2600.0,,2600.0,2600.0,,2600.0,2205.0,,2205.0
26,Statement 4B,65.   Mobile Air Dispensary and Air Ambulance,,,,0.1,,0.1,0.01,,0.01,0.01,,0.01
26,Statement 4B,66.   Purchase of Electric Operated Golf Carts for,0.98,,0.98,,,,,,,,,
26,Statement 4B,Senior Citizens at AAI Airports. Demand No. 9,654.32,,654.32,1097.0,,1097.0,871.55,,871.55,819.98,,819.98
26,Statement 4B,Ministry of Coal 67. Research and Development,24.27,,24.27,25.0,,25.0,22.0,,22.0,25.0,,25.0
26,Statement 4B,"68.   Conservation, Safety and Infrastructure",182.4,,182.4,135.0,,135.0,94.5,,94.5,94.98,,94.98
26,Statement 4B,Development in Coal Mines 69.   Exploration of Coal and Lignite,447.65,,447.65,937.0,,937.0,755.05,,755.05,700.0,,700.0
26,Statement 4B,Demand No. 10,4855.35,500.0,5355.35,4833.0,500.0,5333.0,5384.51,800.0,6184.51,4656.0,650.0,5306.0
26,Statement 4B,Department of Commerce 70. Agricultural Product Export Development Authority,79.65,,79.65,80.0,,80.0,85.23,,85.23,95.0,,95.0
26,Statement 4B,(APEDA) 71. Marine Product Export Development Authority,100.0,,100.0,90.0,,90.0,119.77,,119.77,140.0,,140.0
26,Statement 4B,(MPEDA) 72. Trade Infrastructure for Export Schemes (TIES),75.0,,75.0,50.0,,50.0,85.0,,85.0,75.0,,75.0
26,Statement 4B,73.   Duty Drawback Scheme,809.94,,809.94,350.0,,350.0,718.36,,718.36,701.32,,701.32
26,Statement 4B,74.   Tea Board,160.2,,160.2,150.0,,150.0,197.64,,197.64,200.0,,200.0
26,Statement 4B,75.   Coffee Board,179.02,,179.02,200.0,,200.0,248.0,,248.0,225.0,,225.0
26,Statement 4B,76.   Rubber Board,172.22,,172.22,170.0,,170.0,242.0,,242.0,221.34,,221.34
26,Statement 4B,77.   Spices Board,87.97,,87.97,100.0,,100.0,113.0,,113.0,120.0,,120.0
26,Statement 4B,78.   Cashew Export Promotion Council,1.0,,1.0,1.0,,1.0,1.0,,1.0,10.0,,10.0
26,Statement 4B,79.   Market Access Initiative,269.75,,269.75,300.0,,300.0,325.0,,325.0,300.0,,300.0
26,Statement 4B,80.   National Export Insurance Account,300.0,,300.0,300.0,,300.0,300.0,,300.0,,,
26,Statement 4B,81.   Gems and Jewellery Sector,0.98,,0.98,5.0,,5.0,10.0,,10.0,10.0,,10.0
26,Statement 4B,"82.   Footwear, Leather and Accessories",10.0,,10.0,10.0,,10.0,10.0,,10.0,,,
26,Statement 4B,83.   Investment in ECGC (Export Credit Guarantee,,500.0,500.0,,500.0,500.0,,800.0,800.0,,650.0,650.0
26,Statement 4B,Corporation) 84.   Interest Equalisation Scheme,2600.0,,2600.0,2910.0,,2910.0,2868.0,,2868.0,2300.0,,2300.0
26,Statement 4B,85.   Project Development Fund,,,,10.0,,10.0,10.0,,10.0,16.0,,16.0
27,Statement 4B,86.   Champion Service Sector Scheme on,,,,5.0,,5.0,5.0,,5.0,5.0,,5.0
27,Statement 4B,Transportation and Logistics 87.   Centre For Research on International Trade-CRIT,9.62,,9.62,12.0,,12.0,24.5,,24.5,37.34,,37.34
27,Statement 4B,(Centre for WTO Studies) 88.   Transport and Marketing Assistance (TMA),,,,90.0,,90.0,22.0,,22.0,100.0,,100.0
27,Statement 4B,Scheme for specified agriculture products 89.   Stimulus Package for Export Credit - NIRVIK,,,,,,,,,,95.0,,95.0
27,Statement 4B,Yojana 90.   Implementation of Agriculture Export Policy,,,,,,,0.01,,0.01,5.0,,5.0
27,Statement 4B,Demand No. 11,4666.23,699.99,5366.22,4401.18,600.1,5001.28,4748.78,1085.71,5834.49,4325.01,1402.38,5727.39
27,Statement 4B,Department for Promotion of Industry and Internal Trade 91. Indian Leather Development Programme (ILDP),239.13,,239.13,458.0,,458.0,372.0,,372.0,370.0,,370.0
27,Statement 4B,92.   Industrial Infrastructure Upgradation Scheme,75.52,,75.52,100.0,,100.0,18.0,,18.0,25.0,,25.0
27,Statement 4B,(IIUS) 93.   Price and Production Statistics,8.6,,8.6,7.33,,7.33,15.88,,15.88,12.0,,12.0
27,Statement 4B,94.   National Industrial Corridor Development and,1097.0,,1097.0,850.0,,850.0,950.0,,950.0,1200.0,,1200.0
27,Statement 4B,Implementation Trust (NICDIT) 95.   Amritsar Kolkata Industrial Corridor Project (AKIC),3.0,,3.0,2.7,,2.7,2.7,,2.7,,,
27,Statement 4B,"96.   Exhibition-Cum-Convention Centre, Dwarka",,699.99,699.99,0.01,500.1,500.11,0.01,654.41,654.42,0.01,347.41,347.42
27,Statement 4B,97.   Scheme for Investment Promotion,105.91,,105.91,232.02,,232.02,143.37,,143.37,140.0,,140.0
27,Statement 4B,98.   Scheme for implementation of National,0.22,,0.22,8.47,,8.47,8.47,,8.47,,,
27,Statement 4B,Manufacturing Policy 99.   Ease of Doing Business (e-Biz Project),11.28,,11.28,106.4,,106.4,1.6,,1.6,7.0,,7.0
27,Statement 4B,100.   Fund of Funds,,,,,100.0,100.0,,431.3,431.3,,1054.97,1054.97
27,Statement 4B,101.   Credit Guarantee Fund,,,,0.01,,0.01,,,,10.0,,10.0
27,Statement 4B,102.   Startup India,19.01,,19.01,25.0,,25.0,57.84,,57.84,50.0,,50.0
27,Statement 4B,103.   Ease of Doing Business,1.5,,1.5,1.4,,1.4,9.0,,9.0,20.0,,20.0
27,Statement 4B,104.   North Eastern Industrial and Investment Promotion,527.99,,527.99,483.53,,483.53,543.53,,543.53,200.0,,200.0
27,Statement 4B,Policy (NEIPP) 105.   Transport/Freight Subsidy Scheme,932.25,,932.25,293.31,,293.31,342.88,,342.88,300.0,,300.0
27,Statement 4B,106.   Package for Special Catagory States for Jammu,144.96,,144.96,133.0,,133.0,133.01,,133.01,175.0,,175.0
27,Statement 4B,"and Kashmir, Himachal Pradesh and Uttarakhand 107.   Refund of Central and Integrated GST to Industrial",1499.86,,1499.86,1700.0,,1700.0,2100.49,,2100.49,1716.0,,1716.0
28,Statement 4B,108.  North East Industrial Development Scheme,,,,,,,50.0,,50.0,100.0,,100.0
28,Statement 4B,(NEIDS) 2017 Demand No. 12,206.53,808.55,1015.08,272.89,932.74,1205.63,154.81,728.26,883.07,476.02,1116.21,1592.23
28,Statement 4B,Department of Posts 109. Postal Operation,182.35,424.58,606.93,245.4,528.07,773.47,145.9,351.71,497.61,435.32,769.21,1204.53
28,Statement 4B,110.   Financial Services,,0.02,0.02,,,,,,,,,
28,Statement 4B,111.   India Post Payments Bank,,300.0,300.0,,335.0,335.0,,335.0,335.0,,220.0,220.0
28,Statement 4B,112.   Human Resource Management,24.18,0.5,24.68,26.39,8.07,34.46,8.41,2.05,10.46,40.2,7.0,47.2
28,Statement 4B,113.   Estates Management,,83.45,83.45,1.1,61.6,62.7,0.5,39.5,40.0,0.5,120.0,120.5
28,Statement 4B,Demand No. 13,4854.36,2059.23,6913.59,8510.77,4889.72,13400.49,3073.81,4810.39,7884.2,8119.44,5160.06,13279.5
28,Statement 4B,Department of Telecommunications 114. Compensation to Service Providers for creation,4788.15,,4788.15,8350.0,,8350.0,3000.0,,3000.0,8000.0,,8000.0
28,Statement 4B,and augmentation of telecom infrastructure 115. Optical Fibre Cable based network for Defence,,1927.21,1927.21,,4725.0,4725.0,,4725.0,4725.0,,5000.0,5000.0
28,Statement 4B,Services 116. Human Resource Management,7.91,19.68,27.59,28.66,50.2,78.86,10.76,30.0,40.76,28.44,30.01,58.45
28,Statement 4B,117.   Wireless Planning and Coordination,46.6,6.64,53.24,52.84,25.67,78.51,49.55,5.0,54.55,55.0,25.0,80.0
28,Statement 4B,118.   Telecom Engineering Centre,,0.65,0.65,,20.11,20.11,,5.0,5.0,,20.0,20.0
28,Statement 4B,119.   Technology Development and Investment,3.7,,3.7,20.2,,20.2,3.0,,3.0,10.0,,10.0
28,Statement 4B,Promotion 120.   Establishment of Satellite Gateway (Assistance to,,,,,,,,,,,10.0,10.0
28,Statement 4B,BSNL) 121.   Construction of Office Building,,,,,0.05,0.05,,,,,0.05,0.05
28,Statement 4B,122.   Special Assistance for Swachhta Action Plan,7.0,,7.0,8.0,,8.0,4.5,,4.5,5.0,,5.0
28,Statement 4B,123.   Telecom Testing and Security Certification Centre,,15.78,15.78,,0.1,0.1,,5.39,5.39,,10.0,10.0
28,Statement 4B,124.   Telecom Computer Emergency Response,,15.0,15.0,,15.0,15.0,,,,,10.0,10.0
28,Statement 4B,Team(T-Cert) 125.   Central Equipments Identity Register (CEIR),,15.0,15.0,,15.0,15.0,,,,,10.0,10.0
28,Statement 4B,126.   Funding to BSNL for providing Telecom,1.0,,1.0,1.0,,1.0,1.0,,1.0,1.0,,1.0
28,Statement 4B,Connectivity for Amarnath Yatra 127.   5G Connectivity Test Bed,,59.27,59.27,,38.59,38.59,,40.0,40.0,,45.0,45.0
28,Statement 4B,128.   Champion Services Sector Scheme,,,,50.07,,50.07,5.0,,5.0,20.0,,20.0
28,Statement 4B,Demand No. 14,1630.63,48.46,1679.09,2124.5,51.5,2176.0,1932.14,17.86,1950.0,2139.6,55.4,2195.0
29,Statement 4B,129.   Price Stabilisation Fund,1500.0,,1500.0,2000.0,,2000.0,1820.0,,1820.0,2000.0,,2000.0
29,Statement 4B,130.   CONFONET,38.5,,38.5,22.0,,22.0,33.63,,33.63,29.5,,29.5
29,Statement 4B,131.   Consumer Awareness (Advertising and Publicity),58.9,,58.9,62.0,,62.0,40.0,,40.0,60.0,,60.0
29,Statement 4B,132.   Consumer Helplines,0.54,,0.54,0.5,,0.5,0.5,,0.5,0.5,,0.5
29,Statement 4B,133.   Consumer Protection Cell,6.11,,6.11,6.5,,6.5,9.41,,9.41,11.0,,11.0
29,Statement 4B,134.   Price Monitoring Structure,1.99,,1.99,2.0,,2.0,1.6,,1.6,2.0,,2.0
29,Statement 4B,"135.   Strengthening Consumer Forum, Consumer",5.8,,5.8,6.0,,6.0,4.95,,4.95,8.0,,8.0
29,Statement 4B,Counseling and Mediation 136.   Bureau of Indian Standard,2.0,,2.0,2.0,,2.0,2.0,,2.0,2.0,,2.0
29,Statement 4B,137.   National Test House,7.03,10.05,17.08,8.5,16.5,25.0,6.71,3.36,10.07,9.6,10.4,20.0
29,Statement 4B,138.  Strengthening of Weights and Measures,9.76,38.41,48.17,15.0,35.0,50.0,13.34,14.5,27.84,17.0,45.0,62.0
29,Statement 4B,Infrastructure and Strengthening of Regional Reference Standard Laboratories and Indian Institute of Legal Metrology Demand No. 15,106007.31,347.95,106355.26,190754.84,319.0,191073.84,113864.76,244.0,114108.76,120887.92,190.0,121077.92
29,Statement 4B,Department of Food and Public Distribution 139. Food Subsidy to Food Corporation of India under,70098.0,,70098.0,151000.0,,151000.0,75000.0,,75000.0,77982.54,,77982.54
29,Statement 4B,National Food Security Act. 140. Food Subsidy for Decentralized Procurement of,31029.49,,31029.49,33000.0,,33000.0,33508.35,,33508.35,37337.14,,37337.14
29,Statement 4B,Foodgrains under NFSA 141. Sugar Subsidy payable under Public Distribution,199.51,,199.51,220.0,,220.0,180.0,,180.0,250.0,,250.0
29,Statement 4B,System 142. Assistance to State Agencies for intra-state,3883.94,,3883.94,4102.21,,4102.21,1678.78,,1678.78,3982.54,,3982.54
29,Statement 4B,movement of foodgrains and FPS dealers margin under NFSA 143. Scheme for Assistance to Sugar Mills for 2017-18,376.43,,376.43,100.0,,100.0,63.0,,63.0,,,
29,Statement 4B,season 144. Scheme for Assistance to Sugar Mills for 2018-19,,,,1000.0,,1000.0,2000.0,,2000.0,200.0,,200.0
29,Statement 4B,season 145. Scheme for Creation and Maintenance of Buffer,,,,,,,100.0,,100.0,200.0,,200.0
29,Statement 4B,Stock of 40 LMT of Sugar 146. Scheme for Creation and Maintenance of Buffer,200.23,,200.23,350.0,,350.0,450.0,,450.0,,,
29,Statement 4B,Stock of Sugar 147. Scheme for Assistance to Sugar Mills for 2019-20,,,,,,,100.0,,100.0,500.0,,500.0
29,Statement 4B,season 148. Scheme for extending financial assistance to sugar,,,,100.0,,100.0,50.0,,50.0,50.0,,50.0
30,Statement 4B,149.   Scheme for defraying expenditure towards internal,,,,500.0,,500.0,550.0,,550.0,200.0,,200.0
30,Statement 4B,"transport, freight, handling and other charges on export 150.   Scheme for Extending Soft Loan to Sugar Mills",,,,200.0,,200.0,100.0,,100.0,120.0,,120.0
30,Statement 4B,151.   Re-imbursement of Internal Transport and Freight,,,,0.63,,0.63,0.63,,0.63,,,
30,Statement 4B,Charges to Sugar Factories on export shipment of Sugar and payment of other permissible claims 152.   Schemes for Development of Sugar Industries,158.36,284.95,443.31,81.0,270.0,351.0,26.0,195.0,221.0,22.0,150.0,172.0
30,Statement 4B,153.   Strengthening of PDS Operations,18.66,,18.66,30.0,,30.0,17.0,,17.0,8.7,,8.7
30,Statement 4B,154.   Integrated Management of Public Distribution,25.0,,25.0,50.0,,50.0,25.0,,25.0,25.0,,25.0
30,Statement 4B,System 155.   Storage and Godowns,23.3,63.0,86.3,21.0,49.0,70.0,16.0,49.0,65.0,10.0,40.0,50.0
30,Statement 4B,156.   Actual Recoveries,-5.61,,-5.61,,,,,,,,,
30,Statement 4B,Demand No. 16,4.52,0.97,5.49,9.95,1.0,10.95,12.75,0.2,12.95,10.5,1.0,11.5
30,Statement 4B,Ministry of Corporate Affairs 157. Champion Service Sector Scheme on Accounting,,,,5.0,,5.0,6.0,,6.0,5.0,,5.0
30,Statement 4B,and Finance Services 158. Corporate Data Management (CDM),4.52,,4.52,4.95,,4.95,6.75,,6.75,5.5,,5.5
30,Statement 4B,159.   Data Mining System (DMS),,0.97,0.97,,1.0,1.0,,0.2,0.2,,1.0,1.0
30,Statement 4B,Demand No. 17,440.45,42.84,483.29,746.23,32.0,778.23,380.47,46.45,426.92,576.32,2.0,578.32
30,Statement 4B,"Ministry of Culture 160. Centenaries and Anniversaries, Celebrations and",156.48,,156.48,110.0,,110.0,104.0,,104.0,160.35,,160.35
30,Statement 4B,Schemes 161. Kala Sanskriti Vikas Yojana,164.55,37.0,201.55,227.74,2.0,229.74,158.16,16.45,174.61,207.79,2.0,209.79
30,Statement 4B,162.   Development of Museums,63.07,5.84,68.91,256.79,30.0,286.79,96.42,30.0,126.42,180.9,,180.9
30,Statement 4B,163.   Development of Libraries and Archives,27.37,,27.37,118.51,,118.51,0.73,,0.73,0.38,,0.38
30,Statement 4B,164.   Global Engagement and International Cooperation,20.11,,20.11,21.19,,21.19,17.75,,17.75,20.6,,20.6
30,Statement 4B,165.   National Mission for Preservation of Manuscripts,8.87,,8.87,12.0,,12.0,3.41,,3.41,6.3,,6.3
30,Statement 4B,Demand No. 18,667.88,2120.53,2788.41,740.0,2321.0,3061.0,785.0,2356.0,3141.0,750.0,2300.0,3050.0
30,Statement 4B,Ministry of Defence (Civil) 166. Transfer to Central Road and Infrastructure Fund,,,,40.0,1963.36,2003.36,50.0,2100.0,2150.0,105.0,2300.0,2405.0
30,Statement 4B,167.   Works under Border Roads Development Board,,2120.53,2120.53,,357.64,357.64,,256.0,256.0,,,
30,Statement 4B,168.   Grants to States for Strategic Roads,54.97,,54.97,,,,,,,,,
30,Statement 4B,169.   Other works,612.91,,612.91,700.0,,700.0,735.0,,735.0,645.0,,645.0
31,Statement 4B,Demand No. 20,,95230.59,95230.59,,103394.31,103394.31,,110394.31,110394.31,,113734.0,113734.0
31,Statement 4B,Capital Outlay on Defence Services 170. Land-Army - Army,,130.93,130.93,,290.83,290.83,,90.83,90.83,,291.0,291.0
31,Statement 4B,171.   Construction Works-Army - Army,,5407.54,5407.54,,6181.18,6181.18,,6005.15,6005.15,,6061.67,6061.67
31,Statement 4B,172.   Aircrafts and Aeroengines-Army - Army,,2383.29,2383.29,,2115.43,2115.43,,3237.43,3237.43,,4000.0,4000.0
31,Statement 4B,173.   Heavy and Medium Vehicles - Army,,1490.44,1490.44,,2128.05,2128.05,,1465.72,1465.72,,1589.36,1589.36
31,Statement 4B,174.   Other equipment-Army - Army,,17923.35,17923.35,,18562.15,18562.15,,18716.66,18716.66,,20209.25,20209.25
31,Statement 4B,175.   Rolling Stock - Army,,,,,50.0,50.0,,2.5,2.5,,100.0,100.0
31,Statement 4B,176.   Rashtriya Rifles - Army,,82.72,82.72,,95.0,95.0,,95.0,95.0,,100.0,100.0
31,Statement 4B,177.   National Cadet Corps - Army,,20.39,20.39,,24.64,24.64,,49.64,49.64,,27.1,27.1
31,Statement 4B,178.   Ex-Servicemen Contributory Health Scheme -,,3.36,3.36,,13.97,13.97,,3.97,3.97,,14.0,14.0
31,Statement 4B,Army 179.   Military Farms - Army,,-1.83,-1.83,,,,,,,,,
31,Statement 4B,180.   Land-Navy - Navy,,25.44,25.44,,50.53,50.53,,1.53,1.53,,16.49,16.49
31,Statement 4B,181.   Construction Works-Navy - Navy,,833.14,833.14,,1000.0,1000.0,,1000.0,1000.0,,1052.0,1052.0
31,Statement 4B,182.   Aircrafts and Aeroengines - Navy,,1891.42,1891.42,,2400.0,2400.0,,1150.0,1150.0,,4640.0,4640.0
31,Statement 4B,183.   Heavy and Medium Vehicles - Navy,,48.26,48.26,,45.0,45.0,,25.0,25.0,,30.0,30.0
31,Statement 4B,184.   Other equipment-Navy - Navy,,3626.21,3626.21,,3500.0,3500.0,,3600.0,3600.0,,3000.0,3000.0
31,Statement 4B,185.   Naval Fleet - Navy,,11455.59,11455.59,,12182.0,12182.0,,15434.0,15434.0,,12746.0,12746.0
31,Statement 4B,186.   Naval Dockyard/projects - Navy,,2748.39,2748.39,,3050.0,3050.0,,4017.0,4017.0,,4182.0,4182.0
31,Statement 4B,187.   Joint Staff - Navy,,881.15,881.15,,928.9,928.9,,928.9,928.9,,1021.79,1021.79
31,Statement 4B,188.   Land-Air Force - Air Force,,13.61,13.61,,70.0,70.0,,25.0,25.0,,150.0,150.0
31,Statement 4B,189.   Construction Works-Air Force - Air Force,,1707.45,1707.45,,1837.3,1837.3,,2362.3,2362.3,,3100.0,3100.0
31,Statement 4B,190.   Aircrafts and Aeroengines-Air Force - Air Force,,25326.92,25326.92,,24807.19,24807.19,,21736.31,21736.31,,26909.88,26909.88
31,Statement 4B,191.   Heavy and Medium Vehicles-Air Force - Air Force,,65.6,65.6,,110.0,110.0,,110.0,110.0,,120.0,120.0
31,Statement 4B,192.   Other equipment-Air Force - Air Force,,8459.45,8459.45,,11448.15,11448.15,,19875.53,19875.53,,12001.03,12001.03
31,Statement 4B,193.   Special Projects - Air Force,,907.81,907.81,,1030.0,1030.0,,760.0,760.0,,1001.0,1001.0
31,Statement 4B,194.   Defence Ordnance Factories,,586.53,586.53,,884.05,884.05,,884.05,884.05,,756.5,756.5
31,Statement 4B,195.   Research and Development,,9230.29,9230.29,,10484.43,10484.43,,8723.78,8723.78,,10532.87,10532.87
32,Statement 4B,196.   Inspection - Director General Quality Audit,,12.24,12.24,,10.96,10.96,,15.96,15.96,,12.06,12.06
32,Statement 4B,(DGQA) 197. Projects of the Army - Techonology Development -,,,,,50.0,50.0,,,,,70.0,70.0
32,Statement 4B,Assistance for prototype development under make procedure 198. Projects of the Air Force - Techonology,,-29.1,-29.1,,44.55,44.55,,78.05,78.05,,,
32,Statement 4B,Development - Assistance for prototype development under make procedure Demand No. 22,1852.92,91.51,1944.43,2277.0,701.1,2978.1,2010.5,637.6,2648.1,2313.06,714.59,3027.65
32,Statement 4B,Ministry of Development of North Eastern Region 199. Schemes of North East Council,368.72,9.17,377.89,500.18,80.0,580.18,359.68,25.0,384.68,526.18,80.0,606.18
32,Statement 4B,200.   Schemes of North East Council - Special,428.25,,428.25,305.0,,305.0,305.0,,305.0,263.72,,263.72
32,Statement 4B,Development Projects 201.   Central Pool of Resources for North East and,449.63,76.34,525.97,390.0,141.1,531.1,379.19,197.03,576.22,407.16,144.59,551.75
32,Statement 4B,Sikkim 202.   North East Special Infrastructure Development,93.94,,93.94,694.65,,694.65,558.1,,558.1,674.0,,674.0
32,Statement 4B,"Scheme (NESIDS) 203.   Consultancy, Monitoring, Evaluation - Charges",0.58,,0.58,2.0,,2.0,1.02,,1.02,,,
32,Statement 4B,under NLCPR Scheme 204.   NER Livelihood (EAP) Project (NERLP) -,90.0,,90.0,38.0,,38.0,25.18,,25.18,,,
32,Statement 4B,205.   North East States Road PMU (ADB Assisted),0.41,,0.41,1.0,,1.0,0.3,,0.3,1.0,,1.0
32,Statement 4B,206.   Construction/Improvement of Roads of Economic,,5.0,5.0,,50.0,50.0,,5.57,5.57,,,
32,Statement 4B,Importance 207.   North East Road Sector Development Scheme,369.76,1.0,370.76,266.17,400.0,666.17,311.92,350.0,661.92,340.0,460.0,800.0
32,Statement 4B,208.   Bodoland Territorial Council,,,,20.0,,20.0,4.0,,4.0,10.0,,10.0
32,Statement 4B,209.   Karbi Anglong Autonomous Territorial Council,39.63,,39.63,40.0,,40.0,40.0,,40.0,57.0,,57.0
32,Statement 4B,210.   Dima Hasao Territorial Council,12.0,,12.0,20.0,,20.0,26.11,,26.11,34.0,,34.0
32,Statement 4B,211.    Loan to North East Development Finance,,,,,30.0,30.0,,60.0,60.0,,30.0,30.0
32,Statement 4B,Corporation Demand No. 23,1011.42,86.23,1097.65,1080.0,141.0,1221.0,1012.0,118.0,1130.0,1165.0,172.0,1337.0
32,Statement 4B,"Ministry of Earth Sciences 212. Ocean Services, Technology, Observations,",421.33,13.16,434.49,,,,,,,,,
32,Statement 4B,"Resources Modelling and Science (O-STORMS) 213. Ocean services, Modelling, Application, Resources",,,,465.0,18.0,483.0,432.0,13.0,445.0,550.0,17.0,567.0
32,Statement 4B,and Technology (O-SMART) 214. Atmosphere and Climate Research - Modelling,272.06,65.83,337.89,310.0,103.0,413.0,290.0,90.0,380.0,310.0,130.0,440.0
32,Statement 4B,Observing Systems and Services (ACROSS) 215. Polar Science and Cryosphere (PACER),144.97,,144.97,120.0,,120.0,110.0,,110.0,125.0,,125.0
33,Statement 4B,216.   Seismological and Geoscience (SAGE),79.99,7.24,87.23,95.0,20.0,115.0,115.0,15.0,130.0,95.0,25.0,120.0
33,Statement 4B,"217.    Research, Education and Training Outreach",93.07,,93.07,90.0,,90.0,65.0,,65.0,85.0,,85.0
33,Statement 4B,(REACHOUT) Demand No. 24,3216.38,112.16,3328.54,3592.76,158.0,3750.76,3134.52,78.0,3212.52,3898.0,60.0,3958.0
33,Statement 4B,Ministry of Electronics and Information Technology 218. Electronic Governance,421.65,,421.65,450.0,,450.0,402.87,,402.87,425.0,,425.0
33,Statement 4B,219.   Manpower Development,300.0,,300.0,400.75,,400.75,338.0,,338.0,430.0,,430.0
33,Statement 4B,220.   National Knowledge Network,320.0,,320.0,160.0,,160.0,274.64,,274.64,400.0,,400.0
33,Statement 4B,221.   Promotion of Electronics and IT HW Manufacturing,658.27,69.08,727.35,876.0,110.0,986.0,660.0,30.0,690.0,920.0,60.0,980.0
33,Statement 4B,"(MSIPS, EDF and Manufacturing Clusters) 222.   Promotion of IT/ITeS Industries",64.77,,64.77,100.0,,100.0,90.0,,90.0,170.0,,170.0
33,Statement 4B,223.   Cyber Security Projects (NCCC & Others),64.4,43.08,107.48,72.0,48.0,120.0,54.0,48.0,102.0,170.0,,170.0
33,Statement 4B,224.   R and D in IT/Electronics/CCBT,179.0,,179.0,416.0,,416.0,435.0,,435.0,762.99,,762.99
33,Statement 4B,225.   Pradhan Mantri Gramin Digital Saksharta Abhiyan,438.0,,438.0,518.0,,518.0,400.0,,400.0,400.0,,400.0
33,Statement 4B,(PMGDISHA) 226.   Promotion of Digital payment,770.29,,770.29,600.0,,600.0,480.0,,480.0,220.0,,220.0
33,Statement 4B,227.   Champion Service Sector Scheme,,,,0.01,,0.01,0.01,,0.01,0.01,,0.01
33,Statement 4B,Demand No. 25,610.41,,610.41,1008.8,,1008.8,859.05,,859.05,1017.23,,1017.23
33,Statement 4B,"Ministry of Environment, Forests and Climate Change 228. Forestry Training and Capacity Building",28.52,,28.52,10.8,,10.8,10.8,,10.8,11.37,,11.37
33,Statement 4B,229.   Eco-Task Force,112.85,,112.85,75.0,,75.0,75.0,,75.0,75.0,,75.0
33,Statement 4B,230.   National Coastal Mission (NCM),129.55,,129.55,95.0,,95.0,96.0,,96.0,103.0,,103.0
33,Statement 4B,231.   Pollution Abatement,19.72,,19.72,10.0,,10.0,10.0,,10.0,10.0,,10.0
33,Statement 4B,232.   Hazardous Substances Management (HSM),12.96,,12.96,15.0,,15.0,4.25,,4.25,12.0,,12.0
33,Statement 4B,233.   Climate Change Action Plan,33.17,,33.17,40.0,,40.0,15.0,,15.0,40.0,,40.0
33,Statement 4B,234.   National Adaptation Fund,109.78,,109.78,100.0,,100.0,40.0,,40.0,80.0,,80.0
33,Statement 4B,235.   National Mission on Himalayan Studies,50.0,,50.0,50.0,,50.0,47.0,,47.0,50.0,,50.0
33,Statement 4B,"236.   Environmental Education, Awareness and Training",69.45,,69.45,82.0,,82.0,72.0,,72.0,114.36,,114.36
33,Statement 4B,237.   Environment Information Systems (ENVIS),23.84,,23.84,46.0,,46.0,28.0,,28.0,40.0,,40.0
33,Statement 4B,238.   Centres of Excellence,14.06,,14.06,15.0,,15.0,11.5,,11.5,14.0,,14.0
33,Statement 4B,239.   R and D for Conservation and Development,1.56,,1.56,10.0,,10.0,4.5,,4.5,7.5,,7.5
34,Statement 4B,240.   Control of Pollution,4.95,,4.95,460.0,,460.0,445.0,,445.0,460.0,,460.0
34,Statement 4B,Demand No. 26,5962.88,494.62,6457.5,7333.79,842.0,8175.79,6619.78,802.68,7422.46,6617.37,832.28,7449.65
34,Statement 4B,Ministry of External Affairs 241. Bhutan,1985.88,494.62,2480.5,2135.79,666.0,2801.79,2048.28,626.23,2674.51,2052.37,832.28,2884.65
34,Statement 4B,242.   Afghanistan,469.98,,469.98,400.0,,400.0,400.0,,400.0,400.0,,400.0
34,Statement 4B,243.   Bangladesh,131.81,,131.81,175.0,,175.0,150.0,,150.0,200.0,,200.0
34,Statement 4B,244.   Nepal,763.39,,763.39,1050.0,,1050.0,1200.0,,1200.0,800.0,,800.0
34,Statement 4B,245.   Sri Lanka,168.78,,168.78,250.0,,250.0,205.0,,205.0,200.0,,200.0
34,Statement 4B,246.   Maldives,439.4,,439.4,400.0,176.0,576.0,150.0,176.45,326.45,300.0,,300.0
34,Statement 4B,247.   Myanmar,376.22,,376.22,400.0,,400.0,170.0,,170.0,300.0,,300.0
34,Statement 4B,248.   Mongolia,0.62,,0.62,5.0,,5.0,2.0,,2.0,2.0,,2.0
34,Statement 4B,249.   African Countries,339.98,,339.98,450.0,,450.0,450.0,,450.0,350.0,,350.0
34,Statement 4B,250.   Eurasian Countries,29.52,,29.52,45.0,,45.0,45.0,,45.0,45.0,,45.0
34,Statement 4B,251.   Latin American Countries,10.02,,10.02,15.0,,15.0,10.0,,10.0,20.0,,20.0
34,Statement 4B,252.   Other Developing Countries,124.99,,124.99,150.0,,150.0,150.0,,150.0,120.0,,120.0
34,Statement 4B,253.   Disaster Relief,19.12,,19.12,20.0,,20.0,30.0,,30.0,20.0,,20.0
34,Statement 4B,254.   Chabahar Port,,,,45.0,,45.0,,,,100.0,,100.0
34,Statement 4B,255.   Mauritius,659.81,,659.81,1100.0,,1100.0,1100.0,,1100.0,1025.0,,1025.0
34,Statement 4B,256.   Seychelles,99.8,,99.8,100.0,,100.0,50.0,,50.0,140.0,,140.0
34,Statement 4B,257.   Support to International Training/Programmes,343.56,,343.56,593.0,,593.0,459.5,,459.5,543.0,,543.0
34,Statement 4B,Demand No. 27,770.27,1202.1,1972.37,1027.5,1037.0,2064.5,1378.75,2040.01,3418.76,1013.95,530.01,1543.96
34,Statement 4B,Department of Economic Affairs 258. National Investment and Infrastructure Fund (NIIF),,1196.29,1196.29,3.0,997.0,1000.0,3.0,2000.01,2003.01,3.0,500.01,503.01
34,Statement 4B,259.   Viability Gap Funding,124.07,5.81,129.88,200.69,40.0,240.69,200.69,40.0,240.69,210.69,30.0,240.69
34,Statement 4B,260.   Indian Companies,17.23,,17.23,44.4,,44.4,22.0,,22.0,20.85,,20.85
34,Statement 4B,261.   Exim Bank,628.97,,628.97,779.41,,779.41,1153.06,,1153.06,779.41,,779.41
34,Statement 4B,Demand No. 28,107.46,,107.46,210.0,,210.0,263.24,,263.24,,,
34,Statement 4B,Department of Expenditure 262. Public Financial Management System (PFMS),107.46,,107.46,210.0,,210.0,263.24,,263.24,,,
34,Statement 4B,Demand No. 29,1018.64,4271.19,5289.83,1087.81,3385.04,4472.85,1145.89,6355.01,7500.9,1240.0,9650.04,10890.04
35,Statement 4B,263. Recapitalization of Public Sector Banks,,,,,0.01,0.01,,,,,0.01,0.01
35,Statement 4B,264.   Subscription to the Share Capital of Export-Import,,500.0,500.0,,950.0,950.0,,950.0,950.0,,1300.0,1300.0
35,Statement 4B,Bank of India 265.   Re-capitalization of Insurance Companies,,,,,0.01,0.01,,2500.0,2500.0,,6950.0,6950.0
35,Statement 4B,266.   Subscription to Share Captial of National Bank for,,2000.0,2000.0,,1500.0,1500.0,,1500.0,1500.0,,1000.0,1000.0
35,Statement 4B,Agricultural and Rural Development (NABARD) 267.   Recapitalization of Regional Rural Banks (RRBs),,108.0,108.0,,235.0,235.0,,705.0,705.0,,200.01,200.01
35,Statement 4B,268.   Equity Capital to Micro Units Development,,,,,0.01,0.01,,0.01,0.01,,0.01,0.01
35,Statement 4B,Refinance Agency (MUDRA Bank) 269.   Equity support to India Infrastructure Finance,,100.0,100.0,,500.0,500.0,,500.0,500.0,,,
35,Statement 4B,Company Limited (IIFCL) 270.   Equity Support to Industrial Finance Corporation of,,,,,200.0,200.0,,200.0,200.0,,200.0,200.0
35,Statement 4B,India (IFCI) 271.   Grants to ICICI Bank for Externally Aided,,,,0.01,,0.01,,,,0.01,,0.01
35,Statement 4B,Components 272.   Contribution to Financial Inclusion Fund (FIF) of,20.0,,20.0,20.0,,20.0,20.0,,20.0,20.0,,20.0
35,Statement 4B,NABARD to promote AADHAR Enabled Payment System 273.   Grants to NABARD to settle the claims under Indo-,0.85,,0.85,0.86,,0.86,0.86,,0.86,0.86,,0.86
35,Statement 4B,Swiss Cooperation-VI 274.   Subsidy to National Housing Bank for Interest,,,,0.01,,0.01,,,,0.01,,0.01
35,Statement 4B,Subvention on Housing Loans 275.   World Bank Assistance to National Housing Bank,,93.19,93.19,,0.01,0.01,,,,,0.01,0.01
35,Statement 4B,(NHB) for low income housing finance in India 276.   Acquisition Cost of Reserve Bank of India's stake,,20.0,20.0,,,,,,,,,
35,Statement 4B,in NABARD 277.   Acquisition Cost of Reserve Bank of India's stake,,1450.0,1450.0,,,,,,,,,
35,Statement 4B,in National Housing Bank (NHB) 278.   Support to Pradhan Mantri Jan Dhan Bima Yojana,,,,0.01,,0.01,,,,0.01,,0.01
35,Statement 4B,(PMJDBY) 279.   Government Co-contribution to Atal Pension,155.0,,155.0,205.0,,205.0,339.94,,339.94,299.0,,299.0
35,Statement 4B,Yojana 280.   Interest Subsidy to LIC for Pension Plan for Senior,170.64,,170.64,160.0,,160.0,117.01,,117.01,115.1,,115.1
35,Statement 4B,Citizens 281.   Pradhan Mantri Jeevan Jyoti Bima Yojna and,5.0,,5.0,10.0,,10.0,5.0,,5.0,10.0,,10.0
35,Statement 4B,Pradhan Mantri Suraksha Bima Yojna (Publicity and Awareness) 282.   Pradhan Mantri Vaya Vandan Yojana (PMVVY),152.17,,152.17,176.9,,176.9,148.07,,148.07,180.0,,180.0
35,Statement 4B,283.   Pradhan Mantri Mudra Yojana (PMMY)(through,500.0,,500.0,500.0,,500.0,500.0,,500.0,500.0,,500.0
36,Statement 4B,284.   Publicity and awareness for Pradhan Mantri Mudra,9.98,,9.98,10.0,,10.0,10.0,,10.0,10.0,,10.0
36,Statement 4B,Yojana (PMMY) and other initiatives by MUDRA Ltd. 285.   Stand-Up India (through NCGTC),,,,0.01,,0.01,0.01,,0.01,100.0,,100.0
36,Statement 4B,286.   Publicity and awareness for Stand-Up India and,5.0,,5.0,5.0,,5.0,5.0,,5.0,5.0,,5.0
36,Statement 4B,other initiatives by SIDBI 287. Credit Guarantee Fund for Factoring (through,,,,0.01,,0.01,,,,0.01,,0.01
36,Statement 4B,NCGTC) Demand No. 40,,,,500.0,,500.0,811.07,,811.07,1300.0,,1300.0
36,Statement 4B,Department of Animal Husbandry and Dairying 288. National Animal Disease Control Programme for,,,,500.0,,500.0,811.07,,811.07,1300.0,,1300.0
36,Statement 4B,Foot and Mouth Disease (FMD) and Brucellosis Demand No. 41,591.63,,591.63,1101.0,,1101.0,889.43,,889.43,1081.41,,1081.41
36,Statement 4B,Ministry of Food Processing Industries 289. Pradhan Mantri Kisan Sampada Yojana,591.63,,591.63,1101.0,,1101.0,889.43,,889.43,1081.41,,1081.41
36,Statement 4B,Demand No. 42,4177.36,2020.29,6197.65,6225.79,1224.21,7450.0,7246.21,1219.05,8465.26,8978.69,782.31,9761.0
36,Statement 4B,Department of Health and Family Welfare 290. Pardhan Mantri Swasthya Suraksha Yojana,1843.16,1953.35,3796.51,2860.7,1139.3,4000.0,3594.1,1139.3,4733.4,5352.1,667.9,6020.0
36,Statement 4B,291.   National AIDS and STD Control Programme,1738.9,64.3,1803.2,2483.0,17.0,2500.0,2939.0,17.0,2956.0,2846.16,53.84,2900.0
36,Statement 4B,292.   Family Welfare Schemes,490.05,,490.05,700.0,,700.0,514.15,,514.15,600.0,,600.0
36,Statement 4B,293.   Establishment and strengthening of NCDC,12.8,1.94,14.74,27.41,21.59,49.0,27.41,21.59,49.0,37.0,15.0,52.0
36,Statement 4B,294.   National Pharmacovigilance Programme,10.0,,10.0,12.0,,12.0,8.0,,8.0,10.0,,10.0
36,Statement 4B,295.   Development of Nursing Services,12.16,,12.16,15.0,,15.0,50.5,,50.5,16.0,,16.0
36,Statement 4B,296.   Health Sector Disaster Preparedness and,62.95,,62.95,85.78,44.22,130.0,77.37,39.91,117.28,85.78,44.22,130.0
36,Statement 4B,Response and Human Resources Development for Emergency Medical Services 297.   National Organ Transplant Programme,7.34,0.7,8.04,38.9,2.1,41.0,27.7,1.25,28.95,31.65,1.35,33.0
36,Statement 4B,298.  Impacting Research Innovation and Technology,,,,3.0,,3.0,7.98,,7.98,,,
36,Statement 4B,(IMPRINT) Scheme Demand No. 43,126.88,,126.88,247.35,,247.35,230.0,,230.0,262.29,,262.29
37,Statement 4B,299.   Setting up of nation wide network of laboratories,52.14,,52.14,80.0,,80.0,73.0,,73.0,83.0,,83.0
37,Statement 4B,for managing epidemics and national calamities 300.   Development of Infrastructure for Promotion of,46.01,,46.01,73.0,,73.0,74.0,,74.0,80.0,,80.0
37,Statement 4B,Health Research 301.   Development of tools/support to prevent outbreaks,4.96,,4.96,7.35,,7.35,6.0,,6.0,7.29,,7.29
37,Statement 4B,of epidemics 302.   Human Resource and Capacity Development,23.77,,23.77,87.0,,87.0,77.0,,77.0,92.0,,92.0
37,Statement 4B,Demand No. 44,518.38,372.0,890.38,920.38,108.35,1028.73,896.18,108.35,1004.53,881.25,300.0,1181.25
37,Statement 4B,Department of Heavy Industry 303. National Automotive Testing and Research and,28.0,372.0,400.0,150.88,108.35,259.23,150.88,108.35,259.23,,300.0,300.0
37,Statement 4B,Development Infrastructure Project (NATRIP) 304. Scheme for Faster Adoption and Manufacturing of,145.0,,145.0,500.0,,500.0,500.0,,500.0,692.94,,692.94
37,Statement 4B,(Hybrid and) Electric Vehicle in India - (FAME - India). 305. Development Council for Automobile and Allied,14.92,,14.92,25.0,,25.0,8.8,,8.8,15.0,,15.0
37,Statement 4B,Industries 306. Enhancement of Competitiveness in the Indian,110.46,,110.46,110.0,,110.0,102.3,,102.3,173.11,,173.11
37,Statement 4B,Capital Goods Sector 307. Research and Development project for,220.0,,220.0,134.0,,134.0,134.0,,134.0,,,
37,Statement 4B,development of Advanced Ultra Super Critical (AUSC) Technology for Thermal Power Plants 308. Industry Associations and PSUs for undertaking,,,,0.5,,0.5,0.2,,0.2,0.2,,0.2
37,Statement 4B,promotional activities Demand No. 45,8.9,,8.9,9.5,,9.5,9.5,,9.5,10.5,,10.5
37,Statement 4B,"Department of Public Enterprises 309. Counselling, Retraining and Redeployment (CRR)",3.86,,3.86,3.5,,3.5,3.5,,3.5,4.5,,4.5
37,Statement 4B,"Scheme 310. Research, Development and Consultancy on",5.04,,5.04,6.0,,6.0,6.0,,6.0,6.0,,6.0
37,Statement 4B,generic issues related to CPSEs and State Level Public Enterprises Demand No. 46,2461.66,198.93,2660.59,2418.25,142.93,2561.18,2290.94,147.34,2438.28,1528.7,72.03,1600.73
37,Statement 4B,Ministry of Home Affairs 311. Relief and Rehabilitation for migrants and,961.71,,961.71,842.44,,842.44,792.36,,792.36,205.83,,205.83
37,Statement 4B,repatriates 312. Freedom Fighters (pension and other benefits),874.77,,874.77,952.81,,952.81,952.84,,952.84,775.31,,775.31
37,Statement 4B,313.   Helicopter Services,97.5,,97.5,115.0,,115.0,115.0,,115.0,115.0,,115.0
37,Statement 4B,314.   Infrastructure for Disaster Management,,198.93,198.93,,142.93,142.93,,147.34,147.34,,72.03,72.03
37,Statement 4B,315.   National Cyclone Risk Mitigation Project,302.68,,302.68,296.19,,296.19,282.77,,282.77,296.27,,296.27
37,Statement 4B,316.   Other Disaster Management Schemes,108.02,,108.02,138.81,,138.81,124.97,,124.97,113.29,,113.29
38,Statement 4B,317.   Special Industry Initiative for Jammu and Kashmir,99.0,,99.0,50.0,,50.0,,,,,,
38,Statement 4B,318.   Civic Action Programme and Media Plan,17.98,,17.98,23.0,,23.0,23.0,,23.0,23.0,,23.0
38,Statement 4B,Demand No. 48,395.43,7038.11,7433.54,522.02,6777.71,7299.73,468.75,6451.59,6920.34,1261.81,6035.64,7297.45
38,Statement 4B,"Police 319. IVFRT (Immigration, Visa and Foreigners",73.06,,73.06,77.0,,77.0,77.0,,77.0,77.0,,77.0
38,Statement 4B,"Registration and Tracking) 320. BSF Air Wing, Aircrafts, River Boats and Helibase",40.25,147.24,187.49,39.93,139.1,179.03,39.91,91.7,131.61,36.64,112.66,149.3
38,Statement 4B,321.   Border Infrastructure and Management,224.12,1806.35,2030.47,247.09,1881.84,2128.93,247.09,1881.38,2128.47,208.14,1788.37,1996.51
38,Statement 4B,322.   Police Infrastructure,,5084.52,5084.52,,4756.77,4756.77,,4478.51,4478.51,,4134.61,4134.61
38,Statement 4B,323.   Narcotics Control Bureau,8.0,,8.0,8.0,,8.0,8.0,,8.0,5.0,,5.0
38,Statement 4B,324.   Schemes for Safety of Women,50.0,,50.0,50.0,,50.0,50.0,,50.0,855.23,,855.23
38,Statement 4B,325.   Indian Cyber Crime Coordination Centre,,,,100.0,,100.0,46.75,,46.75,79.8,,79.8
38,Statement 4B,Demand No. 57,2252.06,15773.44,18025.5,2926.37,19508.17,22434.54,2824.25,19197.43,22021.68,629.0,20859.01,21488.01
38,Statement 4B,Ministry of Housing and Urban Affairs 326. Grants to Delhi Metro Rail Corporation,50.0,,50.0,414.7,,414.7,414.7,,414.7,,,
38,Statement 4B,327.   Metro Projects,,14264.6,14264.6,,17713.93,17713.93,,17611.99,17611.99,,17482.0,17482.0
38,Statement 4B,328.   Transport Planning and Capacity Building in Urban,55.62,,55.62,49.11,,49.11,39.12,,39.12,30.6,,30.6
38,Statement 4B,Transport 329.   National Capital Region Transport Corporation,,100.0,100.0,274.25,700.0,974.25,274.25,550.0,824.25,398.4,2089.0,2487.4
38,Statement 4B,330.   Global Environment Facility,0.02,,0.02,0.01,,0.01,,,,,,
38,Statement 4B,331.   National Heritage City Development and,150.36,,150.36,,,,,,,,,
38,Statement 4B,Augmentation Yojana (HRIDAY) 332.   Residential,929.12,716.93,1646.05,970.63,581.95,1552.58,935.18,532.25,1467.43,,545.32,545.32
38,Statement 4B,333.   Non-residential,750.2,639.91,1390.11,829.96,499.99,1329.95,802.29,490.89,1293.18,,742.69,742.69
38,Statement 4B,334.   North Eastern Regional Urban Development,172.73,52.0,224.73,237.7,12.3,250.0,237.7,12.3,250.0,150.0,,150.0
38,Statement 4B,Project (NERUDP) 335.   Other projects in NER,144.01,,144.01,150.0,,150.0,121.0,,121.0,,,
38,Statement 4B,336.  Champion Services Sector Scheme - Nirman,,,,0.01,,0.01,0.01,,0.01,50.0,,50.0
38,Statement 4B,Kaushal Vikash Yojana Demand No. 58,484.5,,484.5,471.2,,471.2,424.21,,424.21,519.5,,519.5
38,Statement 4B,Department of School Education and Literacy 337. National Award to Teachers,0.75,,0.75,3.0,,3.0,1.34,,1.34,1.5,,1.5
38,Statement 4B,338.   National Means cum Merit Scholarship Scheme,319.17,,319.17,368.2,,368.2,335.2,,335.2,373.0,,373.0
39,Statement 4B,339.   National Scheme for Incentive to Girl Child for,164.58,,164.58,100.0,,100.0,87.67,,87.67,110.0,,110.0
39,Statement 4B,Secondary Education 340.   Operation Digital Board (ODB),,,,,,,,,,25.0,,25.0
39,Statement 4B,341.  Pradhan Mantri Innovative Learning Programme,,,,,,,,,,10.0,,10.0
39,Statement 4B,(DHRUV) Demand No. 59,3625.3,2262.5,5887.8,5337.86,2100.0,7437.86,5146.41,2100.0,7246.41,6206.9,2200.0,8406.9
39,Statement 4B,Department of Higher Education 342. National Initiative on Sports and Wellness,,,,1.0,,1.0,1.0,,1.0,5.0,,5.0
39,Statement 4B,343.   National Initiative to foster social responsibility,,,,1.0,,1.0,0.2,,0.2,5.0,,5.0
39,Statement 4B,344.   National Research Professors,0.62,,0.62,1.3,,1.3,1.3,,1.3,1.3,,1.3
39,Statement 4B,345.   Establishment of multi disciplinary research,,,,9.0,,9.0,4.81,,4.81,0.1,,0.1
39,Statement 4B,"universities including Central University of Himalayan Studies (CUHS), creation of Centres of Excellence and National Centre for Excellence in humanities 346.   Higher Education Financing Agency (HEFA)",,2262.5,2262.5,,2100.0,2100.0,,2100.0,2100.0,,2200.0,2200.0
39,Statement 4B,347.   World Class Institutions,128.9,,128.9,400.0,,400.0,325.0,,325.0,500.0,,500.0
39,Statement 4B,348.   Prime Minister's Girls' Hostel,20.0,,20.0,13.0,,13.0,13.0,,13.0,20.0,,20.0
39,Statement 4B,349.   Interest Subsidy and contribution for Guarantee,1574.74,,1574.74,1900.0,,1900.0,1900.0,,1900.0,1900.0,,1900.0
39,Statement 4B,Funds 350.   Scholarship for College and University students,306.08,,306.08,356.0,,356.0,381.0,,381.0,141.0,,141.0
39,Statement 4B,351.   Special Scholarship Scheme for Jammu and,,,,,,,,,,225.0,,225.0
39,Statement 4B,Kashmir 352.   PM Research Fellowship,15.69,,15.69,50.0,,50.0,40.0,,40.0,50.0,,50.0
39,Statement 4B,353.   National Mission in Education Through ICT,113.04,,113.04,170.0,,170.0,132.0,,132.0,85.0,,85.0
39,Statement 4B,354.   Setting up of virtual classrooms and massive open,117.28,,117.28,130.0,,130.0,130.0,,130.0,75.0,,75.0
39,Statement 4B,online courses (MOOCs) 355.   e-shodh Sindhu,199.57,,199.57,242.0,,242.0,242.0,,242.0,242.0,,242.0
39,Statement 4B,356.   Higher Education Statistics and Public Information,13.04,,13.04,17.0,,17.0,17.0,,17.0,20.0,,20.0
39,Statement 4B,System (HESPIS) 357.   National Digital Library,7.0,,7.0,10.0,,10.0,10.0,,10.0,12.4,,12.4
39,Statement 4B,358.   National Academic Depository,5.38,,5.38,10.0,,10.0,10.0,,10.0,10.0,,10.0
39,Statement 4B,359.   Training and Research in Frontier Areas,6.2,,6.2,15.0,,15.0,15.0,,15.0,,,
39,Statement 4B,"360.   Setting up of Inter-Institutional Centres, Creation of",,,,1.0,,1.0,1.0,,1.0,,,
40,Statement 4B,361.   National Inititative for Design Innovation,21.62,,21.62,35.0,,35.0,20.5,,20.5,35.0,,35.0
40,Statement 4B,362.   Startup India Initiative in Higher Educational,82.63,,82.63,95.47,,95.47,45.47,,45.47,100.0,,100.0
40,Statement 4B,Institutions 363.   Unnat Bharat Abhiyan,13.83,,13.83,32.4,,32.4,17.85,,17.85,32.4,,32.4
40,Statement 4B,364.   Uchhatar Avishkar Abhiyan,,,,95.0,,95.0,,,,,,
40,Statement 4B,365.   Implementation of the IMPRINT Research Initiative,46.3,,46.3,80.0,,80.0,53.0,,53.0,50.0,,50.0
40,Statement 4B,(Impacting Research Innovation and Technology) 366.   Impactful Policy Research in Social Science,3.75,,3.75,75.0,,75.0,37.5,,37.5,,,
40,Statement 4B,(IMPRESS) 367.   Scheme for Promotion of Academic and Research,30.0,,30.0,130.0,,130.0,112.0,,112.0,40.0,,40.0
40,Statement 4B,Collaboration (SPARC) 368.   Scheme for Transformational and Advanced,0.75,,0.75,50.0,,50.0,37.5,,37.5,50.0,,50.0
40,Statement 4B,Research in Sciences (STARS) 369.   Pandit Madan Mohan Malviya National Mission on,102.68,,102.68,130.0,,130.0,130.0,,130.0,50.0,,50.0
40,Statement 4B,Teachers and Teaching 370.   National Institutional Ranking Framework,0.45,,0.45,2.0,,2.0,3.59,,3.59,2.0,,2.0
40,Statement 4B,371.   Global Initiative for Academic Network (GIAN),27.0,,27.0,30.0,,30.0,30.0,,30.0,15.0,,15.0
40,Statement 4B,372.   Technical Education Quality Improvement,535.0,,535.0,950.0,,950.0,1100.0,,1100.0,650.0,,650.0
40,Statement 4B,Programme of Government of India (EAP) 373.   Support to Skill based Higher Education including,46.0,,46.0,,,,,,,,,
40,Statement 4B,Community Colleges 374.   Programme for Apprenticeship Training,125.0,,125.0,175.0,,175.0,170.0,,170.0,175.0,,175.0
40,Statement 4B,375.   Study in India,20.0,,20.0,65.0,,65.0,32.0,,32.0,65.0,,65.0
40,Statement 4B,376.   Planning Administration and Global Engagement,62.75,,62.75,66.48,,66.48,68.48,,68.48,102.7,,102.7
40,Statement 4B,377.   Education Quality Upgradation and Inclusion,,,,0.01,,0.01,0.01,,0.01,1413.0,,1413.0
40,Statement 4B,Programme (EQUIP) 378.   ASEAN Fellowship,,,,,,,15.0,,15.0,33.0,,33.0
40,Statement 4B,379.   Education Services-Internationalization of Higher,,,,0.2,,0.2,50.2,,50.2,102.0,,102.0
40,Statement 4B,Education Demand No. 60,647.5,9.28,656.78,886.46,13.54,900.0,619.87,5.52,625.39,726.44,13.56,740.0
40,Statement 4B,Ministry of Information and Broadcasting 380. Prasar Bharati,280.7,,280.7,473.0,,473.0,235.4,,235.4,370.0,,370.0
40,Statement 4B,381.   Information,254.85,,254.85,227.0,,227.0,215.0,,215.0,220.0,,220.0
40,Statement 4B,382.   Films,87.24,6.28,93.52,154.46,10.54,165.0,130.11,3.02,133.13,131.94,13.56,145.5
41,Statement 4B,383.   Mass Communication,4.91,,4.91,11.0,,11.0,13.76,,13.76,,,
41,Statement 4B,384.   Strengthening of Broadcasting Activities,19.8,3.0,22.8,21.0,3.0,24.0,25.6,2.5,28.1,4.5,,4.5
41,Statement 4B,Demand No. 61,2888.52,316.02,3204.54,2660.52,388.87,3049.39,2156.86,317.33,2474.19,2363.05,382.98,2746.03
41,Statement 4B,"Department of Water Resources, River Development and Ganga Rejuvenation 385. National River Conservation Plan",1620.0,,1620.0,1220.0,,1220.0,1200.02,,1200.02,840.01,,840.01
41,Statement 4B,386.   Farakka Barrage Project,52.79,50.0,102.79,45.0,75.0,120.0,20.9,50.1,71.0,23.55,52.45,76.0
41,Statement 4B,387.   Emergent Flood Protection Works in Eastern and,,,,,0.01,0.01,,0.01,0.01,,0.01,0.01
41,Statement 4B,Western Sectors 388.   Dam Rehabilitation and Improvement Programme,32.91,16.41,49.32,38.02,51.35,89.37,25.84,26.16,52.0,24.87,30.13,55.0
41,Statement 4B,389.   National Ganga Plan and Ghat Works,687.5,,687.5,750.0,,750.0,353.42,,353.42,800.01,,800.01
41,Statement 4B,390.   River Basin Management,176.25,0.08,176.33,199.17,0.83,200.0,160.79,0.75,161.54,199.25,0.75,200.0
41,Statement 4B,391.   Interlinking of Rivers,,,,0.01,,0.01,0.01,,0.01,,,
41,Statement 4B,392.   Development of Water Resources Information,65.97,8.1,74.07,79.05,20.95,100.0,92.3,27.7,120.0,107.44,32.56,140.0
41,Statement 4B,System 393.   Ground Water Management and Regulation,74.82,185.38,260.2,80.0,180.0,260.0,79.53,163.65,243.18,85.77,189.23,275.0
41,Statement 4B,394.   National Hydrology Project,76.41,2.81,79.22,144.94,5.06,150.0,146.39,3.61,150.0,183.65,16.35,200.0
41,Statement 4B,395.   Research and Development and Implementation of,53.35,5.91,59.26,43.48,6.52,50.0,42.68,7.32,50.0,48.68,11.32,60.0
41,Statement 4B,National Water Mission 396.   HRD/Capacity Building Programme,46.52,1.2,47.72,58.55,1.45,60.0,32.68,0.33,33.01,47.12,2.88,50.0
41,Statement 4B,397.   Infrastructure Development,2.0,46.13,48.13,2.3,47.7,50.0,2.3,37.7,40.0,2.7,47.3,50.0
41,Statement 4B,Demand No. 63,5367.54,3.95,5371.49,6106.27,22.94,6129.21,7139.22,26.04,7165.26,8724.1,1.0,8725.1
41,Statement 4B,Ministry of Labour and Employment 398. Labour and Employment Statistical System (LESS),32.36,,32.36,21.32,0.68,22.0,21.32,0.18,21.5,25.0,,25.0
41,Statement 4B,399.   Strengthening of Adjudication Machinery and,6.04,,6.04,,,,,,,,,
41,Statement 4B,"holding of Lok Adalats 400.   Machinery for Better Conciliation, Preventive",12.3,0.96,13.26,13.9,9.7,23.6,18.37,16.6,34.97,,,
41,Statement 4B,"Mediation, Effective Enforcement of Labour Laws, Chief Labour Commissioner 401.   Strengthening and Development of DGFASLI",6.53,0.39,6.92,8.94,9.56,18.5,8.94,6.26,15.2,,,
41,Statement 4B,"Organization and OSH in factories, ports and docks 402.   Strengthening of System and Infrastructure of",8.62,1.66,10.28,11.0,2.0,13.0,11.0,2.0,13.0,,,
41,Statement 4B,Directorate General of Mines Safety (SSID) 403.   Labour Welfare Scheme,235.98,0.94,236.92,163.0,1.0,164.0,146.0,1.0,147.0,149.0,1.0,150.0
42,Statement 4B,404.   Creation of National Platform of Unorganized,0.96,,0.96,1.0,,1.0,1.0,,1.0,50.0,,50.0
42,Statement 4B,Workers and allotment of an Aadhaar seeded identification numbers 405.   Bima Yojana for Unorganised Workers,49.49,,49.49,17.01,,17.01,190.0,,190.0,200.0,,200.0
42,Statement 4B,"406.   Employees Pension Scheme, 1995",4900.0,,4900.0,4500.0,,4500.0,6075.52,,6075.52,7457.0,,7457.0
42,Statement 4B,407.   Social Security for Plantation Workers in Assam,22.0,,22.0,19.9,,19.9,19.9,,19.9,40.0,,40.0
42,Statement 4B,408.   Incentive for Entities for providing Maternity,,,,0.1,,0.1,0.01,,0.01,0.1,,0.1
42,Statement 4B,benefits 409.   Pradhan Mantri Shram Yogi Maandhan,,,,500.0,,500.0,408.0,,408.0,500.0,,500.0
42,Statement 4B,410.   Pradhan Mantri Karam Yogi Maandhan,,,,750.0,,750.0,160.15,,160.15,180.0,,180.0
42,Statement 4B,411.  Seeding and Authentication of Aadhaar number of,,,,0.1,,0.1,0.01,,0.01,3.0,,3.0
42,Statement 4B,all insured Persons under ESI database 412. National Child Labour Project including grants in,93.26,,93.26,100.0,,100.0,79.0,,79.0,120.0,,120.0
42,Statement 4B,aid to voluntary agencies and reimbursement of assistance to bonded labour Demand No. 64,284.94,,284.94,292.26,,292.26,210.0,,210.0,285.73,,285.73
42,Statement 4B,Law and Justice 413. Action Research and Studies on Judicial Reforms,15.3,,15.3,35.73,,35.73,30.0,,30.0,35.73,,35.73
42,Statement 4B,414.   e-Courts Phase II,269.64,,269.64,256.53,,256.53,180.0,,180.0,250.0,,250.0
42,Statement 4B,Demand No. 67,6455.59,7.23,6462.82,6930.74,27.02,6957.76,6927.2,26.2,6953.4,7220.46,59.0,7279.46
42,Statement 4B,"Ministry of Micro, Small and Medium Enterprises 415. Khadi Grant (KG)",660.52,,660.52,308.51,,308.51,370.51,,370.51,383.6,,383.6
42,Statement 4B,416.   Village Industries (VI) Grant,56.81,,56.81,,,,,,,,,
42,Statement 4B,"417.   Khadi, VI and Coir (S and T)",1.68,,1.68,,,,,,,,,
42,Statement 4B,418.   Khadi Reform Development Package (ADB,146.03,,146.03,0.01,,0.01,,,,,,
42,Statement 4B,Assistance) 419.   Market Promotion and Development Assistance,164.0,,164.0,103.33,,103.33,103.33,,103.33,,,
42,Statement 4B,420.   Scheme for Fund for Regeneration of Traditional,86.03,,86.03,125.0,,125.0,185.0,,185.0,464.85,,464.85
42,Statement 4B,Industries (SFURTI) 421.   Coir Vikas Yojana,75.93,,75.93,70.5,,70.5,73.5,,73.5,103.87,,103.87
42,Statement 4B,422.   Coir Udyami Yojana,6.0,,6.0,2.0,,2.0,2.0,,2.0,,,
42,Statement 4B,423.   Loans to Khadi Village and Coir Industries,,0.57,0.57,,0.42,0.42,,0.2,0.2,,0.7,0.7
42,Statement 4B,424.   Solar Charkha Mission,2.5,,2.5,143.5,,143.5,46.07,,46.07,100.0,,100.0
42,Statement 4B,425.   Khadi Vikas Yojana,,,,396.46,,396.46,366.46,,366.46,370.0,,370.0
43,Statement 4B,426.   Gramodyog Vikas Yojana,,,,102.92,,102.92,82.92,,82.92,102.92,,102.92
43,Statement 4B,"427.   ASPIRE (Promotion of Innovation, Rural Industry",219.34,,219.34,50.0,,50.0,10.0,,10.0,30.0,,30.0
43,Statement 4B,and Entrepreneurship) 428.   Credit Linked Capital Subsidy and Technology,1007.09,,1007.09,705.78,,705.78,805.58,,805.58,653.91,,653.91
43,Statement 4B,Upgradation Scheme 429.   Prime Minister Employment Generation,2118.8,,2118.8,2327.1,,2327.1,2464.44,,2464.44,2500.0,,2500.0
43,Statement 4B,Programme (PMEGP) 430.   Interest Subsidy Eligibility Certificate,30.89,,30.89,,,,,,,,,
43,Statement 4B,431.   Credit Support Programme,744.95,,744.95,597.0,,597.0,555.16,,555.16,100.0,,100.0
43,Statement 4B,432.   Performance and Credit Rating Scheme,8.07,,8.07,0.04,,0.04,0.04,,0.04,,,
43,Statement 4B,433.   Interest Subvention Scheme for Incremental Credit,275.0,,275.0,350.0,,350.0,350.0,,350.0,200.0,,200.0
43,Statement 4B,to MSMEs 434.   Procurement and Marketing Support Scheme,8.56,,8.56,87.6,,87.6,87.6,,87.6,54.59,,54.59
43,Statement 4B,435.   Marketing Assistance Scheme (MAS),3.31,,3.31,10.03,,10.03,0.04,,0.04,0.04,,0.04
43,Statement 4B,436.   International Cooperation Scheme,4.8,,4.8,30.0,,30.0,7.0,,7.0,20.0,,20.0
43,Statement 4B,437.   Mahatma Gandhi Institute for Rural,8.88,,8.88,12.0,,12.0,10.0,,10.0,11.0,,11.0
43,Statement 4B,Industrialisation 438.   Promotional Services Institutions and Programme,156.07,,156.07,327.91,,327.91,314.92,,314.92,258.92,,258.92
43,Statement 4B,"439.   Information, Education and Communication",,,,10.0,,10.0,6.3,,6.3,6.55,,6.55
43,Statement 4B,440.   Assistance to Training Institutions,22.27,,22.27,30.0,,30.0,30.0,,30.0,30.0,,30.0
43,Statement 4B,441.   Rajiv Gandhi Udyami Mitra Yojana,0.19,,0.19,,,,,,,,,
43,Statement 4B,442.   MSME Fund,,,,100.0,,100.0,0.01,,0.01,50.0,,50.0
43,Statement 4B,443.   Fund of Funds,,,,,,,100.0,,100.0,200.0,,200.0
43,Statement 4B,444.   Infrastructure Development and Capacity Building,308.62,,308.62,419.57,,419.57,470.76,,470.76,801.7,,801.7
43,Statement 4B,445.   Establishment of New Technology Centres,,,,125.12,,125.12,135.11,,135.11,200.0,,200.0
43,Statement 4B,446.   Infrastructure Development and Capacity Building-,257.43,,257.43,350.0,,350.0,250.0,,250.0,400.0,,400.0
43,Statement 4B,EAP Component 447.   Construction of Office Accomodation- Capital,,6.66,6.66,,26.6,26.6,,26.0,26.0,,58.3,58.3
43,Statement 4B,Outlay on Public Works 448.   Database Research Evaluation and Other Office,3.97,,3.97,23.1,,23.1,18.88,,18.88,27.25,,27.25
43,Statement 4B,"Support Programme 449.   Survey, Studies and Policy Research",0.28,,0.28,1.57,,1.57,1.57,,1.57,1.26,,1.26
43,Statement 4B,450.   National Schedule Caste/Schedule Tribe Hub,77.57,,77.57,121.69,,121.69,80.0,,80.0,150.0,,150.0
44,Statement 4B,Demand No. 69,2376.3,165.0,2541.3,2912.4,100.0,3012.4,2736.15,160.0,2896.15,3050.0,160.0,3210.0
44,Statement 4B,Ministry of Minority Affairs 451. Computerization of Records and Strengthening of,15.05,,15.05,,,,,,,,,
44,Statement 4B,States Waqf Boards 452. Quami Waqf Board Taraqqiati Scheme and Sahari,,,,20.66,,20.66,18.16,,18.16,21.0,,21.0
44,Statement 4B,Waqf Sampati Vikas Yojna 453. Education Empowerment,1986.45,,1986.45,2362.74,,2362.74,2248.99,,2248.99,2530.0,,2530.0
44,Statement 4B,454.   Skill Development and Livelihoods,316.56,165.0,481.56,457.0,100.0,557.0,422.0,160.0,582.0,442.0,160.0,602.0
44,Statement 4B,455.   Special Programmes of Minorities,58.24,,58.24,72.0,,72.0,47.0,,47.0,57.0,,57.0
44,Statement 4B,Demand No. 70,4403.81,,4403.81,5131.45,,5131.45,3743.7,,3743.7,5646.5,,5646.5
44,Statement 4B,Ministry of New and Renewable Energy 456. Wind Power,950.0,,950.0,920.0,,920.0,1026.0,,1026.0,1299.35,,1299.35
44,Statement 4B,457.   Small Hydro Power,136.75,,136.75,182.9,,182.9,92.1,,92.1,100.0,,100.0
44,Statement 4B,458.   Bio Power,6.83,,6.83,25.0,,25.0,4.68,,4.68,75.0,,75.0
44,Statement 4B,459.   Solar Power,1903.74,,1903.74,2479.9,,2479.9,1789.49,,1789.49,2149.65,,2149.65
44,Statement 4B,460.   Kisan Urja Suraksha evam Utthaan Mahabhiyan,,,,,,,,,,300.0,,300.0
44,Statement 4B,(KUSUM) 461.   Green Energy Corridors,500.0,,500.0,500.0,,500.0,52.61,,52.61,300.0,,300.0
44,Statement 4B,462.   Externally Aided Project (EAP) - Component,,,,40.0,,40.0,0.41,,0.41,1.0,,1.0
44,Statement 4B,463.   Interest Payment and Issuing Expenses on the,124.39,,124.39,124.35,,124.35,124.35,,124.35,125.0,,125.0
44,Statement 4B,Bonds 464.   Wind Power,1.6,,1.6,,,,,,,3.01,,3.01
44,Statement 4B,465.   Small Hydro Power,0.92,,0.92,8.0,,8.0,2.04,,2.04,2.0,,2.0
44,Statement 4B,466.   Bio Power,3.35,,3.35,50.0,,50.0,6.03,,6.03,53.0,,53.0
44,Statement 4B,467.   Solar Power,620.89,,620.89,525.0,,525.0,491.02,,491.02,366.14,,366.14
44,Statement 4B,468.   Kisan Urja Suraksha evam Utthaan,,,,,,,,,,700.0,,700.0
44,Statement 4B,Mahabhiyan(KUSUM) 469.   Biogas Programme,42.72,,42.72,100.0,,100.0,51.0,,51.0,60.0,,60.0
44,Statement 4B,470.   Other Renewable Energy Applications (Solar,0.11,,0.11,5.0,,5.0,0.27,,0.27,0.05,,0.05
44,Statement 4B,"Cities, Green Buildings, Support to States, Demonstration of Renewable Energy Applications, Cookstoves, etc.) 471.   Research and Development",25.43,,25.43,60.0,,60.0,15.01,,15.01,20.0,,20.0
44,Statement 4B,472.   Monitoring/Evaluation and Other Studies,0.07,,0.07,0.3,,0.3,0.03,,0.03,0.3,,0.3
45,Statement 4B,473.   Information Technology/e-Governance and other,0.1,,0.1,1.0,,1.0,0.55,,0.55,,,
45,Statement 4B,"Initiatives 474.   Information, Education and Communications",5.15,,5.15,10.0,,10.0,7.21,,7.21,10.0,,10.0
45,Statement 4B,475.   International Relations - International Co-operation,24.37,,24.37,30.0,,30.0,16.9,,16.9,22.0,,22.0
45,Statement 4B,including Investment Promotion and Assistance to International Solar Alliance 476.   Human Resources Development and Training,57.39,,57.39,70.0,,70.0,64.0,,64.0,60.0,,60.0
45,Statement 4B,Demand No. 71,14.32,,14.32,18.2,,18.2,6.06,,6.06,10.2,,10.2
45,Statement 4B,Ministry of Panchayati Raj 477. Action Research,2.0,,2.0,3.0,,3.0,0.91,,0.91,2.0,,2.0
45,Statement 4B,478.   International Contribution,0.15,,0.15,0.2,,0.2,0.15,,0.15,0.2,,0.2
45,Statement 4B,479.   Media and Publicity,12.17,,12.17,15.0,,15.0,5.0,,5.0,8.0,,8.0
45,Statement 4B,Demand No. 73,126.96,17.8,144.76,145.5,48.77,194.27,133.27,35.16,168.43,139.7,50.3,190.0
45,Statement 4B,"Ministry of Personnel, Public Grievances and Pensions 480. Training Schemes",98.4,17.8,116.2,108.0,48.77,156.77,101.77,35.16,136.93,104.7,50.3,155.0
45,Statement 4B,481.   Administrative Reforms and Pensioners' Scheme,28.56,,28.56,37.5,,37.5,31.5,,31.5,35.0,,35.0
45,Statement 4B,Demand No. 75,30373.88,1908.14,32282.02,41142.98,1625.26,42768.24,42203.31,577.0,42780.31,41895.44,907.0,42802.44
45,Statement 4B,Ministry of Petroleum and Natural Gas 482. Payment of differential royalty to State,4255.0,,4255.0,1954.0,,1954.0,1962.32,,1962.32,43.2,,43.2
45,Statement 4B,Governments 483. Indian Strategic Petroleum Reserve Limited,,,,,1.0,1.0,,1.0,1.0,,10.0,10.0
45,Statement 4B,(ISPRL) Phase II (Construction of Cavems) 484. Payment to Indian Strategic Petroleum Reserve,,608.14,608.14,,1.0,1.0,,1.0,1.0,,690.0,690.0
45,Statement 4B,Limited (ISPRL) for Crude Oil Reserve 485. Payment to ISPRL for Strategic Crude Oil Reserve,75.33,,75.33,120.0,,120.0,120.0,,120.0,155.0,,155.0
45,Statement 4B,(O and M) 486. Pradhan Mantri JI-VAN Yojna,,,,37.87,,37.87,0.01,,0.01,53.0,,53.0
45,Statement 4B,487.   National Bio-Fuel Fund,,,,1.0,,1.0,0.01,,0.01,1.0,,1.0
45,Statement 4B,488.   Direct Benefit Transfer - LPG,16477.8,,16477.8,29500.0,,29500.0,29627.76,,29627.76,35605.0,,35605.0
45,Statement 4B,489.   LPG Connection to Poor Households,3200.0,,3200.0,2724.0,,2724.0,3724.0,,3724.0,1118.0,,1118.0
45,Statement 4B,490.   Other subsidy payable including for North Eastern,498.58,,498.58,674.0,,674.0,643.1,,643.1,457.21,,457.21
45,Statement 4B,Region 491.   Project Management Expenditure,92.0,,92.0,91.0,,91.0,91.0,,91.0,76.0,,76.0
45,Statement 4B,492.   Cash Incentives for Kerosene Distribution Reforms,272.57,,272.57,257.0,,257.0,257.0,,257.0,442.0,,442.0
45,Statement 4B,493.   Direct Benefit Transfer- Kerosene,96.0,,96.0,168.0,,168.0,168.0,,168.0,41.0,,41.0
46,Statement 4B,494.   Under-recovery (other Subsidy Payable),4200.0,,4200.0,4058.0,,4058.0,4058.0,,4058.0,3176.0,,3176.0
46,Statement 4B,495.   Assistance to States/UTs for establishment of,,,,6.0,,6.0,,,,,,
46,Statement 4B,Institutional mechanism for direct transfer of subsidy in cash for PDS Kerosene beneficiaries 496.   Phulpur Dhamra Haldia Pipeline Project,1206.6,,1206.6,1552.11,,1552.11,1552.11,,1552.11,728.03,,728.03
46,Statement 4B,497.   National Seismic Programme,,1300.0,1300.0,,1623.26,1623.26,,575.0,575.0,,207.0,207.0
46,Statement 4B,Demand No. 76,368.57,0.48,369.05,487.63,1.11,488.74,468.2,0.54,468.74,547.0,0.78,547.78
46,Statement 4B,Ministry of Planning 498. Atal Innovation Mission(AIM) including Self,313.88,,313.88,303.74,,303.74,303.74,,303.74,300.0,,300.0
46,Statement 4B,Employment and Talent Utilization (SETU) 499. Ongoing Programme and Schemes,54.69,0.48,55.17,183.89,1.11,185.0,164.46,0.54,165.0,247.0,0.78,247.78
46,Statement 4B,Demand No. 77,12346.98,1472.21,13819.19,10893.74,1075.47,11969.21,11197.45,1075.47,12272.92,11394.16,933.0,12327.16
46,Statement 4B,Ministry of Power 500. Energy Conservation Schemes,26.5,,26.5,110.0,,110.0,110.0,,110.0,109.99,,109.99
46,Statement 4B,501.   Deen Dayal Upadhyaya Gram Jyoti Yojna,3799.8,,3799.8,4066.0,,4066.0,4066.0,,4066.0,4500.0,,4500.0
46,Statement 4B,502.   Sahaj Bijli Har Ghar Yojana (Rural)- Saubhagya,2750.0,,2750.0,,,,,,,,,
46,Statement 4B,503.   Integrated Power Development Scheme,3029.49,867.21,3896.7,4380.46,900.0,5280.46,4762.73,900.0,5662.73,4400.0,900.0,5300.0
46,Statement 4B,504.   Strengthening of Power Systems,2197.19,605.0,2802.19,1302.57,175.47,1478.04,1684.55,175.47,1860.02,1810.0,33.0,1843.0
46,Statement 4B,505.   Power System Development Fund,544.0,,544.0,1034.71,,1034.71,574.17,,574.17,574.16,,574.16
46,Statement 4B,506.   Reform Linked Distribution Scheme,,,,,,,,,,0.01,,0.01
46,Statement 4B,Demand No. 83,,52837.67,52837.67,,65837.0,65837.0,,67837.0,67837.0,,70000.0,70000.0
46,Statement 4B,Ministry of Railways 507. Transfer to Central Road and Infrastructure Fund,,13000.0,13000.0,,15250.0,15250.0,,17250.0,17250.0,,18500.0,18500.0
46,Statement 4B,508.   Transfer to National Investement Fund,,40060.0,40060.0,,50587.0,50587.0,,50587.0,50587.0,,51500.0,51500.0
46,Statement 4B,509.   New Lines (Construction),,5647.58,5647.58,,7255.0,7255.0,,7881.6,7881.6,,12000.0,12000.0
46,Statement 4B,510.   Gauge Conversion,,2589.88,2589.88,,2200.0,2200.0,,2344.2,2344.2,,2250.0,2250.0
46,Statement 4B,511.   Doubling,,610.13,610.13,,700.0,700.0,,630.3,630.3,,700.0,700.0
46,Statement 4B,512.   Computerisation,,174.37,174.37,,510.0,510.0,,423.45,423.45,,395.0,395.0
46,Statement 4B,513.   Traffic Facilities - Yard Remodeling and Others,,1131.44,1131.44,,1210.03,1210.03,,1073.32,1073.32,,1225.0,1225.0
46,Statement 4B,514.   Railway Research,,23.69,23.69,,90.1,90.1,,43.58,43.58,,70.1,70.1
46,Statement 4B,515.   Rolling Stock,,4572.04,4572.04,,6114.82,6114.82,,9068.97,9068.97,,5786.97,5786.97
47,Statement 4B,516.   Leased assets - Payment of Capital Component,,9111.51,9111.51,,10557.53,10557.53,,10557.53,10557.53,,11936.72,11936.72
47,Statement 4B,517.   Road Safety Works - Level Crossings,,678.6,678.6,,700.0,700.0,,546.5,546.5,,700.0,700.0
47,Statement 4B,518.   Road Safety Works - Road Over/Under Bridges,,3522.92,3522.92,,5350.0,5350.0,,3697.31,3697.31,,4350.01,4350.01
47,Statement 4B,519.   Track Renewals,,9690.06,9690.06,,10120.0,10120.0,,8461.71,8461.71,,10599.47,10599.47
47,Statement 4B,520.   Bridge Works,,531.63,531.63,,745.0,745.0,,752.58,752.58,,777.0,777.0
47,Statement 4B,521.   Signalling and Telecom,,1538.43,1538.43,,1750.0,1750.0,,1374.82,1374.82,,1650.0,1650.0
47,Statement 4B,522.   Electrification Projects,,-5.79,-5.79,,1.0,1.0,,1.0,1.0,,1.0,1.0
47,Statement 4B,523.   Other Electrical Works,,249.94,249.94,,915.0,915.0,,483.61,483.61,,780.0,780.0
47,Statement 4B,524.   Traction Distribution Works,,351.26,351.26,,,,,,,,,
47,Statement 4B,525.   Machinery and Plant,,445.06,445.06,,669.58,669.58,,434.65,434.65,,624.0,624.0
47,Statement 4B,526.   Workshop Including Production Units,,2072.97,2072.97,,2550.0,2550.0,,2001.72,2001.72,,2052.0,2052.0
47,Statement 4B,527.   Staff Quarters,,283.8,283.8,,772.44,772.44,,516.84,516.84,,681.79,681.79
47,Statement 4B,528.   Amenities for Staff,,223.27,223.27,,,,,,,,,
47,Statement 4B,529.   Passenger Amenities,,1585.88,1585.88,,3422.57,3422.57,,1881.39,1881.39,,2725.63,2725.63
47,Statement 4B,530.   Investment in Governent Commericial Undertaking,,2904.0,2904.0,,18323.64,18323.64,,16634.98,16634.98,,17355.0,17355.0
47,Statement 4B,- Public Undertakings 531.   Investment in Non Governent Undertakings,,9774.36,9774.36,,,,,,,,,
47,Statement 4B,Including Joint Venture/Special Purpose Vehicle 532.   Other Specified Works,,288.43,288.43,,970.0,970.0,,708.94,708.94,,875.0,875.0
47,Statement 4B,533.   Traning/Human Resource Development,,56.46,56.46,,125.0,125.0,,102.55,102.55,,148.5,148.5
47,Statement 4B,534.   Stores Suspense,,22398.43,22398.43,,23195.54,23195.54,,22319.04,22319.04,,24333.48,24333.48
47,Statement 4B,535.   Manufacturing Suspense,,34281.49,34281.49,,39612.49,39612.49,,41538.96,41538.96,,43773.76,43773.76
47,Statement 4B,536.   Miscellaneous Advances,,791.95,791.95,,333.81,333.81,,430.07,430.07,,438.99,438.99
47,Statement 4B,537.   Metropolitan Transportation Projects,,1163.97,1163.97,,1600.0,1600.0,,1580.0,1580.0,,1400.0,1400.0
47,Statement 4B,538.   New Lines (Construction) - Dividend Free Projects,,,,,1800.0,1800.0,,3300.0,3300.0,,,
47,Statement 4B,539.   Transfer to Rashtirya Rail Sanraksha Kosh,,5000.0,5000.0,,20000.0,20000.0,,17500.0,17500.0,,20000.0,20000.0
47,Statement 4B,540.   Amount met from,,-121910.09,-121910.09,,-161593.55,-161593.55,,-156289.62,-156289.62,,-167629.42,-167629.42
47,Statement 4B,Demand No. 84,9537.6,67646.33,77183.93,10802.81,72058.58,82861.39,10698.99,72162.4,82861.39,9681.74,81974.71,91656.45
48,Statement 4B,541.   National Highways Authority of India,,39287.27,39287.27,,36691.0,36691.0,,36691.0,36691.0,,42500.0,42500.0
48,Statement 4B,542.   Road Works,9365.95,28445.08,37811.03,10527.35,35352.58,45879.93,10423.53,35463.4,45886.93,9304.42,39454.71,48759.13
48,Statement 4B,543.   Works Financed from PBFF,13.96,,13.96,10.46,,10.46,10.46,,10.46,18.32,,18.32
48,Statement 4B,"544.   Research, Training and Studies",158.37,,158.37,265.0,,265.0,265.0,,265.0,,,
48,Statement 4B,"545.   Research, Training, Studies and Other Road",,8.0,8.0,,15.0,15.0,,8.0,8.0,359.0,20.0,379.0
48,Statement 4B,Safety Schemes 546.   Actual Recoveries,-0.68,-94.02,-94.7,,,,,,,,,
48,Statement 4B,Demand No. 85,653.19,,653.19,475.62,,475.62,470.69,,470.69,367.47,,367.47
48,Statement 4B,Department of Rural Development 547. Management Support to Rural Development,189.67,,189.67,350.62,,350.62,350.62,,350.62,367.46,,367.46
48,Statement 4B,Programs and Strengthening of District Planning Process 548. Grants to Council for Advancement of People's,16.34,,16.34,24.0,,24.0,19.07,,19.07,,,
48,Statement 4B,Action and Rural Technology (CAPART) 549. Socio-Economic and Caste Census Survey,375.01,,375.01,1.0,,1.0,1.0,,1.0,0.01,,0.01
48,Statement 4B,550.   Grants to National Institute of Rural Development,72.17,,72.17,100.0,,100.0,100.0,,100.0,,,
48,Statement 4B,Demand No. 86,68.1,,68.1,150.0,,150.0,50.0,,50.0,238.65,,238.65
48,Statement 4B,Department of Land Resources 551. Land Records Modernization Programme,68.1,,68.1,150.0,,150.0,50.0,,50.0,238.65,,238.65
48,Statement 4B,Demand No. 87,2233.44,,2233.44,2692.55,,2692.55,2601.0,,2601.0,3202.0,,3202.0
48,Statement 4B,Department of Science and Technology 552. Science and Technology Institutional and Human,989.1,,989.1,1085.2,,1085.2,1076.3,,1076.3,1162.5,,1162.5
48,Statement 4B,Capacity Building 553. Research and Development,471.73,,471.73,611.0,,611.0,589.0,,589.0,718.0,,718.0
48,Statement 4B,"554.  Innovation, Technology Development and",772.6,,772.6,872.35,,872.35,811.87,,811.87,1050.65,,1050.65
48,Statement 4B,Deployment 555. National Mission on Interdisciplinary Cyber,0.01,,0.01,124.0,,124.0,123.83,,123.83,270.85,,270.85
48,Statement 4B,Physical Systems Demand No. 88,1573.06,,1573.06,1755.17,,1755.17,1546.04,,1546.04,1902.67,,1902.67
48,Statement 4B,Department of Biotechnology 556. Biotechnology Research and Development,1328.83,,1328.83,1474.97,,1474.97,1315.34,,1315.34,1580.0,,1580.0
48,Statement 4B,557.   Industrial and Entrepreneurship Development,244.23,,244.23,280.2,,280.2,230.7,,230.7,322.67,,322.67
48,Statement 4B,Demand No. 89,29.88,2.33,32.21,40.0,5.65,45.65,29.35,2.65,32.0,44.2,5.8,50.0
48,Statement 4B,Department of Scientific and Industrial Research 558. Industrial Research and Development,17.57,0.33,17.9,24.0,4.0,28.0,11.29,1.0,12.29,26.6,4.0,30.6
49,Statement 4B,559.   Assistance to PSEs for Other Scientific Research,12.31,2.0,14.31,16.0,1.65,17.65,18.06,1.65,19.71,17.6,1.8,19.4
49,Statement 4B,Schemes Demand No. 90,1361.46,177.77,1539.23,1363.38,254.87,1618.25,930.25,242.6,1172.85,1194.8,75.0,1269.8
49,Statement 4B,Ministry of Shipping 560. Development of Major Ports,168.32,,168.32,98.0,,98.0,107.0,,107.0,,,
49,Statement 4B,561.   Development of Minor Ports,58.29,52.77,111.06,55.38,54.87,110.25,55.38,42.6,97.98,67.5,75.0,142.5
49,Statement 4B,562.   Oil Pollution and Research and Development.,,,,6.0,,6.0,1.66,,1.66,1.0,,1.0
49,Statement 4B,563.   Sagarmala,235.09,125.0,360.09,350.0,200.0,550.0,180.86,200.0,380.86,297.0,,297.0
49,Statement 4B,"564.   Assistance to Ship Building, Research and",29.12,,29.12,97.0,,97.0,42.43,,42.43,151.0,,151.0
49,Statement 4B,Development 565.   Grants to Inland Water Transport Authority of India,364.95,,364.95,450.0,,450.0,236.51,,236.51,301.8,,301.8
49,Statement 4B,566.   IWAI Projects,497.05,,497.05,307.0,,307.0,306.4,,306.4,376.5,,376.5
49,Statement 4B,567.   Aid to Bangladesh,8.64,,8.64,,,,0.01,,0.01,,,
49,Statement 4B,Demand No. 92,794.77,0.01,794.78,1029.6,0.01,1029.61,878.69,0.01,878.7,940.0,1.0,941.0
49,Statement 4B,Department of Social Justice and Empowerment 568. National Fellowship for SCs,240.0,,240.0,360.0,,360.0,246.66,,246.66,300.0,,300.0
49,Statement 4B,569.   National Fellowship for Other Backward Classes,30.0,,30.0,70.0,,70.0,52.5,,52.5,120.0,,120.0
49,Statement 4B,and Economically Backward Classes 570.   Free Coaching for SC and OBC Students,14.88,,14.88,30.0,,30.0,30.0,,30.0,30.0,,30.0
49,Statement 4B,571.   Top Class Education for SCs,25.48,,25.48,40.5,,40.5,40.5,,40.5,40.0,,40.0
49,Statement 4B,572.   National Overseas Scholarship for SCs,5.97,,5.97,20.0,,20.0,20.0,,20.0,20.0,,20.0
49,Statement 4B,573.   National Overseas Scholarships for OBCs,10.0,,10.0,15.0,,15.0,26.09,,26.09,35.0,,35.0
49,Statement 4B,574.   Rashtriya Vayoshri Yojanaa,106.51,,106.51,0.01,,0.01,0.01,,0.01,1.0,,1.0
49,Statement 4B,575.   Assistance to Voluntary Organisations working for,36.08,,36.08,70.0,,70.0,70.0,,70.0,100.0,,100.0
49,Statement 4B,SCs 576.   Self Employment Scheme for Rehabilitation of,85.76,,85.76,110.0,,110.0,99.93,,99.93,110.0,,110.0
49,Statement 4B,Manual Scavengers 577.   Credit Guarantee Fund for SCs,,0.01,0.01,,0.01,0.01,,0.01,0.01,,1.0,1.0
49,Statement 4B,578.   Assistance to Voluntary Organisations for,65.08,,65.08,90.1,,90.1,100.0,,100.0,,,
49,Statement 4B,Programmes Relating to Aged 579.   Scheme for Prevention of Alcoholism and,80.0,,80.0,130.0,,130.0,110.0,,110.0,,,
49,Statement 4B,"Substance (Drugs) Abuse 580.   National Survey to Assess the Extent, Pattern and",8.91,,8.91,0.99,,0.99,,,,,,
50,Statement 4B,581.   Information and Mass Education Cell,41.03,,41.03,45.0,,45.0,11.0,,11.0,20.0,,20.0
50,Statement 4B,582.   Research Studies and Publications,0.57,,0.57,5.0,,5.0,5.0,,5.0,,,
50,Statement 4B,583.   Integrated Programme for Rehabilitation of,0.5,,0.5,5.0,,5.0,25.0,,25.0,100.0,,100.0
50,Statement 4B,Beggars 584.   Scheme for Transgender Persons,1.0,,1.0,5.0,,5.0,5.0,,5.0,10.0,,10.0
50,Statement 4B,585.   Assistance to Voluntary Organisations for,3.0,,3.0,3.0,,3.0,3.0,,3.0,4.0,,4.0
50,Statement 4B,Providing Social Defence Services 586.   Assistance to Voluntary Organisations for OBCs,40.0,,40.0,30.0,,30.0,34.0,,34.0,50.0,,50.0
50,Statement 4B,Demand No. 93,437.65,,437.65,813.0,,813.0,729.37,,729.37,780.0,,780.0
50,Statement 4B,Department of Empowerment of Persons with Disabilities 587. Assistance to Disabled Persons for,216.19,,216.19,230.0,,230.0,222.5,,222.5,230.0,,230.0
50,Statement 4B,Purchase/Fitting of Aids and Applicances 588. Information and Mass Education Cell,14.81,,14.81,28.0,,28.0,7.0,,7.0,,,
50,Statement 4B,589.   Deendayal Disabled Rehabilitation Scheme,69.98,,69.98,75.0,,75.0,105.0,,105.0,130.0,,130.0
50,Statement 4B,590.   Support to Establishment/Modernization/Capacity,4.68,,4.68,8.0,,8.0,3.6,,3.6,,,
50,Statement 4B,"augmentation of Braille Presses 591.   In-service training and sensitization, employment",2.82,,2.82,,,,,,,,,
50,Statement 4B,of physically challenged 592.   Support of National Trust,16.23,,16.23,20.0,,20.0,20.0,,20.0,39.5,,39.5
50,Statement 4B,593.   Setting up of State Spinal Injury Centre,2.82,,2.82,5.0,,5.0,,,,,,
50,Statement 4B,594.   Indian Spinal Injury Centre,,,,4.0,,4.0,2.6,,2.6,4.0,,4.0
50,Statement 4B,595.   Research on disabiltiy related technology products,0.4,,0.4,,,,,,,,,
50,Statement 4B,and issues 596.   Establishment of Colleges for Deaf,1.5,,1.5,3.0,,3.0,,,,,,
50,Statement 4B,597.   Scheme for implementation of Persons with,,,,315.0,,315.0,260.0,,260.0,251.5,,251.5
50,Statement 4B,Disability Act 598.   Scholarship for Students with Disabilidties,108.22,,108.22,125.0,,125.0,108.67,,108.67,125.0,,125.0
50,Statement 4B,Demand No. 94,4771.7,5236.76,10008.46,5048.72,6414.54,11463.26,4950.26,7194.08,12144.34,4854.03,7732.97,12587.0
50,Statement 4B,Department of Space 599. Space Technology,3418.09,2964.73,6382.82,3594.93,4812.66,8407.59,3531.33,5459.8,8991.13,3393.51,6367.99,9761.5
50,Statement 4B,600.   Space Applications,1015.93,795.54,1811.47,1107.55,777.9,1885.45,1076.14,786.63,1862.77,1097.8,712.2,1810.0
50,Statement 4B,601.   Space Sciences,98.47,123.17,221.64,105.83,179.97,285.8,102.23,179.65,281.88,93.01,171.99,265.0
50,Statement 4B,602.   INSAT Satellite Systems,239.21,1353.32,1592.53,240.41,644.01,884.42,240.56,768.0,1008.56,269.71,480.79,750.5
50,Statement 4B,Demand No. 95,4159.81,5.37,4165.18,4474.1,14.73,4488.83,4474.1,14.73,4488.83,4648.05,17.95,4666.0
51,Statement 4B,603. Member of Parliament Local Area Development,3949.5,,3949.5,3960.0,,3960.0,3960.0,,3960.0,3960.0,,3960.0
51,Statement 4B,Scheme (MPLAD) 604. Capacity Development (CD),210.31,5.37,215.68,514.1,14.73,528.83,514.1,14.73,528.83,688.05,17.95,706.0
51,Statement 4B,Demand No. 96,15.0,,15.0,15.0,,15.0,15.0,,15.0,15.0,,15.0
51,Statement 4B,Ministry of Steel 605. Scheme for Promotion of Research and,15.0,,15.0,15.0,,15.0,15.0,,15.0,15.0,,15.0
51,Statement 4B,Development in Iron and Steel sector Demand No. 97,6598.08,23.34,6621.42,4718.57,30.39,4748.96,4712.8,30.39,4743.19,3377.76,51.0,3428.76
51,Statement 4B,Ministry of Textiles 606. Amended Technology Upgradation Fund,615.68,,615.68,700.0,,700.0,494.37,,494.37,761.9,,761.9
51,Statement 4B,Scheme(ATUFS) 607. Procurement of Cotton by Cotton Corporation,924.0,,924.0,2017.57,,2017.57,2017.57,,2017.57,0.01,,0.01
51,Statement 4B,under Price Support Scheme 608. National Handloom Development Programme,95.37,23.34,118.71,115.0,20.0,135.0,121.5,18.0,139.5,190.0,15.0,205.0
51,Statement 4B,609.   Handloom Weaver Comprehensive Welfare,2.05,,2.05,20.0,,20.0,19.54,,19.54,10.0,,10.0
51,Statement 4B,Scheme (HWCWS) 610.   Yarn Supply Scheme,126.84,,126.84,195.0,,195.0,172.17,,172.17,155.0,,155.0
51,Statement 4B,611.   Trade Facilitation Centre and Crafts Museum,2.46,,2.46,3.0,,3.0,7.93,,7.93,10.0,,10.0
51,Statement 4B,612.   Handloom Cluster Development Program -,16.38,,16.38,40.0,,40.0,30.0,,30.0,14.0,,14.0
51,Statement 4B,Handloom Mega Cluster 613.   Weavers Service Centre,44.58,,44.58,42.0,,42.0,49.6,,49.6,60.0,,60.0
51,Statement 4B,614.   Other Handloom Schemes,22.74,,22.74,21.8,,21.8,27.2,,27.2,31.0,,31.0
51,Statement 4B,615.   Training and Extension,18.24,,18.24,18.5,,18.5,20.6,,20.6,19.5,,19.5
51,Statement 4B,616.   Design and Technical Upgradation Scheme,56.2,,56.2,70.0,,70.0,74.99,,74.99,74.5,,74.5
51,Statement 4B,617.   Ambedkar Hasthshilp Vikas Yojana,2.86,,2.86,6.0,,6.0,11.5,,11.5,24.0,,24.0
51,Statement 4B,618.   Marketing Support and Services,30.92,,30.92,45.0,,45.0,55.0,,55.0,59.0,,59.0
51,Statement 4B,619.   Handicrafts Artisans comprehensive welfare,14.51,,14.51,26.0,,26.0,24.44,,24.44,31.0,,31.0
51,Statement 4B,scheme 620.   Research and Development - Handicrafts,3.23,,3.23,9.5,,9.5,9.65,,9.65,9.5,,9.5
51,Statement 4B,621.   Human Resource Development- Handicrafts,17.0,,17.0,26.15,,26.15,26.15,,26.15,26.0,,26.0
51,Statement 4B,622.   Infrastructure and Technology Development,,,,2.5,9.21,11.71,5.5,11.21,16.71,6.0,36.0,42.0
51,Statement 4B,Scheme 623.   Development of other crafts in J and K,,,,0.01,,0.01,0.01,,0.01,0.01,,0.01
51,Statement 4B,624.   Handicraft Cluster Development Program -,8.3,,8.3,30.0,,30.0,34.98,,34.98,35.0,,35.0
52,Statement 4B,625.   Other Handicraft schemes,44.13,,44.13,41.3,,41.3,57.28,,57.28,67.2,,67.2
52,Statement 4B,626.   Hast Kala Academy,,,,2.0,,2.0,1.0,,1.0,0.5,,0.5
52,Statement 4B,627.   Integrated Wool Development Programme,3.3,,3.3,29.0,,29.0,29.0,,29.0,20.0,,20.0
52,Statement 4B,628.   Central Silk Board,601.29,,601.29,730.0,,730.0,765.45,,765.45,800.0,,800.0
52,Statement 4B,629.   Silk Mega Cluster,,,,10.0,,10.0,,,,10.0,,10.0
52,Statement 4B,630.   Scheme for Development of Jute Sector,19.0,,19.0,25.0,,25.0,55.0,,55.0,95.0,,95.0
52,Statement 4B,631.   Subsidy to Jute Corporation of India towards,7.5,,7.5,8.0,,8.0,28.0,,28.0,40.0,,40.0
52,Statement 4B,"market operation 632.   Others (IJIRA, COP JC)",1.5,,1.5,1.55,,1.55,1.55,,1.55,1.53,,1.53
52,Statement 4B,633.   Power Tex India,72.54,,72.54,127.9,1.18,129.08,129.18,1.18,130.36,110.0,,110.0
52,Statement 4B,634.   Comprehensive Powerloom Cluster Development,14.85,,14.85,25.0,,25.0,17.42,,17.42,25.0,,25.0
52,Statement 4B,Program - Powerloom Mega Cluster 635.   Group Insurance Scheme,5.28,,5.28,5.0,,5.0,5.0,,5.0,5.0,,5.0
52,Statement 4B,636.   Integrated Processing Development Scheme,,,,3.5,,3.5,10.8,,10.8,50.0,,50.0
52,Statement 4B,637.   Scheme for Integrated Textile Parks (SITP),20.29,,20.29,20.0,,20.0,40.0,,40.0,80.0,,80.0
52,Statement 4B,638.   Workers Hostel,0.06,,0.06,1.0,,1.0,1.0,,1.0,5.0,,5.0
52,Statement 4B,639.   Assistant to Textile Committee,40.4,,40.4,30.0,,30.0,54.5,,54.5,80.0,,80.0
52,Statement 4B,640.   Flatted Factory cum Incubators,,,,4.0,,4.0,6.2,,6.2,8.0,,8.0
52,Statement 4B,641.   Remission of State Levies (ROSL),3650.6,,3650.6,,,,,,,,,
52,Statement 4B,642.   Pradhan Mantri Paridhan Rojgar Protsahan Yojna,,,,0.05,,0.05,0.05,,0.05,,,
52,Statement 4B,(PMPRPY) 643.   Export Promotion Studies,1.11,,1.11,1.0,,1.0,3.19,,3.19,34.0,,34.0
52,Statement 4B,644.   Textile Labour Rehabilitation Scheme,,,,1.5,,1.5,1.15,,1.15,,,
52,Statement 4B,"645.   Others (TRAs, COP)",9.28,,9.28,10.2,,10.2,10.78,,10.78,11.5,,11.5
52,Statement 4B,646.   Integrated Scheme for Skill Development,18.39,,18.39,100.5,,100.5,100.5,,100.5,150.0,,150.0
52,Statement 4B,647.   R and D Textiles,2.86,,2.86,0.01,,0.01,15.01,,15.01,23.0,,23.0
52,Statement 4B,648.   National Institute of Fashion Technology (NIFT),18.63,,18.63,29.0,,29.0,52.0,,52.0,110.0,,110.0
52,Statement 4B,649.   Technology Mission on Cotton,,,,0.01,,0.01,0.01,,0.01,,,
52,Statement 4B,650.   Technology Mission on Knitwear,,,,0.01,,0.01,0.01,,0.01,,,
53,Statement 4B,651.   Technology Mission on Technical Textile,,,,0.01,,0.01,0.01,,0.01,0.01,,0.01
53,Statement 4B,652.   NER Textiles Promotion Scheme,65.71,,65.71,124.98,,124.98,109.99,,109.99,125.0,,125.0
53,Statement 4B,653.   Scheme for Usage of Geotextiles in North East,,,,0.01,,0.01,10.01,,10.01,10.0,,10.0
53,Statement 4B,654.   Scheme for Promoting Agro Textiles in North East,,,,0.01,,0.01,6.01,,6.01,0.6,,0.6
53,Statement 4B,Demand No. 98,1975.51,,1975.51,2075.11,0.01,2075.12,1291.0,,1291.0,2375.21,,2375.21
53,Statement 4B,Ministry of Tourism 655. Integrated Development of Tourist Circuits around,1101.15,,1101.15,1106.0,,1106.0,566.0,,566.0,1200.0,,1200.0
53,Statement 4B,"specific themes (Swadesh Darshan) 656. Pilgrimage Rejuvenation and Spiritual, Heritage",150.3,,150.3,160.5,,160.5,145.0,,145.0,207.55,,207.55
53,Statement 4B,Augmentation Drive (PRASHAD) 657. Other Support to Tourist Infrastructure,69.91,,69.91,112.01,,112.01,73.61,,73.61,247.66,,247.66
53,Statement 4B,658.   Bharat Paryatan Bhawan,,,,,0.01,0.01,,,,,,
53,Statement 4B,659.   Buddhist Circuits,,,,0.01,,0.01,,,,,,
53,Statement 4B,660.   Overseas Promotion and Publicity including,415.0,,415.0,446.2,,446.2,312.39,,312.39,450.0,,450.0
53,Statement 4B,Market Development Assistance 661.   Domestic Promotion and Publicity including Market,127.34,,127.34,129.5,,129.5,100.0,,100.0,140.0,,140.0
53,Statement 4B,Development Assistance 662.   Assistance to IHMS/FCIs/IITTM/NIWS,82.0,,82.0,82.89,,82.89,61.0,,61.0,70.0,,70.0
53,Statement 4B,663.   Capacity Building for Service Providers,29.81,,29.81,38.0,,38.0,33.0,,33.0,60.0,,60.0
53,Statement 4B,Demand No. 99,288.48,65.0,353.48,295.31,80.0,375.31,356.71,80.01,436.72,1665.22,150.01,1815.23
53,Statement 4B,Ministry of Tribal Affairs 664. National Fellowship and Scholarship for Higher,99.98,,99.98,100.0,,100.0,100.0,,100.0,100.0,,100.0
53,Statement 4B,Education of ST Students 665. Scholarship to the ST Students for Studies Abroad,2.0,,2.0,2.0,,2.0,2.0,,2.0,2.0,,2.0
53,Statement 4B,666.   Support to National/ State Scheduled Tribes,,65.0,65.0,,80.0,80.0,,80.0,80.0,,150.0,150.0
53,Statement 4B,Finance and Development Corporation 667.   Institutional Support for Development and,72.5,,72.5,83.0,,83.0,128.5,,128.5,140.0,,140.0
53,Statement 4B,Marketing of Tribal Products (TRIFED etc.) 668.   Aid to Voluntary Organisations Working for the,114.0,,114.0,110.0,,110.0,110.0,,110.0,110.0,,110.0
53,Statement 4B,Welfare of Scheduled Tribes 669.   Eklavya Model Residential School (EMRS),,,,0.31,,0.31,16.21,0.01,16.22,1313.22,0.01,1313.23
53,Statement 4B,Demand No. 101,1027.88,0.68,1028.56,1309.98,0.02,1310.0,1555.48,0.02,1555.5,1745.9,0.02,1745.92
53,Statement 4B,Ministry of Youth Affairs and Sports 670. National Service Scheme,126.19,,126.19,160.0,,160.0,166.55,,166.55,172.0,,172.0
53,Statement 4B,671.   National Young Leaders Programme,9.88,,9.88,12.0,,12.0,27.95,,27.95,22.0,,22.0
54,Statement 4B,672.   National Programme for Youth and Adolescent,21.9,,21.9,21.0,,21.0,21.0,,21.0,23.0,,23.0
54,Statement 4B,Development 673.   National Youth Corps,35.37,,35.37,80.0,,80.0,75.0,,75.0,90.0,,90.0
54,Statement 4B,674.   International Cooperation,15.15,,15.15,21.0,,21.0,21.0,,21.0,30.0,,30.0
54,Statement 4B,675.   National Discipline Scheme,3.88,,3.88,,,,,,,,,
54,Statement 4B,676.   Scouting and Guiding,1.5,,1.5,1.5,,1.5,1.5,,1.5,1.5,,1.5
54,Statement 4B,677.   Youth Hostel,0.89,0.68,1.57,2.48,0.02,2.5,22.48,0.02,22.5,19.98,0.02,20.0
54,Statement 4B,678.   Assistance to Promotion of Sports Excellence,246.78,,246.78,250.0,,250.0,305.85,,305.85,250.0,,250.0
54,Statement 4B,679.   Incentive to Sports Persons,62.53,,62.53,89.0,,89.0,111.0,,111.0,70.0,,70.0
54,Statement 4B,680.   National Sports Development Fund,2.0,,2.0,70.0,,70.0,77.15,,77.15,50.0,,50.0
54,Statement 4B,681.   National Welfare Fund for Sports Persons,1.0,,1.0,2.0,,2.0,2.0,,2.0,2.0,,2.0
54,Statement 4B,682.   Khelo India,342.24,,342.24,500.0,,500.0,578.0,,578.0,890.42,,890.42
54,Statement 4B,683.   Enhancement of Sports Facility in J and K,33.57,,33.57,30.0,,30.0,50.0,,50.0,50.0,,50.0
54,Statement 4B,684.   Commonwealth Games 2010- Sports Authority of,125.0,,125.0,70.0,,70.0,96.0,,96.0,75.0,,75.0
54,Statement 4B,India (SAI) Stadia Renovation 685.   Himalayan Region Sports Festival Scheme,,,,1.0,,1.0,,,,,,
54,Statement 4B,Grand Total,364691.69,273803.18,638494.87,568660.18,302134.28,870794.46,458524.99,314671.01,773196.0,497024.69,334800.37,831825.06
55,Statement 4C,Demand No. 1,18.2,,18.2,72.32,,72.32,30.47,,30.47,33.93,,33.93
55,Statement 4C,"Department of Agriculture, Cooperation and Farmers' Welfare 1. Other Central Expenditure",18.2,,18.2,72.32,,72.32,30.47,,30.47,33.93,,33.93
55,Statement 4C,Demand No. 2,5022.64,,5022.64,5364.96,,5364.96,5344.38,,5344.38,5619.73,,5619.73
55,Statement 4C,Department of Agricultural Research and Education 2. ICAR Headquarters,5056.09,,5056.09,4868.8,,4868.8,4868.8,,4868.8,5137.75,,5137.75
55,Statement 4C,3.   Other Central Expenditure,-33.45,,-33.45,496.16,,496.16,475.58,,475.58,481.98,,481.98
55,Statement 4C,Demand No. 3,2170.19,4710.0,6880.19,2489.84,3155.0,5644.84,2609.62,3105.0,5714.62,2873.97,3937.0,6810.97
55,Statement 4C,Atomic Energy 4. Nuclear Power Corporation of India Limited,,4665.0,4665.0,,3000.0,3000.0,,3000.0,3000.0,,3737.0,3737.0
55,Statement 4C,(NPCIL) 5. Other Autonomous Bodies,2145.28,,2145.28,2449.84,,2449.84,2580.45,,2580.45,2833.97,,2833.97
55,Statement 4C,6.   Other Central Expenditure,24.91,45.0,69.91,40.0,155.0,195.0,29.17,105.0,134.17,40.0,200.0,240.0
55,Statement 4C,Demand No. 4,901.47,,901.47,1031.39,0.01,1031.4,1162.75,,1162.75,1170.58,,1170.58
55,Statement 4C,"Ministry of Ayurveda, Yoga and Naturopathy, Unani, Siddha and Homoeopathy (AYUSH) 7. Other Central Expenditure",901.47,,901.47,1031.39,0.01,1031.4,1162.75,,1162.75,1170.58,,1170.58
55,Statement 4C,Demand No. 5,100.48,,100.48,109.42,,109.42,117.45,,117.45,141.05,,141.05
55,Statement 4C,Department of Chemicals and Petrochemicals 8. Other Central Expenditure,100.48,,100.48,109.42,,109.42,117.45,,117.45,141.05,,141.05
55,Statement 4C,Demand No. 6,-89.72,,-89.72,0.01,0.05,0.06,0.01,0.05,0.06,0.01,0.05,0.06
55,Statement 4C,Department of Fertilisers 9. Other Central Expenditure,-89.72,,-89.72,0.01,0.05,0.06,0.01,0.05,0.06,0.01,0.05,0.06
55,Statement 4C,Demand No. 7,307.23,10.95,318.18,,5.06,5.06,17.6,333.18,350.78,18.0,7.18,25.18
55,Statement 4C,Department of Pharmaceuticals 10. Other Central Expenditure,307.23,10.95,318.18,,5.06,5.06,17.6,333.18,350.78,18.0,7.18,25.18
55,Statement 4C,Demand No. 8,108.31,,108.31,28.2,0.01,28.21,31.81,0.01,31.82,16.82,0.01,16.83
55,Statement 4C,Ministry of Civil Aviation 11. Other Central Expenditure,108.31,,108.31,28.2,0.01,28.21,31.81,0.01,31.82,16.82,0.01,16.83
55,Statement 4C,Demand No. 9,21.02,,21.02,23.15,,23.15,22.9,,22.9,22.35,,22.35
55,Statement 4C,Ministry of Coal 12. Other Central Expenditure,21.02,,21.02,23.15,,23.15,22.9,,22.9,22.35,,22.35
55,Statement 4C,Demand No. 10,19.79,-5.03,14.76,62.32,,62.32,110.31,,110.31,92.32,,92.32
56,Statement 4C,13.   Other Central Expenditure,19.79,-5.03,14.76,62.32,,62.32,110.31,,110.31,92.32,,92.32
56,Statement 4C,Demand No. 11,266.62,,266.62,138.67,,138.67,196.67,,196.67,323.17,,323.17
56,Statement 4C,Department for Promotion of Industry and Internal Trade 14. Other Central Expenditure,266.62,,266.62,138.67,,138.67,196.67,,196.67,323.17,,323.17
56,Statement 4C,Demand No. 13,666.56,55.0,721.56,985.3,105.0,1090.3,1480.46,105.0,1585.46,17885.42,20515.0,38400.42
56,Statement 4C,Department of Telecommunications 15. Support to Public Sector Undertakings,382.41,55.0,437.41,684.0,105.0,789.0,1179.16,105.0,1284.16,17530.42,20515.0,38045.42
56,Statement 4C,16.   Other Central Expenditure,284.15,,284.15,301.3,,301.3,301.3,,301.3,355.0,,355.0
56,Statement 4C,Demand No. 15,118.61,500.0,618.61,9.0,1000.0,1009.0,14.15,1000.0,1014.15,16.36,1000.0,1016.36
56,Statement 4C,Department of Food and Public Distribution 17. Investment in Equity Capital of Food Corporation of,,500.0,500.0,,1000.0,1000.0,,1000.0,1000.0,,1000.0,1000.0
56,Statement 4C,India 18. Other Central Expenditure,118.61,,118.61,9.0,,9.0,14.15,,14.15,16.36,,16.36
56,Statement 4C,Demand No. 16,190.68,35.0,225.68,105.54,40.0,145.54,80.74,12.3,93.04,110.6,51.0,161.6
56,Statement 4C,Ministry of Corporate Affairs 19. Other Central Expenditure,190.68,35.0,225.68,105.54,40.0,145.54,80.74,12.3,93.04,110.6,51.0,161.6
56,Statement 4C,Demand No. 17,881.87,,881.87,944.51,,944.51,860.55,,860.55,1011.82,,1011.82
56,Statement 4C,Ministry of Culture 20. Other Central Expenditure,881.87,,881.87,944.51,,944.51,860.55,,860.55,1011.82,,1011.82
56,Statement 4C,Demand No. 18,-3170.29,189.59,-2980.7,-90.16,33.49,-56.67,-93.5,21.05,-72.45,-49.83,21.0,-28.83
56,Statement 4C,Ministry of Defence (Civil) 21. Met From Reserve Fund,-3206.92,0.9,-3206.02,-147.17,0.97,-146.2,-152.33,0.62,-151.71,-109.5,0.62,-108.88
56,Statement 4C,22.   Other Central Expenditure,36.63,188.69,225.32,57.01,32.52,89.53,58.83,20.43,79.26,59.67,20.38,80.05
56,Statement 4C,Demand No. 22,,2.0,2.0,,6.1,6.1,,6.1,6.1,,4.0,4.0
56,Statement 4C,Ministry of Development of North Eastern Region 23. Other Central Expenditure,,2.0,2.0,,6.1,6.1,,6.1,6.1,,4.0,4.0
56,Statement 4C,Demand No. 23,189.18,-1.83,187.35,178.0,,178.0,179.78,,179.78,201.8,,201.8
56,Statement 4C,Ministry of Earth Sciences 24. Other Central Expenditure,189.18,-1.83,187.35,178.0,,178.0,179.78,,179.78,201.8,,201.8
56,Statement 4C,Demand No. 24,1466.51,,1466.51,1473.0,,1473.0,1096.03,,1096.03,1266.0,,1266.0
56,Statement 4C,Ministry of Electronics and Information Technology 25. Unique Identification Authority of India (UIDAI),1344.99,,1344.99,1227.0,,1227.0,836.78,,836.78,985.0,,985.0
56,Statement 4C,26.   Other Central Expenditure,121.52,,121.52,246.0,,246.0,259.25,,259.25,281.0,,281.0
56,Statement 4C,Demand No. 25,459.17,,459.17,471.9,,471.9,464.5,,464.5,485.5,,485.5
57,Statement 4C,27.   Other Central Expenditure,459.17,,459.17,471.9,,471.9,464.5,,464.5,485.5,,485.5
57,Statement 4C,Demand No. 26,4190.59,-0.32,4190.27,4221.73,,4221.73,4497.15,,4497.15,4388.25,,4388.25
57,Statement 4C,Ministry of External Affairs 28. International Cooperation,412.36,,412.36,448.69,,448.69,582.43,,582.43,509.56,,509.56
57,Statement 4C,29.   Special Diplomatic Expenditure,2638.92,,2638.92,2663.01,,2663.01,2763.01,,2763.01,2800.01,,2800.01
57,Statement 4C,30.   Other Central Expenditure,1139.31,-0.32,1138.99,1110.03,,1110.03,1151.71,,1151.71,1078.68,,1078.68
57,Statement 4C,Demand No. 27,1271.27,4999.22,6270.49,1469.77,10546.96,12016.73,1727.71,10603.61,12331.32,1944.14,25515.69,27459.83
57,Statement 4C,Department of Economic Affairs 31. Met From Reserve Fund,,63.9,63.9,,-75.0,-75.0,,-50.0,-50.0,,-25.0,-25.0
57,Statement 4C,32.   Investment in International Financial Institutions,,4692.81,4692.81,,5499.18,5499.18,,5564.48,5564.48,,3373.24,3373.24
57,Statement 4C,33.   Reserve Fund,925.0,,925.0,1138.0,,1138.0,1378.16,,1378.16,1590.0,,1590.0
57,Statement 4C,34.   Support for Infrastructure Pipeline,,,,,,,,,,,22049.98,22049.98
57,Statement 4C,35.   Other Central Expenditure,346.27,242.51,588.78,331.77,5122.78,5454.55,349.55,5089.13,5438.68,354.14,117.47,471.61
57,Statement 4C,Demand No. 28,12.56,,12.56,14.55,,14.55,15.36,,15.36,19.21,,19.21
57,Statement 4C,Department of Expenditure 36. Other Central Expenditure,12.56,,12.56,14.55,,14.55,15.36,,15.36,19.21,,19.21
57,Statement 4C,Demand No. 29,12.6,,12.6,13.23,,13.23,23.8,,23.8,8.89,,8.89
57,Statement 4C,Department of Financial Services 37. Other Central Expenditure,12.6,,12.6,13.23,,13.23,23.8,,23.8,8.89,,8.89
57,Statement 4C,Demand No. 31,147.92,2.72,150.64,199.31,8.73,208.04,175.23,16.99,192.22,446.0,91.21,537.21
57,Statement 4C,Department of Revenue 38. Other Central Expenditure,147.92,2.72,150.64,199.31,8.73,208.04,175.23,16.99,192.22,446.0,91.21,537.21
57,Statement 4C,Demand No. 32,,-10.89,-10.89,,,,,,,,,
57,Statement 4C,Direct Taxes 39. Other Central Expenditure,,-10.89,-10.89,,,,,,,,,
57,Statement 4C,Demand No. 35,582648.45,,582648.45,660470.6,,660470.6,625105.23,,625105.23,708203.16,,708203.16
57,Statement 4C,Interest Payments 40. Interest on External Debt,8149.62,,8149.62,9765.0,,9765.0,10537.0,,10537.0,10178.0,,10178.0
57,Statement 4C,41.   Interest on Internal Debt,473044.43,,473044.43,537335.47,,537335.47,488527.0,,488527.0,558580.6,,558580.6
57,Statement 4C,42.   Interest on other obligations,16243.27,,16243.27,16313.98,,16313.98,16469.86,,16469.86,16414.33,,16414.33
57,Statement 4C,43.   Interest on Reserve Funds,319.02,,319.02,333.8,,333.8,2310.73,,2310.73,1170.37,,1170.37
57,Statement 4C,"44.   Interest on Small Savings, Provident Funds etc.",84872.04,,84872.04,94722.35,,94722.35,102583.11,,102583.11,116859.86,,116859.86
58,Statement 4C,45.   Prepayment Premium for reduction of debt,21.93,,21.93,2000.0,,2000.0,4677.53,,4677.53,5000.0,,5000.0
58,Statement 4C,46.   Other Central Expenditure,-1.86,,-1.86,,,,,,,,,
58,Statement 4C,Demand No. 36,,,,,,,,,,,,
58,Statement 4C,Repayment of Debt 47. Other Central Expenditure,,,,,,,,,,,,
58,Statement 4C,Demand No. 39,,,,85.25,,85.25,85.25,,85.25,82.0,,82.0
58,Statement 4C,Department of Fisheries 48. Other Central Expenditure,,,,85.25,,85.25,85.25,,85.25,82.0,,82.0
58,Statement 4C,Demand No. 40,72.91,,72.91,-31.76,23.76,-8.0,1.0,5.0,6.0,-27.53,34.53,7.0
58,Statement 4C,Department of Animal Husbandry and Dairying 49. Other Central Expenditure,72.91,,72.91,-31.76,23.76,-8.0,1.0,5.0,6.0,-27.53,34.53,7.0
58,Statement 4C,Demand No. 41,102.15,,102.15,68.44,,68.44,123.65,,123.65,119.21,,119.21
58,Statement 4C,Ministry of Food Processing Industries 50. Other Central Expenditure,102.15,,102.15,68.44,,68.44,123.65,,123.65,119.21,,119.21
58,Statement 4C,Demand No. 42,9298.4,22.91,9321.31,10496.07,34.12,10530.19,11584.18,116.53,11700.71,10153.2,39.39,10192.59
58,Statement 4C,Department of Health and Family Welfare 51. Met From Reserve Fund,-20576.95,-1952.94,-22529.89,-23510.25,-1139.3,-24649.55,-2893.7,-1139.3,-4033.0,-36002.1,-667.9,-36670.0
58,Statement 4C,52.   All Indian Institute of Medical Science,3229.0,,3229.0,3599.65,,3599.65,3485.0,,3485.0,3489.96,,3489.96
58,Statement 4C,53.   Jawaharlal Institute of Post Graduate Medical,831.28,,831.28,1100.0,,1100.0,1053.48,,1053.48,1000.0,,1000.0
58,Statement 4C,"Education and Research, Puducherry 54.   Medical Treatment of CGHS Pensioners (PORB)",1759.1,,1759.1,1500.0,,1500.0,2636.08,,2636.08,1750.17,,1750.17
58,Statement 4C,55.   Other Autonomous Bodies,594.72,,594.72,760.16,,760.16,738.48,,738.48,715.8,,715.8
58,Statement 4C,56.   Post Graduate Institute of Medical Education and,1475.0,,1475.0,1500.0,,1500.0,1760.0,,1760.0,1426.53,,1426.53
58,Statement 4C,"Research, Chandigarh 57.   Support from Central Roads & Infrastructure Fund",1842.4,1952.94,3795.34,2860.7,1139.3,4000.0,2850.7,1139.3,3990.0,3732.1,667.9,4400.0
58,Statement 4C,(CRIF) 58.   Support from National Investment Fund (NIF),18734.55,,18734.55,20649.55,,20649.55,43.0,,43.0,32270.0,,32270.0
58,Statement 4C,59.   Other Central Expenditure,1409.3,22.91,1432.21,2036.26,34.12,2070.38,1911.14,116.53,2027.67,1770.74,39.39,1810.13
58,Statement 4C,Demand No. 43,1575.57,,1575.57,1614.65,,1614.65,1682.0,,1682.0,1795.71,,1795.71
58,Statement 4C,"Department of Health Research 60. Indian Council of Medical Research, New Delhi",1447.85,,1447.85,1474.65,,1474.65,1552.22,,1552.22,1795.71,,1795.71
58,Statement 4C,61.   Other Central Expenditure,127.72,,127.72,140.0,,140.0,129.78,,129.78,,,
58,Statement 4C,Demand No. 44,16.21,91.87,108.08,21.31,277.91,299.22,21.3,243.73,265.03,8.01,259.63,267.64
59,Statement 4C,62.   Other Central Expenditure,16.21,91.87,108.08,21.31,277.91,299.22,21.3,243.73,265.03,8.01,259.63,267.64
59,Statement 4C,Demand No. 46,696.05,8.81,704.86,647.87,51.0,698.87,1141.69,88.0,1229.69,4558.96,95.0,4653.96
59,Statement 4C,"Ministry of Home Affairs 63. Census, Survey and Statistics/Registrar General of",637.68,8.81,646.49,570.33,51.0,621.33,1033.33,88.0,1121.33,4473.0,95.0,4568.0
59,Statement 4C,India 64. Other Central Expenditure,58.37,,58.37,77.54,,77.54,108.36,,108.36,85.96,,85.96
59,Statement 4C,Demand No. 48,1264.54,1056.16,2320.7,1181.45,1906.22,3087.67,1370.71,1351.74,2722.45,1494.23,1796.0,3290.23
59,Statement 4C,Police 65. Research,538.85,1053.99,1592.84,558.78,1901.22,2460.0,609.07,1350.93,1960.0,700.0,1795.0,2495.0
59,Statement 4C,66.   Other Central Expenditure,725.69,2.17,727.86,622.67,5.0,627.67,761.64,0.81,762.45,794.23,1.0,795.23
59,Statement 4C,Demand No. 49,2073.9,473.27,2547.17,2024.4,601.58,2625.98,2115.43,516.56,2631.99,2132.3,622.36,2754.66
59,Statement 4C,Andaman and Nicobar Islands 67. Schemes of UT,1958.22,341.54,2299.76,1911.98,442.82,2354.8,1976.86,476.88,2453.74,2008.48,460.33,2468.81
59,Statement 4C,68.   Other Central Expenditure,115.68,131.73,247.41,112.42,158.76,271.18,138.57,39.68,178.25,123.82,162.03,285.85
59,Statement 4C,Demand No. 50,1371.62,390.16,1761.78,1618.27,241.63,1859.9,1668.45,126.63,1795.08,1825.4,334.14,2159.54
59,Statement 4C,Chandigarh 69. Grantee / Other Bodies,442.98,1.0,443.98,639.77,1.56,641.33,714.25,1.56,715.81,834.8,1.56,836.36
59,Statement 4C,70.   Schemes of UT,921.57,389.16,1310.73,966.37,240.07,1206.44,943.8,125.07,1068.87,973.6,332.58,1306.18
59,Statement 4C,71.   Other Central Expenditure,7.07,,7.07,12.13,,12.13,10.4,,10.4,17.0,,17.0
59,Statement 4C,Demand No. 51,721.2,584.11,1305.31,784.76,659.54,1444.3,735.12,664.54,1399.66,815.27,752.42,1567.69
59,Statement 4C,Dadra and Nagar Haveli and Daman and Diu 72. Grantee / Other Bodies - Dadra and Nagar Haveli,,,,,,,,,,630.39,,630.39
59,Statement 4C,and Daman and Diu 73. Schemes of UT - Dadra and Nagar Haveli and,,,,,,,,,,158.85,744.57,903.42
59,Statement 4C,Daman and Diu 74. Other Central Expenditure,721.2,584.11,1305.31,784.76,659.54,1444.3,735.12,664.54,1399.66,26.03,7.85,33.88
59,Statement 4C,Demand No. 52,,,,,,,,,,451.22,3626.28,4077.5
59,Statement 4C,Ladakh 75. Schemes of UT,,,,,,,,,,270.74,301.44,572.18
59,Statement 4C,76.   Tribal Area Component,,,,,,,,,,152.0,3324.84,3476.84
59,Statement 4C,77.   Other Central Expenditure,,,,,,,,,,28.48,,28.48
59,Statement 4C,Demand No. 53,724.89,153.41,878.3,722.36,186.13,908.49,751.68,167.98,919.66,749.06,201.37,950.43
59,Statement 4C,Lakshadweep 78. Schemes of UT,714.4,151.43,865.83,713.24,184.28,897.52,741.44,166.18,907.62,740.32,197.97,938.29
60,Statement 4C,79.   Other Central Expenditure,10.49,1.98,12.47,9.12,1.85,10.97,10.24,1.8,12.04,8.74,3.4,12.14
60,Statement 4C,Demand No. 57,85.65,,85.65,109.85,36.16,146.01,81.8,0.01,81.81,76.54,290.0,366.54
60,Statement 4C,Ministry of Housing and Urban Affairs 80. Met From Reserve Fund,4.38,,4.38,-0.63,,-0.63,-1.16,,-1.16,-1.01,,-1.01
60,Statement 4C,81.   Other Central Expenditure,81.27,,81.27,110.48,36.16,146.64,82.96,0.01,82.97,77.55,290.0,367.55
60,Statement 4C,Demand No. 58,8588.04,,8588.04,8465.13,,8465.13,9754.21,,9754.21,9205.0,,9205.0
60,Statement 4C,Department of School Education and Literacy 82. Met From Reserve Fund,-4712.15,,-4712.15,-12129.02,,-12129.02,-13141.02,,-13141.02,-14383.62,,-14383.62
60,Statement 4C,83.   Kendriya Vidyalaya Sangathan (KVS),5006.75,,5006.75,5012.0,,5012.0,6006.46,,6006.46,5516.5,,5516.5
60,Statement 4C,84.   Navodaya Vidyalaya Samiti (NVS),3213.0,,3213.0,3068.0,,3068.0,3388.0,,3388.0,3300.0,,3300.0
60,Statement 4C,85.   Transfer to Madhyamik and Uchhatar Shiksha,,,,5061.02,,5061.02,5061.02,,5061.02,5567.12,,5567.12
60,Statement 4C,Kosh 86.   Transfer to Central Road and Infrastructure Fund,,,,3068.0,,3068.0,8080.0,,8080.0,4816.5,,4816.5
60,Statement 4C,(CRIF) 87.   Transfer to National Investment Fund (NIF),4712.15,,4712.15,4000.0,,4000.0,,,,4000.0,,4000.0
60,Statement 4C,88.   Other Central Expenditure,368.29,,368.29,385.13,,385.13,359.75,,359.75,388.5,,388.5
60,Statement 4C,Demand No. 59,24022.63,,24022.63,26539.56,,26539.56,27646.02,,27646.02,28601.36,,28601.36
60,Statement 4C,Department of Higher Education 89. Met From Reserve Fund,-7074.27,,-7074.27,-15861.83,,-15861.83,-9399.03,,-9399.03,-14838.93,,-14838.93
60,Statement 4C,90.   Grants to Central Universities (CUs),6598.55,,6598.55,6843.4,,6843.4,8286.9,,8286.9,7643.26,,7643.26
60,Statement 4C,91.   Support to Indian Institute of Science (IISc),492.45,,492.45,573.01,,573.01,569.56,,569.56,591.65,,591.65
60,Statement 4C,92.   Other Central Expenditure,6631.62,,6631.62,3506.27,,3506.27,3650.68,,3650.68,3710.25,,3710.25
60,Statement 4C,"93.   Support to Indian Institute(s) of Science, Education",563.51,,563.51,899.22,,899.22,841.22,,841.22,896.0,,896.0
60,Statement 4C,and Research (IISER) 94.   Support to Indian Institutes of Technology,5036.7,,5036.7,6329.95,,6329.95,6329.95,,6329.95,7182.0,,7182.0
60,Statement 4C,95.   Support to National Institutes of Technology (NITs),,,,3787.05,,3787.05,3547.05,,3547.05,3885.0,,3885.0
60,Statement 4C,and IIEST 96.   Transfer to Madhyamik and Uchhatar Shiksha,,,,9399.03,,9399.03,9399.03,,9399.03,10338.93,,10338.93
60,Statement 4C,Kosh 97.   Transfer to National Investment Fund (NIF),7108.27,,7108.27,6462.8,,6462.8,,,,4500.0,,4500.0
60,Statement 4C,98.   University Grants Commission (UGC),4665.8,,4665.8,4600.66,,4600.66,4420.66,,4420.66,4693.2,,4693.2
60,Statement 4C,Demand No. 60,2890.37,,2890.37,2979.76,,2979.76,2978.73,,2978.73,3080.41,,3080.41
60,Statement 4C,Ministry of Information and Broadcasting 99. Support to Autonomous Bodies,2890.37,,2890.37,2979.76,,2979.76,2978.73,,2978.73,3080.41,,3080.41
61,Statement 4C,Demand No. 63,79.76,,79.76,90.0,,90.0,125.0,,125.0,100.0,,100.0
61,Statement 4C,Ministry of Labour and Employment 100. Other Central Expenditure,79.76,,79.76,90.0,,90.0,125.0,,125.0,100.0,,100.0
61,Statement 4C,Demand No. 64,161.15,,161.15,154.0,,154.0,159.0,,159.0,117.0,,117.0
61,Statement 4C,Law and Justice 101. Other Central Expenditure,161.15,,161.15,154.0,,154.0,159.0,,159.0,117.0,,117.0
61,Statement 4C,Demand No. 65,-1.39,,-1.39,,,,,,,,,
61,Statement 4C,Election Commission 102. Other Central Expenditure,-1.39,,-1.39,,,,,,,,,
61,Statement 4C,Demand No. 67,-3.65,,-3.65,,,,,,,,,
61,Statement 4C,"Ministry of Micro, Small and Medium Enterprises 103. Other Central Expenditure",-3.65,,-3.65,,,,,,,,,
61,Statement 4C,Demand No. 68,1120.63,73.34,1193.97,763.91,107.57,871.48,666.2,86.87,753.07,732.21,114.36,846.57
61,Statement 4C,Ministry of Mines 104. Met From Reserve Fund,,,,-150.0,,-150.0,-110.0,,-110.0,-150.0,,-150.0
61,Statement 4C,105.   Other Central Expenditure,171.16,0.5,171.66,359.73,6.17,365.9,265.52,6.17,271.69,353.25,6.06,359.31
61,Statement 4C,106.   Geological Survey of India Activities,949.47,72.84,1022.31,554.18,101.4,655.58,510.68,80.7,591.38,528.96,108.3,637.26
61,Statement 4C,Demand No. 69,46.43,,46.43,101.6,,101.6,102.6,,102.6,96.0,,96.0
61,Statement 4C,Ministry of Minority Affairs 107. Other Central Expenditure,46.43,,46.43,101.6,,101.6,102.6,,102.6,96.0,,96.0
61,Statement 4C,Demand No. 70,-234.18,,-234.18,35.0,,35.0,36.7,,36.7,8.0,,8.0
61,Statement 4C,Ministry of New and Renewable Energy 108. Other Central Expenditure,-234.18,,-234.18,35.0,,35.0,36.7,,36.7,8.0,,8.0
61,Statement 4C,Demand No. 73,32.76,1.49,34.25,31.8,,31.8,32.65,,32.65,34.58,4.4,38.98
61,Statement 4C,"Ministry of Personnel, Public Grievances and Pensions 109. Other Central Expenditure",32.76,1.49,34.25,31.8,,31.8,32.65,,32.65,34.58,4.4,38.98
61,Statement 4C,Demand No. 75,54.77,,54.77,56.07,42.05,98.12,43.01,42.05,85.06,60.19,,60.19
61,Statement 4C,Ministry of Petroleum and Natural Gas 110. Other Central Expenditure,54.77,,54.77,56.07,42.05,98.12,43.01,42.05,85.06,60.19,,60.19
61,Statement 4C,Demand No. 76,-3.16,,-3.16,9.35,,9.35,8.25,,8.25,9.0,,9.0
61,Statement 4C,Ministry of Planning 111. Other Central Expenditure,-3.16,,-3.16,9.35,,9.35,8.25,,8.25,9.0,,9.0
61,Statement 4C,Demand No. 77,1007.23,571.0,1578.23,2383.93,1324.65,3708.58,2655.79,746.65,3402.44,3189.1,149.28,3338.38
61,Statement 4C,Ministry of Power 112. Assistance to CPSUs,798.64,571.0,1369.64,1913.22,1259.64,3172.86,2204.08,746.64,2950.72,2775.37,84.27,2859.64
62,Statement 4C,113.   Other Central Expenditure,208.59,,208.59,470.71,65.01,535.72,451.71,0.01,451.72,413.73,65.01,478.74
62,Statement 4C,Demand No. 84,0.12,,0.12,,,,,,,,,
62,Statement 4C,Ministry of Road Transport and Highways 114. Other Central Expenditure,0.12,,0.12,,,,,,,,,
62,Statement 4C,Demand No. 85,-28.0,0.09,-27.91,,100.0,100.0,,54.9,54.9,124.0,100.0,224.0
62,Statement 4C,Department of Rural Development 115. Other Central Expenditure,-28.0,0.09,-27.91,,100.0,100.0,,54.9,54.9,124.0,100.0,224.0
62,Statement 4C,Demand No. 87,2122.2,,2122.2,2282.7,,2282.7,2274.27,,2274.27,2457.0,,2457.0
62,Statement 4C,Department of Science and Technology 116. Assistance to Autonomous Bodies,1142.5,,1142.5,1182.7,,1182.7,1217.7,,1217.7,1357.0,,1357.0
62,Statement 4C,117.   Science and Engineering Research Board,1000.0,,1000.0,1000.0,,1000.0,956.57,,956.57,1000.0,,1000.0
62,Statement 4C,118.   Other Central Expenditure,-20.3,,-20.3,100.0,,100.0,100.0,,100.0,100.0,,100.0
62,Statement 4C,Demand No. 88,778.23,,778.23,792.86,,792.86,802.75,,802.75,847.61,,847.61
62,Statement 4C,Department of Biotechnology 119. Assistance to Autonomous Institutions,747.93,,747.93,761.86,,761.86,771.75,,771.75,815.61,,815.61
62,Statement 4C,120.   Other Central Expenditure,30.3,,30.3,31.0,,31.0,31.0,,31.0,32.0,,32.0
62,Statement 4C,Demand No. 89,4502.64,0.36,4503.0,4833.58,0.5,4834.08,4834.58,0.5,4835.08,5317.0,0.5,5317.5
62,Statement 4C,Department of Scientific and Industrial Research 121. Council of Scientific and Industrial Research (CSIR),4521.28,,4521.28,4831.58,,4831.58,4831.58,,4831.58,5312.0,,5312.0
62,Statement 4C,122.   Other Central Expenditure,-18.64,0.36,-18.28,2.0,0.5,2.5,3.0,0.5,3.5,5.0,0.5,5.5
62,Statement 4C,Demand No. 90,241.8,-23.8,218.0,211.9,11.7,223.6,276.31,9.62,285.93,446.2,10.0,456.2
62,Statement 4C,Ministry of Shipping 123. Other Central Expenditure,241.8,-23.8,218.0,211.9,11.7,223.6,276.31,9.62,285.93,446.2,10.0,456.2
62,Statement 4C,Demand No. 91,-0.03,,-0.03,,,,,,,,,
62,Statement 4C,Ministry of Skill Development and Entrepreneurship 124. Other Central Expenditure,-0.03,,-0.03,,,,,,,,,
62,Statement 4C,Demand No. 92,43.37,277.39,320.76,46.0,455.0,501.0,44.93,455.0,499.93,61.0,545.0,606.0
62,Statement 4C,Department of Social Justice and Empowerment 125. Other Central Expenditure,43.37,277.39,320.76,46.0,455.0,501.0,44.93,455.0,499.93,61.0,545.0,606.0
62,Statement 4C,Demand No. 93,267.94,20.75,288.69,322.02,41.21,363.23,342.55,0.92,343.47,515.52,0.01,515.53
62,Statement 4C,Department of Empowerment of Persons with Disabilities 126. Other Central Expenditure,267.94,20.75,288.69,322.02,41.21,363.23,342.55,0.92,343.47,515.52,0.01,515.53
62,Statement 4C,Demand No. 94,678.28,,678.28,633.0,10.0,643.0,711.44,10.0,721.44,662.3,,662.3
63,Statement 4C,127.   Other Central Expenditure,678.28,,678.28,633.0,10.0,643.0,711.44,10.0,721.44,662.3,,662.3
63,Statement 4C,Demand No. 95,-21.89,,-21.89,,,,,,,,,
63,Statement 4C,Ministry of Statistics and Programme Implementation 128. Other Central Expenditure,-21.89,,-21.89,,,,,,,,,
63,Statement 4C,Demand No. 96,107.14,,107.14,191.75,,191.75,146.54,,146.54,46.42,,46.42
63,Statement 4C,Ministry of Steel 129. Other Central Expenditure,107.14,,107.14,191.75,,191.75,146.54,,146.54,46.42,,46.42
63,Statement 4C,Demand No. 97,-34.0,,-34.0,,0.52,0.52,,0.52,0.52,,0.03,0.03
63,Statement 4C,Ministry of Textiles 130. Other Central Expenditure,-34.0,,-34.0,,0.52,0.52,,0.52,0.52,,0.03,0.03
63,Statement 4C,Demand No. 100,195.4,,195.4,189.61,,189.61,199.0,,199.0,217.6,,217.6
63,Statement 4C,Ministry of Women and Child Development 131. Other Central Expenditure,195.4,,195.4,189.61,,189.61,199.0,,199.0,217.6,,217.6
63,Statement 4C,Demand No. 101,666.19,,666.19,838.92,35.0,873.92,1143.42,45.0,1188.42,996.0,51.0,1047.0
63,Statement 4C,Ministry of Youth Affairs and Sports 132. Sports Authority of India,395.0,,395.0,450.0,,450.0,615.0,,615.0,500.0,,500.0
63,Statement 4C,133.   Other Central Expenditure,271.19,,271.19,388.92,35.0,423.92,528.42,45.0,573.42,496.0,51.0,547.0
63,Statement 4C,Grand Total,663215.78,14187.73,677403.51,751081.93,21046.66,772128.59,721617.37,19936.04,741553.41,827406.33,60167.84,887574.17
64,Statement 4D,Demand No. 31,54275.0,,54275.0,101200.02,,101200.02,121200.02,,121200.02,135368.05,,135368.05
64,Statement 4D,Department of Revenue 1. Compensation to States/UTs for revenue losses on,123550.0,,123550.0,101200.0,,101200.0,121200.0,,121200.0,135368.03,,135368.03
64,Statement 4D,roll out of GST 2. Other Transfer,,,,0.02,,0.02,0.02,,0.02,0.02,,0.02
64,Statement 4D,3.   Met From Reserve Fund,-69275.0,,-69275.0,-101200.0,,-101200.0,-121200.0,,-121200.0,-135368.03,,-135368.03
64,Statement 4D,4.   Transfer to GST Compensation Fund,,,,101200.0,,101200.0,121200.0,,121200.0,135368.03,,135368.03
64,Statement 4D,Demand No. 38,16018.05,9422.69,25440.74,27520.0,7461.23,34981.23,24710.0,7027.12,31737.12,41070.0,9452.65,50522.65
64,Statement 4D,Transfers to States 5. Other Transfer,1008.16,,1008.16,500.0,,500.0,500.0,,500.0,,,
64,Statement 4D,6.   Additional Central Assistance for Externally Aided,,9422.69,9422.69,,7461.23,7461.23,,7027.12,7027.12,,9452.65,9452.65
64,Statement 4D,Projects (Block Loans) 7.   Additional Central Assistance for Externally Aided,2824.08,,2824.08,4500.0,,4500.0,3000.0,,3000.0,4000.0,,4000.0
64,Statement 4D,Projects (Grants) 8.   Assistance to States from National Disaster,7500.0,,7500.0,7520.0,,7520.0,17210.0,,17210.0,22070.0,,22070.0
64,Statement 4D,Response Fund (NDRF) 9.   Special Assistance,4685.81,,4685.81,15000.0,,15000.0,4000.0,,4000.0,15000.0,,15000.0
64,Statement 4D,Demand No. 46,46.0,,46.0,43.0,,43.0,14651.78,,14651.78,73.01,,73.01
64,Statement 4D,Ministry of Home Affairs 10. Other Transfer,46.0,,46.0,43.0,,43.0,14651.78,,14651.78,73.01,,73.01
64,Statement 4D,Demand No. 48,-688.13,-77.98,-766.11,,,,,,,,,
64,Statement 4D,Police 11. Other Transfer,-688.13,-77.98,-766.11,,,,,,,,,
64,Statement 4D,Demand No. 54,781.24,80.0,861.24,812.0,300.0,1112.0,812.0,225.0,1037.0,966.0,150.0,1116.0
64,Statement 4D,Transfers to Delhi 12. Other Transfer,331.25,80.0,411.25,340.0,300.0,640.0,340.0,225.0,565.0,340.0,150.0,490.0
64,Statement 4D,13.   Central Assistance to Union Territories,449.99,,449.99,472.0,,472.0,472.0,,472.0,626.0,,626.0
64,Statement 4D,Demand No. 55,,,,,,,,,,30757.0,,30757.0
64,Statement 4D,Transfers to Jammu and Kashmir 14. Central Assistance to Union Territories,,,,,,,,,,30478.0,,30478.0
64,Statement 4D,15.   Other Transfer,,,,,,,,,,279.0,,279.0
64,Statement 4D,Demand No. 56,1475.99,49.61,1525.6,1600.99,0.01,1601.0,1600.99,0.01,1601.0,1703.01,0.01,1703.02
64,Statement 4D,Transfers to Puducherry 16. Other Transfer,5.0,49.61,54.61,61.01,0.01,61.02,61.01,0.01,61.02,5.01,0.01,5.02
65,Statement 4D,17.   Central Assistance to Union Territories,1470.99,,1470.99,1539.98,,1539.98,1539.98,,1539.98,1698.0,,1698.0
65,Statement 4D,Demand No. 58,-6.1,,-6.1,,,,,,,,,
65,Statement 4D,Department of School Education and Literacy 18. Other Transfer,-6.1,,-6.1,,,,,,,,,
65,Statement 4D,Demand No. 59,469.17,,469.17,2000.0,,2000.0,1800.0,,1800.0,1900.0,,1900.0
65,Statement 4D,Department of Higher Education 19. Improvement in Salary Scale of University and,469.17,,469.17,2000.0,,2000.0,1800.0,,1800.0,1900.0,,1900.0
65,Statement 4D,College Teachers Demand No. 64,912.84,3656.37,4569.21,1429.55,25.0,1454.55,1380.06,75.0,1455.06,487.0,150.0,637.0
65,Statement 4D,Law and Justice 20. Other Transfer,912.84,3656.37,4569.21,1429.55,25.0,1454.55,1380.06,75.0,1455.06,487.0,150.0,637.0
65,Statement 4D,Demand No. 99,1819.82,,1819.82,2662.56,,2662.56,2662.55,,2662.55,1350.01,,1350.01
65,Statement 4D,Ministry of Tribal Affairs 21. Other Transfer,,,,0.01,,0.01,,,,0.01,,0.01
65,Statement 4D,22.   Grants under proviso to Article 275(1) of the,1819.82,,1819.82,2662.55,,2662.55,2662.55,,2662.55,1350.0,,1350.0
65,Statement 4D,Constitution Grand Total,75103.88,13130.69,88234.57,137268.12,7786.24,145054.36,168817.4,7327.13,176144.53,213674.08,9752.66,223426.74
66,Statement 5,1. Ministry of Agriculture and Farmers' Welfare,6.13,,6.13,19.45,,19.45,77.12,,77.12,147.15,,147.15
66,Statement 5,"1. Department of Agriculture, Cooperation and",6.13,,6.13,19.45,,19.45,77.12,,77.12,147.15,,147.15
66,Statement 5,"Farmers' Welfare 2. Ministry of Ayurveda, Yoga and Naturopathy, Unani, Siddha",4.46,,4.46,9.0,,9.0,2.38,,2.38,9.0,,9.0
66,Statement 5,"and Homoeopathy (AYUSH) 2. Ministry of Ayurveda, Yoga and Naturopathy,",4.46,,4.46,9.0,,9.0,2.38,,2.38,9.0,,9.0
66,Statement 5,"Unani, Siddha and Homoeopathy (AYUSH) 3. Ministry of Environment, Forests and Climate Change",6.43,,6.43,1.5,,1.5,0.5,,0.5,1.5,,1.5
66,Statement 5,"3. Ministry of Environment, Forests and Climate",6.43,,6.43,1.5,,1.5,0.5,,0.5,1.5,,1.5
66,Statement 5,Change 4. Ministry of Finance,4774.0,,4774.0,5200.01,,5200.01,9000.01,,9000.01,7928.01,,7928.01
66,Statement 5,4. Department of Revenue,4774.0,,4774.0,5200.01,,5200.01,9000.01,,9000.01,7928.01,,7928.01
66,Statement 5,"5. Ministry of Fisheries, Animal Husbandry and Dairying",15.63,,15.63,15.68,,15.68,13.19,,13.19,120.97,,120.97
66,Statement 5,5. Department of Fisheries,,,,11.75,,11.75,12.5,,12.5,47.0,,47.0
66,Statement 5,6.   Department of Animal Husbandry and Dairying,15.63,,15.63,3.93,,3.93,0.69,,0.69,73.97,,73.97
66,Statement 5,6. Ministry of Health and Family Welfare,192.39,,192.39,203.59,,203.59,254.86,,254.86,863.56,,863.56
66,Statement 5,7. Department of Health and Family Welfare,192.39,,192.39,203.59,,203.59,254.86,,254.86,863.56,,863.56
66,Statement 5,7. Ministry of Home Affairs,2258.37,129.61,2387.98,2419.17,300.01,2719.18,17525.51,225.01,17750.52,34156.09,150.01,34306.1
66,Statement 5,8. Ministry of Home Affairs,0.25,,0.25,0.17,,0.17,14563.29,,14563.29,13.73,,13.73
66,Statement 5,9.   Police,0.89,,0.89,6.01,,6.01,549.23,,549.23,716.35,,716.35
66,Statement 5,10.   Transfers to Delhi,781.24,80.0,861.24,812.0,300.0,1112.0,812.0,225.0,1037.0,966.0,150.0,1116.0
66,Statement 5,11.   Transfers to Jammu and Kashmir,,,,,,,,,,30757.0,,30757.0
66,Statement 5,12.   Transfers to Puducherry,1475.99,49.61,1525.6,1600.99,0.01,1601.0,1600.99,0.01,1601.0,1703.01,0.01,1703.02
66,Statement 5,8. Ministry of Housing and Urban Affairs,69.47,,69.47,769.22,,769.22,200.77,,200.77,482.02,,482.02
66,Statement 5,13. Ministry of Housing and Urban Affairs,69.47,,69.47,769.22,,769.22,200.77,,200.77,482.02,,482.02
66,Statement 5,9. Ministry of Human Resource Development,258.9,,258.9,492.24,,492.24,437.44,,437.44,1558.43,,1558.43
66,Statement 5,14. Department of School Education and Literacy,251.1,,251.1,442.24,,442.24,427.44,,427.44,1518.43,,1518.43
66,Statement 5,15.   Department of Higher Education,7.8,,7.8,50.0,,50.0,10.0,,10.0,40.0,,40.0
66,Statement 5,10. Ministry of Jal Shakti,,,,40.7,,40.7,22.7,,22.7,424.14,,424.14
66,Statement 5,"16. Department of Water Resources, River",,,,20.2,,20.2,20.2,,20.2,21.2,,21.2
66,Statement 5,Development and Ganga Rejuvenation 17. Department of Drinking Water and Sanitation,,,,20.5,,20.5,2.5,,2.5,402.94,,402.94
66,Statement 5,11. Ministry of Labour and Employment,0.08,,0.08,0.3,,0.3,0.3,,0.3,0.3,,0.3
67,Statement 5,18.   Ministry of Labour and Employment,0.08,,0.08,0.3,,0.3,0.3,,0.3,0.3,,0.3
67,Statement 5,12. Ministry of Law and Justice,,,,50.0,,50.0,55.0,,55.0,50.0,,50.0
67,Statement 5,19. Law and Justice,,,,50.0,,50.0,55.0,,55.0,50.0,,50.0
67,Statement 5,13. Ministry of Minority Affairs,,,,5.46,,5.46,5.46,,5.46,5.55,,5.55
67,Statement 5,20. Ministry of Minority Affairs,,,,5.46,,5.46,5.46,,5.46,5.55,,5.55
67,Statement 5,14. Ministry of Panchayati Raj,,,,0.04,,0.04,0.04,,0.04,25.0,,25.0
67,Statement 5,21. Ministry of Panchayati Raj,,,,0.04,,0.04,0.04,,0.04,25.0,,25.0
67,Statement 5,15. Ministry of Petroleum and Natural Gas,0.26,,0.26,4.0,,4.0,,,,,,
67,Statement 5,22. Ministry of Petroleum and Natural Gas,0.26,,0.26,4.0,,4.0,,,,,,
67,Statement 5,16. Ministry of Road Transport and Highways,,,,80.0,,80.0,217.85,,217.85,285.35,,285.35
67,Statement 5,23. Ministry of Road Transport and Highways,,,,80.0,,80.0,217.85,,217.85,285.35,,285.35
67,Statement 5,17. Ministry of Rural Development,76.7,,76.7,124.15,,124.15,99.46,,99.46,834.71,,834.71
67,Statement 5,24. Department of Rural Development,76.7,,76.7,124.15,,124.15,99.46,,99.46,834.71,,834.71
67,Statement 5,18. Ministry of Skill Development and Entrepreneurship,2.25,,2.25,15.7,,15.7,8.45,,8.45,29.6,,29.6
67,Statement 5,25. Ministry of Skill Development and Entrepreneurship,2.25,,2.25,15.7,,15.7,8.45,,8.45,29.6,,29.6
67,Statement 5,19. Ministry of Social Justice and Empowerment,15.93,,15.93,28.33,,28.33,29.83,,29.83,35.63,,35.63
67,Statement 5,26. Department of Social Justice and Empowerment,15.91,,15.91,28.3,,28.3,29.8,,29.8,35.6,,35.6
67,Statement 5,27.    Department of Empowerment of Persons with,0.02,,0.02,0.03,,0.03,0.03,,0.03,0.03,,0.03
67,Statement 5,Disabilities 20. Ministry of Tribal Affairs,,,,0.03,,0.03,0.03,,0.03,51.01,,51.01
67,Statement 5,28. Ministry of Tribal Affairs,,,,0.03,,0.03,0.03,,0.03,51.01,,51.01
67,Statement 5,21. Ministry of Women and Child Development,143.92,,143.92,249.64,,249.64,242.85,,242.85,249.63,,249.63
67,Statement 5,29. Ministry of Women and Child Development,143.92,,143.92,249.64,,249.64,242.85,,242.85,249.63,,249.63
67,Statement 5,Grand Total,7824.92,129.61,7954.53,9728.21,300.01,10028.22,28193.75,225.01,28418.76,47257.65,150.01,47407.66
86,Statement 8,Department of Atomic Energy,6075.49,4589.25,1486.24,6903.89,5959.35,944.54,7203.89,6002.96,1200.93,7035.82,6812.92,222.9
86,Statement 8,Atomic Energy,6075.49,4589.25,1486.24,6903.89,5959.35,944.54,7203.89,6002.96,1200.93,7035.82,6812.92,222.9
86,Statement 8,1. Fuel Fabrication Facilities,2478.92,868.71,1610.21,2481.83,2286.29,195.54,2581.83,2286.29,295.54,2684.82,2977.95,-293.13
86,Statement 8,2.   Fuel Inventory,2296.57,2420.54,-123.97,3122.06,2373.06,749.0,3322.06,2416.67,905.39,3051.0,2534.97,516.03
86,Statement 8,3.   Heavy Water Pool Management,1300.0,1300.0,,1300.0,1300.0,,1300.0,1300.0,,1300.0,1300.0,
86,Statement 8,Ministry of Communications,26966.54,13195.68,13770.86,29281.76,19203.29,10078.47,30703.71,19203.29,11500.42,32628.2,18710.05,13918.15
86,Statement 8,Department of Posts,26966.54,13195.68,13770.86,29281.76,19203.29,10078.47,30703.71,19203.29,11500.42,32628.2,18710.05,13918.15
86,Statement 8,4. Postal Deficit,26966.54,13195.68,13770.86,29281.76,19203.29,10078.47,30703.71,19203.29,11500.42,32628.2,18710.05,13918.15
86,Statement 8,Ministry of Defence,16262.74,19469.66,-3206.92,18302.83,18450.0,-147.17,19550.67,19703.0,-152.33,20098.5,20208.0,-109.5
86,Statement 8,Ministry of Defence (Civil),16262.74,19469.66,-3206.92,18302.83,18450.0,-147.17,19550.67,19703.0,-152.33,20098.5,20208.0,-109.5
86,Statement 8,5. Canteen Stores Department,16262.74,19469.66,-3206.92,18302.83,18450.0,-147.17,19550.67,19703.0,-152.33,20098.5,20208.0,-109.5
86,Statement 8,Ministry of Finance,241.54,155.69,85.85,278.87,150.0,128.87,254.75,150.0,104.75,286.41,150.0,136.41
86,Statement 8,Department of Revenue,241.54,155.69,85.85,278.87,150.0,128.87,254.75,150.0,104.75,286.41,150.0,136.41
86,Statement 8,6. Opium and Alkaloid Factories,241.54,155.69,85.85,278.87,150.0,128.87,254.75,150.0,104.75,286.41,150.0,136.41
86,Statement 8,"Ministry of Fisheries, Animal Husbandry and Dairying",322.57,359.2,-36.63,366.64,410.4,-43.76,385.27,390.27,-5.0,380.47,415.0,-34.53
86,Statement 8,Department of Animal Husbandry and Dairying,322.57,359.2,-36.63,366.64,410.4,-43.76,385.27,390.27,-5.0,380.47,415.0,-34.53
86,Statement 8,7. Delhi Milk Scheme,322.57,359.2,-36.63,366.64,410.4,-43.76,385.27,390.27,-5.0,380.47,415.0,-34.53
86,Statement 8,Ministry of Railways,190507.36,190507.36,,216935.0,216935.0,,206269.01,206269.0,0.01,225913.01,225913.0,0.01
86,Statement 8,Ministry of Railways,190507.36,190507.36,,216935.0,216935.0,,206269.01,206269.0,0.01,225913.01,225913.0,0.01
86,Statement 8,8. Indian Railways,190507.36,190507.36,,216935.0,216935.0,,206269.01,206269.0,0.01,225913.01,225913.0,0.01
86,Statement 8,Ministry of Shipping,248.07,293.98,-45.91,320.0,320.0,,320.0,320.0,,320.0,320.0,
86,Statement 8,Ministry of Shipping,248.07,293.98,-45.91,320.0,320.0,,320.0,320.0,,320.0,320.0,
86,Statement 8,9. Light Houses and Light Ships,248.07,293.98,-45.91,320.0,320.0,,320.0,320.0,,320.0,320.0,
86,Statement 8,Grand Total,240624.31,228570.82,12053.49,272388.99,261428.04,10960.95,264687.3,252038.52,12648.78,286662.41,272528.97,14133.44
92,Statement 10A,Demand No. 1,5543.45,,5543.45,21556.85,,21556.85,16826.93,,16826.93,22212.43,,22212.43
92,Statement 10A,"Department of Agriculture, Cooperation and Farmers' Welfare 1. National Food Security Mission",222.67,,222.67,332.0,,332.0,235.55,,235.55,343.08,,343.08
92,Statement 10A,2.   Organic Value Chain Development for North East,8.12,,8.12,26.97,,26.97,26.97,,26.97,29.01,,29.01
92,Statement 10A,Region 3.   National Project on Soil Health and Fertility,27.7,,27.7,53.95,,53.95,16.8,,16.8,53.25,,53.25
92,Statement 10A,4.   Rainfed Area Development and Climate Change,32.83,,32.83,41.5,,41.5,22.19,,22.19,33.5,,33.5
92,Statement 10A,5.   Paramparagat Krishi Vikas Yojana,53.66,,53.66,50.05,,50.05,45.5,,45.5,91.3,,91.3
92,Statement 10A,6.   National Project on Agro- Forestry,3.73,,3.73,11.5,,11.5,6.55,,6.55,6.02,,6.02
92,Statement 10A,7.   National Mission on Horticulture,229.64,,229.64,365.2,,365.2,197.0,,197.0,356.22,,356.22
92,Statement 10A,8.   Sub- Mission on Seed and Planting Material,39.45,,39.45,58.4,,58.4,38.02,,38.02,62.77,,62.77
92,Statement 10A,9.   Sub - Mission on Agriculture Extension,139.77,,139.77,158.15,,158.15,157.7,,157.7,199.28,,199.28
92,Statement 10A,10.   Information Technology,3.89,,3.89,5.66,,5.66,4.2,,4.2,3.66,,3.66
92,Statement 10A,11.   Sub- Mission on Agriculture Mechanisation,196.26,,196.26,161.35,,161.35,167.35,,167.35,166.21,,166.21
92,Statement 10A,12.   Integrated Scheme on Agricultural Cooperation,19.49,,19.49,14.29,,14.29,18.99,,18.99,66.4,,66.4
92,Statement 10A,13.   Agriculture Marketing 13.01   Integrated Scheme on Agriculture,25.39,,25.39,99.6,,99.6,46.36,,46.36,82.65,,82.65
92,Statement 10A,Marketing 14.   Market Intervention Scheme and Price Support,,,,498.0,,498.0,217.94,,217.94,332.0,,332.0
92,Statement 10A,Scheme (MIS-PSS) 15.   Crop Insurance Scheme 15.01   Pradhan Mantri Fasal Bima Yojana,1910.2,,1910.2,2373.03,,2373.03,2373.03,,2373.03,2605.37,,2605.37
92,Statement 10A,16.   Interest Subsidy for Short Term Credit to Farmers 16.01   Interest Subsidy for Short Term Credit to,768.58,,768.58,2988.0,,2988.0,2988.0,,2988.0,3552.69,,3552.69
92,Statement 10A,Farmers 17.   Pradhan Mantri Krishi Sinchai Yojana (PMKSY)-,393.77,,393.77,581.0,,581.0,349.33,,349.33,650.97,,650.97
92,Statement 10A,Per Drop More Crop 18.   Rashtriya Krishi Vikas Yojna,605.01,,605.01,630.8,,630.8,498.0,,498.0,613.4,,613.4
92,Statement 10A,19.   National Bamboo Mission,14.6,,14.6,26.6,,26.6,10.5,,10.5,15.25,,15.25
92,Statement 10A,20.   Pradhan Mantri Annadata Aay Sanrakshan Yojna,,,,249.0,,249.0,,,,83.0,,83.0
93,Statement 10A,21.   Promotion of Agricultural Mechanization for in-situ,,,,99.6,,99.6,99.6,,99.6,99.6,,99.6
93,Statement 10A,Management of Crop Residue 22.   Distribution of Pulses to State / Union Territories for,,,,132.8,,132.8,23.6,,23.6,132.8,,132.8
93,Statement 10A,Welfare Schemes 23.   Pradhan Mantri Kisan Man Dhan Yojana,,,,149.4,,149.4,33.6,,33.6,36.52,,36.52
93,Statement 10A,24.   Pradhan Mantri Kisan Samman Nidhi (PM-Kisan),848.69,,848.69,12450.0,,12450.0,9250.15,,9250.15,12597.48,,12597.48
93,Statement 10A,Demand No. 2,190.95,,190.95,205.46,,205.46,193.07,,193.07,207.42,,207.42
93,Statement 10A,Department of Agricultural Research and Education 25. Agricultural Engineering,4.94,,4.94,5.31,,5.31,5.31,,5.31,5.81,,5.81
93,Statement 10A,26.   Natural Resource Management Institutes including,12.3,,12.3,13.24,,13.24,13.18,,13.18,14.46,,14.46
93,Statement 10A,Agro Forestry Research 27.   Climate Resilient Agriculture Initiative,3.67,,3.67,3.95,,3.95,3.7,,3.7,4.3,,4.3
93,Statement 10A,28.   Crop Science,54.12,,54.12,58.23,,58.23,52.7,,52.7,59.38,,59.38
93,Statement 10A,29.   Horticultural Science,13.76,,13.76,14.8,,14.8,14.4,,14.4,16.1,,16.1
93,Statement 10A,30.   National Agricultural Science Fund,4.21,,4.21,4.53,,4.53,,,,,,
93,Statement 10A,31.   Animal Science,23.99,,23.99,25.81,,25.81,25.81,,25.81,27.39,,27.39
93,Statement 10A,32.   Fisheries Science,10.98,,10.98,11.82,,11.82,11.82,,11.82,12.95,,12.95
93,Statement 10A,33.   Agricultural Extension,17.06,,17.06,18.36,,18.36,18.36,,18.36,20.13,,20.13
93,Statement 10A,34.   Agricultural Universities and Institutions,43.62,,43.62,46.94,,46.94,45.32,,45.32,44.41,,44.41
93,Statement 10A,35.   Economic Statistics and Management,2.3,,2.3,2.47,,2.47,2.47,,2.47,2.49,,2.49
93,Statement 10A,Demand No. 4,14.0,,14.0,67.0,,67.0,56.0,,56.0,71.0,,71.0
93,Statement 10A,"Ministry of Ayurveda, Yoga and Naturopathy, Unani, Siddha and Homoeopathy (AYUSH) 36. Other Autonomous Bodies 36.01    Support from Gross Budgetary Support",1.0,,1.0,1.0,,1.0,1.0,,1.0,1.0,,1.0
93,Statement 10A,(GBS) 37.   National AYUSH Misson (NAM) (Support from,,,,42.0,,42.0,,,,,,
93,Statement 10A,National Investment Fund) 38.   Central Council for Research in Ayurvedic Sciences,8.0,,8.0,8.0,,8.0,8.0,,8.0,8.0,,8.0
93,Statement 10A,39.   Central Council for Research in Homeopathy,1.0,,1.0,1.0,,1.0,1.0,,1.0,2.0,,2.0
93,Statement 10A,40.   Central Council for Research in Unani Medicine,3.0,,3.0,3.0,,3.0,3.0,,3.0,3.0,,3.0
93,Statement 10A,41.   National Medicinal Plants Board,1.0,,1.0,1.0,,1.0,1.0,,1.0,1.0,,1.0
94,Statement 10A,42.   National AYUSH Misson (NAM) (Support From,,,,11.0,,11.0,42.0,,42.0,56.0,,56.0
94,Statement 10A,GBS) Demand No. 9,,,,91.05,,91.05,76.52,,76.52,68.06,,68.06
94,Statement 10A,Ministry of Coal 43. Research and Development,,,,2.08,,2.08,1.83,,1.83,2.08,,2.08
94,Statement 10A,"44.   Conservation, Safety and Infrastructure",,,,11.2,,11.2,12.02,,12.02,7.88,,7.88
94,Statement 10A,Development in Coal Mines 45.   Exploration of Coal and Lignite,,,,77.77,,77.77,62.67,,62.67,58.1,,58.1
94,Statement 10A,Demand No. 10,17.01,,17.01,25.0,,25.0,25.0,,25.0,25.0,,25.0
94,Statement 10A,Department of Commerce 46. Agricultural Product Export Development Authority,,,,5.0,,5.0,1.25,,1.25,,,
94,Statement 10A,(APEDA) 47. Marine Product Export Development Authority,,,,,,,3.75,,3.75,7.99,,7.99
94,Statement 10A,(MPEDA) 48. Tea Board,9.19,,9.19,5.42,,5.42,5.42,,5.42,5.42,,5.42
94,Statement 10A,49.   Coffee Board,1.49,,1.49,5.29,,5.29,5.29,,5.29,3.3,,3.3
94,Statement 10A,50.   Rubber Board,4.29,,4.29,4.29,,4.29,4.29,,4.29,4.29,,4.29
94,Statement 10A,51.   Spices Board,2.04,,2.04,5.0,,5.0,5.0,,5.0,4.0,,4.0
94,Statement 10A,Demand No. 13,,,,1408.76,414.56,1823.32,271.66,,271.66,690.81,,690.81
94,Statement 10A,Department of Telecommunications 52. Optical Fibre Cable based network for Defence Services 52.01 Optical Fibre Cable based network for,,,,,414.56,414.56,,,,,,
94,Statement 10A,Defence Services 53. Centre for Development of Telematics (C-DoT),,,,22.66,,22.66,22.66,,22.66,26.81,,26.81
94,Statement 10A,54.   Compensation to Service Providers for creation and augmentation of telecom infrastructure 54.01 Bharatnet,,,,498.0,,498.0,166.0,,166.0,498.0,,498.0
94,Statement 10A,54.02  Compensation to Telecom Service,,,,195.05,,195.05,83.0,,83.0,166.0,,166.0
94,Statement 10A,Providers 54.03 Transfer to Universal Service Obligation,,,,693.05,,693.05,,,,,,
94,Statement 10A,(USO) Fund Total- Compensation to Service Providers for creation,,,,1386.1,,1386.1,249.0,,249.0,664.0,,664.0
94,Statement 10A,and augmentation of telecom infrastructure Demand No. 14,4.98,,4.98,5.14,,5.14,4.0,,4.0,4.98,,4.98
94,Statement 10A,Department of Consumer Affairs 55. Consumer Awareness (Advertising and Publicity),4.98,,4.98,5.14,,5.14,4.0,,4.0,4.98,,4.98
95,Statement 10A,Demand No. 17,10.17,,10.17,47.85,,47.85,11.76,,11.76,48.0,,48.0
95,Statement 10A,"Ministry of Culture 56. Centenaries and Anniversaries, Celebrations and",,,,2.0,,2.0,0.02,,0.02,12.0,,12.0
95,Statement 10A,Schemes 57. Kala Sanskriti Vikas Yojana,5.16,,5.16,23.5,,23.5,11.7,,11.7,22.68,,22.68
95,Statement 10A,58.   Development of Museums,1.91,,1.91,11.6,,11.6,0.02,,0.02,13.1,,13.1
95,Statement 10A,59.   National Mission for Preservation of Manuscripts,1.1,,1.1,2.75,,2.75,,,,0.2,,0.2
95,Statement 10A,60.   Development of Libraries and Archives,2.0,,2.0,8.0,,8.0,0.02,,0.02,0.02,,0.02
95,Statement 10A,Demand No. 22,128.4,,128.4,247.5,,247.5,198.17,,198.17,251.3,,251.3
95,Statement 10A,Ministry of Development of North Eastern Region 61. Schemes of North East Council,38.4,,38.4,40.0,,40.0,4.47,,4.47,40.0,,40.0
95,Statement 10A,62.   Schemes of North East Council - Special,60.0,,60.0,30.0,,30.0,30.0,,30.0,30.0,,30.0
95,Statement 10A,Development Projects 63.   Central Pool of Resources for North East and,,,,77.5,,77.5,77.5,,77.5,70.0,,70.0
95,Statement 10A,Sikkim 64.   North East Special Infrastructure Development Scheme (NESIDS) 64.01 NESIDS Programme,30.0,,30.0,100.0,,100.0,86.2,,86.2,111.3,,111.3
95,Statement 10A,Demand No. 24,145.0,,145.0,311.35,,311.35,266.64,,266.64,328.52,,328.52
95,Statement 10A,Ministry of Electronics and Information Technology 65. Cyber Security Projects (NCCC & Others),,,,,,,,,,9.96,,9.96
95,Statement 10A,66.   Electronic Governance 66.01   Program Component,31.0,,31.0,30.0,,30.0,30.0,,30.0,30.0,,30.0
95,Statement 10A,67.   Promotion of Digital payment,,,,82.0,,82.0,67.29,,67.29,15.0,,15.0
95,Statement 10A,68.   Pradhan Mantri Gramin Digital Saksharta Abhiyan,82.0,,82.0,89.8,,89.8,89.8,,89.8,35.0,,35.0
95,Statement 10A,(PMGDISHA) 69.   Manpower Development,20.0,,20.0,60.0,,60.0,30.0,,30.0,40.0,,40.0
95,Statement 10A,70.   National Knowledge Network,11.0,,11.0,30.0,,30.0,30.0,,30.0,35.0,,35.0
95,Statement 10A,71.   Promotion of Electronics and IT HW Manufacturing,,,,,,,,,,80.56,,80.56
95,Statement 10A,"(MSIPS, EDF and Manufacturing Clusters) 72.   Promotion of IT/ITeS Industries",,,,,,,,,,10.0,,10.0
95,Statement 10A,73.   R and D in IT/Electronics/CCBT,1.0,,1.0,19.55,,19.55,19.55,,19.55,73.0,,73.0
95,Statement 10A,Demand No. 25,63.35,,63.35,100.0,,100.0,84.25,,84.25,109.0,,109.0
96,Statement 10A,74.   National Adaptation Fund,5.0,,5.0,5.0,,5.0,5.0,,5.0,5.0,,5.0
96,Statement 10A,75.   National Mission on Himalayan Studies,,,,6.0,,6.0,,,,,,
96,Statement 10A,76.   Environment Information Systems (ENVIS),,,,5.0,,5.0,2.0,,2.0,5.0,,5.0
96,Statement 10A,77.   National Biodiversity Authority,,,,2.0,,2.0,2.0,,2.0,1.0,,1.0
96,Statement 10A,"78.   Environmental Education, Awareness and Training",0.5,,0.5,6.0,,6.0,6.0,,6.0,10.0,,10.0
96,Statement 10A,79.   National Mission for a Green India 79.01   Green India Mission-National,16.0,,16.0,17.0,,17.0,17.0,,17.0,25.0,,25.0
96,Statement 10A,Afforestation Programme 79.02   Forest Fire Prevention and Management,2.45,,2.45,3.0,,3.0,3.0,,3.0,6.0,,6.0
96,Statement 10A,Total- National Mission for a Green India,18.45,,18.45,20.0,,20.0,20.0,,20.0,31.0,,31.0
96,Statement 10A,80.   Integrated Development of Wildlife Habitats 80.01   Development of Wildlife Habitats,9.67,,9.67,12.0,,12.0,12.0,,12.0,18.0,,18.0
96,Statement 10A,80.02   Project Tiger,20.0,,20.0,28.0,,28.0,28.0,,28.0,28.0,,28.0
96,Statement 10A,80.03   Project Elephant,1.0,,1.0,2.0,,2.0,2.0,,2.0,3.0,,3.0
96,Statement 10A,Total- Integrated Development of Wildlife Habitats,30.67,,30.67,42.0,,42.0,42.0,,42.0,49.0,,49.0
96,Statement 10A,81.   Conservation of Natural Resources and Ecosystems 81.01   Conservation of Aquatic Ecosystems,1.0,,1.0,3.0,,3.0,3.0,,3.0,2.0,,2.0
96,Statement 10A,81.02   Biodiversity Conservation,0.24,,0.24,5.0,,5.0,1.25,,1.25,2.0,,2.0
96,Statement 10A,Total- Conservation of Natural Resources and,1.24,,1.24,8.0,,8.0,4.25,,4.25,4.0,,4.0
96,Statement 10A,Ecosystems 82.   National River Conservation Programme 82.01   Programme Component,5.0,,5.0,,,,,,,,,
96,Statement 10A,83.   Indian Institute of Forest Management,,,,3.0,,3.0,3.0,,3.0,3.0,,3.0
96,Statement 10A,84.   National Coastal Mission (NCM) 84.01   Programme Component,2.49,,2.49,3.0,,3.0,,,,1.0,,1.0
96,Statement 10A,Demand No. 39,,,,112.89,,112.89,88.25,,88.25,107.09,,107.09
96,Statement 10A,Department of Fisheries 85. National Fisheries Development Board,,,,13.28,,13.28,13.28,,13.28,13.2,,13.2
96,Statement 10A,86.   Integrated Development and Management of,,,,97.84,,97.84,74.97,,74.97,92.8,,92.8
97,Statement 10A,87.  Fisheries and Aquaculture Infrastructure,,,,1.77,,1.77,,,,1.09,,1.09
97,Statement 10A,Development Fund Demand No. 40,486.46,,486.46,455.08,,455.08,425.72,,425.72,517.21,,517.21
97,Statement 10A,Department of Animal Husbandry and Dairying 88. National Fisheries Development Board,17.0,,17.0,,,,,,,,,
97,Statement 10A,89.   National Dairy Plan (EAP),53.94,,53.94,,,,,,,,,
97,Statement 10A,90.   National Programme for Dairy Development,46.06,,46.06,53.96,,53.96,42.4,,42.4,49.8,,49.8
97,Statement 10A,91.   Dairy Entrepreneurship Development,53.82,,53.82,54.16,,54.16,44.56,,44.56,0.01,,0.01
97,Statement 10A,92.   Rashtriya Gokul Mission,120.55,,120.55,46.13,,46.13,46.13,,46.13,53.5,,53.5
97,Statement 10A,93.   Supporting Dairy Cooperatives and Farmer,0.5,,0.5,16.6,,16.6,16.6,,16.6,16.6,,16.6
97,Statement 10A,Producer Organizations engaged in Dairy Activities 94.   Livestock Health and Disease Control,70.01,,70.01,75.36,,75.36,60.37,,60.37,69.01,,69.01
97,Statement 10A,95.   National Livestock Mission,51.67,,51.67,80.3,,80.3,61.27,,61.27,87.4,,87.4
97,Statement 10A,96.   Livestock Census and Integrated Sample Survey,7.53,,7.53,12.09,,12.09,4.91,,4.91,,,
97,Statement 10A,97.   Integrated Development and Management of,63.56,,63.56,,,,,,,,,
97,Statement 10A,Fisheries 98. Dairy Processing and Infrastructure Development,1.66,,1.66,9.63,,9.63,8.67,,8.67,9.96,,9.96
97,Statement 10A,Fund 99. Fisheries and Aquaculture Infrastructure,0.16,,0.16,,,,,,,,,
97,Statement 10A,Development Fund 100. Animal Husbandry Infrastructure Development,,,,4.15,,4.15,,,,25.08,,25.08
97,Statement 10A,Fund 101. National Animal Disease Control Programme for,,,,102.7,,102.7,140.81,,140.81,205.85,,205.85
97,Statement 10A,Foot and Mouth Disease (FMD) and Brucellosis Demand No. 41,7.85,,7.85,91.38,,91.38,73.82,,73.82,89.75,,89.75
97,Statement 10A,Ministry of Food Processing Industries 102. Pradhan Mantri Kisan Sampada Yojana,7.85,,7.85,91.38,,91.38,73.82,,73.82,89.75,,89.75
97,Statement 10A,Demand No. 42,6525.96,,6525.96,7802.17,,7802.17,7802.17,,7802.17,8300.0,,8300.0
97,Statement 10A,Department of Health and Family Welfare 103. Rashtriya Swasthya Bima Yojna (RSBY) 103.01 Support from Gross Budgetary Support,22.55,,22.55,31.13,,31.13,22.62,,22.62,5.68,,5.68
97,Statement 10A,(GBS) 104.   Human Resources for Health and Medical Education 104.01   Establishing New Medical Colleges,558.63,,558.63,332.0,,332.0,382.19,,382.19,,,
97,Statement 10A,(upgrading District Hospitals) 104.02   Strengthening Government Medical,165.56,,165.56,207.28,,207.28,124.12,,124.12,,,
98,Statement 10A,104.03 Establishment of New Medical Colleges,,,,,,,,,,976.09,,976.09
98,Statement 10A,and Increase of Seats in existing Government Medical Colleges (NIF) Total- Human Resources for Health and Medical,724.19,,724.19,539.28,,539.28,506.31,,506.31,976.09,,976.09
98,Statement 10A,Education 105.   National Rural Health Mission 105.01    Prime Minister's Development Plan for,20.19,,20.19,16.47,,16.47,4.34,,4.34,,,
98,Statement 10A,Jammu and Kashmir 105.02    RCH Flexible Pool including Routine,1539.98,,1539.98,1441.5,,1441.5,,,,1210.04,,1210.04
98,Statement 10A,"Immunization Programme, Pulse Polio Immunization Programme, National Iodine Deficiency Disorders Control Progrmme etc. (Support from National Investment Funds) 105.03    Health System Strengthening under",2067.76,,2067.76,2857.68,,2857.68,,,,2027.13,,2027.13
98,Statement 10A,NRHM (Support from National Investment Funds) 105.04    Flexible Pool for Communicable,338.66,,338.66,464.74,,464.74,464.74,,464.74,416.72,,416.72
98,Statement 10A,Diseases 105.05    Flexible Pool for Non-Communicable,122.74,,122.74,173.18,,173.18,173.18,,173.18,148.68,,148.68
98,Statement 10A,"Diseases, Injury and Trauma 105.06    Infrastructure Maintenance",1443.42,,1443.42,1657.9,,1657.9,1739.9,,1739.9,1450.85,,1450.85
98,Statement 10A,105.07     RCH Flexible Pool including Routine,,,,,,,1441.5,,1441.5,,,
98,Statement 10A,"Immunization Programme, Pulse Polio Immunization Programme, National Iodine Deficiency Disorders Control Progrmme etc. (Gross Budgetary Support)) 105.08 Health System Strengthening under",91.25,,91.25,,,,2538.25,,2538.25,182.84,,182.84
98,Statement 10A,NRHM (Gross Budgetary Support) 105.09 Ayushman Bharat - Health and Wellness,,,,,,,,,,283.74,,283.74
98,Statement 10A,Centres (NIF) 105.10 Ayushman Bharat - Health and Wellness,,,,,,,332.44,,332.44,,,
98,Statement 10A,Centres (GBS) Total- National Rural Health Mission,5624.0,,5624.0,6611.47,,6611.47,6694.35,,6694.35,5720.0,,5720.0
98,Statement 10A,106.   National Urban Health Mission 106.01    Other Health System for activities,,,,,,,181.82,,181.82,,,
99,Statement 10A,106.02    Other Health System for activities,113.43,,113.43,181.82,,181.82,,,,115.71,,115.71
99,Statement 10A,covered under NUHM (NIF) 106.03 Ayushman Bharat - Health and Wellness,,,,,,,62.8,,62.8,,,
99,Statement 10A,Centres (GBS) 106.04 Ayushman Bharat - Health and Wellness,,,,64.83,,64.83,,,,41.33,,41.33
99,Statement 10A,Centres (NIF) Total- National Urban Health Mission,113.43,,113.43,246.65,,246.65,244.62,,244.62,157.04,,157.04
99,Statement 10A,107.   Tertiary Care Programs 107.01   National Mental Health Programme,,,,6.25,,6.25,,,,6.25,,6.25
99,Statement 10A,107.02   Capacity Building for Trauma Centres,,,,16.98,,16.98,,,,16.98,,16.98
99,Statement 10A,107.03    National Programme for Health Care for,,,,11.34,,11.34,,,,11.34,,11.34
99,Statement 10A,the Elderly 107.04 National Programme for prevention and,9.28,,9.28,34.0,,34.0,29.2,,29.2,37.8,,37.8
99,Statement 10A,"control of Cancer, Diabetes, Cardio- vascular Disease and Stroke Total- Tertiary Care Programs",9.28,,9.28,68.57,,68.57,29.2,,29.2,72.37,,72.37
99,Statement 10A,108.   Ayushman Bharat - Pradhan Mantri Jan Arogya Yojana (PMJAY) 108.01 Support from Gross Budgetary Support,,,,275.0,,275.0,275.0,,275.0,41.66,,41.66
99,Statement 10A,(GBS) 108.02 Support from National Investment Fund,,,,,,,,,,1290.66,,1290.66
99,Statement 10A,(NIF) Total- Ayushman Bharat - Pradhan Mantri Jan Arogya,,,,275.0,,275.0,275.0,,275.0,1332.32,,1332.32
99,Statement 10A,Yojana (PMJAY) 109.   Strengthening of State Drug Regulatory System,32.51,,32.51,30.07,,30.07,30.07,,30.07,36.5,,36.5
99,Statement 10A,Demand No. 50,,,,24.2,1.43,25.63,,,,,,
99,Statement 10A,Chandigarh 110. Schemes of UT 110.01   Welfare of Women and Children,,,,24.2,1.43,25.63,,,,,,
99,Statement 10A,Demand No. 51,2.02,,2.02,3.5,,3.5,2.75,,2.75,,,
99,Statement 10A,Dadra and Nagar Haveli and Daman and Diu 111. Tribal Area Component - Daman and Diu,1.01,,1.01,1.75,,1.75,1.0,,1.0,,,
99,Statement 10A,112.   Schemes of UT - Daman and Diu 112.01   Education,1.01,,1.01,1.75,,1.75,1.75,,1.75,,,
99,Statement 10A,Demand No. 57,1486.49,,1486.49,1696.24,,1696.24,1696.24,,1696.24,850.48,,850.48
100,Statement 10A,113.01 States/UTs Component,98.53,,98.53,153.25,,153.25,153.25,,153.25,173.78,,173.78
100,Statement 10A,114.   PMAY-Urban (Schemes financed from Central Road and Infrastructure Fund) 114.01 Other items of States/UTs Component,1387.96,,1387.96,1542.99,,1542.99,1542.99,,1542.99,676.7,,676.7
100,Statement 10A,Demand No. 58,8542.84,,8542.84,10257.92,,10257.92,10254.92,,10254.92,10270.0,,10270.0
100,Statement 10A,Department of School Education and Literacy 115. National Means cum Merit Scholarship Scheme,54.1,,54.1,73.64,,73.64,68.14,,68.14,75.0,,75.0
100,Statement 10A,116.   National Scheme for Incentive to Girl Child for,114.15,,114.15,44.6,,44.6,41.6,,41.6,50.0,,50.0
100,Statement 10A,Secondary Education 117.   Rashtriya Madhyamik Shiksha Abhiyan 117.01    Programme Component,52.22,,52.22,,,,,,,,,
100,Statement 10A,117.02    Support from Madhyamik and Uchhatar,548.73,,548.73,,,,,,,,,
100,Statement 10A,Shiksha Kosh Total- Rashtriya Madhyamik Shiksha Abhiyan,600.95,,600.95,,,,,,,,,
100,Statement 10A,118.   Teachers Training and Adult Education 118.01    Strengthening of Teachers Training,66.66,,66.66,,,,,,,,,
100,Statement 10A,Institutions 118.02    Appointment of Language Teachers,,,,10.0,,10.0,3.0,,3.0,20.0,,20.0
100,Statement 10A,118.03    Saakshar Bharat,8.62,,8.62,,,,,,,,,
100,Statement 10A,118.04    Padhna Likhna Abhiyan,,,,20.08,,20.08,,,,2.0,,2.0
100,Statement 10A,Total- Teachers Training and Adult Education,75.28,,75.28,30.08,,30.08,3.0,,3.0,22.0,,22.0
100,Statement 10A,119.   National Programme of Mid Day Meal in Schools 119.01    Support from Gross Budgetary Support,506.48,,506.48,438.7,,438.7,105.7,,105.7,438.7,,438.7
100,Statement 10A,119.02    Support from Prarambhik Shiksha Kosh,1288.75,,1288.75,1761.3,,1761.3,1761.3,,1761.3,1761.3,,1761.3
100,Statement 10A,Total- National Programme of Mid Day Meal in Schools,1795.23,,1795.23,2200.0,,2200.0,1867.0,,1867.0,2200.0,,2200.0
100,Statement 10A,120.   Sarva Shiksha Abhiyan 120.01    Support from Gross Budgetary Support,1609.85,,1609.85,,,,,,,,,
100,Statement 10A,120.02    Support from Prarambhik Shiksha Kosh,3512.08,,3512.08,,,,,,,,,
100,Statement 10A,Total- Sarva Shiksha Abhiyan,5121.93,,5121.93,,,,,,,,,
101,Statement 10A,121.01    Support from Gross Budgetary Support,313.86,,313.86,241.53,,241.53,311.58,,311.58,,,
101,Statement 10A,121.02    Support from Central Roads &,,,,,,,241.53,,241.53,40.0,,40.0
101,Statement 10A,Infrastructure Fund (CRIF) Total- Kendriya Vidyalaya Sangathan (KVS),313.86,,313.86,241.53,,241.53,553.11,,553.11,40.0,,40.0
101,Statement 10A,122.   Navodaya Vidyalaya Samiti (NVS) 122.01    Support from Gross Budgetary Support,,,,403.67,,403.67,,,,,,
101,Statement 10A,(GBS) 122.02    Support from CRIF,467.34,,467.34,,,,457.67,,457.67,100.0,,100.0
101,Statement 10A,Total- Navodaya Vidyalaya Samiti (NVS),467.34,,467.34,403.67,,403.67,457.67,,457.67,100.0,,100.0
101,Statement 10A,123.   Samagra Shiksha 123.01    Support from Gross Budgetary Support,,,,1740.98,,1740.98,1740.98,,1740.98,1755.0,,1755.0
101,Statement 10A,(GBS) 123.02    Support from Prarambhik Shiksha Kosh,,,,4575.77,,4575.77,4575.77,,4575.77,4920.0,,4920.0
101,Statement 10A,123.03    Support from Madhyamik and Uchhatar,,,,947.65,,947.65,947.65,,947.65,1108.0,,1108.0
101,Statement 10A,Shiksha Kosh Total- Samagra Shiksha,,,,7264.4,,7264.4,7264.4,,7264.4,7783.0,,7783.0
101,Statement 10A,Demand No. 59,2588.34,,2588.34,3207.0,,3207.0,3206.99,,3206.99,3210.0,,3210.0
101,Statement 10A,Department of Higher Education 124. National Institutes of Technical Teachers Training,6.75,,6.75,9.7,,9.7,9.7,,9.7,10.0,,10.0
101,Statement 10A,and Research (NITTTRs) 125. Grants to Institutes for Promotion of Indian,34.71,,34.71,27.0,,27.0,31.3,,31.3,27.0,,27.0
101,Statement 10A,Languages 126. Grants to Councils/Institutes for Excellence in,14.79,,14.79,15.0,,15.0,15.0,,15.0,16.0,,16.0
101,Statement 10A,"Humanities and Social Sciences 127. National Institute of Industrial Engineering, Mumbai",0.53,,0.53,3.3,,3.3,7.75,,7.75,4.0,,4.0
101,Statement 10A,"128.   Board of Apprenticeship Training, Bombay,",0.6,,0.6,1.25,,1.25,1.25,,1.25,1.5,,1.5
101,Statement 10A,"Calcutta, Madras and Kanpur 129.   Assistance to Other Institutions 129.01     Support from Gross Budgetary Support",20.49,,20.49,30.54,,30.54,31.94,,31.94,30.5,,30.5
101,Statement 10A,(GBS) 130.   Establishment of multi disciplinary research,,,,1.51,,1.51,1.51,,1.51,,,
102,Statement 10A,131.01    Support from Gross Budgetary Support,33.05,,33.05,66.4,,66.4,54.0,,54.0,83.0,,83.0
102,Statement 10A,(GBS) 132.   Prime Minister's Girls' Hostel,3.0,,3.0,1.0,,1.0,1.0,,1.0,2.0,,2.0
102,Statement 10A,"133.   Central University, Andhra Pradesh 133.01   Support from Gross Budgetary Support",0.8,,0.8,0.8,,0.8,0.8,,0.8,4.0,,4.0
102,Statement 10A,(GBS) 134.   Andhra Pradesh and Telangana Tribal Universities 134.01    Support from Gross Budgetary Support,,,,0.5,,0.5,0.5,,0.5,4.0,,4.0
102,Statement 10A,(GBS) 135.   Grants to Central Universities (CUs),376.76,,376.76,412.2,,412.2,574.4,,574.4,481.0,,481.0
102,Statement 10A,136.   Improvement in Salary Scale of University and,70.38,,70.38,360.0,,360.0,348.0,,348.0,342.0,,342.0
102,Statement 10A,College Teachers 137.   Pandit Madan Mohan Malviya National Mission on,16.29,,16.29,21.6,,21.6,21.6,,21.6,8.3,,8.3
102,Statement 10A,Teachers and Teaching 138.   Programme for Apprenticeship Training,22.0,,22.0,30.0,,30.0,29.2,,29.2,30.0,,30.0
102,Statement 10A,139.   Support to Skill based Higher Education including,7.9,,7.9,,,,,,,,,
102,Statement 10A,Community Colleges 140.   Global Initiative for Academic Network (GIAN),4.43,,4.43,5.0,,5.0,5.0,,5.0,2.5,,2.5
102,Statement 10A,141.   National Institutional Ranking Framework,0.09,,0.09,0.35,,0.35,0.35,,0.35,0.3,,0.3
102,Statement 10A,142.   Support to Indian Institute of Science (IISc) 142.01    Support from Gross Budgetary Support,15.03,,15.03,34.9,,34.9,34.9,,34.9,36.0,,36.0
102,Statement 10A,(GBS) 143.   Indira Gandhi National Open University (IGNOU),11.57,,11.57,10.6,,10.6,10.6,,10.6,11.0,,11.0
102,Statement 10A,144.   Technical Education Quality Improvement Programme of Government of India (EAP) 144.01 Support from Gross Budgetary Support,56.5,,56.5,8.3,,8.3,185.6,,185.6,32.3,,32.3
102,Statement 10A,(GBS) 144.02 Support from National Investment Fund,58.02,,58.02,148.7,,148.7,,,,107.7,,107.7
102,Statement 10A,(NIF) Total- Technical Education Quality Improvement,114.52,,114.52,157.0,,157.0,185.6,,185.6,140.0,,140.0
102,Statement 10A,Programme of Government of India (EAP) 145.   All India Council for Technical Education(AICTE) 145.01     Support from Gross Budgetary Support,3.85,,3.85,32.0,,32.0,2.6,,2.6,20.0,,20.0
102,Statement 10A,145.02     Support from Madhyamik and Uchhatar,60.0,,60.0,,,,28.0,,28.0,,,
103,Statement 10A,Total- All India Council for Technical Education(AICTE),63.85,,63.85,32.0,,32.0,30.6,,30.6,20.0,,20.0
103,Statement 10A,146.   Interest Subsidy and contribution for Guarantee,14.61,,14.61,260.0,,260.0,260.0,,260.0,260.0,,260.0
103,Statement 10A,Funds 147.   Scholarship for College and University students,23.89,,23.89,39.0,,39.0,42.4,,42.4,15.0,,15.0
103,Statement 10A,148.   National Mission in Education Through ICT,15.41,,15.41,28.0,,28.0,25.4,,25.4,14.0,,14.0
103,Statement 10A,149.   Setting up of virtual classrooms and massive open,17.27,,17.27,21.5,,21.5,21.5,,21.5,12.6,,12.6
103,Statement 10A,online courses (MOOCs) 150.   e-shodh Sindhu,31.95,,31.95,40.0,,40.0,40.0,,40.0,40.0,,40.0
103,Statement 10A,151.   National Digital Library,0.98,,0.98,2.0,,2.0,2.0,,2.0,2.5,,2.5
103,Statement 10A,152.   Directorate of Hindi,0.35,,0.35,3.0,,3.0,3.0,,3.0,3.0,,3.0
103,Statement 10A,153.   Commission for Scientific and Technical,0.59,,0.59,0.75,,0.75,0.75,,0.75,0.8,,0.8
103,Statement 10A,Terminology 154.   PM Research Fellowship,2.66,,2.66,8.3,,8.3,8.3,,8.3,8.3,,8.3
103,Statement 10A,155.   National Academic Depository,0.81,,0.81,2.0,,2.0,2.0,,2.0,2.0,,2.0
103,Statement 10A,156.   Rashtriya Uchhatar Shiksha Abhiyan (RUSA),255.81,,255.81,412.15,,412.15,285.91,,285.91,50.0,,50.0
103,Statement 10A,157.   Training and Research in Frontier Areas,0.92,,0.92,2.5,,2.5,2.5,,2.5,,,
103,Statement 10A,"158.   Setting up of Inter-Institutional Centres, Creation of",,,,0.17,,0.17,0.17,,0.17,,,
103,Statement 10A,"Excellence Clusters and Networks, Establishing Alliances across Institutions 159.   National Inititative for Design Innovation",3.13,,3.13,5.81,,5.81,3.41,,3.41,6.0,,6.0
103,Statement 10A,160.   Startup India Initiative in Higher Educational,14.0,,14.0,15.85,,15.85,12.85,,12.85,16.6,,16.6
103,Statement 10A,Institutions 161.   Unnat Bharat Abhiyan,1.98,,1.98,5.38,,5.38,3.88,,3.88,5.5,,5.5
103,Statement 10A,162.   Uchhatar Avishkar Abhiyan,,,,15.77,,15.77,,,,,,
103,Statement 10A,163.   Implementation of the IMPRINT Research Initiative,8.4,,8.4,13.3,,13.3,8.85,,8.85,8.0,,8.0
103,Statement 10A,(Impacting Research Innovation and Technology) 164.   University Grants Commission (UGC),379.65,,379.65,283.0,,283.0,264.5,,264.5,290.0,,290.0
103,Statement 10A,165.   Support to Indian Institutes of Technology,428.28,,428.28,386.5,,386.5,386.5,,386.5,450.0,,450.0
103,Statement 10A,"166.   IIT, Andhra Pradesh",9.18,,9.18,,,,,,,,,
103,Statement 10A,"167.   IIT, Hyderabad (EAP)",1.5,,1.5,5.0,,5.0,15.65,,15.65,9.0,,9.0
103,Statement 10A,"168.   Indian School of Mines, Dhanbad",14.11,,14.11,,,,,,,,,
103,Statement 10A,169.   Setting up of new IITs,25.75,,25.75,,,,,,,,,
104,Statement 10A,170.01    Support from Gross Budgetary Support,27.72,,27.72,29.0,,29.0,36.84,,36.84,30.0,,30.0
104,Statement 10A,"(GBS) 171.   IIM, Andhra Pradesh",4.8,,4.8,,,,,,,,,
104,Statement 10A,172.   Setting up of new IIMs,16.28,,16.28,,,,,,,,,
104,Statement 10A,173.   Support to National Institutes of Technology 173.01    Support from Gross Budgetary Support,308.29,,308.29,,,,,,,,,
104,Statement 10A,"174.   NIT, Andhra Pradesh",9.33,,9.33,,,,,,,,,
104,Statement 10A,"175.   Upgradation of Indian Institute of Engineering,",15.0,,15.0,,,,,,,,,
104,Statement 10A,"Science and Technology (IIEST) (BESU and CUSAT) 176.   Support to Indian Institute(s) of Science, Education and Research (IISER) 176.01 Support from Gross Budgetary Support",59.66,,59.66,56.0,,56.0,53.2,,53.2,55.0,,55.0
104,Statement 10A,"(GBS) 177.   IISER, Andhra Pradesh",8.62,,8.62,,,,,,,,,
104,Statement 10A,"178.   Support to Indian Institute(s) of Information Technology (Allahabad, Gwalior, Jabalpur and Kanchipuram) 178.01 Support from Gross Budgetary Support",20.81,,20.81,14.34,,14.34,14.34,,14.34,16.0,,16.0
104,Statement 10A,(GBS) 179.   Setting up Indian Institutes of Information,20.78,,20.78,10.4,,10.4,10.4,,10.4,10.0,,10.0
104,Statement 10A,"Technology in PPP mode 180.   IIIT, Andhra Pradesh",2.15,,2.15,,,,,,,,,
104,Statement 10A,181.   Deemed Universities promoted by Central,8.0,,8.0,22.0,,22.0,22.0,,22.0,22.0,,22.0
104,Statement 10A,Government 182.   Impactful Policy Research in Social Science,,,,12.45,,12.45,3.45,,3.45,,,
104,Statement 10A,(IMPRESS) 183.   Scheme for Promotion of Academic and Research,5.55,,5.55,21.58,,21.58,17.58,,17.58,7.0,,7.0
104,Statement 10A,Collaboration (SPARC) 184.   Scheme for Transformational and Advanced,0.12,,0.12,8.3,,8.3,7.55,,7.55,8.4,,8.4
104,Statement 10A,Research in Sciences (STARS) 185.   Study in India,3.3,,3.3,10.0,,10.0,2.49,,2.49,,,
104,Statement 10A,186.   Support to National Institutes of Technology (NITs) and IIEST 186.01 Support from Gross Budgetary Support,,,,234.0,,234.0,246.92,,246.92,265.0,,265.0
104,Statement 10A,(GBS) 187.   New Schools of Planning and Architecture,9.16,,9.16,,,,,,,,,
105,Statement 10A,188.   Education Quality Upgradation and Inclusion,,,,,,,,,,308.0,,308.0
105,Statement 10A,Programme (EQUIP) 189.   Schools of Planning and Architecture (SPAs) 189.01 Support from Gross Budgetary Support,,,,18.3,,18.3,7.65,,7.65,17.2,,17.2
105,Statement 10A,(GBS) 190. Special Scholarship Scheme for Jammu and,,,,,,,,,,25.0,,25.0
105,Statement 10A,Kashmir Demand No. 62,3985.44,,3985.44,4398.83,,4398.83,4034.56,,4034.56,4728.7,,4728.7
105,Statement 10A,Department of Drinking Water and Sanitation 191. SBM-Rural 191.01   Programme Component,2775.45,,2775.45,2198.68,,2198.68,1834.41,,1834.41,2198.7,,2198.7
105,Statement 10A,192.   Jal Jeevan Mission (JJM) / National Rural Drinking Water Mission 192.01 Jal Jeevan Mission/National Rural,1209.99,,1209.99,2200.15,,2200.15,2200.15,,2200.15,2530.0,,2530.0
105,Statement 10A,Drinking Water Programme - Normal Programme Demand No. 63,1519.54,,1519.54,1793.3,,1793.3,1793.3,,1793.3,1887.67,,1887.67
105,Statement 10A,Ministry of Labour and Employment 193. Labour Welfare Scheme,35.26,,35.26,28.59,,28.59,20.59,,20.59,24.9,,24.9
105,Statement 10A,194.   Bima Yojana for Unorganised Workers,3.74,,3.74,3.27,,3.27,48.54,,48.54,33.7,,33.7
105,Statement 10A,195.   Labour and Employment Statistical System (LESS),3.18,,3.18,2.0,,2.0,2.0,,2.0,2.0,,2.0
105,Statement 10A,196.   Strengthening of Adjudication Machinery and,0.39,,0.39,,,,,,,,,
105,Statement 10A,"holding of Lok Adalats 197.   Machinery for Better Conciliation, Preventive",1.42,,1.42,2.0,,2.0,2.0,,2.0,,,
105,Statement 10A,"Mediation, Effective Enforcement of Labour Laws, Chief Labour Commissioner 198.   Creation of National Platform of Unorganized",,,,0.16,,0.16,0.16,,0.16,8.3,,8.3
105,Statement 10A,"Workers and allotment of an Aadhaar seeded identification numbers 199.   Employees Pension Scheme, 1995",793.8,,793.8,747.0,,747.0,956.44,,956.44,1237.86,,1237.86
105,Statement 10A,200.   Social Security for Plantation Workers in Assam,,,,2.72,,2.72,2.72,,2.72,6.64,,6.64
105,Statement 10A,201.   National Child Labour Project including grants in,18.73,,18.73,16.6,,16.6,15.43,,15.43,19.92,,19.92
105,Statement 10A,aid to voluntary agencies and reimbursement of assistance to bonded labour 202.   Employment Generation Programs 202.01   National Career Services,13.73,,13.73,8.3,,8.3,10.96,,10.96,13.25,,13.25
106,Statement 10A,202.02     Pradhan Mantri Rojgar Protsahan Yojna,622.66,,622.66,747.0,,747.0,617.0,,617.0,417.2,,417.2
106,Statement 10A,"202.03     Coaching and Guidance for SC,ST and",6.91,,6.91,8.03,,8.03,8.03,,8.03,11.0,,11.0
106,Statement 10A,Other Backward Classes 202.04     Employment Promotion Scheme,1.36,,1.36,1.66,,1.66,1.66,,1.66,,,
106,Statement 10A,Total- Employment Generation Programs,644.66,,644.66,764.99,,764.99,637.65,,637.65,441.45,,441.45
106,Statement 10A,203.   Strengthening and Development of DGFASLI,1.05,,1.05,1.83,,1.83,1.83,,1.83,,,
106,Statement 10A,"Organization and OSH in factories, ports and docks 204.   Strengthening of System and Infrastructure of",1.34,,1.34,1.68,,1.68,1.68,,1.68,,,
106,Statement 10A,Directorate General of Mines Safety (SSID) 205.   Central Board for Workers Education,14.08,,14.08,12.95,,12.95,19.27,,19.27,,,
106,Statement 10A,206.   National Labour Institute,1.89,,1.89,1.99,,1.99,1.99,,1.99,,,
106,Statement 10A,207.   Incentive for Entities for providing Maternity,,,,0.02,,0.02,,,,,,
106,Statement 10A,benefits 208.   Pradhan Mantri Shram Yogi Maandhan,,,,83.0,,83.0,83.0,,83.0,83.0,,83.0
106,Statement 10A,209.   Pradhan Mantri Karam Yogi Maandhan,,,,124.5,,124.5,,,,29.9,,29.9
106,Statement 10A,Demand No. 67,1276.46,,1276.46,1105.72,,1105.72,1185.81,,1185.81,1216.86,,1216.86
106,Statement 10A,"Ministry of Micro, Small and Medium Enterprises 210. Solar Charkha Mission",0.4,,0.4,24.15,,24.15,7.65,,7.65,24.15,,24.15
106,Statement 10A,211.   Khadi Grant (KG),21.92,,21.92,,,,,,,,,
106,Statement 10A,212.   Khadi Reform Development Package (ADB,25.0,,25.0,,,,,,,,,
106,Statement 10A,Assistance) 213.   Market Promotion and Development Assistance,43.58,,43.58,17.7,,17.7,17.7,,17.7,,,
106,Statement 10A,214.   Scheme for Fund for Regeneration of Traditional,11.08,,11.08,20.75,,20.75,30.75,,30.75,83.74,,83.74
106,Statement 10A,Industries (SFURTI) 215.   Coir Vikas Yojana,9.24,,9.24,6.71,,6.71,6.71,,6.71,4.22,,4.22
106,Statement 10A,"216.   ASPIRE (Promotion of Innovation, Rural Industry",23.0,,23.0,8.3,,8.3,1.7,,1.7,8.3,,8.3
106,Statement 10A,and Entrepreneurship) 217.   Credit Linked Capital Subsidy and Technology,,,,11.61,,11.61,5.52,,5.52,4.27,,4.27
106,Statement 10A,Upgradation Scheme 218.   Prime Minister Employment Generation,556.54,,556.54,462.45,,462.45,533.0,,533.0,707.0,,707.0
106,Statement 10A,Programme (PMEGP) 219.   Interest Subsidy Eligibility Certificate,5.83,,5.83,,,,,,,,,
106,Statement 10A,220.   Credit Support Programme,386.91,,386.91,239.0,,239.0,239.0,,239.0,,,
106,Statement 10A,221.   Performance and Credit Rating Scheme,0.38,,0.38,0.01,,0.01,0.01,,0.01,,,
107,Statement 10A,222.   Procurement and Marketing Support Scheme,,,,1.3,,1.3,1.3,,1.3,6.36,,6.36
107,Statement 10A,223.   Marketing Assistance Scheme (MAS),,,,0.01,,0.01,0.01,,0.01,0.01,,0.01
107,Statement 10A,224.   International Cooperation Scheme,,,,4.98,,4.98,0.05,,0.05,3.14,,3.14
107,Statement 10A,225.   Promotional Services Institutions and Programme,0.01,,0.01,16.1,,16.1,16.0,,16.0,9.0,,9.0
107,Statement 10A,226.   Rajiv Gandhi Udyami Mitra Yojana,0.08,,0.08,,,,,,,,,
107,Statement 10A,227.   Infrastructure Development and Capacity Building,69.0,,69.0,66.0,,66.0,71.0,,71.0,66.0,,66.0
107,Statement 10A,228.   Database Research Evaluation and Other Office,,,,0.1,,0.1,0.1,,0.1,0.1,,0.1
107,Statement 10A,Support Programme 229.   National Schedule Caste/Schedule Tribe Hub,42.4,,42.4,81.34,,81.34,60.0,,60.0,100.0,,100.0
107,Statement 10A,Centre 230.   Infrastructure Development and Capacity Building-,35.44,,35.44,47.71,,47.71,25.0,,25.0,37.6,,37.6
107,Statement 10A,EAP Component 231.   Interest Subvention Scheme for Incremental Credit,45.65,,45.65,97.5,,97.5,97.5,,97.5,60.0,,60.0
107,Statement 10A,to MSMEs 232.   Gramodyog Vikas Yojana,,,,,,,7.92,,7.92,10.0,,10.0
107,Statement 10A,233.   Khadi Vikas Yojana,,,,,,,42.99,,42.99,42.97,,42.97
107,Statement 10A,234.   Fund of Funds,,,,,,,21.9,,21.9,50.0,,50.0
107,Statement 10A,Demand No. 68,,,,47.99,,47.99,47.99,,47.99,44.58,,44.58
107,Statement 10A,Ministry of Mines 235. Geological Survey of India,,,,45.0,,45.0,45.0,,45.0,42.2,,42.2
107,Statement 10A,236.   Indian Bureau of Mines,,,,2.99,,2.99,2.99,,2.99,2.38,,2.38
107,Statement 10A,Demand No. 70,122.01,,122.01,426.0,,426.0,311.0,,311.0,469.0,,469.0
107,Statement 10A,Ministry of New and Renewable Energy 237. Human Resources Development and Training,,,,6.0,,6.0,3.0,,3.0,3.0,,3.0
107,Statement 10A,238.   Wind Power,,,,35.0,,35.0,91.0,,91.0,200.0,,200.0
107,Statement 10A,239.   Solar Power,,,,240.0,,240.0,100.0,,100.0,136.0,,136.0
107,Statement 10A,240.   Green Energy Corridors,,,,45.0,,45.0,10.0,,10.0,25.0,,25.0
107,Statement 10A,241.   Bio Power,,,,15.0,,15.0,,,,,,
107,Statement 10A,242.   Solar Power,115.7,,115.7,55.0,,55.0,104.0,,104.0,,,
107,Statement 10A,243.   Biogas Programme,6.31,,6.31,30.0,,30.0,3.0,,3.0,10.0,,10.0
107,Statement 10A,244.   Kisan Urja Suraksha evam Utthaan Mahabhiyan,,,,,,,,,,45.0,,45.0
108,Statement 10A,245.   Kisan Urja Suraksha evam Utthaan,,,,,,,,,,50.0,,50.0
108,Statement 10A,Mahabhiyan(KUSUM) Demand No. 71,114.94,,114.94,140.93,,140.93,78.29,,78.29,144.04,,144.04
108,Statement 10A,Ministry of Panchayati Raj 246. Rashtriya Gram Swaraj Abhiyan (RGSA),114.94,,114.94,140.93,,140.93,78.29,,78.29,144.04,,144.04
108,Statement 10A,Demand No. 75,,,,3124.25,,3124.25,3254.15,,3254.15,3552.6,,3552.6
108,Statement 10A,Ministry of Petroleum and Natural Gas 247. Direct Benefit Transfer - LPG,,,,2448.5,,2448.5,2459.1,,2459.1,3154.84,,3154.84
108,Statement 10A,248.   LPG Connection to Poor Households,,,,325.0,,325.0,444.3,,444.3,92.79,,92.79
108,Statement 10A,249.   Other subsidy payable including for North Eastern,,,,336.81,,336.81,,,,37.95,,37.95
108,Statement 10A,Region 250.   Under-recovery (other Subsidy Payable),,,,,,,336.81,,336.81,263.61,,263.61
108,Statement 10A,251.   Direct Benefit Transfer- Kerosene,,,,13.94,,13.94,13.94,,13.94,3.41,,3.41
108,Statement 10A,Demand No. 77,1142.8,265.0,1407.8,1411.52,140.0,1551.52,1411.52,140.0,1551.52,1497.0,140.0,1637.0
108,Statement 10A,Ministry of Power 252. Deen Dayal Upadhyaya Gram Jyoti Yojna,630.8,,630.8,674.96,,674.96,674.96,,674.96,747.0,,747.0
108,Statement 10A,253.   Integrated Power Development Scheme 253.01    IPDS-Grant,512.0,,512.0,736.56,,736.56,736.56,,736.56,750.0,,750.0
108,Statement 10A,253.02    IPDS-Loans,,265.0,265.0,,140.0,140.0,,140.0,140.0,,140.0,140.0
108,Statement 10A,Total- Integrated Power Development Scheme,512.0,265.0,777.0,736.56,140.0,876.56,736.56,140.0,876.56,750.0,140.0,890.0
108,Statement 10A,Demand No. 85,7093.09,,7093.09,6525.01,,6525.01,5921.49,,5921.49,7180.0,,7180.0
108,Statement 10A,Department of Rural Development 254. Pradhan Mantri Awas Yojna (PMAY)- Rural 254.01    PMAY-Programme Component,5861.05,,5861.05,4749.56,,4749.56,4249.56,,4249.56,4875.0,,4875.0
108,Statement 10A,255.   National Rural Livelihood Mission 255.01    NRLM-Programme Component,1232.04,,1232.04,1775.45,,1775.45,1671.93,,1671.93,2305.0,,2305.0
108,Statement 10A,Demand No. 86,309.03,,309.03,367.86,,367.86,295.98,,295.98,371.62,,371.62
108,Statement 10A,Department of Land Resources 256. Land Records Modernization Programme,7.46,,7.46,24.9,,24.9,8.3,,8.3,39.61,,39.61
108,Statement 10A,257.   Integrated Watershed Development Program 257.01    Programme Component,301.57,,301.57,342.96,,342.96,287.68,,287.68,332.01,,332.01
108,Statement 10A,Demand No. 87,81.37,,81.37,223.48,,223.48,215.88,,215.88,265.77,,265.77
109,Statement 10A,258.   Science and Technology Institutional and Human,13.66,,13.66,18.0,,18.0,18.0,,18.0,20.0,,20.0
109,Statement 10A,"Capacity Building 259.   Innovation, Technology Development and",14.86,,14.86,152.63,,152.63,145.03,,145.03,192.92,,192.92
109,Statement 10A,Deployment 260.   Science and Engineering Research Board,52.85,,52.85,52.85,,52.85,52.85,,52.85,52.85,,52.85
109,Statement 10A,Demand No. 91,422.93,,422.93,423.24,3.32,426.56,331.73,,331.73,402.55,,402.55
109,Statement 10A,Ministry of Skill Development and Entrepreneurship 261. Pradhan Mantri Kaushal Vikas Yojana 261.01     Development of Entrepreneurship,3.38,,3.38,6.19,,6.19,3.75,,3.75,5.83,,5.83
109,Statement 10A,261.02     Development of Skills,419.55,,419.55,398.4,,398.4,305.24,,305.24,235.63,,235.63
109,Statement 10A,261.03     Strengthening of Infrastructure for,,,,6.32,,6.32,13.52,,13.52,14.27,,14.27
109,Statement 10A,Institutional Training 261.04     Strengthening of Skill Institutions,,,,2.16,3.32,5.48,1.61,,1.61,2.65,,2.65
109,Statement 10A,261.05     Promotion of Apprenticeship,,,,10.17,,10.17,7.61,,7.61,10.91,,10.91
109,Statement 10A,261.06    Skill Acquisition and Knowledge,,,,,,,,,,73.5,,73.5
109,Statement 10A,Awareness for Livelihood Promotion 261.07 Skill Strengthening for Industrial Value,,,,,,,,,,59.76,,59.76
109,Statement 10A,Enhancements Total- Pradhan Mantri Kaushal Vikas Yojana,422.93,,422.93,423.24,3.32,426.56,331.73,,331.73,402.55,,402.55
109,Statement 10A,Demand No. 92,7998.51,177.4,8175.91,6096.09,275.01,6371.1,6096.09,245.01,6341.1,6868.33,286.0,7154.33
109,Statement 10A,Department of Social Justice and Empowerment 262. Educational Empowerment 262.01     Boys and Girls Hostels,36.56,,36.56,107.76,,107.76,25.0,,25.0,30.0,,30.0
109,Statement 10A,262.02     Post-Matric Scholarship,5928.16,,5928.16,2926.82,,2926.82,2690.0,,2690.0,2987.33,,2987.33
109,Statement 10A,262.03     Pre-Matric Scholarship for SC Students,115.64,,115.64,355.0,,355.0,355.0,,355.0,700.0,,700.0
109,Statement 10A,262.04     Upgradation of Merit of SC Students,,,,0.01,,0.01,,,,,,
109,Statement 10A,262.05    Pre-Matric Scholarship for Children of,3.12,,3.12,5.0,,5.0,30.0,,30.0,25.0,,25.0
109,Statement 10A,those engaged in unclean occupations and prone to heath hazards Total- Educational Empowerment,6083.48,,6083.48,3394.59,,3394.59,3100.0,,3100.0,3742.33,,3742.33
109,Statement 10A,263.   Civil Rights 263.01     Strengthening of Machinery for,405.72,,405.72,530.0,,530.0,630.0,,630.0,550.0,,550.0
110,Statement 10A,264.01   Pradhan Mantri Adarsh Gram Yojana,167.89,,167.89,390.0,,390.0,718.0,,718.0,700.0,,700.0
110,Statement 10A,265.   Special Central Assistance 265.01   Special Central Assistance to SC Sub,897.25,,897.25,1100.0,,1100.0,1100.0,,1100.0,1200.0,,1200.0
110,Statement 10A,Scheme 266.   National Fellowship for SCs,240.0,,240.0,360.0,,360.0,246.66,,246.66,300.0,,300.0
110,Statement 10A,267.   National Overseas Scholarship for SCs,5.97,,5.97,20.0,,20.0,20.0,,20.0,20.0,,20.0
110,Statement 10A,268.   Top Class Education for SCs,25.48,,25.48,40.5,,40.5,40.5,,40.5,40.0,,40.0
110,Statement 10A,269.   Free Coaching for SC and OBC Students,14.88,,14.88,30.0,,30.0,30.0,,30.0,30.0,,30.0
110,Statement 10A,270.   Livelihoods 270.01    State Scheduled Castes Development,20.0,,20.0,30.0,,30.0,20.0,,20.0,50.0,,50.0
110,Statement 10A,Corporations 271.   National Safai Karamcharis Finance and,,30.0,30.0,,35.0,35.0,,35.0,35.0,,40.0,40.0
110,Statement 10A,Development Corporation 272.   Self Employment Scheme for Rehabilitation of,85.76,,85.76,110.0,,110.0,99.93,,99.93,110.0,,110.0
110,Statement 10A,Manual Scavengers 273.   Assistance to Voluntary Organisations working for,36.08,,36.08,70.0,,70.0,70.0,,70.0,100.0,,100.0
110,Statement 10A,SCs 274.   Dr. B. R. Ambedkar International Centre,5.63,,5.63,15.0,,15.0,15.0,,15.0,25.0,,25.0
110,Statement 10A,275.   Baba Saheb Dr. B.R. Ambedkar Foundation,1.0,,1.0,1.0,,1.0,1.0,,1.0,1.0,,1.0
110,Statement 10A,276.   National Scheduled Castes Finance and,,137.39,137.39,,180.0,180.0,,150.0,150.0,,180.0,180.0
110,Statement 10A,Development Corporation 277.   Credit Guarantee Fund for SCs,,0.01,0.01,,0.01,0.01,,0.01,0.01,,1.0,1.0
110,Statement 10A,278.   Dr. Ambedkar National Memorial,9.37,,9.37,5.0,,5.0,5.0,,5.0,,,
110,Statement 10A,279.   Venture Capital Fund for Scheduled Castes and,,10.0,10.0,,60.0,60.0,,60.0,60.0,,65.0,65.0
110,Statement 10A,Backward Classes Demand No. 93,129.57,3.6,133.17,160.21,8.34,168.55,149.18,,149.18,132.8,,132.8
110,Statement 10A,Department of Empowerment of Persons with Disabilities 280. Deendayal Disabled Rehabilitation Scheme,11.62,,11.62,15.18,,15.18,25.25,,25.25,21.58,,21.58
110,Statement 10A,281.   Assistance to Disabled Persons for,45.92,,45.92,48.0,,48.0,48.0,,48.0,38.18,,38.18
110,Statement 10A,Purchase/Fitting of Aids and Applicances 282.   Support to National Institutes,17.84,,17.84,6.5,,6.5,6.5,,6.5,8.0,,8.0
110,Statement 10A,283.   National Handicapped Finance and Development,,3.6,3.6,,8.34,8.34,,,,,,
111,Statement 10A,284.   Indian Spinal Injury Centre,,,,0.81,,0.81,0.52,,0.52,0.66,,0.66
111,Statement 10A,285.   Support to Establishment/Modernization/Capacity,0.8,,0.8,1.62,,1.62,,,,,,
111,Statement 10A,augmentation of Braille Presses 286.   Scholarship for Students with Disabilidties,53.39,,53.39,25.31,,25.31,20.31,,20.31,11.37,,11.37
111,Statement 10A,287.    Scheme for implementation of Persons with,,,,62.79,,62.79,48.6,,48.6,53.01,,53.01
111,Statement 10A,Disability Act Demand No. 97,115.87,,115.87,451.4,,451.4,337.17,,337.17,376.14,,376.14
111,Statement 10A,Ministry of Textiles 288. National Handloom Development Programme,15.16,,15.16,36.0,,36.0,32.0,,32.0,24.14,,24.14
111,Statement 10A,289.   Handloom Weaver Comprehensive Welfare,0.69,,0.69,10.0,,10.0,10.0,,10.0,3.0,,3.0
111,Statement 10A,Scheme (HWCWS) 290.   Yarn Supply Scheme,8.15,,8.15,90.0,,90.0,35.0,,35.0,35.0,,35.0
111,Statement 10A,291.   Handloom Cluster Development Program -,3.05,,3.05,10.0,,10.0,8.0,,8.0,2.0,,2.0
111,Statement 10A,Handloom Mega Cluster 292.   Design and Technical Upgradation Scheme,8.76,,8.76,20.0,,20.0,20.0,,20.0,15.0,,15.0
111,Statement 10A,293.   Ambedkar Hasthshilp Vikas Yojana,,,,,,,2.0,,2.0,3.0,,3.0
111,Statement 10A,294.   Marketing Support and Services,9.48,,9.48,20.0,,20.0,20.0,,20.0,10.0,,10.0
111,Statement 10A,295.   Handicrafts Artisans comprehensive welfare,4.79,,4.79,15.0,,15.0,5.71,,5.71,11.0,,11.0
111,Statement 10A,scheme 296.   Research and Development - Handicrafts,0.38,,0.38,0.4,,0.4,,,,,,
111,Statement 10A,297.   Human Resource Development- Handicrafts,5.67,,5.67,15.0,,15.0,5.17,,5.17,5.0,,5.0
111,Statement 10A,298.   Handicraft Cluster Development Program -,2.57,,2.57,10.0,,10.0,10.0,,10.0,11.0,,11.0
111,Statement 10A,Handicraft Mega Cluster 299.   Central Silk Board,56.0,,56.0,125.0,,125.0,119.29,,119.29,135.0,,135.0
111,Statement 10A,300.   Subsidy to Jute Corporation of India towards,,,,,,,,,,7.0,,7.0
111,Statement 10A,market operation 301.   Scheme for Development of Jute Sector,,,,,,,,,,15.0,,15.0
111,Statement 10A,302.   Comprehensive Powerloom Cluster Development,,,,15.0,,15.0,15.0,,15.0,10.0,,10.0
111,Statement 10A,Program - Powerloom Mega Cluster 303.   Integrated Scheme for Skill Development,1.14,,1.14,55.0,,55.0,25.0,,25.0,25.0,,25.0
111,Statement 10A,304.   NER Textiles Promotion Scheme,,,,,,,,,,15.0,,15.0
111,Statement 10A,305.   National Institute of Fashion Technology (NIFT),,,,,,,,,,15.0,,15.0
111,Statement 10A,306.   Integrated Wool Development Programme,,,,,,,,,,5.0,,5.0
111,Statement 10A,307.   Power Tex India,0.03,,0.03,30.0,,30.0,30.0,,30.0,30.0,,30.0
112,Statement 10A,Demand No. 100,3605.76,,3605.76,5782.87,,5782.87,5183.1,,5183.1,5944.08,,5944.08
112,Statement 10A,Ministry of Women and Child Development 308. Mahila Shakti Kendra,,,,30.0,,30.0,10.0,,10.0,20.0,,20.0
112,Statement 10A,309.   Pradhan Mantri Matru Vandana Yojana,219.97,,219.97,500.0,,500.0,500.0,,500.0,500.0,,500.0
112,Statement 10A,310.   Anganwadi Services (Erstwhile Core ICDS),3355.74,,3355.74,5192.87,,5192.87,3879.1,,3879.1,5174.08,,5174.08
112,Statement 10A,311.   National Nutrion Mission (including ISSNIP) 311.01    Programme Component,,,,,,,764.0,,764.0,200.0,,200.0
112,Statement 10A,312.   Scheme for Adolescent Girls,30.05,,30.05,60.0,,60.0,30.0,,30.0,50.0,,50.0
112,Statement 10A,Demand No. 101,222.25,,222.25,303.04,,303.04,339.18,,339.18,387.83,,387.83
112,Statement 10A,Ministry of Youth Affairs and Sports 313. Nehru Yuva Kendra Sangathan,42.33,,42.33,42.74,,42.74,42.74,,42.74,50.0,,50.0
112,Statement 10A,314.   Sports Authority of India,58.8,,58.8,77.0,,77.0,103.0,,103.0,83.0,,83.0
112,Statement 10A,315.   Laxmi Bai National Institute of Physical Education,7.48,,7.48,8.3,,8.3,8.3,,8.3,9.2,,9.2
112,Statement 10A,316.   Rajiv Gandhi National Institute of Youth,2.56,,2.56,4.98,,4.98,7.9,,7.9,5.83,,5.83
112,Statement 10A,Development 317.   National Youth Corps,7.72,,7.72,13.5,,13.5,13.15,,13.15,14.95,,14.95
112,Statement 10A,318.   National Programme for Youth and Adolescent Development 318.01 Programme Component,3.21,,3.21,3.49,,3.49,3.49,,3.49,3.82,,3.82
112,Statement 10A,319.   National Young Leaders Programme,1.57,,1.57,2.16,,2.16,2.16,,2.16,3.65,,3.65
112,Statement 10A,320.   Assistance to Promotion of Sports Excellence 320.01   Assistance to National Sports,40.0,,40.0,41.0,,41.0,41.0,,41.0,41.0,,41.0
112,Statement 10A,Federations 321.   Himalayan Region Sports Festival Scheme,,,,0.3,,0.3,,,,,,
112,Statement 10A,322.   National Service Scheme,16.44,,16.44,26.57,,26.57,26.57,,26.57,28.57,,28.57
112,Statement 10A,323.   Khelo India,42.14,,42.14,83.0,,83.0,90.87,,90.87,147.81,,147.81
112,Statement 10A,Grand Total,53896.84,446.0,54342.84,80498.08,842.66,81340.74,72551.28,385.01,72936.29,82830.62,426.0,83256.62
113,Statement 10B,Demand No. 1,3354.76,,3354.76,11168.01,,11168.01,8717.57,,8717.57,11507.65,,11507.65
113,Statement 10B,"Department of Agriculture, Cooperation and Farmers' Welfare 1. National Food Security Mission",182.23,,182.23,206.8,,206.8,211.81,,211.81,218.92,,218.92
113,Statement 10B,2.   Organic Value Chain Development for North East,71.02,,71.02,50.01,,50.01,65.01,,65.01,63.01,,63.01
113,Statement 10B,Region 3.   National Project on Soil Health and Fertility,15.87,,15.87,27.95,,27.95,9.45,,9.45,27.24,,27.24
113,Statement 10B,4.   Rainfed Area Development and Climate Change,36.04,,36.04,21.5,,21.5,26.0,,26.0,25.2,,25.2
113,Statement 10B,5.   Paramparagat Krishi Vikas Yojana,29.88,,29.88,32.65,,32.65,37.5,,37.5,47.3,,47.3
113,Statement 10B,6.   National Project on Agro- Forestry,4.56,,4.56,6.5,,6.5,6.2,,6.2,5.74,,5.74
113,Statement 10B,7.   National Mission on Horticulture,246.73,,246.73,249.2,,249.2,183.0,,183.0,244.2,,244.2
113,Statement 10B,8.   Sub- Mission on Seed and Planting Material,29.09,,29.09,42.0,,42.0,11.5,,11.5,34.0,,34.0
113,Statement 10B,9.   Sub - Mission on Agriculture Extension,98.44,,98.44,83.0,,83.0,81.7,,81.7,126.2,,126.2
113,Statement 10B,10.   Information Technology,2.17,,2.17,2.94,,2.94,2.1,,2.1,1.94,,1.94
113,Statement 10B,11.   Sub- Mission on Agriculture Mechanisation,135.16,,135.16,96.0,,96.0,100.79,,100.79,133.6,,133.6
113,Statement 10B,12.   Integrated Scheme on Agricultural Cooperation,9.62,,9.62,8.06,,8.06,13.06,,13.06,34.4,,34.4
113,Statement 10B,13.   Agriculture Marketing 13.01   Integrated Scheme on Agriculture,11.1,,11.1,51.6,,51.6,29.56,,29.56,21.0,,21.0
113,Statement 10B,Marketing 14.   Market Intervention Scheme and Price Support,,,,258.0,,258.0,67.64,,67.64,172.0,,172.0
113,Statement 10B,Scheme (MIS-PSS) 15.   Crop Insurance Scheme 15.01   Pradhan Mantri Fasal Bima Yojana,975.17,,975.17,1088.2,,1088.2,1088.2,,1088.2,1372.56,,1372.56
113,Statement 10B,16.   Interest Subsidy for Short Term Credit to Farmers 16.01   Interest Subsidy for Short Term Credit to,472.83,,472.83,1548.0,,1548.0,1411.43,,1411.43,1557.55,,1557.55
113,Statement 10B,Farmers 17.   Pradhan Mantri Krishi Sinchai Yojana (PMKSY)-,275.86,,275.86,301.0,,301.0,310.35,,310.35,344.0,,344.0
113,Statement 10B,Per Drop More Crop 18.   Rashtriya Krishi Vikas Yojna,319.52,,319.52,326.8,,326.8,258.0,,258.0,312.4,,312.4
113,Statement 10B,19.   National Bamboo Mission,47.03,,47.03,42.6,,42.6,27.0,,27.0,37.0,,37.0
113,Statement 10B,20.   Pradhan Mantri Annadata Aay Sanrakshan Yojna,,,,129.0,,129.0,,,,43.0,,43.0
114,Statement 10B,21.   Distribution of Pulses to State / Union Territories for,,,,68.8,,68.8,17.6,,17.6,68.8,,68.8
114,Statement 10B,Welfare Schemes 22.   Pradhan Mantri Kisan Man Dhan Yojana,,,,77.4,,77.4,17.6,,17.6,18.92,,18.92
114,Statement 10B,23.   Pradhan Mantri Kisan Samman Nidhi (PM-Kisan),392.44,,392.44,6450.0,,6450.0,4742.07,,4742.07,6598.67,,6598.67
114,Statement 10B,Demand No. 2,106.71,,106.71,114.81,,114.81,105.91,,105.91,118.65,,118.65
114,Statement 10B,Department of Agricultural Research and Education 24. Natural Resource Management Institutes including,11.08,,11.08,11.93,,11.93,9.83,,9.83,8.38,,8.38
114,Statement 10B,Agro Forestry Research 25. Crop Science,20.6,,20.6,22.17,,22.17,21.0,,21.0,21.0,,21.0
114,Statement 10B,26.   Horticultural Science,4.86,,4.86,5.23,,5.23,7.46,,7.46,8.34,,8.34
114,Statement 10B,27.   Animal Science,9.54,,9.54,10.26,,10.26,11.9,,11.9,14.19,,14.19
114,Statement 10B,28.   Fisheries Science,2.98,,2.98,3.2,,3.2,3.2,,3.2,6.71,,6.71
114,Statement 10B,29.   Agricultural Extension,27.71,,27.71,29.83,,29.83,29.83,,29.83,32.71,,32.71
114,Statement 10B,30.   Agricultural Universities and Institutions,29.94,,29.94,32.19,,32.19,22.69,,22.69,27.32,,27.32
114,Statement 10B,Demand No. 4,4.0,,4.0,35.0,,35.0,26.0,,26.0,37.7,,37.7
114,Statement 10B,"Ministry of Ayurveda, Yoga and Naturopathy, Unani, Siddha and Homoeopathy (AYUSH) 31. Other Autonomous Bodies 31.01    Support from Gross Budgetary Support",,,,,,,,,,0.5,,0.5
114,Statement 10B,(GBS) 32.   National AYUSH Misson (NAM) (Support from,,,,22.0,,22.0,,,,,,
114,Statement 10B,National Investment Fund) 33.   Central Council for Research in Ayurvedic Sciences,3.0,,3.0,3.0,,3.0,3.0,,3.0,7.2,,7.2
114,Statement 10B,34.   Central Council for Research in Unani Medicine,1.0,,1.0,1.0,,1.0,1.0,,1.0,1.0,,1.0
114,Statement 10B,35.   National AYUSH Misson (NAM) (Support From,,,,9.0,,9.0,22.0,,22.0,29.0,,29.0
114,Statement 10B,GBS) Demand No. 9,30.53,,30.53,94.35,,94.35,95.16,,95.16,70.52,,70.52
114,Statement 10B,Ministry of Coal 36. Research and Development,,,,2.15,,2.15,2.15,,2.15,2.15,,2.15
114,Statement 10B,"37.   Conservation, Safety and Infrastructure",1.5,,1.5,11.61,,11.61,12.43,,12.43,8.17,,8.17
114,Statement 10B,Development in Coal Mines 38.   Exploration of Coal and Lignite,29.03,,29.03,80.59,,80.59,80.58,,80.58,60.2,,60.2
114,Statement 10B,Demand No. 10,25.01,,25.01,25.01,,25.01,29.01,,29.01,25.0,,25.0
114,Statement 10B,Department of Commerce 39. Agricultural Product Export Development Authority,1.37,,1.37,1.37,,1.37,0.35,,0.35,,,
115,Statement 10B,40.   Marine Product Export Development Authority,,,,,,,1.02,,1.02,1.99,,1.99
115,Statement 10B,(MPEDA) 41.   Tea Board,6.24,,6.24,6.24,,6.24,6.24,,6.24,3.12,,3.12
115,Statement 10B,42.   Coffee Board,6.1,,6.1,6.1,,6.1,10.1,,10.1,12.09,,12.09
115,Statement 10B,43.   Rubber Board,6.3,,6.3,6.3,,6.3,6.3,,6.3,4.3,,4.3
115,Statement 10B,44.   Spices Board,5.0,,5.0,5.0,,5.0,5.0,,5.0,3.5,,3.5
115,Statement 10B,Demand No. 13,396.97,107.5,504.47,585.8,214.77,800.57,140.75,,140.75,357.89,,357.89
115,Statement 10B,Department of Telecommunications 45. Optical Fibre Cable based network for Defence Services 45.01 Optical Fibre Cable based network for,,107.5,107.5,,214.77,214.77,,,,,,
115,Statement 10B,Defence Services 46. Centre for Development of Telematics (C-DoT),,,,11.75,,11.75,11.75,,11.75,13.89,,13.89
115,Statement 10B,47.   Compensation to Service Providers for creation and augmentation of telecom infrastructure 47.01 Bharatnet,384.97,,384.97,172.0,,172.0,86.0,,86.0,258.0,,258.0
115,Statement 10B,47.02  Compensation to Telecom Service,12.0,,12.0,43.0,,43.0,43.0,,43.0,86.0,,86.0
115,Statement 10B,Providers 47.03 Transfer to Universal Service Obligation,,,,359.05,,359.05,,,,,,
115,Statement 10B,(USO) Fund Total- Compensation to Service Providers for creation,396.97,,396.97,574.05,,574.05,129.0,,129.0,344.0,,344.0
115,Statement 10B,and augmentation of telecom infrastructure Demand No. 14,2.58,,2.58,2.66,,2.66,1.72,,1.72,2.58,,2.58
115,Statement 10B,Department of Consumer Affairs 48. Consumer Awareness (Advertising and Publicity),2.58,,2.58,2.66,,2.66,1.72,,1.72,2.58,,2.58
115,Statement 10B,Demand No. 15,6.0,,6.0,2.0,,2.0,0.5,,0.5,,,
115,Statement 10B,Department of Food and Public Distribution 49. Strengthening of PDS Operations,6.0,,6.0,2.0,,2.0,0.5,,0.5,,,
115,Statement 10B,Demand No. 17,24.45,,24.45,35.1,,35.1,22.51,,22.51,24.86,,24.86
115,Statement 10B,"Ministry of Culture 50. Centenaries and Anniversaries, Celebrations and",,,,1.2,,1.2,0.02,,0.02,7.65,,7.65
115,Statement 10B,Schemes 51. Kala Sanskriti Vikas Yojana,3.44,,3.44,8.2,,8.2,2.4,,2.4,16.74,,16.74
115,Statement 10B,52.   National Mission for Preservation of Manuscripts,,,,0.46,,0.46,0.01,,0.01,0.46,,0.46
115,Statement 10B,53.   Development of Libraries and Archives,,,,1.0,,1.0,0.01,,0.01,0.01,,0.01
116,Statement 10B,54.   Support to Akademies,14.96,,14.96,17.99,,17.99,14.3,,14.3,,,
116,Statement 10B,55.   Support to Libraries,2.49,,2.49,2.5,,2.5,2.5,,2.5,,,
116,Statement 10B,56.   Buddhist Tibetan Institutions and Memorials,0.97,,0.97,1.35,,1.35,1.35,,1.35,,,
116,Statement 10B,57.   Support to Museums,1.8,,1.8,1.5,,1.5,1.12,,1.12,,,
116,Statement 10B,58.   Anthropological Survey of India ( An. S.I.),0.3,,0.3,0.3,,0.3,0.2,,0.2,,,
116,Statement 10B,59.   Grantee Bodies,0.49,,0.49,0.6,,0.6,0.6,,0.6,,,
116,Statement 10B,Demand No. 22,567.13,,567.13,805.5,5.0,810.5,745.87,5.0,750.87,817.92,5.0,822.92
116,Statement 10B,Ministry of Development of North Eastern Region 60. Schemes of North East Council,148.7,,148.7,150.0,5.0,155.0,136.62,5.0,141.62,170.0,5.0,175.0
116,Statement 10B,61.   Schemes of North East Council - Special,99.41,,99.41,150.0,,150.0,150.0,,150.0,130.0,,130.0
116,Statement 10B,Development Projects 62.   Central Pool of Resources for North East and,194.95,,194.95,128.38,,128.38,128.38,,128.38,143.92,,143.92
116,Statement 10B,Sikkim 63.   NER Livelihood (EAP) Project (NERLP) -,90.0,,90.0,28.0,,28.0,25.18,,25.18,,,
116,Statement 10B,64.   Bodoland Territorial Council,,,,10.0,,10.0,4.0,,4.0,5.0,,5.0
116,Statement 10B,65.   Karbi Anglong Autonomous Territorial Council,10.0,,10.0,30.0,,30.0,30.0,,30.0,40.0,,40.0
116,Statement 10B,66.   Dima Hasao Territorial Council,10.0,,10.0,15.0,,15.0,21.11,,21.11,25.0,,25.0
116,Statement 10B,67.   North East Special Infrastructure Development Scheme (NESIDS) 67.01 Hill Area Development Programme,,,,50.0,,50.0,8.5,,8.5,54.0,,54.0
116,Statement 10B,67.02   NESIDS Programme,14.07,,14.07,244.12,,244.12,242.08,,242.08,250.0,,250.0
116,Statement 10B,Total- North East Special Infrastructure Development,14.07,,14.07,294.12,,294.12,250.58,,250.58,304.0,,304.0
116,Statement 10B,Scheme (NESIDS) Demand No. 24,225.76,,225.76,251.32,,251.32,215.24,,215.24,265.19,,265.19
116,Statement 10B,Ministry of Electronics and Information Technology 68. Cyber Security Projects (NCCC & Others),,,,,,,,,,8.0,,8.0
116,Statement 10B,69.   Electronic Governance 69.01   Program Component,33.99,,33.99,30.0,,30.0,30.0,,30.0,30.0,,30.0
116,Statement 10B,70.   Promotion of Digital payment,,,,36.0,,36.0,36.0,,36.0,10.0,,10.0
116,Statement 10B,71.   Pradhan Mantri Gramin Digital Saksharta Abhiyan,78.0,,78.0,87.92,,87.92,30.0,,30.0,25.19,,25.19
116,Statement 10B,(PMGDISHA) 72.   Manpower Development,40.0,,40.0,50.0,,50.0,50.0,,50.0,30.0,,30.0
117,Statement 10B,73.   National Knowledge Network,73.0,,73.0,30.0,,30.0,51.84,,51.84,30.0,,30.0
117,Statement 10B,74.   Promotion of Electronics and IT HW Manufacturing,,,,,,,,,,66.0,,66.0
117,Statement 10B,"(MSIPS, EDF and Manufacturing Clusters) 75.   Promotion of IT/ITeS Industries",,,,,,,,,,10.0,,10.0
117,Statement 10B,76.   R and D in IT/Electronics/CCBT,0.77,,0.77,17.4,,17.4,17.4,,17.4,56.0,,56.0
117,Statement 10B,Demand No. 25,78.41,,78.41,102.5,,102.5,95.35,,95.35,127.0,,127.0
117,Statement 10B,"Ministry of Environment, Forests and Climate Change 77. National Adaptation Fund",8.0,,8.0,8.0,,8.0,8.0,,8.0,8.0,,8.0
117,Statement 10B,78.   National Mission on Himalayan Studies,,,,6.0,,6.0,,,,,,
117,Statement 10B,79.   Environment Information Systems (ENVIS),,,,3.0,,3.0,3.0,,3.0,5.0,,5.0
117,Statement 10B,80.   National Biodiversity Authority,,,,,,,,,,1.0,,1.0
117,Statement 10B,"81.   Environmental Education, Awareness and Training",1.99,,1.99,6.0,,6.0,9.0,,9.0,10.0,,10.0
117,Statement 10B,82.   National Mission for a Green India 82.01   Green India Mission-National,12.0,,12.0,15.5,,15.5,15.5,,15.5,30.0,,30.0
117,Statement 10B,Afforestation Programme 82.02   Forest Fire Prevention and Management,1.8,,1.8,2.0,,2.0,2.0,,2.0,6.0,,6.0
117,Statement 10B,Total- National Mission for a Green India,13.8,,13.8,17.5,,17.5,17.5,,17.5,36.0,,36.0
117,Statement 10B,83.   Integrated Development of Wildlife Habitats 83.01   Development of Wildlife Habitats,10.35,,10.35,12.0,,12.0,12.0,,12.0,18.0,,18.0
117,Statement 10B,83.02   Project Tiger,30.1,,30.1,35.0,,35.0,35.0,,35.0,35.0,,35.0
117,Statement 10B,83.03   Project Elephant,0.97,,0.97,3.0,,3.0,3.0,,3.0,4.0,,4.0
117,Statement 10B,Total- Integrated Development of Wildlife Habitats,41.42,,41.42,50.0,,50.0,50.0,,50.0,57.0,,57.0
117,Statement 10B,84.   Conservation of Natural Resources and Ecosystems 84.01   Conservation of Aquatic Ecosystems,4.0,,4.0,4.0,,4.0,4.0,,4.0,5.0,,5.0
117,Statement 10B,84.02   Biodiversity Conservation,4.2,,4.2,7.0,,7.0,3.85,,3.85,4.0,,4.0
117,Statement 10B,Total- Conservation of Natural Resources and,8.2,,8.2,11.0,,11.0,7.85,,7.85,9.0,,9.0
117,Statement 10B,Ecosystems 85.   National River Conservation Programme 85.01   Programme Component,5.0,,5.0,,,,,,,,,
118,Statement 10B,86.01   Programme Component,,,,1.0,,1.0,,,,1.0,,1.0
118,Statement 10B,Demand No. 39,,,,53.83,,53.83,49.44,,49.44,53.0,,53.0
118,Statement 10B,Department of Fisheries 87. National Fisheries Development Board,,,,6.88,,6.88,6.88,,6.88,7.0,,7.0
118,Statement 10B,88.  Integrated Development and Management of,,,,46.09,,46.09,42.56,,42.56,45.4,,45.4
118,Statement 10B,Fisheries 89. Fisheries and Aquaculture Infrastructure,,,,0.86,,0.86,,,,0.6,,0.6
118,Statement 10B,Development Fund Demand No. 40,251.49,,251.49,235.73,,235.73,221.8,,221.8,270.89,,270.89
118,Statement 10B,Department of Animal Husbandry and Dairying 90. National Fisheries Development Board,8.49,,8.49,,,,,,,,,
118,Statement 10B,91.   National Dairy Plan (EAP),27.95,,27.95,,,,,,,,,
118,Statement 10B,92.   National Programme for Dairy Development,24.22,,24.22,27.94,,27.94,22.79,,22.79,25.8,,25.8
118,Statement 10B,93.   Dairy Entrepreneurship Development,27.98,,27.98,28.15,,28.15,22.36,,22.36,0.01,,0.01
118,Statement 10B,94.   Rashtriya Gokul Mission,66.72,,66.72,29.97,,29.97,29.97,,29.97,27.0,,27.0
118,Statement 10B,95.   Supporting Dairy Cooperatives and Farmer,0.26,,0.26,8.6,,8.6,8.6,,8.6,8.6,,8.6
118,Statement 10B,Producer Organizations engaged in Dairy Activities 96.   Livestock Health and Disease Control,35.17,,35.17,41.86,,41.86,32.43,,32.43,36.05,,36.05
118,Statement 10B,97.   National Livestock Mission,24.35,,24.35,41.88,,41.88,30.14,,30.14,48.7,,48.7
118,Statement 10B,98.   Livestock Census and Integrated Sample Survey,3.9,,3.9,6.19,,6.19,3.24,,3.24,,,
118,Statement 10B,99.   Integrated Development and Management of,31.51,,31.51,,,,,,,,,
118,Statement 10B,Fisheries 100. Dairy Processing and Infrastructure Development,0.86,,0.86,4.99,,4.99,2.29,,2.29,5.16,,5.16
118,Statement 10B,Fund 101. Fisheries and Aquaculture Infrastructure,0.08,,0.08,,,,,,,,,
118,Statement 10B,Development Fund 102. Animal Husbandry Infrastructure Development,,,,2.15,,2.15,,,,12.92,,12.92
118,Statement 10B,Fund 103. National Animal Disease Control Programme for,,,,44.0,,44.0,69.98,,69.98,106.65,,106.65
118,Statement 10B,Foot and Mouth Disease (FMD) and Brucellosis Demand No. 41,5.75,,5.75,47.34,,47.34,38.25,,38.25,46.5,,46.5
118,Statement 10B,Ministry of Food Processing Industries 104. Pradhan Mantri Kisan Sampada Yojana,5.75,,5.75,47.34,,47.34,38.25,,38.25,46.5,,46.5
118,Statement 10B,Demand No. 42,3490.82,,3490.82,4042.09,,4042.09,4042.09,,4042.09,4300.0,,4300.0
119,Statement 10B,105.01  Support from Gross Budgetary Support,28.61,,28.61,23.36,,23.36,19.11,,19.11,4.04,,4.04
119,Statement 10B,(GBS) 106.   Human Resources for Health and Medical Education 106.01    Establishing New Medical Colleges,299.29,,299.29,171.0,,171.0,201.57,,201.57,,,
119,Statement 10B,(upgrading District Hospitals) 106.02 Strengthening Government Medical,85.76,,85.76,135.7,,135.7,79.48,,79.48,,,
119,Statement 10B,Colleges (UG Seats) and Central Government Health Institutions 106.03 Establishment of New Medical Colleges,,,,,,,,,,505.62,,505.62
119,Statement 10B,and Increase of Seats in existing Government Medical Colleges (NIF) Total- Human Resources for Health and Medical,385.05,,385.05,306.7,,306.7,281.05,,281.05,505.62,,505.62
119,Statement 10B,Education 107.   National Rural Health Mission 107.01   Prime Minister's Development Plan for,32.59,,32.59,8.24,,8.24,7.43,,7.43,,,
119,Statement 10B,Jammu and Kashmir 107.02   RCH Flexible Pool including Routine,880.96,,880.96,732.16,,732.16,,,,586.2,,586.2
119,Statement 10B,"Immunization Programme, Pulse Polio Immunization Programme, National Iodine Deficiency Disorders Control Progrmme etc. (Support from National Investment Funds) 107.03   Health System Strengthening under",1072.52,,1072.52,1357.74,,1357.74,,,,1068.86,,1068.86
119,Statement 10B,NRHM (Support from National Investment Funds) 107.04   Flexible Pool for Communicable,194.31,,194.31,270.78,,270.78,270.78,,270.78,225.17,,225.17
119,Statement 10B,Diseases 107.05   Flexible Pool for Non-Communicable,65.29,,65.29,99.16,,99.16,99.16,,99.16,75.93,,75.93
119,Statement 10B,"Diseases, Injury and Trauma 107.06   Infrastructure Maintenance",718.69,,718.69,846.05,,846.05,874.05,,874.05,758.13,,758.13
119,Statement 10B,107.07   RCH Flexible Pool including Routine,,,,,,,732.17,,732.17,,,
119,Statement 10B,"Immunization Programme, Pulse Polio Immunization Programme, National Iodine Deficiency Disorders Control Progrmme etc. (Gross Budgetary Support)) 107.08   Health System Strengthening under",51.77,,51.77,,,,1196.46,,1196.46,92.24,,92.24
119,Statement 10B,NRHM (Gross Budgetary Support) 107.09   Ayushman Bharat - Health and Wellness,,,,,,,,,,148.51,,148.51
120,Statement 10B,107.10     Ayushman Bharat - Health and Wellness,,,,,,,191.87,,191.87,,,
120,Statement 10B,Centres (GBS) Total- National Rural Health Mission,3016.13,,3016.13,3314.13,,3314.13,3371.92,,3371.92,2955.04,,2955.04
120,Statement 10B,108.   National Urban Health Mission 108.01     Other Health System for activities,,,,,,,85.96,,85.96,,,
120,Statement 10B,covered under NUHM (GBS) 108.02 Other Health System for activities,26.45,,26.45,85.96,,85.96,,,,59.9,,59.9
120,Statement 10B,covered under NUHM (NIF) 108.03 Ayushman Bharat - Health and Wellness,,,,,,,31.29,,31.29,,,
120,Statement 10B,Centres (GBS) 108.04 Ayushman Bharat - Health and Wellness,,,,31.29,,31.29,,,,21.4,,21.4
120,Statement 10B,Centres (NIF) Total- National Urban Health Mission,26.45,,26.45,117.25,,117.25,117.25,,117.25,81.3,,81.3
120,Statement 10B,109.   Tertiary Care Programs 109.01    National Mental Health Programme,,,,3.75,,3.75,,,,3.75,,3.75
120,Statement 10B,109.02    Capacity Building for Trauma Centres,,,,13.62,,13.62,,,,13.62,,13.62
120,Statement 10B,109.03     National Programme for Health Care for,,,,6.12,,6.12,,,,6.12,,6.12
120,Statement 10B,the Elderly 109.04 National Programme for prevention and,14.95,,14.95,19.9,,19.9,15.5,,15.5,22.08,,22.08
120,Statement 10B,"control of Cancer, Diabetes, Cardio- vascular Disease and Stroke Total- Tertiary Care Programs",14.95,,14.95,43.39,,43.39,15.5,,15.5,45.57,,45.57
120,Statement 10B,110.   Ayushman Bharat - Pradhan Mantri Jan Arogya Yojana (PMJAY) 110.01 Support from Gross Budgetary Support,,,,187.0,,187.0,187.0,,187.0,21.58,,21.58
120,Statement 10B,(GBS) 110.02 Support from National Investment Fund,,,,,,,,,,667.97,,667.97
120,Statement 10B,(NIF) Total- Ayushman Bharat - Pradhan Mantri Jan Arogya,,,,187.0,,187.0,187.0,,187.0,689.55,,689.55
120,Statement 10B,Yojana (PMJAY) 111.   Strengthening of State Drug Regulatory System,19.63,,19.63,50.26,,50.26,50.26,,50.26,18.88,,18.88
120,Statement 10B,Demand No. 49,111.21,134.89,246.1,92.46,158.76,251.22,115.09,42.77,157.86,98.06,162.03,260.09
120,Statement 10B,Andaman and Nicobar Islands 112. Schemes of UT 112.01    Power,14.36,1.18,15.54,15.61,1.2,16.81,15.63,1.09,16.72,,,
120,Statement 10B,112.02    Road Transport,0.04,1.98,2.02,0.05,2.0,2.05,0.05,2.0,2.05,,,
121,Statement 10B,Total- Schemes of UT,14.4,3.16,17.56,15.66,3.2,18.86,15.68,3.09,18.77,,,
121,Statement 10B,113.   Tribal Area Component,96.81,131.73,228.54,76.8,155.56,232.36,99.41,39.68,139.09,98.06,162.03,260.09
121,Statement 10B,Demand No. 51,56.89,,56.89,72.72,,72.72,63.47,,63.47,18.58,0.25,18.83
121,Statement 10B,Dadra and Nagar Haveli and Daman and Diu 114. Other Establishment - Dadra and Nagar Haveli,0.01,,0.01,0.01,,0.01,0.01,,0.01,,,
121,Statement 10B,115.   Schemes of UT - Dadra and Nagar Haveli 115.01    Health,1.2,,1.2,1.2,,1.2,1.2,,1.2,,,
121,Statement 10B,115.02    Education,5.69,,5.69,5.69,,5.69,5.69,,5.69,,,
121,Statement 10B,115.03    Welfare of Scheduled Caste/Scheduled,0.08,,0.08,0.6,,0.6,0.6,,0.6,,,
121,Statement 10B,Tribes 115.04    Agriculture and Allied Activities,0.51,,0.51,0.51,,0.51,0.51,,0.51,,,
121,Statement 10B,Total- Schemes of UT - Dadra and Nagar Haveli,7.48,,7.48,8.0,,8.0,8.0,,8.0,,,
121,Statement 10B,116.   Grantee / Other Bodies - Dadra and Nagar Haveli 116.01   Grants to Zilla Parishad/District Level,39.56,,39.56,39.56,,39.56,39.56,,39.56,,,
121,Statement 10B,Panchayats 117.   Other Expenditure of UT - Dadra and Nagar Haveli,0.05,,0.05,0.05,,0.05,0.05,,0.05,,,
121,Statement 10B,118.   Tribal Area Component - Daman and Diu,6.86,,6.86,21.5,,21.5,12.35,,12.35,,,
121,Statement 10B,119.   Schemes of UT - Daman and Diu 119.01    Education,2.93,,2.93,3.5,,3.5,3.5,,3.5,,,
121,Statement 10B,119.02    Agriculture and Allied Activities,,,,0.1,,0.1,,,,,,
121,Statement 10B,Total- Schemes of UT - Daman and Diu,2.93,,2.93,3.6,,3.6,3.5,,3.5,,,
121,Statement 10B,120. Tribal Area Component - Dadra and Nagar Haveli,,,,,,,,,,18.58,0.25,18.83
121,Statement 10B,and Daman and Diu Demand No. 53,1080.49,153.41,1233.9,1090.61,185.88,1276.49,1129.88,167.98,1297.86,1148.34,201.37,1349.71
121,Statement 10B,Lakshadweep 121. Secretariat,14.47,,14.47,18.52,,18.52,18.52,,18.52,19.6,,19.6
121,Statement 10B,122.   Other Establishment,341.13,,341.13,349.73,,349.73,359.68,,359.68,379.68,,379.68
121,Statement 10B,123.   Schemes of UT 123.01    Disaster Management,1.03,,1.03,0.55,,0.55,0.55,,0.55,0.43,,0.43
121,Statement 10B,123.02    Information Technology,50.0,,50.0,50.0,,50.0,58.67,,58.67,55.0,,55.0
121,Statement 10B,123.03    Police,,6.43,6.43,,4.83,4.83,,2.63,2.63,0.08,6.15,6.23
122,Statement 10B,123.04   Power,100.76,6.48,107.24,94.02,13.0,107.02,112.17,13.25,125.42,102.27,13.0,115.27
122,Statement 10B,123.05   Environment and Forest,8.69,0.39,9.08,9.3,3.25,12.55,9.3,3.2,12.5,9.5,3.2,12.7
122,Statement 10B,123.06   Panchayati Raj,5.34,0.03,5.37,4.65,0.5,5.15,4.65,0.1,4.75,4.4,0.5,4.9
122,Statement 10B,123.07   Civil Supplies,5.64,0.49,6.13,4.35,1.0,5.35,4.35,1.0,5.35,4.7,1.0,5.7
122,Statement 10B,123.08   Health,27.03,9.87,36.9,37.3,10.2,47.5,39.8,6.95,46.75,39.85,12.2,52.05
122,Statement 10B,"123.09   Social Welfare, Women and Child",6.67,0.75,7.42,5.85,1.0,6.85,6.68,0.25,6.93,7.35,0.5,7.85
122,Statement 10B,Development 123.10   Village and Small Industries,0.22,0.34,0.56,0.78,0.35,1.13,0.78,0.35,1.13,0.99,0.5,1.49
122,Statement 10B,123.11   Science and Technology,1.08,0.11,1.19,3.08,1.0,4.08,3.08,0.2,3.28,2.93,0.22,3.15
122,Statement 10B,"123.12   Urban Development, Housing, Water",28.49,52.98,81.47,19.6,45.5,65.1,19.6,41.5,61.1,17.35,41.25,58.6
122,Statement 10B,Supply and Flood Control 123.13   Roads,0.61,10.61,11.22,0.5,12.0,12.5,0.5,12.0,12.5,0.5,14.0,14.5
122,Statement 10B,123.14   Transport,398.96,32.37,431.33,402.15,63.5,465.65,402.15,59.5,461.65,412.35,80.0,492.35
122,Statement 10B,123.15   Tourism Development,5.16,7.46,12.62,5.31,6.75,12.06,5.31,6.0,11.31,4.85,7.0,11.85
122,Statement 10B,"123.16   Education, Sports, Arts and Culture",46.55,14.59,61.14,43.15,14.75,57.9,43.15,14.05,57.2,46.05,12.95,59.0
122,Statement 10B,123.17   Agriculture and Allied Activities,26.51,3.53,30.04,30.94,3.4,34.34,28.99,2.2,31.19,30.31,3.5,33.81
122,Statement 10B,123.18   Employment and Training,1.66,5.0,6.66,1.71,3.0,4.71,1.71,3.0,4.71,1.41,2.0,3.41
122,Statement 10B,Total- Schemes of UT,714.4,151.43,865.83,713.24,184.03,897.27,741.44,166.18,907.62,740.32,197.97,938.29
122,Statement 10B,124.   UT's Supplement to Centrally Sponsored Schemes,2.79,,2.79,3.1,,3.1,3.1,,3.1,3.19,,3.19
122,Statement 10B,125.   Grantee / Other Bodies,5.32,,5.32,4.12,,4.12,5.24,,5.24,3.67,,3.67
122,Statement 10B,126.   Other Expenditure of UT,2.38,1.98,4.36,1.9,1.85,3.75,1.9,1.8,3.7,1.88,3.4,5.28
122,Statement 10B,Demand No. 57,288.36,,288.36,324.71,,324.71,324.71,,324.71,164.03,,164.03
122,Statement 10B,Ministry of Housing and Urban Affairs 127. Deendayal Antyodaya Yojana-National Urban Livelihood Mission (DAY-NULM) 127.01 States/UTs Component,18.81,,18.81,29.32,,29.32,29.32,,29.32,34.03,,34.03
122,Statement 10B,128.   PMAY-Urban (Schemes financed from Central Road and Infrastructure Fund) 128.01 Other items of States/UTs Component,269.55,,269.55,295.39,,295.39,295.39,,295.39,130.0,,130.0
122,Statement 10B,Demand No. 58,4900.56,,4900.56,5831.51,,5831.51,5831.61,,5831.61,5844.0,,5844.0
123,Statement 10B,129.   National Means cum Merit Scholarship Scheme,13.82,,13.82,39.4,,39.4,34.9,,34.9,42.0,,42.0
123,Statement 10B,130.   National Scheme for Incentive to Girl Child for,44.96,,44.96,20.0,,20.0,16.81,,16.81,22.0,,22.0
123,Statement 10B,Secondary Education 131.   Rashtriya Madhyamik Shiksha Abhiyan 131.01    Programme Component,90.55,,90.55,,,,,,,,,
123,Statement 10B,131.02    Support from Madhyamik and Uchhatar,309.55,,309.55,,,,,,,,,
123,Statement 10B,Shiksha Kosh Total- Rashtriya Madhyamik Shiksha Abhiyan,400.1,,400.1,,,,,,,,,
123,Statement 10B,132.   Teachers Training and Adult Education 132.01    Strengthening of Teachers Training,51.3,,51.3,,,,,,,,,
123,Statement 10B,Institutions 132.02    Appointment of Language Teachers,,,,9.22,,9.22,3.22,,3.22,19.0,,19.0
123,Statement 10B,132.03    Saakshar Bharat,3.59,,3.59,,,,,,,,,
123,Statement 10B,132.04    Padhna Likhna Abhiyan,,,,8.07,,8.07,,,,1.0,,1.0
123,Statement 10B,Total- Teachers Training and Adult Education,54.89,,54.89,17.29,,17.29,3.22,,3.22,20.0,,20.0
123,Statement 10B,133.   National Programme of Mid Day Meal in Schools 133.01    Support from Gross Budgetary Support,357.49,,357.49,286.29,,286.29,175.49,,175.49,319.29,,319.29
123,Statement 10B,133.02    Support from Prarambhik Shiksha Kosh,683.78,,683.78,890.71,,890.71,890.71,,890.71,890.71,,890.71
123,Statement 10B,Total- National Programme of Mid Day Meal in Schools,1041.27,,1041.27,1177.0,,1177.0,1066.2,,1066.2,1210.0,,1210.0
123,Statement 10B,134.   Sarva Shiksha Abhiyan 134.01    Support from Gross Budgetary Support,1394.96,,1394.96,,,,,,,,,
123,Statement 10B,134.02    Support from Prarambhik Shiksha Kosh,1543.09,,1543.09,,,,,,,,,
123,Statement 10B,Total- Sarva Shiksha Abhiyan,2938.05,,2938.05,,,,,,,,,
123,Statement 10B,135.   Kendriya Vidyalaya Sangathan (KVS) 135.01    Support from Gross Budgetary Support,168.62,,168.62,128.66,,128.66,120.76,,120.76,,,
123,Statement 10B,135.02    Support from Central Roads &,,,,,,,128.66,,128.66,70.0,,70.0
123,Statement 10B,Infrastructure Fund (CRIF) Total- Kendriya Vidyalaya Sangathan (KVS),168.62,,168.62,128.66,,128.66,249.42,,249.42,70.0,,70.0
123,Statement 10B,136.   Navodaya Vidyalaya Samiti (NVS) 136.01    Support from Gross Budgetary Support,,,,216.47,,216.47,,,,,,
124,Statement 10B,136.02    Support from CRIF,238.85,,238.85,,,,228.27,,228.27,200.0,,200.0
124,Statement 10B,Total- Navodaya Vidyalaya Samiti (NVS),238.85,,238.85,216.47,,216.47,228.27,,228.27,200.0,,200.0
124,Statement 10B,137.   Samagra Shiksha 137.01    Support from Gross Budgetary Support,,,,2529.67,,2529.67,2529.67,,2529.67,2503.27,,2503.27
124,Statement 10B,(GBS) 137.02    Support from Prarambhik Shiksha Kosh,,,,1347.73,,1347.73,1347.73,,1347.73,1347.73,,1347.73
124,Statement 10B,137.03    Support from Madhyamik and Uchhatar,,,,355.29,,355.29,355.39,,355.39,429.0,,429.0
124,Statement 10B,Shiksha Kosh Total- Samagra Shiksha,,,,4232.69,,4232.69,4232.79,,4232.79,4280.0,,4280.0
124,Statement 10B,Demand No. 59,1264.48,,1264.48,1605.0,,1605.0,1605.0,,1605.0,1640.0,,1640.0
124,Statement 10B,Department of Higher Education 138. National Institutes of Technical Teachers Training,2.9,,2.9,4.6,,4.6,4.6,,4.6,5.0,,5.0
124,Statement 10B,and Research (NITTTRs) 139. Grants to Institutes for Promotion of Indian,16.96,,16.96,13.0,,13.0,14.51,,14.51,13.0,,13.0
124,Statement 10B,Languages 140. Grants to Councils/Institutes for Excellence in,6.28,,6.28,8.0,,8.0,8.0,,8.0,8.5,,8.5
124,Statement 10B,"Humanities and Social Sciences 141. National Institute of Industrial Engineering, Mumbai",0.23,,0.23,1.9,,1.9,4.2,,4.2,2.0,,2.0
124,Statement 10B,"142.   Board of Apprenticeship Training, Bombay,",0.3,,0.3,0.65,,0.65,0.65,,0.65,0.5,,0.5
124,Statement 10B,"Calcutta, Madras and Kanpur 143.   Assistance to Other Institutions 143.01     Support from Gross Budgetary Support",10.11,,10.11,13.27,,13.27,13.87,,13.87,14.65,,14.65
124,Statement 10B,(GBS) 144.   Establishment of multi disciplinary research,,,,0.78,,0.78,0.78,,0.78,,,
124,Statement 10B,145.01    Support from Gross Budgetary Support,17.3,,17.3,34.4,,34.4,27.95,,27.95,43.0,,43.0
124,Statement 10B,(GBS) 146.   Prime Minister's Girls' Hostel,1.5,,1.5,0.5,,0.5,0.5,,0.5,1.0,,1.0
124,Statement 10B,"147.   Central University, Andhra Pradesh 147.01   Support from Gross Budgetary Support",0.4,,0.4,0.4,,0.4,0.4,,0.4,2.0,,2.0
125,Statement 10B,148.01    Support from Gross Budgetary Support,,,,0.25,,0.25,0.25,,0.25,2.0,,2.0
125,Statement 10B,(GBS) 149.   Grants to Central Universities (CUs),178.17,,178.17,200.8,,200.8,269.78,,269.78,245.0,,245.0
125,Statement 10B,150.   Improvement in Salary Scale of University and,35.19,,35.19,180.0,,180.0,174.0,,174.0,171.0,,171.0
125,Statement 10B,College Teachers 151.   Pandit Madan Mohan Malviya National Mission on,8.54,,8.54,11.2,,11.2,11.2,,11.2,4.3,,4.3
125,Statement 10B,Teachers and Teaching 152.   Programme for Apprenticeship Training,11.0,,11.0,15.5,,15.5,15.1,,15.1,15.5,,15.5
125,Statement 10B,153.   Support to Skill based Higher Education including,3.95,,3.95,,,,,,,,,
125,Statement 10B,Community Colleges 154.   Global Initiative for Academic Network (GIAN),2.21,,2.21,2.5,,2.5,2.5,,2.5,1.25,,1.25
125,Statement 10B,155.   National Institutional Ranking Framework,0.05,,0.05,0.17,,0.17,0.17,,0.17,0.15,,0.15
125,Statement 10B,156.   Support to Indian Institute of Science (IISc) 156.01    Support from Gross Budgetary Support,7.5,,7.5,17.0,,17.0,17.0,,17.0,18.0,,18.0
125,Statement 10B,(GBS) 157.   Indira Gandhi National Open University (IGNOU),5.78,,5.78,5.3,,5.3,5.3,,5.3,5.5,,5.5
125,Statement 10B,158.   Technical Education Quality Improvement Programme of Government of India (EAP) 158.01 Support from Gross Budgetary Support,28.41,,28.41,4.55,,4.55,95.65,,95.65,16.15,,16.15
125,Statement 10B,(GBS) 158.02 Support from National Investment Fund,25.57,,25.57,77.0,,77.0,,,,53.85,,53.85
125,Statement 10B,(NIF) Total- Technical Education Quality Improvement,53.98,,53.98,81.55,,81.55,95.65,,95.65,70.0,,70.0
125,Statement 10B,Programme of Government of India (EAP) 159.   All India Council for Technical Education(AICTE) 159.01     Support from Gross Budgetary Support,0.88,,0.88,15.0,,15.0,1.4,,1.4,10.0,,10.0
125,Statement 10B,159.02      Support from Madhyamik and Uchhatar,30.0,,30.0,,,,13.0,,13.0,,,
125,Statement 10B,Shiksha Kosh Total- All India Council for Technical Education(AICTE),30.88,,30.88,15.0,,15.0,14.4,,14.4,10.0,,10.0
125,Statement 10B,160.   Interest Subsidy and contribution for Guarantee,4.04,,4.04,133.0,,133.0,133.0,,133.0,133.0,,133.0
125,Statement 10B,Funds 161.   Scholarship for College and University students,17.84,,17.84,19.5,,19.5,19.5,,19.5,8.0,,8.0
125,Statement 10B,162.   National Mission in Education Through ICT,0.82,,0.82,14.6,,14.6,13.25,,13.25,7.3,,7.3
125,Statement 10B,163.   Setting up of virtual classrooms and massive open,9.03,,9.03,11.2,,11.2,11.2,,11.2,6.5,,6.5
125,Statement 10B,online courses (MOOCs) 164.   e-shodh Sindhu,17.47,,17.47,20.8,,20.8,20.8,,20.8,20.0,,20.0
126,Statement 10B,165.   National Digital Library,0.49,,0.49,1.0,,1.0,1.0,,1.0,1.5,,1.5
126,Statement 10B,166.   Directorate of Hindi,0.55,,0.55,1.5,,1.5,1.5,,1.5,1.5,,1.5
126,Statement 10B,167.   Commission for Scientific and Technical,0.34,,0.34,0.3,,0.3,0.3,,0.3,0.35,,0.35
126,Statement 10B,Terminology 168.   PM Research Fellowship,1.33,,1.33,4.3,,4.3,4.3,,4.3,4.3,,4.3
126,Statement 10B,169.   National Academic Depository,0.4,,0.4,1.0,,1.0,1.0,,1.0,1.0,,1.0
126,Statement 10B,170.   Rashtriya Uchhatar Shiksha Abhiyan (RUSA),134.01,,134.01,222.7,,222.7,167.54,,167.54,25.0,,25.0
126,Statement 10B,171.   Training and Research in Frontier Areas,0.48,,0.48,1.3,,1.3,1.3,,1.3,,,
126,Statement 10B,"172.   Setting up of Inter-Institutional Centres, Creation of",,,,0.09,,0.09,0.09,,0.09,,,
126,Statement 10B,"Excellence Clusters and Networks, Establishing Alliances across Institutions 173.   National Inititative for Design Innovation",1.53,,1.53,3.01,,3.01,1.76,,1.76,3.0,,3.0
126,Statement 10B,174.   Startup India Initiative in Higher Educational,7.0,,7.0,8.21,,8.21,6.71,,6.71,8.6,,8.6
126,Statement 10B,Institutions 175.   Unnat Bharat Abhiyan,0.99,,0.99,2.79,,2.79,1.79,,1.79,2.8,,2.8
126,Statement 10B,176.   Uchhatar Avishkar Abhiyan,,,,8.17,,8.17,,,,,,
126,Statement 10B,177.   Implementation of the IMPRINT Research Initiative,5.2,,5.2,6.88,,6.88,4.58,,4.58,4.0,,4.0
126,Statement 10B,(Impacting Research Innovation and Technology) 178.   University Grants Commission (UGC),179.95,,179.95,135.0,,135.0,128.5,,128.5,150.0,,150.0
126,Statement 10B,179.   Support to Indian Institutes of Technology,213.13,,213.13,186.0,,186.0,186.0,,186.0,215.0,,215.0
126,Statement 10B,"180.   IIT, Andhra Pradesh",4.4,,4.4,,,,,,,,,
126,Statement 10B,"181.   IIT, Hyderabad (EAP)",0.75,,0.75,2.5,,2.5,6.8,,6.8,4.5,,4.5
126,Statement 10B,"182.   Indian School of Mines, Dhanbad",6.78,,6.78,,,,,,,,,
126,Statement 10B,183.   Setting up of new IITs,12.88,,12.88,,,,,,,,,
126,Statement 10B,184.   Support to Indian Institutes of Management (IIMs) 184.01    Support from Gross Budgetary Support,13.8,,13.8,14.0,,14.0,18.16,,18.16,15.0,,15.0
126,Statement 10B,"(GBS) 185.   IIM, Andhra Pradesh",2.35,,2.35,,,,,,,,,
126,Statement 10B,186.   Setting up of new IIMs,8.74,,8.74,,,,,,,,,
126,Statement 10B,187.   Support to National Institutes of Technology 187.01     Support from Gross Budgetary Support,151.53,,151.53,,,,,,,,,
127,Statement 10B,"188.   NIT, Andhra Pradesh",4.7,,4.7,,,,,,,,,
127,Statement 10B,"189.   Upgradation of Indian Institute of Engineering,",7.0,,7.0,,,,,,,,,
127,Statement 10B,"Science and Technology (IIEST) (BESU and CUSAT) 190.   Support to Indian Institute(s) of Science, Education and Research (IISER) 190.01 Support from Gross Budgetary Support",28.91,,28.91,28.0,,28.0,27.49,,27.49,30.0,,30.0
127,Statement 10B,"(GBS) 191.   IISER, Andhra Pradesh",2.49,,2.49,,,,,,,,,
127,Statement 10B,"192.   Support to Indian Institute(s) of Information Technology (Allahabad, Gwalior, Jabalpur and Kanchipuram) 192.01 Support from Gross Budgetary Support",11.03,,11.03,7.17,,7.17,7.17,,7.17,8.0,,8.0
127,Statement 10B,(GBS) 193.   Setting up Indian Institutes of Information,6.94,,6.94,5.2,,5.2,5.2,,5.2,5.0,,5.0
127,Statement 10B,"Technology in PPP mode 194.   IIIT, Andhra Pradesh",1.07,,1.07,,,,,,,,,
127,Statement 10B,195.   Deemed Universities promoted by Central,3.9,,3.9,11.0,,11.0,11.0,,11.0,11.0,,11.0
127,Statement 10B,Government 196.   Impactful Policy Research in Social Science,,,,6.45,,6.45,2.45,,2.45,,,
127,Statement 10B,(IMPRESS) 197.   Scheme for Promotion of Academic and Research,2.95,,2.95,11.18,,11.18,9.18,,9.18,3.5,,3.5
127,Statement 10B,Collaboration (SPARC) 198.   Scheme for Transformational and Advanced,0.06,,0.06,4.3,,4.3,3.95,,3.95,4.3,,4.3
127,Statement 10B,Research in Sciences (STARS) 199.   Study in India,1.74,,1.74,5.0,,5.0,1.25,,1.25,,,
127,Statement 10B,200.   Support to National Institutes of Technology (NITs) and IIEST 200.01 Support from Gross Budgetary Support,,,,112.9,,112.9,122.54,,122.54,142.0,,142.0
127,Statement 10B,(GBS) 201.   New Schools of Planning and Architecture,4.63,,4.63,,,,,,,,,
127,Statement 10B,202.   Education Quality Upgradation and Inclusion,,,,,,,,,,172.0,,172.0
127,Statement 10B,Programme (EQUIP) 203.   Schools of Planning and Architecture (SPAs) 203.01  Support from Gross Budgetary Support,,,,9.18,,9.18,4.88,,4.88,8.5,,8.5
127,Statement 10B,(GBS) 204. Special Scholarship Scheme for Jammu and,,,,,,,,,,12.0,,12.0
127,Statement 10B,Kashmir Demand No. 61,103.93,4.98,108.91,256.73,15.47,272.2,227.81,10.0,237.81,272.16,7.47,279.63
128,Statement 10B,205.01 Ground Water Management and,3.83,4.98,8.81,4.53,15.47,20.0,4.78,10.0,14.78,4.53,7.47,12.0
128,Statement 10B,Regulation 206.   HRD/Capacity Building Programme,0.1,,0.1,0.2,,0.2,0.15,,0.15,0.63,,0.63
128,Statement 10B,207.   Har Khet Ko Pani,100.0,,100.0,205.0,,205.0,205.0,,205.0,205.0,,205.0
128,Statement 10B,208.   Flood Management and Border Areas,,,,40.0,,40.0,10.88,,10.88,50.0,,50.0
128,Statement 10B,Programme(FMBAP) 209.   National River Conservation Plan -Other Basins 209.01   Programme Component,,,,7.0,,7.0,7.0,,7.0,12.0,,12.0
128,Statement 10B,Demand No. 62,1852.04,,1852.04,1999.47,,1999.47,1833.89,,1833.89,2149.41,,2149.41
128,Statement 10B,Department of Drinking Water and Sanitation 210. SBM-Rural 210.01   Programme Component,1302.06,,1302.06,999.4,,999.4,833.82,,833.82,999.41,,999.41
128,Statement 10B,211.   Jal Jeevan Mission (JJM) / National Rural Drinking Water Mission 211.01 Jal Jeevan Mission/National Rural,549.98,,549.98,1000.07,,1000.07,1000.07,,1000.07,1150.0,,1150.0
128,Statement 10B,Drinking Water Programme - Normal Programme Demand No. 63,748.62,,748.62,929.06,,929.06,929.06,,929.06,977.95,,977.95
128,Statement 10B,Ministry of Labour and Employment 212. Labour Welfare Scheme,18.03,,18.03,14.1,,14.1,9.1,,9.1,12.9,,12.9
128,Statement 10B,213.   Bima Yojana for Unorganised Workers,,,,1.69,,1.69,24.34,,24.34,17.45,,17.45
128,Statement 10B,214.   Labour and Employment Statistical System (LESS),2.04,,2.04,1.25,,1.25,1.25,,1.25,1.0,,1.0
128,Statement 10B,215.   Strengthening of Adjudication Machinery and,0.21,,0.21,,,,,,,,,
128,Statement 10B,"holding of Lok Adalats 216.   Machinery for Better Conciliation, Preventive",0.53,,0.53,1.25,,1.25,1.25,,1.25,,,
128,Statement 10B,"Mediation, Effective Enforcement of Labour Laws, Chief Labour Commissioner 217.   Creation of National Platform of Unorganized",,,,0.09,,0.09,0.09,,0.09,4.3,,4.3
128,Statement 10B,"Workers and allotment of an Aadhaar seeded identification numbers 218.   Employees Pension Scheme, 1995",401.8,,401.8,387.0,,387.0,498.31,,498.31,641.3,,641.3
128,Statement 10B,219.   Social Security for Plantation Workers in Assam,,,,1.71,,1.71,1.71,,1.71,3.32,,3.32
128,Statement 10B,220.   National Child Labour Project including grants in,9.65,,9.65,8.6,,8.6,8.0,,8.0,9.99,,9.99
129,Statement 10B,221.01     National Career Services,6.67,,6.67,4.3,,4.3,5.68,,5.68,6.63,,6.63
129,Statement 10B,221.02     Pradhan Mantri Rojgar Protsahan Yojna,297.0,,297.0,387.0,,387.0,318.0,,318.0,218.36,,218.36
129,Statement 10B,"221.03     Coaching and Guidance for SC,ST and",2.83,,2.83,4.0,,4.0,4.0,,4.0,4.2,,4.2
129,Statement 10B,Other Backward Classes 221.04     Employment Promotion Scheme,0.51,,0.51,0.86,,0.86,0.86,,0.86,,,
129,Statement 10B,Total- Employment Generation Programs,307.01,,307.01,396.16,,396.16,328.54,,328.54,229.19,,229.19
129,Statement 10B,222.   Strengthening and Development of DGFASLI,0.51,,0.51,0.95,,0.95,0.95,,0.95,,,
129,Statement 10B,"Organization and OSH in factories, ports and docks 223.   Strengthening of System and Infrastructure of",0.77,,0.77,1.01,,1.01,1.01,,1.01,,,
129,Statement 10B,Directorate General of Mines Safety (SSID) 224.   Central Board for Workers Education,7.01,,7.01,6.71,,6.71,10.48,,10.48,,,
129,Statement 10B,225.   National Labour Institute,1.06,,1.06,1.03,,1.03,1.03,,1.03,,,
129,Statement 10B,226.   Incentive for Entities for providing Maternity,,,,0.01,,0.01,,,,,,
129,Statement 10B,benefits 227.   Pradhan Mantri Shram Yogi Maandhan,,,,43.0,,43.0,43.0,,43.0,43.0,,43.0
129,Statement 10B,228.   Pradhan Mantri Karam Yogi Maandhan,,,,64.5,,64.5,,,,15.5,,15.5
129,Statement 10B,Demand No. 67,826.92,,826.92,560.39,,560.39,618.96,,618.96,634.13,,634.13
129,Statement 10B,"Ministry of Micro, Small and Medium Enterprises 229. Solar Charkha Mission",0.21,,0.21,10.0,,10.0,10.0,,10.0,10.0,,10.0
129,Statement 10B,230.   Khadi Grant (KG),21.96,,21.96,,,,,,,,,
129,Statement 10B,231.   Khadi Reform Development Package (ADB,12.6,,12.6,,,,,,,,,
129,Statement 10B,Assistance) 232.   Market Promotion and Development Assistance,12.39,,12.39,9.16,,9.16,9.16,,9.16,,,
129,Statement 10B,233.   Scheme for Fund for Regeneration of Traditional,12.0,,12.0,10.75,,10.75,15.9,,15.9,44.08,,44.08
129,Statement 10B,Industries (SFURTI) 234.   Coir Vikas Yojana,6.75,,6.75,5.06,,5.06,5.06,,5.06,3.19,,3.19
129,Statement 10B,"235.   ASPIRE (Promotion of Innovation, Rural Industry",14.0,,14.0,4.3,,4.3,0.9,,0.9,4.3,,4.3
129,Statement 10B,and Entrepreneurship) 236.   Credit Linked Capital Subsidy and Technology,,,,5.89,,5.89,2.8,,2.8,2.8,,2.8
129,Statement 10B,Upgradation Scheme 237.   Prime Minister Employment Generation,397.14,,397.14,239.63,,239.63,276.0,,276.0,355.0,,355.0
129,Statement 10B,Programme (PMEGP) 238.   Interest Subsidy Eligibility Certificate,3.2,,3.2,,,,,,,,,
130,Statement 10B,239.   Credit Support Programme,246.89,,246.89,124.0,,124.0,124.0,,124.0,,,
130,Statement 10B,240.   Performance and Credit Rating Scheme,,,,0.01,,0.01,0.01,,0.01,,,
130,Statement 10B,241.   Procurement and Marketing Support Scheme,,,,0.65,,0.65,0.65,,0.65,5.72,,5.72
130,Statement 10B,242.   Marketing Assistance Scheme (MAS),,,,0.01,,0.01,0.01,,0.01,,,
130,Statement 10B,243.   International Cooperation Scheme,,,,2.58,,2.58,0.05,,0.05,1.63,,1.63
130,Statement 10B,244.   Promotional Services Institutions and Programme,0.03,,0.03,8.94,,8.94,8.95,,8.95,6.5,,6.5
130,Statement 10B,245.   Infrastructure Development and Capacity Building,26.0,,26.0,25.0,,25.0,25.0,,25.0,25.0,,25.0
130,Statement 10B,246.   Database Research Evaluation and Other Office,,,,0.1,,0.1,0.1,,0.1,0.1,,0.1
130,Statement 10B,Support Programme 247.   National Schedule Caste/Schedule Tribe Hub,12.1,,12.1,23.0,,23.0,3.0,,3.0,25.0,,25.0
130,Statement 10B,Centre 248.   Infrastructure Development and Capacity Building-,38.0,,38.0,33.37,,33.37,33.37,,33.37,18.89,,18.89
130,Statement 10B,EAP Component 249.   Interest Subvention Scheme for Incremental Credit,23.65,,23.65,57.94,,57.94,57.94,,57.94,65.0,,65.0
130,Statement 10B,to MSMEs 250.   Gramodyog Vikas Yojana,,,,,,,12.0,,12.0,16.92,,16.92
130,Statement 10B,251.   Khadi Vikas Yojana,,,,,,,23.79,,23.79,25.0,,25.0
130,Statement 10B,252.   Fund of Funds,,,,,,,10.27,,10.27,25.0,,25.0
130,Statement 10B,Demand No. 68,10.59,,10.59,25.55,,25.55,25.55,,25.55,23.23,,23.23
130,Statement 10B,Ministry of Mines 253. Geological Survey of India,10.59,,10.59,24.0,,24.0,24.0,,24.0,22.0,,22.0
130,Statement 10B,254.   Indian Bureau of Mines,,,,1.55,,1.55,1.55,,1.55,1.23,,1.23
130,Statement 10B,Demand No. 70,188.18,,188.18,441.0,,441.0,322.0,,322.0,486.0,,486.0
130,Statement 10B,Ministry of New and Renewable Energy 255. Human Resources Development and Training,,,,6.0,,6.0,3.0,,3.0,3.0,,3.0
130,Statement 10B,256.   Wind Power,,,,35.0,,35.0,85.0,,85.0,200.0,,200.0
130,Statement 10B,257.   Small Hydro Power,60.0,,60.0,110.8,,110.8,20.0,,20.0,30.0,,30.0
130,Statement 10B,258.   Solar Power,62.0,,62.0,179.2,,179.2,139.0,,139.0,143.0,,143.0
130,Statement 10B,259.   Green Energy Corridors,,,,25.0,,25.0,3.0,,3.0,25.0,,25.0
130,Statement 10B,260.   Solar Power,61.77,,61.77,70.0,,70.0,69.0,,69.0,,,
130,Statement 10B,261.   Biogas Programme,4.41,,4.41,15.0,,15.0,3.0,,3.0,10.0,,10.0
131,Statement 10B,262.   Kisan Urja Suraksha evam Utthaan Mahabhiyan,,,,,,,,,,25.0,,25.0
131,Statement 10B,(KUSUM) 263. Kisan Urja Suraksha evam Utthaan,,,,,,,,,,50.0,,50.0
131,Statement 10B,Mahabhiyan(KUSUM) Demand No. 71,62.82,,62.82,62.82,,62.82,61.15,,61.15,74.62,,74.62
131,Statement 10B,Ministry of Panchayati Raj 264. Rashtriya Gram Swaraj Abhiyan (RGSA),62.82,,62.82,62.82,,62.82,61.15,,61.15,74.62,,74.62
131,Statement 10B,Demand No. 75,,,,1570.21,,1570.21,1619.8,,1619.8,1840.5,,1840.5
131,Statement 10B,Ministry of Petroleum and Natural Gas 265. Direct Benefit Transfer - LPG,,,,1268.5,,1268.5,1273.99,,1273.99,1631.23,,1631.23
131,Statement 10B,266.   LPG Connection to Poor Households,,,,120.0,,120.0,164.1,,164.1,48.07,,48.07
131,Statement 10B,267.   Other subsidy payable including for North Eastern,,,,174.49,,174.49,,,,22.86,,22.86
131,Statement 10B,Region 268.   Under-recovery (other Subsidy Payable),,,,,,,174.49,,174.49,136.57,,136.57
131,Statement 10B,269.   Direct Benefit Transfer- Kerosene,,,,7.22,,7.22,7.22,,7.22,1.77,,1.77
131,Statement 10B,Demand No. 77,453.8,42.22,496.02,733.79,70.0,803.79,733.78,70.0,803.78,787.0,70.0,857.0
131,Statement 10B,Ministry of Power 270. Deen Dayal Upadhyaya Gram Jyoti Yojna,326.8,,326.8,349.68,,349.68,349.67,,349.67,387.0,,387.0
131,Statement 10B,271.   Integrated Power Development Scheme 271.01    IPDS-Grant,127.0,,127.0,384.11,,384.11,384.11,,384.11,400.0,,400.0
131,Statement 10B,271.02    IPDS-Loans,,42.22,42.22,,70.0,70.0,,70.0,70.0,,70.0,70.0
131,Statement 10B,Total- Integrated Power Development Scheme,127.0,42.22,169.22,384.11,70.0,454.11,384.11,70.0,454.11,400.0,70.0,470.0
131,Statement 10B,Demand No. 84,,2355.56,2355.56,,2610.0,2610.0,,2610.0,2610.0,,2920.0,2920.0
131,Statement 10B,Ministry of Road Transport and Highways 272. Road Works 272.01    Works under Roads Wing,,2355.56,2355.56,,2610.0,2610.0,,2610.0,2610.0,,2920.0,2920.0
131,Statement 10B,Demand No. 85,5377.64,,5377.64,5984.12,,5984.12,5882.27,,5882.27,5026.0,,5026.0
131,Statement 10B,Department of Rural Development 273. Pradhan Mantri Awas Yojna (PMAY)- Rural 273.01    PMAY-Programme Component,4493.87,,4493.87,4700.0,,4700.0,4675.0,,4675.0,3413.0,,3413.0
131,Statement 10B,274.   National Rural Livelihood Mission 274.01    NRLM-Programme Component,883.77,,883.77,1284.12,,1284.12,1207.27,,1207.27,1613.0,,1613.0
131,Statement 10B,Demand No. 86,189.98,,189.98,221.6,,221.6,178.3,,178.3,223.87,,223.87
132,Statement 10B,275.   Land Records Modernization Programme,5.9,,5.9,15.0,,15.0,5.0,,5.0,23.86,,23.86
132,Statement 10B,276.   Integrated Watershed Development Program 276.01    Programme Component,184.08,,184.08,206.6,,206.6,173.3,,173.3,200.01,,200.01
132,Statement 10B,Demand No. 87,99.03,,99.03,115.78,,115.78,111.84,,111.84,137.69,,137.69
132,Statement 10B,Department of Science and Technology 277. Science and Technology Institutional and Human,3.84,,3.84,8.0,,8.0,8.0,,8.0,10.0,,10.0
132,Statement 10B,"Capacity Building 278. Innovation, Technology Development and",55.19,,55.19,97.78,,97.78,83.84,,83.84,117.69,,117.69
132,Statement 10B,Deployment 279. Assistance to Autonomous Bodies,30.0,,30.0,,,,,,,,,
132,Statement 10B,280.   Science and Engineering Research Board,10.0,,10.0,10.0,,10.0,20.0,,20.0,10.0,,10.0
132,Statement 10B,Demand No. 91,219.11,,219.11,212.87,1.72,214.59,172.71,,172.71,209.65,,209.65
132,Statement 10B,Ministry of Skill Development and Entrepreneurship 281. Pradhan Mantri Kaushal Vikas Yojana 281.01    Development of Entrepreneurship,1.75,,1.75,3.2,,3.2,1.94,,1.94,3.02,,3.02
132,Statement 10B,281.02    Development of Skills,217.36,,217.36,206.4,,206.4,158.3,,158.3,121.73,,121.73
132,Statement 10B,281.03    Strengthening of Infrastructure for,,,,3.27,,3.27,7.71,,7.71,7.4,,7.4
132,Statement 10B,Institutional Training 281.04    Strengthening of Skill Institutions,,,,,1.72,1.72,0.83,,0.83,1.38,,1.38
132,Statement 10B,281.05    Promotion of Apprenticeship,,,,,,,3.93,,3.93,5.66,,5.66
132,Statement 10B,281.06    Skill Acquisition and Knowledge,,,,,,,,,,39.5,,39.5
132,Statement 10B,Awareness for Livelihood Promotion 281.07 Skill Strengthening for Industrial Value,,,,,,,,,,30.96,,30.96
132,Statement 10B,Enhancements Total- Pradhan Mantri Kaushal Vikas Yojana,219.11,,219.11,212.87,1.72,214.59,172.71,,172.71,209.65,,209.65
132,Statement 10B,Demand No. 93,67.43,1.86,69.29,84.03,4.19,88.22,78.92,,78.92,68.56,,68.56
132,Statement 10B,Department of Empowerment of Persons with Disabilities 282. Deendayal Disabled Rehabilitation Scheme,6.0,,6.0,7.62,,7.62,10.17,,10.17,11.18,,11.18
132,Statement 10B,283.   Assistance to Disabled Persons for,27.34,,27.34,25.0,,25.0,25.0,,25.0,19.78,,19.78
132,Statement 10B,Purchase/Fitting of Aids and Applicances 284.   Support to National Institutes,11.25,,11.25,6.0,,6.0,6.0,,6.0,8.0,,8.0
132,Statement 10B,285.   National Handicapped Finance and Development,,1.86,1.86,,4.19,4.19,,,,,,
132,Statement 10B,Corporation 286.   Indian Spinal Injury Centre,,,,0.42,,0.42,0.26,,0.26,0.34,,0.34
133,Statement 10B,287.   Support to Establishment/Modernization/Capacity,0.74,,0.74,0.81,,0.81,,,,,,
133,Statement 10B,augmentation of Braille Presses 288.   Scholarship for Students with Disabilidties,22.1,,22.1,12.71,,12.71,11.88,,11.88,7.69,,7.69
133,Statement 10B,289.   Scheme for implementation of Persons with,,,,31.47,,31.47,25.61,,25.61,21.57,,21.57
133,Statement 10B,Disability Act Demand No. 97,74.26,,74.26,216.99,,216.99,184.99,,184.99,222.55,,222.55
133,Statement 10B,Ministry of Textiles 290. National Handloom Development Programme,12.84,,12.84,24.74,,24.74,25.39,,25.39,42.0,,42.0
133,Statement 10B,291.   Handloom Weaver Comprehensive Welfare,0.04,,0.04,5.5,,5.5,5.5,,5.5,1.0,,1.0
133,Statement 10B,Scheme (HWCWS) 292.   Yarn Supply Scheme,20.0,,20.0,40.0,,40.0,32.17,,32.17,32.0,,32.0
133,Statement 10B,293.   Design and Technical Upgradation Scheme,3.02,,3.02,7.0,,7.0,7.0,,7.0,2.0,,2.0
133,Statement 10B,294.   Ambedkar Hasthshilp Vikas Yojana,,,,2.0,,2.0,,,,1.0,,1.0
133,Statement 10B,295.   Marketing Support and Services,,,,,,,,,,1.0,,1.0
133,Statement 10B,296.   Handicrafts Artisans comprehensive welfare,1.96,,1.96,3.5,,3.5,3.5,,3.5,1.0,,1.0
133,Statement 10B,scheme 297.   Research and Development - Handicrafts,0.8,,0.8,6.5,,6.5,6.5,,6.5,3.0,,3.0
133,Statement 10B,298.   Human Resource Development- Handicrafts,4.76,,4.76,5.75,,5.75,5.75,,5.75,2.0,,2.0
133,Statement 10B,299.   Central Silk Board,30.84,,30.84,85.0,,85.0,77.18,,77.18,88.0,,88.0
133,Statement 10B,300.   Integrated Scheme for Skill Development,,,,27.0,,27.0,12.0,,12.0,12.0,,12.0
133,Statement 10B,301.   NER Textiles Promotion Scheme,,,,,,,,,,27.55,,27.55
133,Statement 10B,302.   Scheme for Usage of Geotextiles in North East,,,,,,,,,,2.0,,2.0
133,Statement 10B,303.   Integrated Wool Development Programme,,,,10.0,,10.0,10.0,,10.0,8.0,,8.0
133,Statement 10B,Demand No. 98,,,,90.0,,90.0,55.0,,55.0,102.0,,102.0
133,Statement 10B,Ministry of Tourism 304. Integrated Development of Tourist Circuits around,,,,90.0,,90.0,55.0,,55.0,102.0,,102.0
133,Statement 10B,specific themes (Swadesh Darshan) Demand No. 99,5889.78,65.0,5954.78,6767.89,80.0,6847.89,7213.65,80.01,7293.66,7205.75,150.01,7355.76
133,Statement 10B,Ministry of Tribal Affairs 305. Special Central Assistance 305.01    Special Central Assistance to Tribal Sub-,1349.81,,1349.81,1350.0,,1350.0,1350.0,,1350.0,1350.0,,1350.0
133,Statement 10B,Schemes 306.   Tribal Education 306.01    Pre-Matric Scholarship,311.5,,311.5,340.0,,340.0,440.0,,440.0,400.0,,400.0
134,Statement 10B,306.02    Post-Matric Scholarship,1647.56,,1647.56,1613.5,,1613.5,1826.39,,1826.39,1900.0,,1900.0
134,Statement 10B,Total- Tribal Education,1959.06,,1959.06,1953.5,,1953.5,2266.39,,2266.39,2300.0,,2300.0
134,Statement 10B,307.   Vanbandhu Kalyan Yojana 307.01    Development of Particularly Vulnerable,250.0,,250.0,250.0,,250.0,250.0,,250.0,250.0,,250.0
134,Statement 10B,Tribal Groups (PVTGs) 307.02    Development Programmes in the Tribal,,,,0.01,,0.01,,,,0.01,,0.01
134,Statement 10B,Areas (EAP) 307.03    Minimum Support Price for Minor Forest,96.85,,96.85,130.0,,130.0,190.0,,190.0,152.51,,152.51
134,Statement 10B,Produce(MSP for MFP) 307.04    Monitoring and Evaluation,2.42,,2.42,2.5,,2.5,4.0,,4.0,4.0,,4.0
134,Statement 10B,307.05    Vanbandhu Kalyan Yojana,,,,0.01,,0.01,,,,,,
134,Statement 10B,"307.06    Tribal Festival, Research, information",23.35,,23.35,24.0,,24.0,24.0,,24.0,24.0,,24.0
134,Statement 10B,and Mass Education Total- Vanbandhu Kalyan Yojana,372.62,,372.62,406.52,,406.52,468.0,,468.0,430.52,,430.52
134,Statement 10B,308.   National Fellowship and Scholarship for Higher,99.98,,99.98,100.0,,100.0,100.0,,100.0,100.0,,100.0
134,Statement 10B,Education of ST Students 309.   Scholarship to the ST Students for Studies Abroad,2.0,,2.0,2.0,,2.0,2.0,,2.0,2.0,,2.0
134,Statement 10B,310.   Support to National/ State Scheduled Tribes,,65.0,65.0,,80.0,80.0,,80.0,80.0,,150.0,150.0
134,Statement 10B,Finance and Development Corporation 311.   Institutional Support for Development and,72.5,,72.5,83.0,,83.0,128.5,,128.5,140.0,,140.0
134,Statement 10B,Marketing of Tribal Products (TRIFED etc.) 312.   Grants under proviso to Article 275(1) of the,1819.82,,1819.82,2662.55,,2662.55,2662.55,,2662.55,1350.0,,1350.0
134,Statement 10B,Constitution 313.   Grant to Assam Government under Clause A of the,,,,0.01,,0.01,,,,0.01,,0.01
134,Statement 10B,Second Provision to Article 275(1) of the Constitution 314.   Support to Tribal Research Institutes 314.01    Tribal Memorial,,,,0.01,,0.01,0.01,,0.01,0.01,,0.01
134,Statement 10B,314.02    Tribal Research Institutes,99.99,,99.99,99.99,,99.99,109.99,,109.99,109.99,,109.99
134,Statement 10B,Total- Support to Tribal Research Institutes,99.99,,99.99,100.0,,100.0,110.0,,110.0,110.0,,110.0
134,Statement 10B,315.   Aid to Voluntary Organisations Working for the,114.0,,114.0,110.0,,110.0,110.0,,110.0,110.0,,110.0
134,Statement 10B,Welfare of Scheduled Tribes 316.   Eklavya Model Residential School (EMRS),,,,0.31,,0.31,16.21,0.01,16.22,1313.22,0.01,1313.23
134,Statement 10B,Demand No. 100,1466.55,,1466.55,2486.64,,2486.64,2232.83,,2232.83,2555.95,,2555.95
135,Statement 10B,317.   Mahila Shakti Kendra,,,,12.9,,12.9,4.3,,4.3,8.6,,8.6
135,Statement 10B,318.   Pradhan Mantri Matru Vandana Yojana,93.0,,93.0,215.0,,215.0,215.0,,215.0,215.0,,215.0
135,Statement 10B,319.   Anganwadi Services (Erstwhile Core ICDS),1349.04,,1349.04,2232.94,,2232.94,1996.53,,1996.53,2308.85,,2308.85
135,Statement 10B,320.   Scheme for Adolescent Girls,24.51,,24.51,25.8,,25.8,17.0,,17.0,23.5,,23.5
135,Statement 10B,Demand No. 101,121.2,,121.2,161.17,,161.17,182.82,,182.82,201.35,,201.35
135,Statement 10B,Ministry of Youth Affairs and Sports 321. Nehru Yuva Kendra Sangathan,21.93,,21.93,22.16,,22.16,22.16,,22.16,26.0,,26.0
135,Statement 10B,322.   Sports Authority of India,29.0,,29.0,43.0,,43.0,57.0,,57.0,43.0,,43.0
135,Statement 10B,323.   Laxmi Bai National Institute of Physical Education,3.9,,3.9,4.46,,4.46,4.46,,4.46,4.8,,4.8
135,Statement 10B,324.   Rajiv Gandhi National Institute of Youth,1.56,,1.56,2.58,,2.58,4.4,,4.4,3.02,,3.02
135,Statement 10B,Development 325.   National Youth Corps,4.0,,4.0,7.0,,7.0,6.6,,6.6,7.75,,7.75
135,Statement 10B,326.   National Programme for Youth and Adolescent Development 326.01 Programme Component,1.62,,1.62,1.81,,1.81,1.81,,1.81,1.98,,1.98
135,Statement 10B,327.   National Young Leaders Programme,0.99,,0.99,1.12,,1.12,1.12,,1.12,1.89,,1.89
135,Statement 10B,328.   Assistance to Promotion of Sports Excellence 328.01   Assistance to National Sports,22.0,,22.0,21.5,,21.5,21.5,,21.5,21.5,,21.5
135,Statement 10B,Federations 329.   Himalayan Region Sports Festival Scheme,,,,0.2,,0.2,,,,,,
135,Statement 10B,330.   National Service Scheme,11.17,,11.17,13.8,,13.8,15.69,,15.69,14.84,,14.84
135,Statement 10B,331.   Khelo India,25.03,,25.03,43.54,,43.54,48.08,,48.08,76.57,,76.57
135,Statement 10B,Grand Total,34024.24,2865.42,36889.66,49538.17,3345.79,52883.96,46282.26,2985.76,49268.02,50136.73,3516.13,53652.86
158,Statement 14,1. Ministry of Defence,37.94,97.66,135.6,106.04,118.35,224.39,111.78,134.9,246.68,107.58,147.5,255.08
158,Statement 14,1. Ministry of Defence (Civil),0.06,23.67,23.73,0.66,35.0,35.66,0.73,40.0,40.73,0.66,40.0,40.66
158,Statement 14,2.   Defence Services (Revenue),35.58,,35.58,102.92,,102.92,105.25,,105.25,101.02,,101.02
158,Statement 14,3.   Capital Outlay on Defence Services,,73.99,73.99,,83.35,83.35,,94.9,94.9,,107.5,107.5
158,Statement 14,4.   Defence Pensions,2.3,,2.3,2.46,,2.46,5.8,,5.8,5.9,,5.9
158,Statement 14,"2. Ministry of Environment, Forests and Climate Change",,0.49,0.49,,,,,0.29,0.29,,,
158,Statement 14,"5. Ministry of Environment, Forests and Climate",,0.49,0.49,,,,,0.29,0.29,,,
158,Statement 14,Change 3. Ministry of External Affairs,,,,0.03,,0.03,0.03,,0.03,0.03,,0.03
158,Statement 14,6. Ministry of External Affairs,,,,0.03,,0.03,0.03,,0.03,0.03,,0.03
158,Statement 14,4. Ministry of Finance,689659.12,6088719.48,6778378.6,794495.13,6003010.37,6797505.5,787570.37,6371489.0,7159059.37,883789.39,6916021.56,7799810.95
158,Statement 14,7. Department of Financial Services,0.1,,0.1,,,,,,,,,
158,Statement 14,8.   Department of Revenue,,,,0.02,,0.02,0.02,,0.02,0.02,,0.02
158,Statement 14,9.   Indirect Taxes,,,,0.5,,0.5,0.5,,0.5,0.5,,0.5
158,Statement 14,10.   Indian Audit and Accounts Department,159.3,,159.3,177.69,,177.69,177.69,,177.69,186.46,,186.46
158,Statement 14,11.   Interest Payments,595554.03,,595554.03,673470.6,,673470.6,663297.18,,663297.18,733203.16,,733203.16
158,Statement 14,12.   Repayment of Debt,,6064945.38,6064945.38,,5983187.09,5983187.09,,6346389.0,6346389.0,,6890921.56,6890921.56
158,Statement 14,13.   Pensions,242.11,,242.11,380.1,,380.1,385.1,,385.1,474.45,,474.45
158,Statement 14,14.   Transfers to States,93703.58,23774.1,117477.68,120466.22,19823.28,140289.5,123709.88,25100.0,148809.88,149924.8,25100.0,175024.8
158,Statement 14,5. Department of Atomic Energy,0.02,9.82,9.84,1.0,10.0,11.0,1.0,10.0,11.0,1.0,10.0,11.0
158,Statement 14,15. Atomic Energy,0.02,9.82,9.84,1.0,10.0,11.0,1.0,10.0,11.0,1.0,10.0,11.0
158,Statement 14,6. Ministry of Home Affairs,43.59,77.81,121.4,49.56,31.33,80.89,49.4,88.93,138.33,47.57,59.42,106.99
158,Statement 14,16. Ministry of Home Affairs,8.49,,8.49,0.02,,0.02,0.02,,0.02,0.03,,0.03
158,Statement 14,17.   Police,3.45,2.81,6.26,7.49,6.33,13.82,7.36,3.93,11.29,6.77,4.42,11.19
158,Statement 14,18.   Andaman and Nicobar Islands,0.01,,0.01,0.01,,0.01,0.01,,0.01,0.01,,0.01
158,Statement 14,19.   Chandigarh,31.64,75.0,106.64,42.01,25.0,67.01,42.01,85.0,127.01,40.76,55.0,95.76
158,Statement 14,20.   Dadra and Nagar Haveli and Daman and Diu,,,,0.03,,0.03,,,,,,
158,Statement 14,7. Ministry of Housing and Urban Affairs,92.45,87.74,180.19,91.81,71.92,163.73,100.2,58.22,158.42,103.81,44.82,148.63
158,Statement 14,21. Ministry of Housing and Urban Affairs,92.45,87.74,180.19,91.81,71.92,163.73,100.2,58.22,158.42,103.81,44.82,148.63
159,Statement 14,8. Ministry of Jal Shakti,,,,,0.01,0.01,,0.01,0.01,,0.01,0.01
159,Statement 14,"22. Department of Water Resources, River",,,,,0.01,0.01,,0.01,0.01,,0.01,0.01
159,Statement 14,Development and Ganga Rejuvenation 9. Ministry of Law and Justice,258.53,,258.53,269.46,,269.46,296.55,,296.55,308.61,,308.61
159,Statement 14,23. Supreme Court of India,258.53,,258.53,269.46,,269.46,296.55,,296.55,308.61,,308.61
159,Statement 14,10. Ministry of Mines,0.02,,0.02,,,,,,,,,
159,Statement 14,24. Ministry of Mines,0.02,,0.02,,,,,,,,,
159,Statement 14,"11. Ministry of Personnel, Public Grievances and Pensions",34.18,0.49,34.67,132.54,6.65,139.19,55.17,0.75,55.92,112.32,3.65,115.97
159,Statement 14,"25. Ministry of Personnel, Public Grievances and",0.2,0.49,0.69,96.99,6.65,103.64,18.52,0.75,19.27,73.32,3.65,76.97
159,Statement 14,Pensions 26. Central Vigilance Commission,33.98,,33.98,35.55,,35.55,36.65,,36.65,39.0,,39.0
159,Statement 14,"12. The President, Parliament, Union Public Service",343.38,,343.38,377.6,,377.6,375.11,,375.11,389.03,,389.03
159,Statement 14,"Commission and the Secretariat of the Vice President 27. Staff, Household and Allowances of the President",59.66,,59.66,76.33,,76.33,74.42,,74.42,80.98,,80.98
159,Statement 14,28.   Lok Sabha,1.2,,1.2,1.3,,1.3,1.16,,1.16,1.3,,1.3
159,Statement 14,29.   Rajya Sabha,1.87,,1.87,1.52,,1.52,1.37,,1.37,1.37,,1.37
159,Statement 14,30.   Union Public Service Commission,280.65,,280.65,298.45,,298.45,298.16,,298.16,305.38,,305.38
159,Statement 14,13. Ministry of Railways,383.83,464.86,848.69,474.28,36.31,510.59,401.45,853.8,1255.25,497.0,102.63,599.63
159,Statement 14,31. Ministry of Railways,383.83,464.86,848.69,474.28,36.31,510.59,401.45,853.8,1255.25,497.0,102.63,599.63
159,Statement 14,14. Ministry of Road Transport and Highways,,0.8,0.8,,10.0,10.0,,10.0,10.0,,10.0,10.0
159,Statement 14,32. Ministry of Road Transport and Highways,,0.8,0.8,,10.0,10.0,,10.0,10.0,,10.0,10.0
159,Statement 14,15. Ministry of Science and Technology,,,,0.02,,0.02,0.02,,0.02,0.02,,0.02
159,Statement 14,33. Department of Science and Technology,,,,0.02,,0.02,0.02,,0.02,0.02,,0.02
159,Statement 14,16. Deparment of Space,0.29,0.21,0.5,0.6,0.4,1.0,0.6,0.4,1.0,0.6,0.4,1.0
159,Statement 14,34. Department of Space,0.29,0.21,0.5,0.6,0.4,1.0,0.6,0.4,1.0,0.6,0.4,1.0
159,Statement 14,17. Ministry of Tribal Affairs,4946.11,,4946.11,5659.27,,5659.27,5982.14,,5982.14,4768.01,,4768.01
159,Statement 14,35. Ministry of Tribal Affairs,4946.11,,4946.11,5659.27,,5659.27,5982.14,,5982.14,4768.01,,4768.01
159,Statement 14,18. Ministry of Commerce and Industry,,,,0.01,,0.01,0.5,,0.5,0.5,,0.5
159,Statement 14,36. Department of Commerce,,,,0.01,,0.01,0.5,,0.5,0.5,,0.5
159,Statement 14,19. Ministry of Communications,79.05,,79.05,0.8,,0.8,0.8,,0.8,0.8,,0.8
159,Statement 14,37. Department of Posts,0.23,,0.23,0.8,,0.8,0.8,,0.8,0.8,,0.8
159,Statement 14,38.   Department of Telecommunications,78.82,,78.82,,,,,,,,,
159,Statement 14,"20. Ministry of Consumer Affairs, Food and Public Distribution",,,,,,,0.01,,0.01,,,
159,Statement 14,39. Department of Food and Public Distribution,,,,,,,0.01,,0.01,,,
159,Statement 14,Grand Total,695878.51,6089459.36,6785337.87,801658.15,6003295.34,6804953.49,794945.13,6372646.3,7167591.43,890126.27,6916399.99,7806526.26
202,Statement 20,1. Ministry of External Affairs,5962.56,494.62,6457.18,7333.79,842.0,8175.79,6619.78,802.68,7422.46,6617.37,832.28,7449.65
202,Statement 20,1. Chabahar Port,,,,45.0,,45.0,,,,100.0,,100.0
202,Statement 20,2.   Mauritius,659.81,,659.81,1100.0,,1100.0,1100.0,,1100.0,1025.0,,1025.0
202,Statement 20,3.   Seychelles,99.8,,99.8,100.0,,100.0,50.0,,50.0,140.0,,140.0
202,Statement 20,4.   Afghanistan,469.98,,469.98,400.0,,400.0,400.0,,400.0,400.0,,400.0
202,Statement 20,5.   Bangladesh,131.81,,131.81,175.0,,175.0,150.0,,150.0,200.0,,200.0
202,Statement 20,6.   Bhutan,1985.88,494.62,2480.5,2135.79,666.0,2801.79,2048.28,626.23,2674.51,2052.37,832.28,2884.65
202,Statement 20,7.   Nepal,763.39,,763.39,1050.0,,1050.0,1200.0,,1200.0,800.0,,800.0
202,Statement 20,8.   Sri Lanka,168.78,,168.78,250.0,,250.0,205.0,,205.0,200.0,,200.0
202,Statement 20,9.   Maldives,439.4,,439.4,400.0,176.0,576.0,150.0,176.45,326.45,300.0,,300.0
202,Statement 20,10.   Mongolia,0.62,,0.62,5.0,,5.0,2.0,,2.0,2.0,,2.0
202,Statement 20,11.   Other Developing Countries,124.99,,124.99,150.0,,150.0,150.0,,150.0,120.0,,120.0
202,Statement 20,12.   Disaster Relief,19.12,,19.12,20.0,,20.0,30.0,,30.0,20.0,,20.0
202,Statement 20,13.   African Countries,339.98,,339.98,450.0,,450.0,450.0,,450.0,350.0,,350.0
202,Statement 20,14.   Eurasian Countries,29.52,,29.52,45.0,,45.0,45.0,,45.0,45.0,,45.0
202,Statement 20,15.   Latin American Countries,10.02,,10.02,15.0,,15.0,10.0,,10.0,20.0,,20.0
202,Statement 20,16.   Myanmar,376.22,,376.22,400.0,,400.0,170.0,,170.0,300.0,,300.0
202,Statement 20,17.   Support to International,343.56,,343.56,593.0,,593.0,459.5,,459.5,543.0,,543.0
202,Statement 20,Training/Programmes 18.   Actual Recoveries,-0.32,,-0.32,,,,,,,,,
202,Statement 20,2. Ministry of Finance,751.96,,751.96,893.55,,893.55,1257.99,,1257.99,871.13,,871.13
202,Statement 20,1. Exim Bank,628.97,,628.97,779.41,,779.41,1153.06,,1153.06,779.41,,779.41
202,Statement 20,2.   Indian Companies,17.23,,17.23,44.4,,44.4,22.0,,22.0,20.85,,20.85
202,Statement 20,3.   Technical and Economic Co-orperation,57.79,,57.79,58.73,,58.73,59.77,,59.77,59.71,,59.71
203,Statement 20,4.  Technical and Economic Cooperation,47.97,,47.97,11.01,,11.01,23.16,,23.16,11.16,,11.16
203,Statement 20,with other countries Grand Total,6714.52,494.62,7209.14,8227.34,842.0,9069.34,7877.77,802.68,8680.45,7488.5,832.28,8320.78
230,Statement 24,"Department of Agriculture, Cooperation and Farmers''",27.83,40.95,30.47,99.25,,99.25,32.5,31.15,33.93,97.58,,97.58
230,Statement 24,Welfare 1.Chodhury Charan Singh National Institute of Agricultural,,,4.0,4.0,,4.0,,,4.24,4.24,,4.24
230,Statement 24,Marketing 2.National Council for Cooperative Training,,,5.5,5.5,,5.5,,,5.5,5.5,,5.5
230,Statement 24,3.National Institute of Agricultural Extension Management,,,7.96,7.96,,7.96,,,8.34,8.34,,8.34
230,Statement 24,4.National Institute of Plant Health Management,8.7,9.95,8.01,26.66,,26.66,10.0,9.65,9.35,29.0,,29.0
230,Statement 24,5.Protection of Plant Varieties and Farmer's Rights,19.13,31.0,5.0,55.13,,55.13,22.5,21.5,6.5,50.5,,50.5
230,Statement 24,2 Demand No 2 Department of Agricultural Research and Education,1417.64,300.56,3626.18,5344.38,,5344.38,1530.6,297.75,3791.38,5619.73,,5619.73
230,Statement 24,1.Agricultural Scientists Recruitment Board,8.92,0.21,5.71,14.84,,14.84,9.0,5.0,6.58,20.58,,20.58
230,Statement 24,"2.Central Agricultural University, Imphal",22.4,67.0,95.22,184.62,,184.62,24.0,90.0,89.9,203.9,,203.9
230,Statement 24,"3.Dr. Rajendra Prasad Central Agricultural University, Pusa",9.55,100.0,80.0,189.55,,189.55,11.0,60.0,74.9,145.9,,145.9
230,Statement 24,4.Indian Council of Agricultural Research,1371.16,56.64,3441.0,4868.8,,4868.8,1480.0,42.75,3615.0,5137.75,,5137.75
230,Statement 24,5.National Academy of Agricultural Sciences/Indian,1.56,,,1.56,,1.56,1.6,,,1.6,,1.6
230,Statement 24,"Agriculture Universities Association 6.Rani Lakshmi Bai Central Agriculture University, Jhansi",4.05,76.71,4.25,85.01,,85.01,5.0,100.0,5.0,110.0,,110.0
230,Statement 24,Department of Atomic Energy 3 Demand No 3 Atomic Energy,281.0,1117.0,1182.45,2580.45,,2580.45,267.5,1400.0,1166.47,2833.97,,2833.97
230,Statement 24,1.Aided Institutions,257.0,1115.0,1086.45,2458.45,,2458.45,237.5,1396.0,1066.47,2699.97,,2699.97
230,Statement 24,2.Education Society (AEES),,2.0,96.0,98.0,,98.0,,4.0,100.0,104.0,,104.0
230,Statement 24,3.Women and Children Welfare,24.0,,,24.0,,24.0,30.0,,,30.0,,30.0
230,Statement 24,"Ministry of Ayurveda, Yoga and Naturopathy, Unani, Siddha and Homoeopathy (AYUSH) 4 Demand No 4 Ministry of Ayurveda, Yoga and Naturopathy, Unani,",380.36,248.5,533.89,1162.75,,1162.75,411.51,201.47,557.6,1170.58,,1170.58
230,Statement 24,"Siddha and Homoeopathy (AYUSH) 1.All India Institute of Ayurveda (AIIA), New Delhi",23.8,35.5,20.0,79.3,,79.3,30.0,27.5,19.0,76.5,,76.5
230,Statement 24,2.Central Council for Research in Ayurvedic Sciences,110.19,13.0,165.31,288.5,,288.5,116.0,11.0,170.0,297.0,,297.0
230,Statement 24,"3.Central Council for Research in Homoeopathy (CCRH),",38.6,19.0,71.23,128.83,,128.83,49.5,17.0,72.0,138.5,,138.5
230,Statement 24,"New Delhi 4.Central Council for Research in Siddha (CCRS), Chennai",12.0,,21.0,33.0,,33.0,14.0,,21.0,35.0,,35.0
230,Statement 24,5.Central Council for Research in Unani Medicines,45.15,6.0,108.39,159.54,,159.54,45.0,4.0,108.0,157.0,,157.0
230,Statement 24,"(CCRUM), New Delhi 6.Central Council for Research in Yoga and Naturopathy",18.35,41.5,2.6,62.45,,62.45,12.5,24.5,3.5,40.5,,40.5
231,Statement 24,7.Central Council of Homeopathy,1.75,,1.9,3.65,,3.65,1.8,,2.1,3.9,,3.9
231,Statement 24,8.Central Council of Indian Medicine,2.75,,3.0,5.75,,5.75,3.0,,3.5,6.5,,6.5
231,Statement 24,9.Institute for High Altitude Medicinal Plants,,,,,,,,1.0,,1.0,,1.0
231,Statement 24,"10.Institute of Post Graduate Teaching and Research,",13.5,2.0,21.0,36.5,,36.5,17.0,2.0,27.0,46.0,,46.0
231,Statement 24,"Jamnagar 11.Moraji Desai National Institute of Yoga, New Delhi",9.0,,7.38,16.38,,16.38,9.5,0.5,7.0,17.0,,17.0
231,Statement 24,"12.National Institute of Ayurveda, Jaipur",29.5,42.5,50.0,122.0,,122.0,35.0,25.0,51.0,111.0,,111.0
231,Statement 24,"13.National Institute of Homoeopathy, Kolkata",18.11,47.0,22.5,87.61,,87.61,20.0,34.5,21.0,75.5,,75.5
231,Statement 24,14.National Institute of Medicinal Plants,,,,,,,0.15,,,0.15,,0.15
231,Statement 24,"15.National Institute of Naturopathy, Pune",2.0,5.0,4.55,11.55,,11.55,3.0,19.47,5.0,27.47,,27.47
231,Statement 24,"16.National Institute of Siddha, Chennai, Tamilnadu",22.06,16.0,13.75,51.81,,51.81,21.56,6.0,15.0,42.56,,42.56
231,Statement 24,17.National Institute of Sowa Rigpa,,,,,,,1.0,1.0,0.5,2.5,,2.5
231,Statement 24,"18.National Institute of Unani Medicine, Banglore",15.72,15.0,15.0,45.72,,45.72,13.0,23.5,16.0,52.5,,52.5
231,Statement 24,19.National Research Institute of Sowa Rigpa,,1.0,0.2,1.2,,1.2,,,,,,
231,Statement 24,"20.North Eastern Institute of Ayurveda and Homoeopathy,",6.49,5.0,1.5,12.99,,12.99,5.5,4.0,10.0,19.5,,19.5
231,Statement 24,"Shillong 21.North Eastern Institute of Folk Medicine, Passighat",1.29,,1.28,2.57,,2.57,3.0,,2.0,5.0,,5.0
231,Statement 24,22.Pharmacopoeia Commission of Indian Medicine (PCIM),2.1,,2.3,4.4,,4.4,2.5,,3.0,5.5,,5.5
231,Statement 24,23.Rashtriya Ayurveda Vidyapeeth,8.0,,1.0,9.0,,9.0,8.5,0.5,1.0,10.0,,10.0
231,Statement 24,Ministry of Chemicals and Fertilisers 5 Demand No 5 Department of Chemicals and Petrochemicals,1.5,84.5,3.5,89.5,,89.5,2.5,103.25,3.5,109.25,,109.25
231,Statement 24,1.Central Institute of Plastic Engineering and Technology,,81.5,,81.5,,81.5,,98.25,,98.25,,98.25
231,Statement 24,(CIPET) 2.Institute of Pesticides Formulation Techonology,1.5,3.0,3.5,8.0,,8.0,2.5,5.0,3.5,11.0,,11.0
231,Statement 24,Ministry of Civil Aviation 6 Demand No 8 Ministry of Civil Aviation,21.8,4.5,5.5,31.8,,31.8,7.71,3.3,5.8,16.81,,16.81
231,Statement 24,1.Airports Economic Regulatory Authority,10.0,,4.0,14.0,,14.0,6.0,,3.48,9.48,,9.48
231,Statement 24,2.Indira Gandhi Rashtriya Udaan Academy,3.8,,,3.8,,3.8,0.01,,,0.01,,0.01
231,Statement 24,3.National Aviation University,8.0,4.5,1.5,14.0,,14.0,1.7,3.3,2.32,7.32,,7.32
231,Statement 24,Ministry of Coal 7 Demand No 9 Ministry of Coal,22.9,,,22.9,,22.9,22.35,,,22.35,,22.35
231,Statement 24,1.Coal Mines Provident Fund Organisation,22.9,,,22.9,,22.9,22.35,,,22.35,,22.35
232,Statement 24,Department of Commerce,3.01,51.36,3.64,58.01,,58.01,5.01,60.0,,65.01,,65.01
232,Statement 24,1.Export Inspection Council,0.01,,,0.01,,0.01,0.01,,,0.01,,0.01
232,Statement 24,2.Indian Institure of Foreign Trade,,51.36,3.64,55.0,,55.0,,60.0,,60.0,,60.0
232,Statement 24,3.Indian Institute of Packaging,3.0,,,3.0,,3.0,5.0,,,5.0,,5.0
232,Statement 24,9 Demand No 11 Department for Promotion of Industry and Internal Trade,37.84,40.38,85.57,163.79,,163.79,42.26,177.74,80.0,300.0,,300.0
232,Statement 24,1.Assistance to Autonomous Bodies 1.01 Development Council for Cement Industry,,,2.25,2.25,,2.25,,,2.9,2.9,,2.9
232,Statement 24,"1.02 Development Council for Pulp, Paper and Allied",1.2,,6.5,7.7,,7.7,3.0,,7.6,10.6,,10.6
232,Statement 24,Indsutries 1.03 National Council for Cement and Building Materials,,,9.0,9.0,,9.0,,,10.0,10.0,,10.0
232,Statement 24,1.04 National Productivity Council,6.5,,21.54,28.04,,28.04,7.5,,19.0,26.5,,26.5
232,Statement 24,2.Project Based Support Autonomous Bodies 2.01 Central Pulp and Paper Research Institute,0.36,,0.67,1.03,,1.03,0.36,,0.72,1.08,,1.08
232,Statement 24,2.02 National Council for Cement and Building Materials,,,4.0,4.0,,4.0,,,4.5,4.5,,4.5
232,Statement 24,2.03 National Institute of Design,29.28,40.38,41.61,111.27,,111.27,30.9,177.74,35.28,243.92,,243.92
232,Statement 24,2.04 National Productivity Council,0.5,,,0.5,,0.5,0.5,,,0.5,,0.5
232,Statement 24,Ministry of Communications 10 Demand No 13 Department of Telecommunications,55.0,,156.29,211.29,,211.29,70.0,,180.0,250.0,,250.0
232,Statement 24,1.Centre of Development of Telematics (C-DOT),55.0,,156.29,211.29,,211.29,70.0,,180.0,250.0,,250.0
232,Statement 24,"Ministry of Consumer Affairs, Food and Public Distribution 11 Demand No 14 Department of Consumer Affairs",2.0,,,2.0,,2.0,2.0,,,2.0,,2.0
232,Statement 24,1.Standardisation and Quality Control,2.0,,,2.0,,2.0,2.0,,,2.0,,2.0
232,Statement 24,12 Demand No 15 Department of Food and Public Distribution,10.45,,3.7,14.15,,14.15,10.56,,5.8,16.36,,16.36
232,Statement 24,1.Assistance to Hindustan Vegetable Oils Corporation Ltd,0.6,,,0.6,,0.6,,,,,,
232,Statement 24,(HVOC) 2.Warehousing Development and Regulatory Authority,9.85,,3.7,13.55,,13.55,10.56,,5.8,16.36,,16.36
233,Statement 24,Ministry of Corporate Affairs,30.53,10.99,39.22,80.74,,80.74,60.6,,50.0,110.6,,110.6
233,Statement 24,1.Competition Commission of India,18.88,10.99,25.62,55.49,,55.49,36.0,,30.0,66.0,,66.0
233,Statement 24,2.Indian Institute of Corporate Affairs,2.15,,1.6,3.75,,3.75,,,,,,
233,Statement 24,3.Insolvency and Bankruptcy Board of India,9.5,,12.0,21.5,,21.5,24.6,,20.0,44.6,,44.6
233,Statement 24,Ministry of Culture 14 Demand No 17 Ministry of Culture,411.97,88.65,346.39,847.01,,847.01,515.95,108.19,367.19,991.33,,991.33
233,Statement 24,1.Allahabad museum,2.22,1.2,5.43,8.85,,8.85,3.02,4.0,5.76,12.78,,12.78
233,Statement 24,2.Asiatic Society,5.91,0.54,18.59,25.04,,25.04,6.52,0.6,19.71,26.83,,26.83
233,Statement 24,"3.Central Institute of Buddhis studies, Leh",4.54,2.0,18.57,25.11,,25.11,4.77,2.0,19.68,26.45,,26.45
233,Statement 24,4.Central Institute of Higher Tibetan Studies,5.61,3.0,28.43,37.04,,37.04,6.02,4.3,30.14,40.46,,40.46
233,Statement 24,5.Central Institute of Himalayan Cultural Studies,2.06,0.1,2.05,4.21,,4.21,2.51,0.15,2.17,4.83,,4.83
233,Statement 24,6.Centre for Cultural Resources and Training,16.92,3.11,5.96,25.99,,25.99,23.1,0.15,7.38,30.63,,30.63
233,Statement 24,7.Delhi Public Library,8.77,,17.81,26.58,,26.58,12.25,0.55,18.88,31.68,,31.68
233,Statement 24,8.Gandhi Smriti and Darshan Samiti,6.5,0.5,8.51,15.51,,15.51,6.8,0.5,9.02,16.32,,16.32
233,Statement 24,9.Indian Museum,16.04,11.0,12.27,39.31,,39.31,10.02,2.9,13.01,25.93,,25.93
233,Statement 24,10.Indira Gandhi National Culture for the arts,46.4,,,46.4,,46.4,60.1,,,60.1,,60.1
233,Statement 24,11.Indira Gandhi Rashtriya Manav Sanghralaya,8.74,0.4,8.13,17.27,,17.27,10.18,0.7,8.62,19.5,,19.5
233,Statement 24,12.Kalakshetra Foundation,4.98,6.0,7.3,18.28,,18.28,6.15,9.0,6.68,21.83,,21.83
233,Statement 24,13.Khuda Baksh Oriental Public Library,1.36,0.05,3.77,5.18,,5.18,1.62,0.25,4.0,5.87,,5.87
233,Statement 24,14.Lalit Kala Akademi,12.5,3.01,11.37,26.88,,26.88,16.05,3.5,12.05,31.6,,31.6
233,Statement 24,15.Maulana Abul Kalam Azad Institute of Asian Studies,2.95,0.3,1.45,4.7,,4.7,4.01,0.4,1.54,5.95,,5.95
233,Statement 24,16.National Council of Science Museum,29.67,18.02,81.56,129.25,,129.25,31.47,23.0,86.45,140.92,,140.92
233,Statement 24,17.National Museum Institute,3.32,6.52,2.23,12.07,,12.07,4.32,9.3,2.36,15.98,,15.98
233,Statement 24,18.National School of Drama,45.11,4.0,16.84,65.95,,65.95,60.15,7.8,17.85,85.8,,85.8
233,Statement 24,19.Nava Nalanda Mahavihara,4.41,8.2,5.5,18.11,,18.11,5.02,10.0,5.83,20.85,,20.85
233,Statement 24,20.Nehru Memorial Museum and Library,2.02,0.05,21.58,23.65,,23.65,5.02,0.08,22.88,27.98,,27.98
233,Statement 24,21.Raja Rammohun Roy Library Foundation,38.35,0.25,4.89,43.49,,43.49,48.05,0.15,5.18,53.38,,53.38
233,Statement 24,22.Rampur Raza Library,3.01,0.34,2.68,6.03,,6.03,3.22,0.4,2.84,6.46,,6.46
233,Statement 24,23.Sahitya Akademi,16.42,2.81,16.79,36.02,,36.02,22.65,2.4,17.8,42.85,,42.85
233,Statement 24,24.Salarjung Museum,12.27,2.0,12.96,27.23,,27.23,13.52,2.86,13.74,30.12,,30.12
233,Statement 24,25.Sangeet Natak Akademi,38.93,0.22,23.76,62.91,,62.91,49.15,0.2,25.18,74.53,,74.53
233,Statement 24,26.Victoria Memorial Hall,12.77,15.0,7.96,35.73,,35.73,15.02,21.0,8.44,44.46,,44.46
233,Statement 24,27.Zonal Culture Centres,60.19,0.03,,60.22,,60.22,85.24,2.0,,87.24,,87.24
234,Statement 24,Ministry of Earth Sciences,56.3,6.2,117.28,179.78,,179.78,67.5,13.51,120.79,201.8,,201.8
234,Statement 24,1.Indian Institute of Tropical Meteorology (IITM) Pune,30.5,0.2,37.5,68.2,,68.2,33.0,1.0,44.0,78.0,,78.0
234,Statement 24,2.Indian National Centre for Ocean Information Services,8.3,0.5,13.0,21.8,,21.8,10.0,1.0,15.5,26.5,,26.5
234,Statement 24,"(INCOIS) Hyderabad 3.National Centre for Earth Science Studies (NCESS),",4.5,4.0,11.0,19.5,,19.5,4.5,4.0,12.5,21.0,,21.0
234,Statement 24,Thiruvananthapuram 4.National Centre for Polar and Ocean Research (NCPOR),4.0,0.5,15.0,19.5,,19.5,7.0,3.0,14.79,24.79,,24.79
234,Statement 24,Goa 5.National Institute of Ocean Technology (NIOT) Chennai,9.0,1.0,40.78,50.78,,50.78,13.0,4.51,34.0,51.51,,51.51
234,Statement 24,Ministry of Electronics and Information Technology 16 Demand No 24 Ministry of Electronics and Information Technology,673.51,171.95,250.57,1096.03,1260.42,2356.45,832.0,172.25,261.75,1266.0,1619.08,2885.08
234,Statement 24,1.Centre for Development of Advanced Computing (C-DAC),,,120.0,120.0,500.0,620.0,5.0,2.0,120.0,127.0,800.0,927.0
234,Statement 24,2.Centre for Material for Electronics Technology (C-MET),5.0,8.25,20.0,33.25,31.25,64.5,7.0,20.0,23.0,50.0,34.0,84.0
234,Statement 24,3.ERNET India,,,,,70.0,70.0,,,,,85.0,85.0
234,Statement 24,4.Media Lab Asia,1.0,0.5,4.5,6.0,,6.0,1.5,0.25,4.25,6.0,,6.0
234,Statement 24,5.National Institute of Electronics and Information,,,,,384.6,384.6,,,,,410.95,410.95
234,Statement 24,Technology 6.Society for Applied Microwave Electronics Engineering and,30.0,13.2,56.8,100.0,60.0,160.0,20.0,20.0,58.0,98.0,65.0,163.0
234,Statement 24,Research (SAMEER) 7.Software Technology Parks of India,,,,,214.57,214.57,,,,,224.13,224.13
234,Statement 24,8.Unique Identification Authority of India (UIDAI),637.51,150.0,49.27,836.78,,836.78,798.5,130.0,56.5,985.0,,985.0
234,Statement 24,"Ministry of Environment, Forests and Climate Change 17 Demand No 25 Ministry of Environment, Forests and Climate Change",64.65,13.6,248.75,327.0,,327.0,63.85,21.65,254.5,340.0,,340.0
234,Statement 24,1.GB Pant Himalayan Institute of Environment and,8.1,4.35,12.55,25.0,,25.0,8.85,5.15,14.0,28.0,,28.0
234,Statement 24,Development 2.Indian Council of Forestry Research and Education,45.0,5.0,180.0,230.0,,230.0,40.0,10.0,180.0,230.0,,230.0
234,Statement 24,3.Indian Institute of Forest Management,7.5,1.5,23.0,32.0,,32.0,10.0,3.0,24.0,37.0,,37.0
234,Statement 24,4.Indian Plywood Industries Research and Training Institute,1.05,0.75,8.2,10.0,,10.0,1.0,1.5,8.5,11.0,,11.0
234,Statement 24,5.Wildlife Institute of India,3.0,2.0,25.0,30.0,,30.0,4.0,2.0,28.0,34.0,,34.0
235,Statement 24,Ministry of External Affairs,82.13,,195.37,277.5,,277.5,83.75,,236.25,320.0,,320.0
235,Statement 24,1.Indian Centre for Migration,0.25,,0.25,0.5,,0.5,0.25,,0.25,0.5,,0.5
235,Statement 24,2.Indian Council of Cultural Relations(ICCR),64.98,,185.02,250.0,,250.0,65.0,,225.0,290.0,,290.0
235,Statement 24,3.Indian Council of World Affairs,12.9,,2.1,15.0,,15.0,13.5,,3.0,16.5,,16.5
235,Statement 24,4.Society for Research and Information System for Non-,4.0,,8.0,12.0,,12.0,5.0,,8.0,13.0,,13.0
235,Statement 24,Aligned and other Developing Countries Ministry of Finance 19 Demand No 27 Department of Economic Affairs,1.6,,2.73,4.33,,4.33,1.6,,2.88,4.48,,4.48
235,Statement 24,1.Economic Research Institute 1.01 Economic Research Institute,0.2,,,0.2,,0.2,0.4,,,0.4,,0.4
235,Statement 24,"2.Institute of Economic Growth, Delhi and other Economic Research Institute 2.01 Institute of Economic Growth",1.4,,2.73,4.13,,4.13,1.2,,2.88,4.08,,4.08
235,Statement 24,20 Demand No 28 Department of Expenditure,0.1,,,0.1,,0.1,0.1,,,0.1,,0.1
235,Statement 24,1.National Institute of Financial Management,0.1,,,0.1,,0.1,0.1,,,0.1,,0.1
235,Statement 24,21 Demand No 29 Department of Financial Services,10.0,,13.8,23.8,,23.8,8.89,,,8.89,,8.89
235,Statement 24,1.Pension Fund Regulatory and Development Authority,10.0,,13.8,23.8,,23.8,8.89,,,8.89,,8.89
235,Statement 24,22 Demand No 31 Department of Revenue,,,10.0,10.0,,10.0,,,9.36,9.36,,9.36
235,Statement 24,1.National Institute of Public Finance Policy (NIPFP),,,10.0,10.0,,10.0,,,9.36,9.36,,9.36
235,Statement 24,"Ministry of Fisheries, Animal Husbandry and Dairying 23 Demand No 39 Department of Fisheries",77.28,,7.94,85.22,,85.22,66.85,,10.15,77.0,,77.0
235,Statement 24,1.Coastal Aquaculture Authority,2.35,,2.15,4.5,,4.5,2.35,,2.15,4.5,,4.5
235,Statement 24,2.National Fisheries Development Board,74.93,,5.79,80.72,,80.72,64.5,,8.0,72.5,,72.5
235,Statement 24,24 Demand No 40 Department of Animal Husbandry and Dairying,4.8,,2.8,7.6,,7.6,4.8,,3.96,8.76,,8.76
235,Statement 24,1.Animal Welfare Board,4.8,,1.2,6.0,,6.0,4.8,,2.2,7.0,,7.0
235,Statement 24,2.Veterinary Council of India,,,1.6,1.6,,1.6,,,1.76,1.76,,1.76
236,Statement 24,Ministry of Food Processing Industries,20.25,75.5,27.9,123.65,27.98,151.63,22.56,60.89,35.76,119.21,,119.21
236,Statement 24,1.Indian Institute of Food Processing Technology(IIFPT),5.0,60.5,12.0,77.5,6.13,83.63,10.0,52.89,15.0,77.89,,77.89
236,Statement 24,2.National Institute of Food Technology Entrepreneurship,15.25,15.0,15.9,46.15,21.85,68.0,12.56,8.0,20.76,41.32,,41.32
236,Statement 24,and Management(NIFTEM) Ministry of Health and Family Welfare 26 Demand No 42 Department of Health and Family Welfare,1955.71,2273.87,4513.19,8742.77,,8742.77,1737.81,1552.73,4773.61,8064.15,,8064.15
236,Statement 24,"1.All India Institute of Medical Sciences, New Delhi",1000.0,800.0,1685.0,3485.0,,3485.0,649.96,800.0,1750.0,3199.96,,3199.96
236,Statement 24,"2.All India Institute of Speech and Hearing, Mysore",38.74,69.65,29.08,137.47,,137.47,41.01,55.66,32.73,129.4,,129.4
236,Statement 24,"3.Chittaranjan National Cancer Institute, Kolkata",7.5,97.55,31.3,136.35,,136.35,11.87,54.8,60.0,126.67,,126.67
236,Statement 24,4.Dental Council of India,0.4,,,0.4,,0.4,0.38,,,0.38,,0.38
236,Statement 24,5.Food Safety and Standards Authority of India,21.74,199.89,79.96,301.59,,301.59,170.0,63.71,50.0,283.71,,283.71
236,Statement 24,6.Indian Nursing Council,0.21,,,0.21,,0.21,0.19,,,0.19,,0.19
236,Statement 24,7.Indian Pharmacopoeia Commission,16.1,4.0,4.75,24.85,,24.85,15.35,2.0,4.5,21.85,,21.85
236,Statement 24,8.Indian Red Cross Society,0.4,,,0.4,,0.4,0.35,,,0.35,,0.35
236,Statement 24,"9.International Institute of Population Sciences, Mumbai",19.0,15.0,15.77,49.77,,49.77,19.8,42.04,17.31,79.15,,79.15
236,Statement 24,10.Jawaharlal Institute of Post Graduate Medical Education,284.29,209.19,560.0,1053.48,,1053.48,260.5,195.5,644.0,1100.0,,1100.0
236,Statement 24,"and Research, Paundchery 11.Kasturba Health Society, Wardha",20.7,,55.63,76.33,,76.33,16.58,,50.0,66.58,,66.58
236,Statement 24,"12.LGB Regional Institute of Mental Health, Tejpur",17.0,8.0,35.0,60.0,,60.0,14.2,4.0,35.0,53.2,,53.2
236,Statement 24,"13.LRS Institute of T.B. and Allied Diseases, New Delhi",17.0,2.8,68.15,87.95,,87.95,10.03,2.0,65.0,77.03,,77.03
236,Statement 24,14.Medical Council of India,0.8,0.2,,1.0,,1.0,0.75,0.14,,0.89,,0.89
236,Statement 24,"15.National Academy of Medical Sciences, New Delhi",0.75,0.05,1.0,1.8,,1.8,0.55,0.05,1.0,1.6,,1.6
236,Statement 24,16.National Board of Examinations,0.01,,,0.01,,0.01,0.01,,,0.01,,0.01
236,Statement 24,"17.National Institute of Biologicals, Noida",29.3,2.85,14.0,46.15,,46.15,26.2,1.5,16.0,43.7,,43.7
236,Statement 24,18.National Institute of Health and Family Welfare,34.83,5.9,29.24,69.97,,69.97,29.68,2.4,32.2,64.28,,64.28
236,Statement 24,"19.National Institute of Mental and Neuro Sciences, Bangluru",88.65,91.1,273.66,453.41,,453.41,94.22,39.19,301.03,434.44,,434.44
236,Statement 24,20.New Delhi TB Centre,0.7,,4.75,5.45,,5.45,0.78,,4.34,5.12,,5.12
236,Statement 24,21.North-Eastern Indira Gandhi Regional Institute of Health,88.0,112.0,162.0,362.0,,362.0,82.0,66.31,162.0,310.31,,310.31
236,Statement 24,"and Medical Sciences, Shillong. 22.Pasteur Institute of India, Coonor",42.1,12.0,11.5,65.6,,65.6,45.1,3.69,13.0,61.79,,61.79
236,Statement 24,23.Pharmacy Council of India,0.2,,,0.2,,0.2,0.18,,,0.18,,0.18
236,Statement 24,24.Post-Graduate Institute of Medical Education and,130.0,500.0,1130.0,1760.0,,1760.0,150.0,201.53,1200.0,1551.53,,1551.53
237,Statement 24,"25.Regional Institute of Medical Sciences, Imphal",49.25,122.51,287.9,459.66,,459.66,55.89,4.75,294.0,354.64,,354.64
237,Statement 24,"26.Regional Institute of Paramedical and Nursing Sciences,",15.0,14.68,11.0,40.68,,40.68,14.0,9.46,12.0,35.46,,35.46
237,Statement 24,Aizwal 27.St. John's Ambulance,0.04,,,0.04,,0.04,0.04,,,0.04,,0.04
237,Statement 24,"28.Vallabh Bhai Patel Chest Institute, Delhi University, New",33.0,6.5,23.5,63.0,,63.0,28.19,4.0,29.5,61.69,,61.69
237,Statement 24,Delhi 27 Demand No 43 Department of Health Research,894.79,183.21,604.0,1682.0,,1682.0,948.63,190.22,656.86,1795.71,,1795.71
237,Statement 24,"1.Bhopal Memorial Hospital and Research Centre, Bhopal",32.4,8.0,89.38,129.78,,129.78,,,,,,
237,Statement 24,"2.Indian Council of Medical Research, New Delhi",862.39,175.21,514.62,1552.22,,1552.22,948.63,190.22,656.86,1795.71,,1795.71
237,Statement 24,Ministry of Heavy Industries and Public Enterprises 28 Demand No 44 Department of Heavy Industry,,,19.0,19.0,,19.0,,,6.0,6.0,,6.0
237,Statement 24,1.Central Manufacturing Technology Institute (CMTI)),,,19.0,19.0,,19.0,,,6.0,6.0,,6.0
237,Statement 24,Ministry of Home Affairs 29 Demand No 46 Ministry of Home Affairs,50.8,,,50.8,,50.8,50.8,,,50.8,,50.8
237,Statement 24,1.National Human Right Commission,50.8,,,50.8,,50.8,50.8,,,50.8,,50.8
237,Statement 24,30 Demand No 48 Police,,,5.5,5.5,,5.5,,,5.5,5.5,,5.5
237,Statement 24,1.Land Ports Authority of India,,,5.5,5.5,,5.5,,,5.5,5.5,,5.5
237,Statement 24,31 Demand No 50 Chandigarh,627.17,,107.0,734.17,,734.17,727.05,,120.0,847.05,,847.05
237,Statement 24,1.Grantee Bodies,627.17,,107.0,734.17,,734.17,727.05,,120.0,847.05,,847.05
237,Statement 24,32 Demand No 51 Dadra and Nagar Haveli,269.0,315.48,14.66,599.14,,599.14,274.7,362.1,14.75,651.55,,651.55
237,Statement 24,and Daman and Diu 1.Dadra and Nagar Haveli,193.89,305.68,,499.57,,499.57,,,,,,
237,Statement 24,2.Dadra and Nagar Haveli and Daman and Diu,,,,,,,274.7,362.1,14.75,651.55,,651.55
237,Statement 24,3.Daman and Diu,75.11,9.8,14.66,99.57,,99.57,,,,,,
238,Statement 24,Lakshadweep,5.24,,,5.24,,5.24,3.67,,,3.67,,3.67
238,Statement 24,1.Autonomous/ Grantee Bodies 1.01 Administrative Training Institute,0.1,,,0.1,,0.1,0.1,,,0.1,,0.1
238,Statement 24,1.02 Electricity Consumer Redressal Forum,0.12,,,0.12,,0.12,0.12,,,0.12,,0.12
238,Statement 24,1.03 Lakshadweep Dive Academy,0.5,,,0.5,,0.5,0.5,,,0.5,,0.5
238,Statement 24,1.04 Lakshadweep Kala Academy,0.8,,,0.8,,0.8,0.8,,,0.8,,0.8
238,Statement 24,1.05 Lakshadweep Khadi Board,0.7,,,0.7,,0.7,0.7,,,0.7,,0.7
238,Statement 24,1.06 Lakshadweep Social Welfare Advisory Board,2.32,,,2.32,,2.32,0.9,,,0.9,,0.9
238,Statement 24,1.07 Lakshadweep Sports,0.05,,,0.05,,0.05,0.05,,,0.05,,0.05
238,Statement 24,1.08 Lakshadweep Wakaf Board,0.65,,,0.65,,0.65,0.5,,,0.5,,0.5
238,Statement 24,Ministry of Housing and Urban Affairs 34 Demand No 57 Ministry of Housing and Urban Affairs,13.35,0.01,25.5,38.86,,38.86,14.46,,27.8,42.26,,42.26
238,Statement 24,1.Building Material and Technology Promotion Council,,,5.0,5.0,,5.0,,,5.5,5.5,,5.5
238,Statement 24,2.Central Government Employee Welfare Organisation,0.1,,,0.1,,0.1,0.1,,,0.1,,0.1
238,Statement 24,(CGEWHO) 3.Delhi Urban Arts Commission,1.1,,2.7,3.8,,3.8,1.6,,2.9,4.5,,4.5
238,Statement 24,4.National Capital Region Planning Board,1.1,,4.0,5.1,,5.1,1.1,,4.0,5.1,,5.1
238,Statement 24,5.National Institute of Urban Affairs,1.05,0.01,4.0,5.06,,5.06,1.16,,4.4,5.56,,5.56
238,Statement 24,6.Rajghat Samadhi Committee,6.0,,1.8,7.8,,7.8,6.0,,2.0,8.0,,8.0
238,Statement 24,7.Various training centres for imparting training to Municipal,4.0,,8.0,12.0,,12.0,4.5,,9.0,13.5,,13.5
238,Statement 24,Employees Ministry of Human Resource Development 35 Demand No 58 Department of School Education and Literacy,2847.8,461.4,6444.89,9754.09,,9754.09,2378.46,512.8,6313.24,9204.5,,9204.5
238,Statement 24,1.Central Tibetan Schools Administration,13.75,0.5,47.0,61.25,,61.25,15.76,0.5,49.74,66.0,,66.0
238,Statement 24,2.Kendriya Vidyalaya Sangathan,1542.12,143.9,4320.44,6006.46,,6006.46,1075.0,181.5,4260.0,5516.5,,5516.5
238,Statement 24,3.National Bal Bhawan,10.5,1.0,9.5,21.0,,21.0,12.7,0.8,8.5,22.0,,22.0
238,Statement 24,4.National Council of Educational Research and Training,104.88,25.0,147.5,277.38,,277.38,125.0,30.0,145.0,300.0,,300.0
238,Statement 24,5.Navodaya Vidyalaya Samiti,1176.55,291.0,1920.45,3388.0,,3388.0,1150.0,300.0,1850.0,3300.0,,3300.0
239,Statement 24,Department of Higher Education,11339.32,3280.37,13026.31,27646.0,,27646.0,13227.31,2324.7,13049.35,28601.36,,28601.36
239,Statement 24,1.All India Council for Technical Education,435.41,1.0,,436.41,,436.41,415.0,1.0,,416.0,,416.0
239,Statement 24,2.Andhra Pradesh and Telangana Tribal Universities,2.0,5.0,1.0,8.0,,8.0,47.5,5.0,1.3,53.8,,53.8
239,Statement 24,3.Assistance to Other Institutions,197.7,92.2,208.45,498.35,,498.35,195.8,61.8,219.3,476.9,,476.9
239,Statement 24,"4.Board of Apprenticeship Training, Bombay, Calcutta,",8.0,0.5,12.8,21.3,,21.3,7.75,0.5,13.0,21.25,,21.25
239,Statement 24,Madras and Kanpur 5.Central University Andhra Pradesh,5.0,6.0,2.0,13.0,,13.0,53.15,5.0,2.2,60.35,,60.35
239,Statement 24,6.Deemed Universities Promoted by Central Government,50.0,30.0,270.0,350.0,,350.0,51.0,25.0,275.0,351.0,,351.0
239,Statement 24,7.Grants to Central Universities (CUs),2442.14,425.0,5419.76,8286.9,,8286.9,2734.26,305.0,4604.0,7643.26,,7643.26
239,Statement 24,8.Grants to Councils/Institutes for Excellence in Humanities,151.0,11.0,80.0,242.0,,242.0,155.0,15.0,84.8,254.8,,254.8
239,Statement 24,and Social Sciences 9.Grants to Institutes for Promotion of Indian Languages,244.0,59.0,156.7,459.7,,459.7,228.0,60.0,145.0,433.0,,433.0
239,Statement 24,"10.Indian Institute of Science, Education and Research (IISERs) 10.01 Support to Indian Institute of Science, Education and",425.62,175.0,240.6,841.22,,841.22,466.0,150.0,280.0,896.0,,896.0
239,Statement 24,Research (IISERs) 11.Indian Institutes of Information Technology 11.01 Setting up of Indian Institutes of Information,26.6,140.0,,166.6,,166.6,27.0,140.0,,167.0,,167.0
239,Statement 24,Technology in PPP mode 11.02 Support to Indian Institutes of Information Technology,108.48,45.0,54.68,208.16,,208.16,108.9,40.0,77.45,226.35,,226.35
239,Statement 24,"(Allahabad, Gwalior, Jabalpur and Kancheepuram) 12.Indira Gandhi National Open University (IGNOU)",126.0,,10.0,136.0,,136.0,135.0,,5.0,140.0,,140.0
239,Statement 24,13.National Institute of Industrial Engineering Mumbai,23.12,0.75,49.59,73.46,,73.46,20.5,1.0,32.4,53.9,,53.9
239,Statement 24,14.National Institutes of Technical Teachers Training and,53.15,35.0,82.0,170.15,,170.15,54.2,35.0,65.7,154.9,,154.9
239,Statement 24,Research (NITTTRs) 15.Schools of Planning and Architecture (SPAs),78.0,9.0,50.0,137.0,,137.0,173.0,35.0,67.0,275.0,,275.0
239,Statement 24,16.Support to Indian Institute of Science (IISc),230.69,56.17,282.7,569.56,,569.56,235.55,56.4,299.7,591.65,,591.65
239,Statement 24,17.Support to Indian Institutes of Management (IIMs),400.93,62.0,37.6,500.53,,500.53,432.0,20.0,24.0,476.0,,476.0
239,Statement 24,18.Support to National Institutes of Technology (NITs) and,1415.88,565.0,1566.17,3547.05,,3547.05,1735.0,434.0,1716.0,3885.0,,3885.0
239,Statement 24,IIEST 19.University Grants Commission,2030.25,229.75,2160.66,4420.66,,4420.66,2182.8,200.0,2310.4,4693.2,,4693.2
239,Statement 24,"20.Upgradation of Indian Institute of Engineering, Science and Technology (IIEST) 20.01 IIT Hyderabad (EAP)",,230.0,,230.0,,230.0,,150.0,,150.0,,150.0
239,Statement 24,20.02 Support to Indian Institutes of Technology,2885.35,1103.0,2341.6,6329.95,,6329.95,3769.9,585.0,2827.1,7182.0,,7182.0
240,Statement 24,Ministry of Information and Broadcasting,256.11,234.14,2800.25,3290.5,1495.41,4785.91,310.38,336.44,2803.59,3450.41,1506.38,4956.79
240,Statement 24,"1.CHILDRENS FILM SOCIETY , INDIA (CFSI)",0.1,,3.8,3.9,0.75,4.65,0.1,,3.8,3.9,0.85,4.75
240,Statement 24,"2.FILM AND TELEVISION INSTITUTE OF INDIA (FTII),",7.05,15.12,25.7,47.87,4.2,52.07,7.93,15.47,26.0,49.4,4.5,53.9
240,Statement 24,PUNE 3.INDIAN INSTITUTE OF MASS COMMUNICATION (IIMC),4.7,17.26,17.49,39.45,5.5,44.95,15.4,25.9,20.0,61.3,5.5,66.8
240,Statement 24,4.PRASAR BHARATI,235.56,159.2,2730.0,3124.76,1478.91,4603.67,282.36,247.0,2730.0,3259.36,1489.69,4749.05
240,Statement 24,5.PRESS COUNCIL OF INDIA (PCI),0.8,0.2,8.0,9.0,2.32,11.32,0.8,0.2,7.9,8.9,1.74,10.64
240,Statement 24,6.SATYAJIT RAY FILM AND TELEVISION INSTITUTE,7.9,42.36,15.26,65.52,3.73,69.25,3.79,47.87,15.89,67.55,4.1,71.65
240,Statement 24,"(SRFTI) KOLKATA Ministry of Jal Shakti 38 Demand No 61 Department of Water Resources, River Development and",218.31,1405.42,129.3,1753.03,,1753.03,194.76,1550.86,137.5,1883.12,,1883.12
240,Statement 24,Ganga Rejuvenation 1.Brahmaputra Board,27.0,,45.0,72.0,,72.0,50.0,,50.0,100.0,,100.0
240,Statement 24,2.HRD/Capacity Building Program,2.35,1.5,4.8,8.65,,8.65,3.13,5.55,3.4,12.08,,12.08
240,Statement 24,3.National Institute of Hydrology,8.18,5.5,27.5,41.18,,41.18,8.62,5.3,29.1,43.02,,43.02
240,Statement 24,4.National Mission for Clean Ganga,155.02,1398.42,,1553.44,,1553.44,100.01,1540.01,,1640.02,,1640.02
240,Statement 24,5.National Water Development Agency,25.76,,52.0,77.76,,77.76,33.0,,55.0,88.0,,88.0
240,Statement 24,39 Demand No 62 Department of Drinking Water and Sanitation,1.0,34.0,1.0,36.0,7000.0,7036.0,6.0,37.0,4.0,47.0,23253.0,23300.0
240,Statement 24,"1.National Centre for Drinking Water, Sanitation and Quality",1.0,34.0,1.0,36.0,7000.0,7036.0,6.0,37.0,4.0,47.0,23253.0,23300.0
240,Statement 24,(NCDWQ)) Ministry of Labour and Employment 40 Demand No 63 Ministry of Labour and Employment,18.74,0.2,71.06,90.0,,90.0,23.82,2.22,73.96,100.0,,100.0
240,Statement 24,1.Central Board for Workers Education,12.36,,65.64,78.0,,78.0,17.0,,68.0,85.0,,85.0
240,Statement 24,2.National Labour Institute,6.38,0.2,5.42,12.0,,12.0,6.82,2.22,5.96,15.0,,15.0
240,Statement 24,Ministry of Law and Justice 41 Demand No 64 Law and Justice,155.5,1.0,2.5,159.0,,159.0,111.0,1.0,5.0,117.0,,117.0
240,Statement 24,1.Indian Law Institute(ILI),0.5,,2.5,3.0,,3.0,0.5,,2.5,3.0,,3.0
240,Statement 24,2.National Judicial Academy(NJA),15.0,1.0,,16.0,,16.0,10.0,1.0,,11.0,,11.0
240,Statement 24,3.National Legal Service Authority(NALSA),140.0,,,140.0,,140.0,100.0,,,100.0,,100.0
241,Statement 24,4.New Delhi International Arbitration Center,,,,,,,0.5,,2.5,3.0,,3.0
241,Statement 24,"Ministry of Micro, Small and Medium Enterprises 42 Demand No 67 Ministry of Micro, Small and Medium Enterprises",165.74,545.87,48.37,759.98,,759.98,154.67,1048.35,46.5,1249.52,,1249.52
241,Statement 24,1.Coir Board,32.05,7.82,21.87,61.74,,61.74,68.0,2.57,22.0,92.57,,92.57
241,Statement 24,2.Infrastructure Development Programme,124.89,328.11,2.0,455.0,,455.0,76.48,688.8,4.0,769.28,,769.28
241,Statement 24,3.Infrastructure Development Programme and Capacity,5.0,208.24,20.0,233.24,,233.24,6.29,355.38,15.0,376.67,,376.67
241,Statement 24,Building (EAP) 4.Mahatma Gandhi Institute for Rural Industrialisation,3.8,1.7,4.5,10.0,,10.0,3.9,1.6,5.5,11.0,,11.0
241,Statement 24,Ministry of Mines 43 Demand No 68 Ministry of Mines,,3.22,13.79,17.01,12.8,29.81,,4.69,14.44,19.13,12.5,31.63
241,Statement 24,1.Jawahar Lal Nehru Aluminium Research and Design,,3.22,6.07,9.29,5.0,14.29,,3.22,6.7,9.92,5.1,15.02
241,Statement 24,Development Centre (JNARDDC) 2.National Institute of Miner's Health (NIMH),,,0.98,0.98,1.8,2.78,,,1.0,1.0,1.4,2.4
241,Statement 24,3.National Institute of Rock Mechanics (NIRM),,,6.74,6.74,6.0,12.74,,1.47,6.74,8.21,6.0,14.21
241,Statement 24,Ministry of Minority Affairs 44 Demand No 69 Ministry of Minority Affairs,74.0,16.0,,90.0,,90.0,68.0,14.0,,82.0,,82.0
241,Statement 24,1.Maulana Azad Education Foundation,74.0,16.0,,90.0,,90.0,68.0,14.0,,82.0,,82.0
241,Statement 24,Ministry of New and Renewable Energy 45 Demand No 70 Ministry of New and Renewable Energy,16.83,18.54,1.33,36.7,,36.7,2.5,3.5,2.0,8.0,,8.0
241,Statement 24,1.National Institute of Bio Energy,0.33,0.04,0.33,0.7,,0.7,0.5,0.5,0.5,1.5,,1.5
241,Statement 24,2.National Institute of Solar Energy,6.0,6.0,1.0,13.0,,13.0,1.5,2.0,1.5,5.0,,5.0
241,Statement 24,3.National Institute of Wind Energy,10.5,12.5,,23.0,,23.0,0.5,1.0,,1.5,,1.5
241,Statement 24,"Ministry of Personnel, Public Grievances and Pensions 46 Demand No 73 Ministry of Personnel, Public Grievances and Pensions",11.89,3.51,11.75,27.15,,27.15,13.58,3.5,12.0,29.08,,29.08
241,Statement 24,1.Central Civil Services Cultural and Sports Board,1.9,,,1.9,,1.9,3.83,,,3.83,,3.83
241,Statement 24,2.Grant to Indian Institute of Public Administration,6.0,3.5,8.5,18.0,,18.0,6.0,3.5,8.5,18.0,,18.0
241,Statement 24,3.Grih Kalyan Kendra,3.0,,,3.0,,3.0,3.0,,,3.0,,3.0
241,Statement 24,4.National Centre for Good Governance,0.99,0.01,3.25,4.25,,4.25,0.75,,3.5,4.25,,4.25
242,Statement 24,Ministry of Petroleum and Natural Gas,2350.71,1574.42,9.33,3934.46,,3934.46,657.77,814.85,9.8,1482.42,,1482.42
242,Statement 24,1.Cash Incentives to State Government/UTs for Kerosene,257.0,,,257.0,,257.0,442.0,,,442.0,,442.0
242,Statement 24,"Distribution reforms 2.Establishment of Centre of Excellence for Energy,",,0.01,,0.01,,0.01,,1.0,,1.0,,1.0
242,Statement 24,Bangalore 3.Establishment of Rajiv Gandhi Institute of Petroleum,,0.01,,0.01,,0.01,,1.0,,1.0,,1.0
242,Statement 24,"Technology , Assam 4.Indian Institute of Petroleum Technology",,22.28,,22.28,,22.28,,31.82,,31.82,,31.82
242,Statement 24,5.National Bio-Fuel Fund,0.01,,,0.01,,0.01,1.0,,,1.0,,1.0
242,Statement 24,6.Payment of Differential Royalty to State Governments,1962.32,,,1962.32,,1962.32,43.2,,,43.2,,43.2
242,Statement 24,7.Payment to ISPRL (OandM),120.0,,,120.0,,120.0,155.0,,,155.0,,155.0
242,Statement 24,8.Petroleum and Natural Gas Regulatory Board (PNGRB),9.9,,9.19,19.09,,19.09,13.87,,9.66,23.53,,23.53
242,Statement 24,9.Phulpur-Dhamra-Haldia Pipeline Project,,1552.11,,1552.11,,1552.11,,728.03,,728.03,,728.03
242,Statement 24,10.Pradhan Mantri JI-VAN Yojana,,0.01,,0.01,,0.01,,53.0,,53.0,,53.0
242,Statement 24,11.Society for Petroleum Laboratory (SFPL),1.48,,0.14,1.62,,1.62,2.7,,0.14,2.84,,2.84
242,Statement 24,Ministry of Planning 48 Demand No 76 Ministry of Planning,0.9,,7.35,8.25,,8.25,1.21,,7.79,9.0,,9.0
242,Statement 24,1.National Institute of Labour Economics Research and,0.9,,7.35,8.25,,8.25,1.21,,7.79,9.0,,9.0
242,Statement 24,Development Ministry of Power 49 Demand No 77 Ministry of Power,144.01,213.0,2.5,359.51,,359.51,159.16,230.34,2.65,392.15,,392.15
242,Statement 24,1.Bureau of Energy Efficiency (BEE),100.16,,,100.16,,100.16,100.16,,,100.16,,100.16
242,Statement 24,2.Central Power Research Institute (CPRI),22.0,178.0,,200.0,,200.0,22.0,178.0,,200.0,,200.0
242,Statement 24,3.Joint Electricity Regulatory Commission (JERC) Goa and,6.85,,2.5,9.35,,9.35,7.0,,2.65,9.65,,9.65
242,Statement 24,UT 4.National Power Training Institute (NPTI),15.0,35.0,,50.0,,50.0,30.0,52.34,,82.34,,82.34
242,Statement 24,"The President, Parliament, Union Public Service Commission and the Secretariat of the Vice President 50 Demand No 78 Staff, Household and Allowances of the President",5.03,,,5.03,,5.03,5.0,,,5.0,,5.0
242,Statement 24,1.Dr. R.P. Vidyalaya,5.03,,,5.03,,5.03,5.0,,,5.0,,5.0
243,Statement 24,Department of Rural Development,93.22,,85.85,179.07,,179.07,98.56,,89.65,188.21,,188.21
243,Statement 24,1.Council for Advancement of People's Action and Rural,2.07,,18.0,20.07,,20.07,,,,,,
243,Statement 24,Technology (CAPART) 2.National Rural Road Development Agency (NRRDA),30.0,,12.0,42.0,,42.0,31.41,,12.8,44.21,,44.21
243,Statement 24,3.National Institute of Rural Development (NIRD),41.15,,55.85,97.0,,97.0,47.15,,76.85,124.0,,124.0
243,Statement 24,4.National Rural Liveihood Promotional Society (NRLPS),20.0,,,20.0,,20.0,20.0,,,20.0,,20.0
243,Statement 24,Ministry of Science and Technology 52 Demand No 87 Department of Science and Technology,300.0,300.0,615.0,1215.0,,1215.0,319.0,375.0,660.0,1354.0,,1354.0
243,Statement 24,"1.Agharkar Research Institute, Pune",5.39,0.69,14.64,20.72,,20.72,5.63,0.69,15.88,22.2,,22.2
243,Statement 24,"2.Aryabhatta Research Institute of Observational-Sciences,",6.65,11.8,14.48,32.93,,32.93,6.95,12.5,15.71,35.16,,35.16
243,Statement 24,"Nanital 3.Birbal Sahni Institute of Palaeobotany, Lucknow",9.02,2.42,37.06,48.5,,48.5,9.42,3.03,36.94,49.39,,49.39
243,Statement 24,"4.Bose Institute, Kolkata",23.2,32.81,61.1,117.11,,117.11,24.23,27.5,65.78,117.51,,117.51
243,Statement 24,"5.Centre for Nano and Soft Matter Sciences, Bangalore",7.98,1.71,5.05,14.74,,14.74,8.34,15.0,4.93,28.27,,28.27
243,Statement 24,"6.Indian Academy Of Sciences, Bangalore",10.77,0.7,2.2,13.67,,13.67,11.25,0.88,2.39,14.52,,14.52
243,Statement 24,"7.Indian Association for the Cultivation of Science, Kolkata",31.03,14.6,73.84,119.47,,119.47,32.41,65.0,78.52,175.93,,175.93
243,Statement 24,"8.Indian Institute of Astrophysics, Bangalore",17.76,6.76,42.59,67.11,,67.11,18.56,7.46,45.7,71.72,,71.72
243,Statement 24,"9.Indian Institute of Geomagnetism, Mumbai",10.65,6.78,33.34,50.77,,50.77,11.12,7.49,32.91,51.52,,51.52
243,Statement 24,"10.Indian National Academy Of Engineering, New Delhi",2.84,0.18,1.38,4.4,,4.4,2.96,0.23,1.5,4.69,,4.69
243,Statement 24,"11.Indian National Science Academy, New Delhi",12.31,0.33,12.72,25.36,,25.36,12.85,0.42,13.79,27.06,,27.06
243,Statement 24,"12.Indian Science Congress Association, Kolkata",6.1,1.84,4.79,12.73,,12.73,6.37,0.5,3.57,10.44,,10.44
243,Statement 24,"13.Institute of Nano Science and Technology, Mohali",10.23,86.67,12.82,109.72,,109.72,10.68,63.8,13.41,87.89,,87.89
243,Statement 24,14.International Advanced Research Centre for Powder,18.62,21.59,24.43,64.64,,64.64,19.45,19.0,26.0,64.45,,64.45
243,Statement 24,"Metallurgy and New Materials, Hyderabad 15.Jawaharlal Nehru Centre for Advanced Scientific",27.57,29.6,43.19,100.36,,100.36,28.81,30.07,46.31,105.19,,105.19
243,Statement 24,"Research, Bangalore 16.National Academy Of Sciences, Allahabad",8.27,0.18,,8.45,,8.45,8.64,0.23,3.0,11.87,,11.87
243,Statement 24,17.National Innovation Foundation,4.56,0.68,5.01,10.25,,10.25,7.51,13.85,5.43,26.79,,26.79
243,Statement 24,"18.Raman Research Institute, Bangalore",16.03,5.0,33.48,54.51,,54.51,16.74,6.26,35.77,58.77,,58.77
243,Statement 24,"19.S.N. Bose National Centre for Basic Sciences, Kolkata",15.94,7.07,14.01,37.02,,37.02,16.65,27.85,15.19,59.69,,59.69
243,Statement 24,20.Sree Chitra Tirumal Institute for Medical Sciences and,21.15,44.5,123.63,189.28,,189.28,25.0,45.0,140.0,210.0,,210.0
243,Statement 24,"Technology, Trivandrum 21.Technology Information, Forecasting and Assessment",6.9,0.33,8.82,16.05,,16.05,11.2,0.42,9.57,21.19,,21.19
244,Statement 24,22.The Institute of Advanced Study in Science and,9.11,14.86,14.51,38.48,,38.48,5.51,17.81,15.24,38.56,,38.56
244,Statement 24,"Technology, Guwahati 23.Vigyan Prasar, New Delhi",8.32,1.89,3.34,13.55,,13.55,8.69,2.06,3.63,14.38,,14.38
244,Statement 24,"24.Wadia Institute of Himalayan Geology, Dehradun",9.6,7.01,28.57,45.18,,45.18,10.03,7.95,28.83,46.81,,46.81
244,Statement 24,53 Demand No 88 Department of Biotechnology,573.0,548.15,398.53,1519.68,,1519.68,250.08,336.0,459.06,1045.14,,1045.14
244,Statement 24,1.Biotechnology Research and Development,262.74,297.63,187.56,747.93,,747.93,,,229.53,229.53,,229.53
244,Statement 24,2.SUPPORT TO AUTONOMOUS R AND D INSTITUTIONS,310.26,250.52,210.97,771.75,,771.75,250.08,336.0,229.53,815.61,,815.61
244,Statement 24,54 Demand No 89 Department of Scientific and Industrial Research,2711.31,575.0,1545.37,4831.68,,4831.68,3012.0,650.0,1650.0,5312.0,,5312.0
244,Statement 24,1.Consultancy Development Centre,0.1,,,0.1,,0.1,,,,,,
244,Statement 24,2.Council of Scientific and Industrial Research,2711.21,575.0,1545.37,4831.58,,4831.58,3012.0,650.0,1650.0,5312.0,,5312.0
244,Statement 24,Ministry of Shipping 55 Demand No 90 Ministry of Shipping,87.19,527.72,38.23,653.14,553.4,1206.54,14.63,550.0,46.77,611.4,929.9,1541.3
244,Statement 24,1.Chennai Port Trust,,,,,57.18,57.18,,,,,83.15,83.15
244,Statement 24,2.Cochin Port Trust,,,,,51.22,51.22,,,,,26.28,26.28
244,Statement 24,3.Hooghly Dock and Port Engineers Limited,73.02,,,73.02,,73.02,,,,,,
244,Statement 24,4.Indian Maritime University,,0.01,,0.01,,0.01,,,,,,
244,Statement 24,5.Inland Waterways Authority of India,8.8,422.71,35.0,466.51,,466.51,8.8,550.0,43.0,601.8,,601.8
244,Statement 24,6.Kolkata Port Trust,,,,,288.65,288.65,,,,,272.11,272.11
244,Statement 24,7.Mormugoa Port Trust,,68.0,,68.0,41.17,109.17,,,,,195.79,195.79
244,Statement 24,8.Tariff Authoirity of Major Ports,5.37,,3.23,8.6,,8.6,5.83,,3.77,9.6,,9.6
244,Statement 24,9.VOC Port Trust,,37.0,,37.0,115.18,152.18,,,,,352.57,352.57
244,Statement 24,Ministry of Skill Development and Entrepreneurship 56 Demand No 91 Ministry of Skill Development and Entrepreneurship,3.0,,,3.0,,3.0,3.0,,,3.0,,3.0
244,Statement 24,1.National Instructional Media Institutes (NIMI),3.0,,,3.0,,3.0,3.0,,,3.0,,3.0
244,Statement 24,Ministry of Social Justice and Empowerment 57 Demand No 92 Department of Social Justice and Empowerment,17.78,3.0,4.15,24.93,,24.93,31.2,,4.8,36.0,,36.0
244,Statement 24,1.Dr. Ambedkar Foundation,1.0,,,1.0,,1.0,1.0,,,1.0,,1.0
244,Statement 24,2.National Institute of Social Defence,16.78,3.0,4.15,23.93,,23.93,30.2,,4.8,35.0,,35.0
245,Statement 24,Department of Empowerment of Persons with,82.45,64.25,135.85,282.55,,282.55,113.27,209.8,142.45,465.52,,465.52
245,Statement 24,Disabilities 1.Centre for sport for Disability,,17.0,,17.0,,17.0,0.1,99.8,0.1,100.0,,100.0
245,Statement 24,2.GIA to University of rehabilitation science and disability,,,,,,,0.01,,,0.01,,0.01
245,Statement 24,studies 3.Institute for Mental Health,0.5,19.0,0.5,20.0,,20.0,,,,,,
245,Statement 24,4.Institute of Sign Language reseach and training,2.0,0.25,2.75,5.0,,5.0,,,,,,
245,Statement 24,5.National Institue for inclusive and universal design,,,,,,,0.01,,,0.01,,0.01
245,Statement 24,6.National Institute for Disabled Persons,77.0,28.0,130.55,235.55,,235.55,110.0,110.0,140.0,360.0,,360.0
245,Statement 24,7.Rehabilitation council of India,2.95,,2.05,5.0,,5.0,3.15,,2.35,5.5,,5.5
245,Statement 24,Deparment of Space 59 Demand No 94 Department of Space,320.82,155.6,228.68,705.1,,705.1,280.0,152.0,224.8,656.8,,656.8
245,Statement 24,1.Indian Institute of Space Science and Technology (IIST),37.52,26.0,26.48,90.0,,90.0,38.0,23.0,29.0,90.0,,90.0
245,Statement 24,2.National Atmospheric Research Laboratory (NARL),15.0,24.6,11.5,51.1,,51.1,14.0,12.0,12.5,38.5,,38.5
245,Statement 24,3.North Eastern Space applications Centre (NE-SAC),11.0,14.0,9.0,34.0,,34.0,12.0,17.0,11.3,40.3,,40.3
245,Statement 24,4.Physical Research Laboratory (PRL),67.3,45.0,67.7,180.0,,180.0,60.0,40.0,72.0,172.0,,172.0
245,Statement 24,5.Semiconductor Laboratory (SCL),190.0,46.0,114.0,350.0,,350.0,156.0,60.0,100.0,316.0,,316.0
245,Statement 24,Ministry of Statistics and Programme Implementation 60 Demand No 95 Ministry of Statistics and Programme Implementation,29.93,38.42,230.59,298.94,,298.94,31.0,38.04,244.43,313.47,,313.47
245,Statement 24,1.Indian Statistical Institute,29.93,38.42,230.59,298.94,,298.94,31.0,38.04,244.43,313.47,,313.47
245,Statement 24,Ministry of Textiles 61 Demand No 97 Ministry of Textiles,19.0,6.0,4.0,29.0,,29.0,10.0,6.0,4.0,20.0,,20.0
245,Statement 24,"1.Central Wool Development , Jodhpur",19.0,6.0,4.0,29.0,,29.0,10.0,6.0,4.0,20.0,,20.0
245,Statement 24,Ministry of Tribal Affairs 62 Demand No 99 Ministry of Tribal Affairs,74.5,,44.0,118.5,,118.5,76.0,,44.0,120.0,,120.0
245,Statement 24,1.Institutional Support for Development and Marketing of,74.5,,44.0,118.5,,118.5,76.0,,44.0,120.0,,120.0
246,Statement 24,Ministry of Women and Child Development,118.1,4.33,69.57,192.0,,192.0,134.05,7.83,69.12,211.0,,211.0
246,Statement 24,1.Central Adoption Resource Agency (CARA),7.25,0.1,3.65,11.0,,11.0,12.5,0.1,4.4,17.0,,17.0
246,Statement 24,2.Central Social Welfare Board (CSWB),45.59,0.02,29.39,75.0,,75.0,49.89,0.02,30.09,80.0,,80.0
246,Statement 24,3.National Commission for Protection of Child Roghts,13.97,0.4,3.63,18.0,,18.0,13.97,0.4,3.63,18.0,,18.0
246,Statement 24,(NCPCR) 4.National Commission for Women,19.59,0.51,4.9,25.0,,25.0,20.99,0.01,5.0,26.0,,26.0
246,Statement 24,5.National Institute of Public Cooperation and Child,31.7,3.3,28.0,63.0,,63.0,36.7,7.3,26.0,70.0,,70.0
246,Statement 24,Development (NIPCCD) Ministry of Youth Affairs and Sports 64 Demand No 101 Ministry of Youth Affairs and Sports,449.72,54.7,583.0,1087.42,207.58,1295.0,358.6,36.25,510.15,905.0,233.45,1138.45
246,Statement 24,1.Laxmibai National Institute of Physical Education,27.0,3.0,20.0,50.0,6.49,56.49,30.0,4.0,21.0,55.0,7.5,62.5
246,Statement 24,2.Natinal Dope Testing Laboratory,2.06,0.3,2.14,4.5,,4.5,0.03,0.97,1.5,2.5,,2.5
246,Statement 24,3.National Anit-Doping Agency,4.7,2.8,1.0,8.5,0.49,8.99,8.0,3.0,1.5,12.5,0.2,12.7
246,Statement 24,4.Nehru Yuva Kendra Sangathan,146.26,3.0,213.92,363.18,,363.18,117.0,3.0,180.0,300.0,,300.0
246,Statement 24,5.Rajiv Gandhi National Institute of Youth Development,14.7,22.6,8.94,46.24,0.6,46.84,15.57,13.28,6.15,35.0,0.75,35.75
246,Statement 24,6.Sports Authority of India,255.0,23.0,337.0,615.0,200.0,815.0,188.0,12.0,300.0,500.0,225.0,725.0
246,Statement 24,GRAND TOTAL,29996.42,15095.47,38735.34,83827.23,10557.59,94384.82,29935.08,14001.37,39412.64,83349.09,27554.31,110903.4
253,Statement 26,Atomic Energy,12035.93,960.0,3750.0,11373.3,555.0,2600.0,12129.41,595.0,2510.0,14851.8,630.0,3307.0
253,Statement 26,1. Bharatiya Nabhikiya Vidyut Nigam Limited,30.43,30.0,,140.0,40.0,100.0,91.0,80.0,10.0,150.0,80.0,70.0
253,Statement 26,2.   Electronics Corporation of India Limited,46.37,,,15.0,,,14.0,,,16.0,,
253,Statement 26,3.   Indian Rare Earths Limited,42.78,,,13.0,,,34.0,,,50.0,,
253,Statement 26,4.   Nuclear Power Corporation of India Limited,11813.0,915.0,3750.0,11110.0,500.0,2500.0,11890.0,500.0,2500.0,14575.0,500.0,3237.0
253,Statement 26,5.   Uranium Corporation of India Limited,103.35,15.0,,95.3,15.0,,100.41,15.0,,60.8,50.0,
253,Statement 26,Department of Chemicals and Petrochemicals,680.16,,,7.0,,,617.13,,,914.32,,
253,Statement 26,6. Brahmaputra Cracker Polymer Limited,666.69,,,,,,610.13,,,904.32,,
253,Statement 26,7.   HIL India Limited,13.47,,,7.0,,,7.0,,,10.0,,
253,Statement 26,Department of Fertilisers,660.86,,,1539.2,,,2907.52,,,543.0,,
253,Statement 26,8. Brahmaputra Valley Fertiliser Cooperation Limited,-26.66,,,54.76,,,-61.38,,,0.93,,
253,Statement 26,9.   FCI Aravali Gypsum and Minerals India Limited,7.58,,,10.0,,,3.68,,,44.48,,
253,Statement 26,10.   National Fertilisers Limited,240.46,,,759.1,,,657.08,,,302.88,,
253,Statement 26,11.   Projects and Development India Limited,5.27,,,6.0,,,6.44,,,4.51,,
253,Statement 26,12.   Rashtriya Chemicals and Fertilisers Limited,434.21,,,709.34,,,2301.7,,,190.2,,
253,Statement 26,Ministry of Civil Aviation,8858.4,3975.0,,12566.39,0.02,,34816.57,0.02,,5190.47,0.02,
253,Statement 26,13. Air India Asset Holding Limited,,,,7000.0,,,29464.0,,,10.0,,
253,Statement 26,14.   Air India Limited,4560.57,3975.0,,434.01,0.01,,391.01,0.01,,145.01,0.01,
253,Statement 26,15.   Airports Authority of India,4297.44,,,5125.37,,,4950.0,,,5026.0,,
253,Statement 26,16.   Pawan Hans Limited,0.39,,,7.0,,,11.55,,,9.45,,
253,Statement 26,17.   Rohini Heliport Limited,,,,0.01,0.01,,0.01,0.01,,0.01,0.01,
253,Statement 26,Ministry of Coal,15749.31,,,20121.0,,,18121.0,,,18467.0,,
253,Statement 26,18. Coal India Limited,7311.46,,,10000.0,,,8000.0,,,9500.0,,
253,Statement 26,19.   NLC India Limited,7208.16,,,8271.0,,,8271.0,,,6667.0,,
253,Statement 26,20.   Singareni Colleries Company Limited,1229.69,,,1850.0,,,1850.0,,,2300.0,,
253,Statement 26,Department of Commerce,500.0,500.0,,2353.29,,,2560.0,800.0,,1704.0,650.0,
253,Statement 26,21. ECGC,500.0,500.0,,,,,800.0,800.0,,650.0,650.0,
254,Statement 26,22.   ITPO,,,,1000.0,,,450.0,,,1054.0,,
254,Statement 26,23.   MMTC,,,,1353.29,,,1310.0,,,,,
254,Statement 26,Department of Posts,300.0,300.0,,335.0,335.0,,335.0,335.0,,220.0,220.0,
254,Statement 26,24. India Post Payments Bank,300.0,300.0,,335.0,335.0,,335.0,335.0,,220.0,220.0,
254,Statement 26,Department of Telecommunications,8911.94,105.0,,14025.9,105.0,,30743.2,105.0,,35711.6,20515.0,
254,Statement 26,25. Bharat Broadband Network Limited,3594.0,,,6500.0,,,6500.0,,,6500.0,,
254,Statement 26,26.   Bharat Sanchar Nigam Limited,4240.0,,,6725.0,,,23381.0,,,21827.0,14115.0,
254,Statement 26,27.   C DOT,105.53,,,150.0,,,150.0,,,110.0,,
254,Statement 26,28.   Indian Telephone Industries,605.0,105.0,,105.0,105.0,,362.0,105.0,,612.0,105.0,
254,Statement 26,29.   Mahanagar Telephone Nigam Limited,312.67,,,498.26,,,300.0,,,6645.0,6295.0,
254,Statement 26,30.   Telecommunications Consultant India Limited,54.74,,,47.64,,,50.2,,,17.6,,
254,Statement 26,Department of Food and Public Distribution,165592.79,563.0,,91528.9,1049.0,,201520.38,1049.0,,223345.38,1040.0,
254,Statement 26,31. Central Railside Warehouse Company Ltd,15.98,,,23.3,,,16.0,,,20.0,,
254,Statement 26,32.   Central Warehousing Corporation,167.51,,,199.3,,,198.08,,,190.38,,
254,Statement 26,33.   Food Corporation of India,165409.3,563.0,,91306.3,1049.0,,201306.3,1049.0,,223135.0,1040.0,
254,Statement 26,Ministry of Defence (Civil),605.0,,,5.0,,,610.0,,,620.0,,
254,Statement 26,34. Hindustan Shipyard Limited,605.0,,,5.0,,,610.0,,,620.0,,
254,Statement 26,Ministry of Development of North Eastern Region,2.0,,2.0,6.88,,6.1,6.1,,6.1,5.0,,4.0
254,Statement 26,35. North East Regional Agricultural Marketing,,,,4.1,,4.1,4.1,,4.1,2.0,,2.0
254,Statement 26,Corporation Limited 36. North Eastern Handicrafts and Handlooms,2.0,,2.0,2.78,,2.0,2.0,,2.0,3.0,,2.0
254,Statement 26,Corporation Development Limited Department of Economic Affairs,1216.97,1196.29,20.68,2037.75,1997.01,40.74,3040.76,3000.02,40.74,3040.76,3000.02,40.74
254,Statement 26,37. National Investment and Infrastructure Fund,1196.29,1196.29,,997.0,997.0,,2000.01,2000.01,,2000.01,2000.01,
254,Statement 26,Limited 38. Repayment of loan by Infrastructure Leasing and,20.68,,20.68,40.73,,40.73,40.73,,40.73,40.73,,40.73
254,Statement 26,Financial Services Limited to ADB and KfW 39. Security Printing and Minting Corporation of India,,,,0.02,0.01,0.01,0.02,0.01,0.01,0.02,0.01,0.01
254,Statement 26,40.  Strategic and Social Infrastructure Finance,,,,1000.0,1000.0,,1000.0,1000.0,,1000.0,1000.0,
254,Statement 26,Corporation of India Department of Financial Services,110178.0,110178.0,,73385.03,73385.03,,82205.01,82205.01,,19650.04,19650.04,
254,Statement 26,41. Acquisition cost of RBI in stake in NABARD,20.0,20.0,,,,,,,,,,
254,Statement 26,42.   Acquisition cost of RBI in stake in National Housing,1450.0,1450.0,,,,,,,,,,
255,Statement 26,43.   Export Import Bank of India,500.0,500.0,,950.0,950.0,,1500.0,1500.0,,1300.0,1300.0,
255,Statement 26,44.   India Infrastructure Finance Company Limited,100.0,100.0,,500.0,500.0,,5800.0,5800.0,,10000.0,10000.0,
255,Statement 26,45.   Industrial Finance Corporation of India,,,,200.0,200.0,,200.0,200.0,,200.0,200.0,
255,Statement 26,46.   Micro Units Development and Refinance Agency,,,,0.01,0.01,,0.01,0.01,,0.01,0.01,
255,Statement 26,47.   National Bank for Agriculture and Rural,2000.0,2000.0,,1500.0,1500.0,,1500.0,1500.0,,1000.0,1000.0,
255,Statement 26,Development 48.   Recapitalization of IDBI Bank Limited,,,,,,,4557.0,4557.0,,,,
255,Statement 26,49.   Recapitalization of Insurance Companies,,,,0.01,0.01,,2500.0,2500.0,,6950.0,6950.0,
255,Statement 26,50.   Recapitalization of Public Sector Banks,106000.0,106000.0,,70000.01,70000.01,,65443.0,65443.0,,0.02,0.02,
255,Statement 26,51.   Recapitalization of Regional Rural Banks,108.0,108.0,,235.0,235.0,,705.0,705.0,,200.01,200.01,
255,Statement 26,Department of Revenue,,,,0.01,0.01,,2.56,2.56,,0.01,0.01,
255,Statement 26,52. Investment in GSTN SPV,,,,0.01,0.01,,2.56,2.56,,0.01,0.01,
255,Statement 26,Department of Health and Family Welfare,,,,,,,2700.0,,,3000.0,,
255,Statement 26,53. EBR raised by Higher Education Financing Agency,,,,,,,2700.0,,,3000.0,,
255,Statement 26,Department of Heavy Industry,390.78,49.54,,664.91,253.37,,587.83,181.05,,585.29,142.29,
255,Statement 26,54. Andrew Yule and Co Ltd,34.68,,,30.0,,,26.74,,,22.0,,
255,Statement 26,55.   Bharat Heavy Electricals Ltd,272.0,,,309.0,,,353.0,,,372.0,,
255,Statement 26,56.   Braithwaite Burn Jessop Construction Company,1.63,,,1.0,,,1.0,,,1.0,,
255,Statement 26,Limited 57.   Bridge and Roof Company Limited,25.15,,,30.0,,,15.0,,,20.0,,
255,Statement 26,58.   Cement Corporation of India,1.18,,,24.24,,,4.04,,,21.0,,
255,Statement 26,59.   Engineering Projects India Limited,0.63,,,4.0,,,2.0,,,3.0,,
255,Statement 26,60.   Heavy Engineering Corporation Limited,,,,0.01,0.01,,,,,0.01,0.01,
255,Statement 26,61.   Hindustan Cables Limited,,,,0.01,0.01,,,,,0.01,0.01,
255,Statement 26,62.   Hindustan Paper Corporation Limited,,,,0.01,0.01,,,,,,,
255,Statement 26,63.   Hindustan Salt Limited,,,,5.0,5.0,,,,,5.0,5.0,
255,Statement 26,64.   HMT Limited,,,,0.01,0.01,,,,,0.01,0.01,
255,Statement 26,65.   Nepa Limited,49.54,49.54,,248.31,248.31,,181.05,181.05,,137.24,137.24,
255,Statement 26,66.   Rajasthan Electronics and Instruments Limited,5.97,,,13.3,,,5.0,,,4.0,,
256,Statement 26,67.   Richardson and Cruddas Limited,,,,0.01,0.01,,,,,0.01,0.01,
256,Statement 26,68.   Scooter India Limited,,,,0.01,0.01,,,,,0.01,0.01,
256,Statement 26,Ministry of Housing and Urban Affairs,47759.93,2441.0,11923.6,37826.56,4515.0,13898.93,65843.93,3713.06,14448.93,51458.94,3256.0,16315.0
256,Statement 26,69. Building Material and Technology Promotion,,,,,,,15000.0,,,,,
256,Statement 26,Council 70. Housing and Urban Development Corporation,31541.61,,,17500.0,,,31886.94,,,29752.94,,
256,Statement 26,71.   Metro and MRTS Projects,15573.26,2341.0,11923.6,18501.56,3815.0,13898.93,18111.99,3713.06,13898.93,18382.0,3256.0,14226.0
256,Statement 26,72.   National Capital Region Transport Corporation,100.0,100.0,,700.0,700.0,,550.0,,550.0,2089.0,,2089.0
256,Statement 26,73.   National Capital Regional Planning Board,545.06,,,1125.0,,,295.0,,,1235.0,,
256,Statement 26,Department of Higher Education,,,,,,,1000.0,,,3000.0,,
256,Statement 26,74. EBR raised by Higher Education Financing Agency,,,,,,,1000.0,,,3000.0,,
256,Statement 26,Ministry of Information and Broadcasting,193.74,,,152.16,,,233.47,,,253.63,,
256,Statement 26,75. Braodcast Engineering Consultants India Limited,192.54,,,142.0,,,228.21,,,247.02,,
256,Statement 26,76.   National Film Development Corporation,1.2,,,10.16,,,5.26,,,6.61,,
256,Statement 26,"Department of Water Resources, River Development and Ganga",6968.94,,,8313.09,,,4959.96,,,5078.0,,
256,Statement 26,Rejuvenation 77. NABARD,6893.4,,,8217.79,,,4883.96,,,5000.0,,
256,Statement 26,78.   WAPCOS Limited,75.54,,,95.3,,,76.0,,,78.0,,
256,Statement 26,Department of Drinking Water and Sanitation,8698.2,,,,,,7000.0,,,12000.0,,
256,Statement 26,79. National Bank for Agriculture and Rural,8698.2,,,,,,7000.0,,,12000.0,,
256,Statement 26,"Development Ministry of Micro, Small and Medium Enterprises",29.02,29.02,,209.0,,,150.0,,,205.0,,
256,Statement 26,80. Coir Board,,,,4.0,,,,,,,,
256,Statement 26,81.   National Small Industries Corporation,29.02,29.02,,205.0,,,150.0,,,205.0,,
256,Statement 26,Ministry of Mines,4753.27,,,1690.48,,,2694.59,,,1973.13,,
256,Statement 26,82. Hindustan Copper Limited,602.46,,,600.0,,,600.0,,,600.0,,
256,Statement 26,83.   Mineral Exploration Corporation Limited,17.78,,,36.98,,,27.6,,,28.6,,
256,Statement 26,84.   National Aluminium Company Limited,4116.56,,,1041.0,,,2054.19,,,1332.03,,
256,Statement 26,85.   Other bodies,16.47,,,12.5,,,12.8,,,12.5,,
256,Statement 26,Ministry of Minority Affairs,165.0,165.0,,100.0,100.0,,160.0,160.0,,160.0,160.0,
256,Statement 26,86. Equity contribution to National Minorities,165.0,165.0,,100.0,100.0,,160.0,160.0,,160.0,160.0,
257,Statement 26,Ministry of New and Renewable Energy,10459.15,,,12353.81,,,12466.32,,,13726.74,,
257,Statement 26,87. Indian Renewable Energy Development Agency,10119.37,,,12053.57,,,12084.08,,,13351.85,,
257,Statement 26,88.   Solar Energy Corporation of India,339.78,,,300.24,,,382.24,,,374.89,,
257,Statement 26,Ministry of Petroleum and Natural Gas,100308.7,,,93639.3,,,94974.39,,,98521.56,,
257,Statement 26,89. Balmer Lawrie and Company Limited,132.1,,,40.0,,,40.0,,,35.0,,
257,Statement 26,90.   Bharat Petroleum Corporation Limited,9308.4,,,6075.0,,,6425.0,,,7990.0,,
257,Statement 26,91.   Bharat Petroleum Corporation Limited,1684.4,,,1825.0,,,1475.0,,,1010.0,,
257,Statement 26,92.   Chennai Petroleum Corporation Limited,1313.6,,,1105.0,,,1105.0,,,569.0,,
257,Statement 26,93.   Engineers India Limited,87.0,,,1211.73,,,160.0,,,60.0,,
257,Statement 26,94.   Gas Authority of India Limited,7142.65,,,5339.0,,,5381.4,,,5412.0,,
257,Statement 26,95.   Hindustan Petroleum Corporation Limited,12437.87,,,9500.0,,,11500.0,,,11500.0,,
257,Statement 26,96.   Indian Oil Corporation Limited,23544.29,,,22237.62,,,22660.01,,,20695.58,,
257,Statement 26,97.   Indian Oil Corporation Limited,4663.48,,,2845.9,,,2235.48,,,5537.39,,
257,Statement 26,98.   Mangalore Refineries and Petrochemicals Limited,1072.32,,,818.0,,,1276.52,,,1150.0,,
257,Statement 26,99.   Numaligarh Refinery Limited,464.81,,,455.0,,,555.0,,,949.0,,
257,Statement 26,100.    Oil and Natural Gas Corporation Limited,29449.84,,,32920.85,,,31895.98,,,32501.59,,
257,Statement 26,101.    Oil India Limited,3180.81,,,4105.2,,,3675.0,,,3877.0,,
257,Statement 26,102.    Oil Natural Gas Corporation Videsh Limited,5827.13,,,5161.0,,,6590.0,,,7235.0,,
257,Statement 26,Ministry of Power,74584.56,89.0,482.0,43667.05,705.0,554.64,53193.34,192.0,554.64,49968.65,,84.27
257,Statement 26,103. Damodar Valley Corporation Limited,764.85,,,1835.26,,,1410.41,,,2342.0,,
257,Statement 26,104.    National Hydro Electric Power Corporation Limited,4230.41,,482.0,3806.0,,554.64,5199.29,,554.64,5401.29,,84.27
257,Statement 26,105.    National Thermal Power Corporation Limited,27363.24,,,20000.0,,,20000.0,,,21000.0,,
257,Statement 26,106.    North Eastern Electric Power Corporation Limited,752.99,61.0,,925.79,684.0,,944.64,171.0,,564.36,,
257,Statement 26,107.    Power Grid Corporation of India Limited,25807.0,,,15000.0,,,15000.0,,,10500.0,,
257,Statement 26,108.    Rural Electrification Corporation,13827.0,,,,,,8500.0,,,5500.0,,
257,Statement 26,109.    Satluj Jal Vidyut Nigam Limited,854.04,,,1200.0,,,1200.0,,,2880.0,,
257,Statement 26,110.    Tehri Hydro Development Corporation Limited,985.03,28.0,,900.0,21.0,,939.0,21.0,,1781.0,,
257,Statement 26,Ministry of Railways,133376.66,52837.67,,159908.0,65837.0,,156084.33,67837.0,,160792.0,70000.0,
258,Statement 26,111.   Bharatiya Rail Bijlee Company Limited,,,,,,,61.34,,,,,
258,Statement 26,112.   Braithwaite Company Limited,50.0,,,,,,,,,,,
258,Statement 26,113.   Dedicated Freight Corridor Corporation of India Ltd,6277.0,,,,,,7500.0,,,7500.0,,
258,Statement 26,114.   Equity in State Joint Ventures and Others,147.36,,,,,,150.49,,,350.0,,
258,Statement 26,115.   Indian Railway Finance Corporation,2854.0,,,,,,2500.51,,,3000.0,,
258,Statement 26,116.   Indian Railways,96417.16,52837.67,,131808.0,65837.0,,121690.66,67837.0,,118145.0,70000.0,
258,Statement 26,117.   Kolkata Metro Rail Corporation Limited,950.0,,,,,,805.0,,,905.0,,
258,Statement 26,118.   National High Speed Rail Corporation Limited,2400.0,,,,,,5600.0,,,5600.0,,
258,Statement 26,119.   Public Private Partnership,24281.14,,,28100.0,,,17776.33,,,25292.0,,
258,Statement 26,Ministry of Road Transport and Highways,97035.68,35818.68,,111691.0,36691.0,,111691.0,36691.0,,107500.0,42500.0,
258,Statement 26,120. National Highway Authority of India,97035.68,35818.68,,111691.0,36691.0,,111691.0,36691.0,,107500.0,42500.0,
258,Statement 26,Department of Rural Development,10678.8,,,26170.0,,,10000.0,,,10000.0,,
258,Statement 26,121. National Bank of Agriculture and Rural,10678.8,,,26170.0,,,10000.0,,,10000.0,,
258,Statement 26,Development Department of Scientific and Industrial Research,2.0,2.0,,1.65,1.65,,1.65,1.65,,1.8,1.8,
258,Statement 26,122. Central Electronics Limited,2.0,2.0,,1.65,1.65,,1.65,1.65,,1.8,1.8,
258,Statement 26,Ministry of Shipping,4181.34,125.0,,5777.79,200.0,,4129.19,200.0,,3714.83,,
258,Statement 26,123. Chennai Port Trust,61.45,,,84.0,,,57.18,,,83.15,,
258,Statement 26,124.   Cochin Port Trust,38.09,,,46.71,,,51.22,,,26.28,,
258,Statement 26,125.   Cochin Shipyard Limited,545.65,,,660.0,,,620.0,,,650.0,,
258,Statement 26,126.   Deendyal Port Trust Kandla,417.08,,,711.88,,,299.99,,,617.79,,
258,Statement 26,127.   Dredging Corporation of India,22.69,,,20.0,,,10.0,,,5.0,,
258,Statement 26,128.   Inland Waterway Authority of India,110.03,,,,,,,,,,,
258,Statement 26,129.   Jawaharlal Nehru Port Trust,1664.57,,,2127.88,,,1528.0,,,600.0,,
258,Statement 26,130.   Kamarajar Port Trust,155.97,,,300.0,,,117.5,,,250.0,,
258,Statement 26,131.   Kolkata Port Trust,83.11,,,157.71,,,288.65,,,272.11,,
258,Statement 26,132.   Mormugao Port Trust,13.42,,,29.18,,,41.17,,,195.79,,
258,Statement 26,133.   Mumbai Port Trust,228.26,,,518.42,,,342.88,,,330.4,,
258,Statement 26,134.   New Mangalore Port Trust,50.02,,,81.9,,,48.87,,,26.04,,
259,Statement 26,135.   Pradip Port Trust,115.99,,,123.0,,,110.0,,,115.0,,
259,Statement 26,136.   Sagarmala Development Company,125.0,125.0,,200.0,200.0,,200.0,200.0,,,,
259,Statement 26,137.   Shipping Corporation of India,278.7,,,50.0,,,200.0,,,80.0,,
259,Statement 26,138.   Visakapatnam Port Trust,146.18,,,131.12,,,98.55,,,110.7,,
259,Statement 26,139.   VoChidambaranar Port Trust,125.13,,,535.99,,,115.18,,,352.57,,
259,Statement 26,Department of Social Justice and Empowerment,267.39,267.39,,345.0,345.0,,345.0,345.0,,420.0,420.0,
259,Statement 26,140. National Backward Classes Finance and,100.0,100.0,,130.0,130.0,,160.0,160.0,,200.0,200.0,
259,Statement 26,Development Corporation 141. National Safai Karamcharis Finance and,30.0,30.0,,35.0,35.0,,35.0,35.0,,40.0,40.0,
259,Statement 26,Development Corporation 142. National Scheduled Castes Finance and,137.39,137.39,,180.0,180.0,,150.0,150.0,,180.0,180.0,
259,Statement 26,Development Corporation Department of Empowerment of Persons with Disabilities,20.75,20.75,,41.21,41.21,,0.92,0.92,,0.01,0.01,
259,Statement 26,143. National Handicapped Finance and Development,20.75,20.75,,41.21,41.21,,0.92,0.92,,0.01,0.01,
259,Statement 26,Department of Space,,,,10.0,10.0,,10.0,10.0,,,,
259,Statement 26,144. NewSpace India LImited,,,,10.0,10.0,,10.0,10.0,,,,
259,Statement 26,Ministry of Steel,8591.28,,,9019.26,,,7708.09,,,7976.62,,
259,Statement 26,145. Ferro Scrap Nigam Limited,18.35,,,18.12,,,19.54,,,20.71,,
259,Statement 26,146.   KIOCL Limited,18.0,,,317.0,,,225.95,,,285.0,,
259,Statement 26,147.   Manganese Ore India Limited,208.3,,,209.74,,,260.79,,,379.8,,
259,Statement 26,148.   MECON Limited,21.4,,,5.0,,,-31.25,,,15.11,,
259,Statement 26,149.   MSTC Limited,26.96,,,44.4,,,22.4,,,27.0,,
259,Statement 26,150.   NMDC Limited,1862.0,,,3010.0,,,1822.0,,,1860.0,,
259,Statement 26,151.   OMDC,0.1,,,,,,6.0,,,,,
259,Statement 26,152.   Rashtriya Ispat Nigam Limited,2131.1,,,1400.0,,,1377.0,,,1385.0,,
259,Statement 26,153.   SAIL Refractory Company Limited,2.07,,,15.0,,,5.66,,,4.0,,
259,Statement 26,154.   Steel Authority of India Limited,4303.0,,,4000.0,,,4000.0,,,4000.0,,
259,Statement 26,Ministry of Tribal Affairs,65.0,65.0,,,80.0,,80.0,80.0,,150.0,150.0,
259,Statement 26,155. Support to National and State Scheduled Tribes,65.0,65.0,,,80.0,,80.0,80.0,,150.0,150.0,
259,Statement 26,Finance and Development Corporation Grand Total,833821.55,209687.34,16178.28,740864.92,186205.3,17100.41,925628.65,197503.29,17560.41,854749.58,162335.19,19751.01
