page,statement,row_label,actuals_2019_20_revenue,actuals_2019_20_capital,actuals_2019_20_total,BE_2020_21_revenue,BE_2020_21_capital,BE_2020_21_total,RE_2020_21_revenue,RE_2020_21_capital,RE_2020_21_total,BE_2021_22_revenue,BE_2021_22_capital,BE_2021_22_total
7,Statement 1,1.   Central Expenditure (2+3+4),1722974.15,331386.43,2054360.58,1926707.51,402276.51,2328984.02,2264992.42,423905.33,2688897.75,2132609.02,539994.89,2672603.91
7,Statement 1,2.   Establishment,563789.75,6453.85,570243.6,602276.49,7308.3,609584.79,592060.57,6611.22,598671.79,600756.99,8257.12,609014.11
7,Statement 1,3.   Central Sector Schemes,446085.68,311005.45,757091.13,497024.69,334800.37,831825.06,870612.58,393077.23,1263689.81,607968.41,443735.0,1051703.41
7,Statement 1,4.   Other Central Expenditure,713098.72,13927.13,727025.85,827406.33,60167.84,887574.17,802319.27,24216.88,826536.15,923883.62,88002.77,1011886.39
7,Statement 1,5.   Transfers (6+7+8),627630.18,4339.19,631969.37,703437.65,9808.42,713246.07,746149.85,15257.67,761407.52,796390.87,14240.85,810631.72
7,Statement 1,6.   Centrally Sponsored Schemes,309522.78,29.9,309552.68,339838.77,55.76,339894.53,387834.08,65.72,387899.8,381235.45,69.1,381304.55
7,Statement 1,7.   Finance Commission Transfers,123709.87,,123709.87,149924.8,,149924.8,182352.43,,182352.43,220843.0,,220843.0
7,Statement 1,8.   Other Transfers,194397.53,4309.29,198706.82,213674.08,9752.66,223426.74,175963.34,15191.95,191155.29,194312.42,14171.75,208484.17
7,Statement 1,9.   Total Expenditure through Budget (1+5),2350604.33,335725.62,2686329.95,2630145.16,412084.93,3042230.09,3011142.27,439163.0,3450305.27,2928999.89,554235.74,3483235.63
7,Statement 1,10.   Resources of Public Enterprises,,641554.21,641554.21,,672663.38,672663.38,,645488.38,645488.38,,582831.13,582831.13
7,Statement 1,11.   Total Expenditure through Budget and Resources,2350604.33,977279.83,3327884.16,2630145.16,1084748.31,3714893.47,3011142.27,1084651.38,4095793.65,2928999.89,1137066.87,4066066.76
10,Statement 3,"1. Department of Agriculture, Cooperation and Farmers' Welfare",94237.97,13.65,94251.62,134349.45,50.32,134399.77,116698.58,59.34,116757.92,122961.57,56.0,123017.57
10,Statement 3,1. Central Sector Schemes/Projects,81342.71,,81342.71,116490.0,,116490.0,103162.3,,103162.3,105018.81,,105018.81
10,Statement 3,2.   Centrally Sponsored Schemes,12321.46,13.65,12335.11,17269.45,50.32,17319.77,12977.36,59.34,13036.7,17352.19,56.0,17408.19
10,Statement 3,3.   Establishment Expenditure of the Centre,498.87,,498.87,556.07,,556.07,526.99,,526.99,557.47,,557.47
10,Statement 3,4.   Other Central Sector Expenditure,74.93,,74.93,33.93,,33.93,31.93,,31.93,33.1,,33.1
10,Statement 3,2. Department of Agricultural Research and Education,7523.37,,7523.37,8362.58,,8362.58,7762.38,,7762.38,8513.62,,8513.62
10,Statement 3,1. Central Sector Schemes/Projects,2488.61,,2488.61,2729.0,,2729.0,2305.0,,2305.0,2686.0,,2686.0
10,Statement 3,2.   Establishment Expenditure of the Centre,12.2,,12.2,13.85,,13.85,13.11,,13.11,14.05,,14.05
10,Statement 3,3.   Other Central Sector Expenditure,5022.56,,5022.56,5619.73,,5619.73,5444.27,,5444.27,5813.57,,5813.57
10,Statement 3,3. Atomic Energy,11729.2,8075.49,19804.69,8884.44,9344.5,18228.94,8312.62,5962.34,14274.96,8389.12,9875.77,18264.89
10,Statement 3,1. Central Sector Schemes/Projects,2927.57,5102.53,8030.1,821.05,5465.32,6286.37,686.76,3619.04,4305.8,452.47,6224.37,6676.84
10,Statement 3,2.   Establishment Expenditure of the Centre,6021.16,-122.04,5899.12,5189.42,-57.82,5131.6,5039.75,-426.7,4613.05,4890.35,-28.6,4861.75
10,Statement 3,3.   Other Central Sector Expenditure,2780.47,3095.0,5875.47,2873.97,3937.0,6810.97,2586.11,2770.0,5356.11,3046.3,3680.0,6726.3
10,Statement 3,"4. Ministry of Ayurveda, Yoga and Naturopathy, Unani, Siddha",1784.16,,1784.16,2122.08,,2122.08,2322.08,,2322.08,2970.3,,2970.3
10,Statement 3,1. Central Sector Schemes/Projects,95.03,,95.03,136.0,,136.0,121.9,,121.9,298.67,,298.67
10,Statement 3,2.   Centrally Sponsored Schemes,495.48,,495.48,705.0,,705.0,400.0,,400.0,553.8,,553.8
10,Statement 3,3.   Establishment Expenditure of the Centre,101.04,,101.04,110.5,,110.5,99.44,,99.44,118.75,,118.75
10,Statement 3,4.   Other Central Sector Expenditure,1092.61,,1092.61,1170.58,,1170.58,1700.74,,1700.74,1999.08,,1999.08
10,Statement 3,5. Department of Chemicals and Petrochemicals,365.12,,365.12,218.34,,218.34,222.0,73.7,295.7,229.64,3.5,233.14
10,Statement 3,1. Central Sector Schemes/Projects,234.58,,234.58,57.3,,57.3,25.65,,25.65,56.73,,56.73
10,Statement 3,2.   Establishment Expenditure of the Centre,17.43,,17.43,19.99,,19.99,18.12,,18.12,20.97,,20.97
10,Statement 3,3.   Other Central Sector Expenditure,113.11,,113.11,141.05,,141.05,178.23,,178.23,151.94,,151.94
10,Statement 3,4.   Other Grants/Loans/Transfers,,,,,,,,73.7,73.7,,3.5,3.5
10,Statement 3,6. Department of Fertilisers,81144.25,,81144.25,71344.95,0.05,71345.0,133979.46,813.24,134792.7,79566.77,444.62,80011.39
10,Statement 3,1. Central Sector Schemes/Projects,81124.33,,81124.33,71309.0,,71309.0,133947.3,,133947.3,79529.68,,79529.68
10,Statement 3,2.   Establishment Expenditure of the Centre,32.75,,32.75,35.94,,35.94,32.16,,32.16,37.08,,37.08
10,Statement 3,3.   Other Central Sector Expenditure,-12.83,,-12.83,0.01,0.05,0.06,,813.24,813.24,0.01,444.62,444.63
10,Statement 3,7. Department of Pharmaceuticals,220.36,333.15,553.51,326.4,7.18,333.58,463.23,7.18,470.41,461.29,9.12,470.41
11,Statement 3,1.   Central Sector Schemes/Projects,202.81,,202.81,281.0,,281.0,408.33,,408.33,410.76,,410.76
11,Statement 3,2.   Establishment Expenditure of the Centre,24.3,,24.3,27.4,,27.4,27.35,,27.35,31.53,,31.53
11,Statement 3,3.   Other Central Sector Expenditure,,333.15,333.15,18.0,7.18,25.18,27.55,7.18,34.73,19.0,9.12,28.12
11,Statement 3,4.   Other Grants/Loans/Transfers,-6.75,,-6.75,,,,,,,,,
11,Statement 3,8. Ministry of Civil Aviation,3625.36,21.36,3646.72,3771.74,25.97,3797.71,4077.66,53.97,4131.63,3184.15,40.52,3224.67
11,Statement 3,1. Central Sector Schemes/Projects,3329.21,0.01,3329.22,3480.41,0.01,3480.42,3725.46,0.01,3725.47,2869.0,,2869.0
11,Statement 3,2.   Establishment Expenditure of the Centre,276.8,21.35,298.15,274.51,25.95,300.46,284.71,53.95,338.66,284.64,40.51,325.15
11,Statement 3,3.   Other Central Sector Expenditure,19.35,,19.35,16.82,0.01,16.83,67.49,0.01,67.5,30.51,0.01,30.52
11,Statement 3,9. Ministry of Coal,822.99,,822.99,882.61,,882.61,627.58,,627.58,534.88,,534.88
11,Statement 3,1. Central Sector Schemes/Projects,762.82,,762.82,819.98,,819.98,553.73,,553.73,419.98,,419.98
11,Statement 3,2.   Establishment Expenditure of the Centre,37.27,,37.27,40.28,,40.28,51.5,,51.5,61.7,,61.7
11,Statement 3,3.   Other Central Sector Expenditure,22.9,,22.9,22.35,,22.35,22.35,,22.35,53.2,,53.2
11,Statement 3,10. Department of Commerce,6019.51,862.43,6881.94,5532.32,687.0,6219.32,4173.0,427.0,4600.0,4699.01,287.0,4986.01
11,Statement 3,1. Central Sector Schemes/Projects,5176.17,800.0,5976.17,4656.0,650.0,5306.0,3331.69,390.0,3721.69,3887.02,260.0,4147.02
11,Statement 3,2.   Establishment Expenditure of the Centre,787.91,75.0,862.91,784.0,37.0,821.0,766.0,37.0,803.0,741.65,27.0,768.65
11,Statement 3,3.   Other Central Sector Expenditure,55.43,-12.57,42.86,92.32,,92.32,75.31,,75.31,70.34,,70.34
11,Statement 3,11. Department for Promotion of Industry and Internal Trade,5297.31,1106.89,6404.2,5136.55,1469.0,6605.55,6785.66,797.4,7583.06,6570.66,1211.58,7782.24
11,Statement 3,1. Central Sector Schemes/Projects,4747.6,1085.72,5833.32,4325.01,1402.38,5727.39,6265.01,777.4,7042.41,5960.44,1201.58,7162.02
11,Statement 3,2.   Establishment Expenditure of the Centre,387.11,21.17,408.28,488.37,66.62,554.99,379.11,20.0,399.11,415.82,10.0,425.82
11,Statement 3,3.   Other Central Sector Expenditure,162.6,,162.6,323.17,,323.17,141.54,,141.54,194.4,,194.4
11,Statement 3,12. Department of Posts,14813.13,730.56,15543.69,14394.17,1131.21,15525.38,19089.12,861.71,19950.83,15618.13,910.09,16528.22
11,Statement 3,1. Central Sector Schemes/Projects,138.62,725.66,864.28,476.02,1116.21,1592.23,367.97,847.18,1215.15,358.88,895.09,1253.97
11,Statement 3,2.   Establishment Expenditure of the Centre,14674.51,4.9,14679.41,13918.15,15.0,13933.15,18721.15,14.53,18735.68,15259.25,15.0,15274.25
11,Statement 3,13. Department of Telecommunications,23465.94,4929.49,28395.43,40756.63,25675.06,66431.69,36748.88,4359.92,41108.8,32803.44,25933.56,58737.0
11,Statement 3,1. Central Sector Schemes/Projects,2987.1,4824.49,7811.59,8119.44,5160.06,13279.5,7265.99,4141.92,11407.91,9098.02,5333.56,14431.58
11,Statement 3,2.   Establishment Expenditure of the Centre,14204.45,,14204.45,14751.77,,14751.77,15308.92,113.0,15421.92,16262.5,110.0,16372.5
11,Statement 3,3.   Other Central Sector Expenditure,6274.39,105.0,6379.39,17885.42,20515.0,38400.42,14173.97,105.0,14278.97,7442.92,20490.0,27932.92
11,Statement 3,14. Department of Consumer Affairs,1909.83,13.43,1923.26,2244.6,55.4,2300.0,12003.72,34.19,12037.91,2928.05,46.05,2974.1
11,Statement 3,1. Central Sector Schemes/Projects,1813.56,13.43,1826.99,2139.6,55.4,2195.0,11907.46,34.19,11941.65,2824.45,46.05,2870.5
11,Statement 3,2.   Establishment Expenditure of the Centre,96.27,,96.27,105.0,,105.0,96.26,,96.26,103.6,,103.6
12,Statement 3,15. Department of Food and Public Distribution,113929.41,1243.11,115172.52,121038.41,1197.02,122235.43,437458.0,1190.72,438648.72,251248.34,2725.96,253974.3
12,Statement 3,1. Central Sector Schemes/Projects,113814.47,237.59,114052.06,120887.92,190.0,121077.92,437326.56,186.4,437512.96,251045.96,220.21,251266.17
12,Statement 3,2.   Centrally Sponsored Schemes,,,,20.0,,20.0,9.0,,9.0,70.0,,70.0
12,Statement 3,3.   Establishment Expenditure of the Centre,101.54,5.52,107.06,114.13,7.02,121.15,110.9,4.32,115.22,117.55,5.75,123.3
12,Statement 3,4.   Other Central Sector Expenditure,13.4,1000.0,1013.4,16.36,1000.0,1016.36,11.54,1000.0,1011.54,14.83,2500.0,2514.83
12,Statement 3,16. Ministry of Corporate Affairs,550.6,12.45,563.05,675.62,52.0,727.62,644.78,35.22,680.0,661.13,51.0,712.13
12,Statement 3,1. Central Sector Schemes/Projects,6.75,0.18,6.93,10.5,1.0,11.5,6.5,0.22,6.72,10.5,1.0,11.5
12,Statement 3,2.   Establishment Expenditure of the Centre,458.58,,458.58,554.52,,554.52,558.51,,558.51,565.63,,565.63
12,Statement 3,3.   Other Central Sector Expenditure,85.27,12.27,97.54,110.6,51.0,161.6,79.77,35.0,114.77,85.0,50.0,135.0
12,Statement 3,17. Ministry of Culture,2428.92,65.9,2494.82,3057.57,92.29,3149.86,2183.45,28.4,2211.85,2609.23,78.76,2687.99
12,Statement 3,1. Central Sector Schemes/Projects,357.33,44.63,401.96,576.32,2.0,578.32,392.78,,392.78,454.2,1.0,455.2
12,Statement 3,2.   Establishment Expenditure of the Centre,1222.72,21.27,1243.99,1469.43,90.29,1559.72,1081.09,28.4,1109.49,1271.9,77.76,1349.66
12,Statement 3,3.   Other Central Sector Expenditure,848.87,,848.87,1011.82,,1011.82,709.58,,709.58,883.13,,883.13
12,Statement 3,18. Ministry of Defence (Civil),11574.96,4946.66,16521.62,9679.0,4821.0,14500.0,10294.06,5620.0,15914.06,10083.93,5173.41,15257.34
12,Statement 3,1. Central Sector Schemes/Projects,781.93,2348.15,3130.08,750.0,2300.0,3050.0,1150.0,3100.0,4250.0,850.0,2500.0,3350.0
12,Statement 3,2.   Establishment Expenditure of the Centre,9211.34,2582.71,11794.05,8978.83,2500.0,11478.83,9196.06,2500.0,11696.06,9281.93,2650.0,11931.93
12,Statement 3,3.   Other Central Sector Expenditure,1581.69,15.8,1597.49,-49.83,21.0,-28.83,-52.0,20.0,-32.0,-48.0,23.41,-24.59
12,Statement 3,19. Defence Services (Revenue),207572.15,,207572.15,209319.0,,209319.0,209312.0,,209312.0,212027.56,,212027.56
12,Statement 3,1. Establishment Expenditure of the Centre,207572.15,,207572.15,209319.0,,209319.0,209312.0,,209312.0,212027.56,,212027.56
12,Statement 3,20. Capital Outlay on Defence Services,,111092.43,111092.43,,113734.0,113734.0,,134510.0,134510.0,,135060.72,135060.72
12,Statement 3,1. Central Sector Schemes/Projects,,111092.43,111092.43,,113734.0,113734.0,,134510.0,134510.0,,135060.72,135060.72
12,Statement 3,21. Defence Pensions,117810.24,,117810.24,133825.0,,133825.0,125000.0,,125000.0,115850.0,,115850.0
12,Statement 3,1. Establishment Expenditure of the Centre,117810.24,,117810.24,133825.0,,133825.0,125000.0,,125000.0,115850.0,,115850.0
12,Statement 3,22. Ministry of Development of North Eastern Region,2012.17,645.7,2657.87,2330.14,718.59,3048.73,1537.65,322.35,1860.0,2031.51,626.49,2658.0
12,Statement 3,1. Central Sector Schemes/Projects,1996.55,639.6,2636.15,2313.06,714.59,3027.65,1520.93,318.35,1839.28,2015.0,622.49,2637.49
12,Statement 3,2.   Establishment Expenditure of the Centre,15.62,,15.62,17.08,,17.08,16.72,,16.72,16.51,,16.51
12,Statement 3,3.   Other Central Sector Expenditure,,6.1,6.1,,4.0,4.0,,4.0,4.0,,4.0,4.0
12,Statement 3,23. Ministry of Earth Sciences,1606.66,105.21,1711.87,1898.0,172.0,2070.0,1225.1,74.9,1300.0,1734.13,163.0,1897.13
12,Statement 3,1. Central Sector Schemes/Projects,949.4,105.21,1054.61,1165.0,172.0,1337.0,575.5,74.9,650.4,1018.17,163.0,1181.17
12,Statement 3,2.   Establishment Expenditure of the Centre,491.98,,491.98,531.2,,531.2,466.36,,466.36,517.96,,517.96
13,Statement 3,3.   Other Central Sector Expenditure,165.28,,165.28,201.8,,201.8,183.24,,183.24,198.0,,198.0
13,Statement 3,24. Department of School Education and Literacy,52520.19,,52520.19,59845.0,,59845.0,52189.07,,52189.07,54873.66,,54873.66
13,Statement 3,1. Central Sector Schemes/Projects,340.97,,340.97,519.5,,519.5,354.0,,354.0,363.5,,363.5
13,Statement 3,2.   Centrally Sponsored Schemes,42146.45,,42146.45,50080.5,,50080.5,41399.58,,41399.58,43285.16,,43285.16
13,Statement 3,3.   Establishment Expenditure of the Centre,28.87,,28.87,40.0,,40.0,40.0,,40.0,33.0,,33.0
13,Statement 3,4.   Other Central Sector Expenditure,10076.95,,10076.95,9205.0,,9205.0,10395.49,,10395.49,11192.0,,11192.0
13,Statement 3,5.   Other Grants/Loans/Transfers,-73.05,,-73.05,,,,,,,,,
13,Statement 3,25. Department of Higher Education,34811.38,2104.99,36916.37,37239.52,2227.0,39466.52,32671.0,229.0,32900.0,38325.15,25.5,38350.65
13,Statement 3,1. Central Sector Schemes/Projects,4451.9,2100.0,6551.9,6206.9,2200.0,8406.9,4029.61,200.0,4229.61,6068.43,1.0,6069.43
13,Statement 3,2.   Centrally Sponsored Schemes,1257.56,,1257.56,300.0,,300.0,166.0,,166.0,3000.0,,3000.0
13,Statement 3,3.   Establishment Expenditure of the Centre,163.83,4.99,168.82,231.26,27.0,258.26,213.74,29.0,242.74,222.94,24.5,247.44
13,Statement 3,4.   Other Central Sector Expenditure,27138.09,,27138.09,28601.36,,28601.36,27913.14,,27913.14,29023.78,,29023.78
13,Statement 3,5.   Other Grants/Loans/Transfers,1800.0,,1800.0,1900.0,,1900.0,348.51,,348.51,10.0,,10.0
13,Statement 3,26. Ministry of Electronics and Information Technology,5385.37,266.6,5651.97,6524.03,375.0,6899.03,5197.0,353.0,5550.0,9274.66,446.0,9720.66
13,Statement 3,1. Central Sector Schemes/Projects,3120.75,70.34,3191.09,3898.0,60.0,3958.0,2984.82,60.0,3044.82,6776.33,30.0,6806.33
13,Statement 3,2.   Establishment Expenditure of the Centre,1314.92,196.26,1511.18,1360.03,315.0,1675.03,1318.18,293.0,1611.18,1438.33,416.0,1854.33
13,Statement 3,3.   Other Central Sector Expenditure,949.7,,949.7,1266.0,,1266.0,894.0,,894.0,1060.0,,1060.0
13,Statement 3,"27. Ministry of Environment, Forests and Climate Change",2500.06,37.65,2537.71,2942.45,157.55,3100.0,1970.73,44.27,2015.0,2747.45,122.48,2869.93
13,Statement 3,1. Central Sector Schemes/Projects,811.78,,811.78,1017.23,,1017.23,584.09,,584.09,993.13,,993.13
13,Statement 3,2.   Centrally Sponsored Schemes,768.35,,768.35,926.0,,926.0,556.0,,556.0,766.0,,766.0
13,Statement 3,3.   Establishment Expenditure of the Centre,483.69,37.65,521.34,513.72,157.55,671.27,432.79,44.27,477.06,511.82,122.48,634.3
13,Statement 3,4.   Other Central Sector Expenditure,436.24,,436.24,485.5,,485.5,397.85,,397.85,476.5,,476.5
13,Statement 3,28. Ministry of External Affairs,16040.7,1204.84,17245.54,16014.43,1332.28,17346.71,13744.1,1255.9,15000.0,16663.98,1490.75,18154.73
13,Statement 3,1. Central Sector Schemes/Projects,6586.49,802.67,7389.16,6617.37,832.28,7449.65,5145.26,610.9,5756.16,6754.4,880.75,7635.15
13,Statement 3,2.   Establishment Expenditure of the Centre,5054.99,403.2,5458.19,5008.81,500.0,5508.81,4502.46,645.0,5147.46,5247.69,610.0,5857.69
13,Statement 3,3.   Other Central Sector Expenditure,4399.22,-1.03,4398.19,4388.25,,4388.25,4096.38,,4096.38,4661.89,,4661.89
13,Statement 3,29. Department of Economic Affairs,2993.28,7285.12,10278.4,3262.57,26045.7,29308.27,5738.6,17942.79,23681.39,4520.78,56607.4,61128.18
13,Statement 3,1. Central Sector Schemes/Projects,1187.35,2000.0,3187.35,1013.95,530.01,1543.96,2659.08,4760.01,7419.09,2244.01,5010.01,7254.02
13,Statement 3,2.   Establishment Expenditure of the Centre,180.85,,180.85,304.48,,304.48,174.45,,174.45,196.06,,196.06
14,Statement 3,3.   Other Central Sector Expenditure,1625.08,5285.12,6910.2,1944.14,25515.69,27459.83,2905.07,13182.78,16087.85,2080.71,51597.39,53678.1
14,Statement 3,30. Department of Expenditure,413.71,,413.71,535.55,,535.55,406.14,,406.14,454.74,,454.74
14,Statement 3,1. Central Sector Schemes/Projects,234.41,,234.41,,,,,,,,,
14,Statement 3,2.   Establishment Expenditure of the Centre,165.32,,165.32,516.34,,516.34,393.53,,393.53,432.92,,432.92
14,Statement 3,3.   Other Central Sector Expenditure,13.98,,13.98,19.21,,19.21,12.61,,12.61,21.82,,21.82
14,Statement 3,31. Department of Financial Services,824.31,6350.48,7174.79,1474.96,9650.04,11125.0,12055.57,13650.01,25705.58,3710.77,25800.02,29510.79
14,Statement 3,1. Central Sector Schemes/Projects,606.28,6350.48,6956.76,1240.0,9650.04,10890.04,11843.67,13650.01,25493.68,3498.9,25800.02,29298.92
14,Statement 3,2.   Establishment Expenditure of the Centre,194.23,,194.23,226.07,,226.07,211.9,,211.9,211.87,,211.87
14,Statement 3,3.   Other Central Sector Expenditure,23.8,,23.8,8.89,,8.89,,,,,,
14,Statement 3,32. Department of Investment and Public Asset Management,105.08,,105.08,132.11,,132.11,92.49,,92.49,110.52,,110.52
14,Statement 3,1. Establishment Expenditure of the Centre,105.08,,105.08,132.11,,132.11,92.49,,92.49,110.52,,110.52
14,Statement 3,33. Department of Revenue,154648.75,0.49,154649.24,136549.12,91.21,136640.33,132439.84,14.24,132454.08,101222.36,13.02,101235.38
14,Statement 3,1. Establishment Expenditure of the Centre,631.79,,631.79,735.07,,735.07,715.59,,715.59,804.31,,804.31
14,Statement 3,2.   Other Central Sector Expenditure,106.67,0.49,107.16,446.0,91.21,537.21,349.25,14.24,363.49,418.02,13.02,431.04
14,Statement 3,3.   Other Grants/Loans/Transfers,153910.29,,153910.29,135368.05,,135368.05,131375.0,,131375.0,100000.03,,100000.03
14,Statement 3,34. Direct Taxes,6952.29,198.68,7150.97,7733.39,330.0,8063.39,7492.0,200.0,7692.0,8180.34,350.0,8530.34
14,Statement 3,1. Establishment Expenditure of the Centre,6952.29,226.57,7178.86,7733.39,330.0,8063.39,7492.0,200.0,7692.0,8180.34,350.0,8530.34
14,Statement 3,2.   Other Central Sector Expenditure,,-27.89,-27.89,,,,,,,,,
14,Statement 3,35. Indirect Taxes,7255.66,275.45,7531.11,7820.0,438.0,8258.0,7303.97,278.0,7581.97,20882.77,452.0,21334.77
14,Statement 3,1. Establishment Expenditure of the Centre,7255.66,275.45,7531.11,7820.0,438.0,8258.0,7303.97,278.0,7581.97,20882.77,452.0,21334.77
14,Statement 3,36. Indian Audit and Accounts Department,4795.15,10.87,4806.02,5036.73,18.0,5054.73,4725.43,18.0,4743.43,5067.19,24.95,5092.14
14,Statement 3,1. Establishment Expenditure of the Centre,4795.15,10.87,4806.02,5036.73,18.0,5054.73,4725.43,18.0,4743.43,5067.19,24.95,5092.14
14,Statement 3,37. Interest Payments,612070.02,,612070.02,708203.16,,708203.16,692900.0,,692900.0,809701.32,,809701.32
14,Statement 3,1. Other Central Sector Expenditure,612070.02,,612070.02,708203.16,,708203.16,692900.0,,692900.0,809701.32,,809701.32
14,Statement 3,38. Repayment of Debt,,,,,,,,,,,,
14,Statement 3,1. Other Central Sector Expenditure,,,,,,,,,,,,
14,Statement 3,39. Pensions,50114.79,,50114.79,61169.35,,61169.35,62150.93,,62150.93,55873.12,,55873.12
14,Statement 3,1. Establishment Expenditure of the Centre,50114.79,,50114.79,61169.35,,61169.35,62150.93,,62150.93,55873.12,,55873.12
14,Statement 3,40. Transfers to States,144846.59,4060.87,148907.46,190994.8,9452.65,200447.45,192032.43,14968.23,207000.66,280133.77,13168.23,293302.0
14,Statement 3,1. Finance Commission Grants,123709.87,,123709.87,149924.8,,149924.8,182352.43,,182352.43,220843.0,,220843.0
15,Statement 3,2.   Other Grants/Loans/Transfers,21136.72,4060.87,25197.59,41070.0,9452.65,50522.65,9680.0,14968.23,24648.23,59290.77,13168.23,72459.0
15,Statement 3,41. Department of Fisheries,647.34,3.45,650.79,805.84,19.16,825.0,897.81,12.61,910.42,1192.16,28.68,1220.84
15,Statement 3,1. Centrally Sponsored Schemes,428.95,,428.95,570.0,,570.0,710.0,,710.0,1015.0,,1015.0
15,Statement 3,2.   Establishment Expenditure of the Centre,133.14,3.45,136.59,153.84,19.16,173.0,152.53,12.61,165.14,149.32,28.68,178.0
15,Statement 3,3.   Other Central Sector Expenditure,85.25,,85.25,82.0,,82.0,35.28,,35.28,27.84,,27.84
15,Statement 3,42. Department of Animal Husbandry and Dairying,2706.64,5.68,2712.32,3242.42,46.71,3289.13,2630.09,16.3,2646.39,3057.59,44.39,3101.98
15,Statement 3,1. Central Sector Schemes/Projects,811.02,,811.02,1300.0,,1300.0,858.0,,858.0,1753.0,,1753.0
15,Statement 3,2.   Centrally Sponsored Schemes,1725.42,,1725.42,1805.0,,1805.0,1642.0,,1642.0,1177.04,,1177.04
15,Statement 3,3.   Establishment Expenditure of the Centre,141.62,5.47,147.09,164.95,12.18,177.13,136.09,4.3,140.39,158.55,3.39,161.94
15,Statement 3,4.   Other Central Sector Expenditure,28.58,0.21,28.79,-27.53,34.53,7.0,-6.0,12.0,6.0,-31.0,41.0,10.0
15,Statement 3,43. Ministry of Food Processing Industries,830.0,,830.0,1232.94,,1232.94,1247.42,,1247.42,1308.66,,1308.66
15,Statement 3,1. Central Sector Schemes/Projects,818.6,,818.6,1081.41,,1081.41,750.0,,750.0,700.0,,700.0
15,Statement 3,2.   Centrally Sponsored Schemes,-15.54,,-15.54,,,,400.0,,400.0,500.0,,500.0
15,Statement 3,3.   Establishment Expenditure of the Centre,26.94,,26.94,32.32,,32.32,33.33,,33.33,36.26,,36.26
15,Statement 3,4.   Other Central Sector Expenditure,,,,119.21,,119.21,64.09,,64.09,72.4,,72.4
15,Statement 3,44. Department of Health and Family Welfare,60730.18,1666.9,62397.08,63946.1,1065.7,65011.8,74632.5,4233.5,78866.0,68760.03,2508.74,71268.77
15,Statement 3,1. Central Sector Schemes/Projects,7095.41,1187.35,8282.76,8978.69,782.31,9761.0,19509.28,3658.29,23167.57,8622.65,1943.98,10566.63
15,Statement 3,2.   Centrally Sponsored Schemes,37662.91,,37662.91,39838.0,1.0,39839.0,38283.25,,38283.25,42972.5,5.0,42977.5
15,Statement 3,3.   Establishment Expenditure of the Centre,4745.15,363.15,5108.3,4976.21,243.0,5219.21,5414.76,534.82,5949.58,5777.76,468.04,6245.8
15,Statement 3,4.   Other Central Sector Expenditure,11226.71,116.4,11343.11,10153.2,39.39,10192.59,11425.21,40.39,11465.6,11387.12,91.72,11478.84
15,Statement 3,45. Department of Health Research,1860.71,,1860.71,2100.0,,2100.0,4062.3,,4062.3,2663.0,,2663.0
15,Statement 3,1. Central Sector Schemes/Projects,219.68,,219.68,262.29,,262.29,2326.29,,2326.29,260.0,,260.0
15,Statement 3,2.   Establishment Expenditure of the Centre,32.35,,32.35,42.0,,42.0,38.3,,38.3,45.0,,45.0
15,Statement 3,3.   Other Central Sector Expenditure,1608.68,,1608.68,1795.71,,1795.71,1697.71,,1697.71,2358.0,,2358.0
15,Statement 3,46. Department of Heavy Industry,922.17,352.05,1274.22,930.35,559.63,1489.98,588.44,311.56,900.0,927.85,67.42,995.27
15,Statement 3,1. Central Sector Schemes/Projects,895.89,108.35,1004.24,881.25,300.0,1181.25,387.59,114.3,501.89,869.75,67.22,936.97
15,Statement 3,2.   Establishment Expenditure of the Centre,36.95,,36.95,41.09,,41.09,34.38,,34.38,41.09,,41.09
15,Statement 3,3.   Other Central Sector Expenditure,-10.67,243.7,233.03,8.01,259.63,267.64,166.47,197.26,363.73,17.01,0.2,17.21
15,Statement 3,47. Department of Public Enterprises,21.08,,21.08,24.15,,24.15,17.84,,17.84,21.81,,21.81
15,Statement 3,1. Central Sector Schemes/Projects,8.55,,8.55,10.5,,10.5,5.6,,5.6,8.55,,8.55
16,Statement 3,2.   Establishment Expenditure of the Centre,12.53,,12.53,13.65,,13.65,12.24,,12.24,13.26,,13.26
16,Statement 3,48. Ministry of Home Affairs,16626.5,310.33,16936.83,7749.52,252.48,8002.0,3736.22,279.33,4015.55,7333.41,286.99,7620.4
16,Statement 3,1. Central Sector Schemes/Projects,2076.51,146.45,2222.96,1528.7,72.03,1600.73,1350.08,106.15,1456.23,1569.07,72.05,1641.12
16,Statement 3,2.   Establishment Expenditure of the Centre,1449.05,78.55,1527.6,1588.85,85.45,1674.3,1517.35,95.18,1612.53,1875.31,134.94,2010.25
16,Statement 3,3.   Other Central Sector Expenditure,1330.17,85.33,1415.5,4558.96,95.0,4653.96,758.46,78.0,836.46,3841.0,80.0,3921.0
16,Statement 3,4.   Other Grants/Loans/Transfers,11770.77,,11770.77,73.01,,73.01,110.33,,110.33,48.03,,48.03
16,Statement 3,49. Cabinet,885.39,,885.39,1140.38,,1140.38,1241.22,,1241.22,1961.04,137.0,2098.04
16,Statement 3,1.      Establishment Expenditure of the Centre,885.39,,885.39,1140.38,,1140.38,1241.22,,1241.22,1961.04,137.0,2098.04
16,Statement 3,50. Police,93125.51,8901.98,102027.49,95397.97,9846.37,105244.34,87658.13,5190.78,92848.91,94086.59,9715.93,103802.52
16,Statement 3,1.   Central Sector Schemes/Projects,385.11,6100.42,6485.53,1261.81,6035.64,7297.45,522.75,3139.02,3661.77,491.86,5642.7,6134.56
16,Statement 3,2.   Centrally Sponsored Schemes,5461.54,,5461.54,3945.62,,3945.62,1913.71,,1913.71,3368.82,,3368.82
16,Statement 3,3.   Establishment Expenditure of the Centre,86540.81,1831.7,88372.51,88696.31,2014.73,90711.04,84181.94,1469.49,85651.43,88796.18,2092.23,90888.41
16,Statement 3,4.   Other Central Sector Expenditure,1317.5,971.41,2288.91,1494.23,1796.0,3290.23,1039.73,582.27,1622.0,1429.73,1981.0,3410.73
16,Statement 3,5.   Other Grants/Loans/Transfers,-579.45,-1.55,-581.0,,,,,,,,,
16,Statement 3,51. Andaman and Nicobar Islands,4447.61,501.18,4948.79,4541.9,622.36,5164.26,4421.37,403.6,4824.97,4651.24,666.17,5317.41
16,Statement 3,1. Establishment Expenditure of the Centre,2319.03,,2319.03,2409.6,,2409.6,2261.6,,2261.6,2349.55,,2349.55
16,Statement 3,2.   Other Central Sector Expenditure,2128.58,501.18,2629.76,2132.3,622.36,2754.66,2159.77,403.6,2563.37,2301.69,666.17,2967.86
16,Statement 3,52. Chandigarh,4008.69,134.85,4143.54,4300.96,334.14,4635.1,3839.36,315.55,4154.91,4162.67,498.45,4661.12
16,Statement 3,1. Establishment Expenditure of the Centre,2325.3,,2325.3,2475.56,,2475.56,2214.4,,2214.4,2411.03,,2411.03
16,Statement 3,2.   Other Central Sector Expenditure,1683.39,134.85,1818.24,1825.4,334.14,2159.54,1624.96,315.55,1940.51,1751.64,498.45,2250.09
16,Statement 3,53. Dadra and Nagar Haveli and Daman and Diu,1475.82,639.5,2115.32,1428.1,752.42,2180.52,1011.31,407.22,1418.53,1439.76,764.83,2204.59
16,Statement 3,1. Establishment Expenditure of the Centre,578.58,,578.58,612.83,,612.83,573.03,,573.03,624.71,,624.71
16,Statement 3,2.   Other Central Sector Expenditure,897.24,639.5,1536.74,815.27,752.42,1567.69,438.28,407.22,845.5,815.05,764.83,1579.88
16,Statement 3,54. Ladakh,,,,2331.72,3626.28,5958.0,2331.72,3626.28,5958.0,2331.64,3626.36,5958.0
16,Statement 3,1.      Establishment Expenditure of the Centre,,,,1880.5,,1880.5,1737.92,,1737.92,1736.08,,1736.08
16,Statement 3,2.   Other Central Sector Expenditure,,,,451.22,3626.28,4077.5,593.8,3626.28,4220.08,595.56,3626.36,4221.92
16,Statement 3,55. Lakshadweep,1129.69,167.61,1297.3,1148.34,201.37,1349.71,1148.34,201.37,1349.71,1211.71,228.85,1440.56
16,Statement 3,1. Establishment Expenditure of the Centre,387.08,,387.08,399.28,,399.28,399.28,,399.28,404.6,,404.6
16,Statement 3,2.   Other Central Sector Expenditure,742.61,167.61,910.22,749.06,201.37,950.43,749.06,201.37,950.43,807.11,228.85,1035.96
16,Statement 3,56. Transfers to Delhi,797.0,225.0,1022.0,966.0,150.0,1116.0,1115.99,0.01,1116.0,957.5,0.01,957.51
17,Statement 3,1.   Other Grants/Loans/Transfers,797.0,225.0,1022.0,966.0,150.0,1116.0,1115.99,0.01,1116.0,957.5,0.01,957.51
17,Statement 3,57. Transfers to Jammu and Kashmir,,,,30757.0,,30757.0,30757.0,,30757.0,30757.0,,30757.0
17,Statement 3,1. Other Grants/Loans/Transfers,,,,30757.0,,30757.0,30757.0,,30757.0,30757.0,,30757.0
17,Statement 3,58. Transfers to Puducherry,1600.99,,1600.99,1703.01,0.01,1703.02,1703.01,0.01,1703.02,1729.78,0.01,1729.79
17,Statement 3,1. Other Grants/Loans/Transfers,1600.99,,1600.99,1703.01,0.01,1703.02,1703.01,0.01,1703.02,1729.78,0.01,1729.79
17,Statement 3,59. Ministry of Housing and Urban Affairs,22749.37,19304.99,42054.36,28890.89,21149.01,50039.9,36481.57,10309.42,46790.99,28821.99,25759.01,54581.0
17,Statement 3,1. Central Sector Schemes/Projects,2815.04,19304.99,22120.03,629.0,20859.01,21488.01,695.65,10162.42,10858.07,540.01,25634.01,26174.02
17,Statement 3,2.   Centrally Sponsored Schemes,18433.13,,18433.13,24845.0,,24845.0,32645.0,,32645.0,24845.0,,24845.0
17,Statement 3,3.   Establishment Expenditure of the Centre,1417.31,,1417.31,3340.35,,3340.35,3108.55,,3108.55,3370.47,,3370.47
17,Statement 3,4.   Other Central Sector Expenditure,83.89,,83.89,76.54,290.0,366.54,32.37,147.0,179.37,66.51,125.0,191.51
17,Statement 3,60. Ministry of Information and Broadcasting,4024.53,4.29,4028.82,4361.65,13.56,4375.21,3643.85,6.4,3650.25,4058.61,12.62,4071.23
17,Statement 3,1. Central Sector Schemes/Projects,603.14,4.29,607.43,726.44,13.56,740.0,340.33,6.4,346.73,619.43,12.62,632.05
17,Statement 3,2.   Establishment Expenditure of the Centre,447.35,,447.35,554.8,,554.8,441.82,,441.82,563.77,,563.77
17,Statement 3,3.   Other Central Sector Expenditure,2974.04,,2974.04,3080.41,,3080.41,2861.7,,2861.7,2875.41,,2875.41
17,Statement 3,"61. Department of Water Resources, River Development and",7109.21,309.39,7418.6,8574.37,386.02,8960.39,7124.0,138.09,7262.09,8700.8,321.77,9022.57
17,Statement 3,1. Central Sector Schemes/Projects,2121.76,307.37,2429.13,2363.05,382.98,2746.03,1830.43,135.96,1966.39,2138.26,317.76,2456.02
17,Statement 3,2.   Centrally Sponsored Schemes,4168.08,0.42,4168.5,5344.69,1.82,5346.51,4489.71,1.25,4490.96,5685.67,2.82,5688.49
17,Statement 3,3.   Establishment Expenditure of the Centre,819.37,1.6,820.97,866.63,1.22,867.85,803.86,0.88,804.74,876.87,1.19,878.06
17,Statement 3,62. Department of Drinking Water and Sanitation,18264.26,,18264.26,21518.1,,21518.1,17023.5,,17023.5,60030.45,,60030.45
17,Statement 3,1. Centrally Sponsored Schemes,18243.45,,18243.45,21494.1,,21494.1,17000.0,,17000.0,60005.1,,60005.1
17,Statement 3,2.   Establishment Expenditure of the Centre,20.81,,20.81,24.0,,24.0,23.5,,23.5,25.35,,25.35
17,Statement 3,63. Ministry of Labour and Employment,10053.13,30.62,10083.75,12021.49,44.0,12065.49,13690.06,29.5,13719.56,13269.37,37.13,13306.5
17,Statement 3,1. Central Sector Schemes/Projects,6074.35,20.33,6094.68,8724.1,1.0,8725.1,11669.9,0.2,11670.1,11673.6,0.5,11674.1
17,Statement 3,2.   Centrally Sponsored Schemes,3485.77,10.09,3495.86,2646.29,0.1,2646.39,1424.35,0.08,1424.43,976.8,0.1,976.9
17,Statement 3,3.   Establishment Expenditure of the Centre,369.21,0.2,369.41,551.1,42.9,594.0,497.78,29.22,527.0,513.97,36.53,550.5
17,Statement 3,4.   Other Central Sector Expenditure,123.8,,123.8,100.0,,100.0,98.03,,98.03,105.0,,105.0
17,Statement 3,64. Law and Justice,3031.71,49.62,3081.33,2000.0,200.0,2200.0,1322.46,286.0,1608.46,1545.82,1100.0,2645.82
17,Statement 3,1. Central Sector Schemes/Projects,209.42,,209.42,285.73,,285.73,215.0,,215.0,138.82,,138.82
17,Statement 3,2.   Centrally Sponsored Schemes,990.0,,990.0,762.0,,762.0,599.0,,599.0,784.0,,784.0
18,Statement 3,3.   Establishment Expenditure of the Centre,298.81,24.65,323.46,348.27,50.0,398.27,319.71,136.0,455.71,337.2,100.0,437.2
18,Statement 3,4.   Other Central Sector Expenditure,155.0,,155.0,117.0,,117.0,115.25,,115.25,116.5,,116.5
18,Statement 3,5.   Other Grants/Loans/Transfers,1378.48,24.97,1403.45,487.0,150.0,637.0,73.5,150.0,223.5,169.3,1000.0,1169.3
18,Statement 3,65. Election Commission,245.91,31.22,277.13,269.0,1.0,270.0,200.0,6.0,206.0,242.16,7.0,249.16
18,Statement 3,1. Establishment Expenditure of the Centre,248.7,31.22,279.92,269.0,1.0,270.0,200.0,6.0,206.0,242.16,7.0,249.16
18,Statement 3,2.   Other Central Sector Expenditure,-2.79,,-2.79,,,,,,,,,
18,Statement 3,66. Supreme Court of India,296.55,,296.55,308.61,,308.61,328.0,,328.0,334.96,,334.96
18,Statement 3,1. Establishment Expenditure of the Centre,296.55,,296.55,308.61,,308.61,328.0,,328.0,334.96,,334.96
18,Statement 3,"67. Ministry of Micro, Small and Medium Enterprises",6682.5,15.13,6697.63,7513.2,59.0,7572.2,5474.22,190.0,5664.22,15329.65,370.0,15699.65
18,Statement 3,1. Central Sector Schemes/Projects,6649.12,15.13,6664.25,7220.46,59.0,7279.46,5414.47,190.0,5604.47,15259.21,370.0,15629.21
18,Statement 3,2.   Centrally Sponsored Schemes,,,,235.89,,235.89,0.04,,0.04,0.04,,0.04
18,Statement 3,3.   Establishment Expenditure of the Centre,53.27,,53.27,56.85,,56.85,59.71,,59.71,70.4,,70.4
18,Statement 3,4.   Other Central Sector Expenditure,-19.89,,-19.89,,,,,,,,,
18,Statement 3,68. Ministry of Mines,1315.68,81.39,1397.07,1587.04,114.36,1701.4,1316.51,54.17,1370.68,1398.49,68.33,1466.82
18,Statement 3,1. Establishment Expenditure of the Centre,812.81,,812.81,854.83,,854.83,752.86,,752.86,804.52,,804.52
18,Statement 3,2.   Other Central Sector Expenditure,502.87,81.39,584.26,732.21,114.36,846.57,563.65,54.17,617.82,593.97,68.33,662.3
18,Statement 3,69. Ministry of Minority Affairs,4271.65,160.0,4431.65,4868.98,160.02,5029.0,3894.98,110.02,4005.0,4657.75,153.02,4810.77
18,Statement 3,1. Central Sector Schemes/Projects,2493.62,160.0,2653.62,3050.0,160.0,3210.0,2793.2,110.0,2903.2,2863.0,153.0,3016.0
18,Statement 3,2.   Centrally Sponsored Schemes,1671.47,,1671.47,1599.99,0.01,1600.0,971.37,0.01,971.38,1563.99,0.01,1564.0
18,Statement 3,3.   Establishment Expenditure of the Centre,104.56,,104.56,122.99,0.01,123.0,38.99,0.01,39.0,125.99,0.01,126.0
18,Statement 3,4.   Other Central Sector Expenditure,2.0,,2.0,96.0,,96.0,91.42,,91.42,104.77,,104.77
18,Statement 3,70. Ministry of New and Renewable Energy,3237.86,70.97,3308.83,5701.0,52.0,5753.0,3421.0,170.0,3591.0,5743.0,10.0,5753.0
18,Statement 3,1. Central Sector Schemes/Projects,3417.39,,3417.39,5646.5,,5646.5,3343.21,,3343.21,5645.28,,5645.28
18,Statement 3,2.   Establishment Expenditure of the Centre,37.04,70.97,108.01,46.5,52.0,98.5,45.44,170.0,215.44,49.05,10.0,59.05
18,Statement 3,3.   Other Central Sector Expenditure,-216.57,,-216.57,8.0,,8.0,32.35,,32.35,48.67,,48.67
18,Statement 3,71. Ministry of Panchayati Raj,498.27,,498.27,900.94,,900.94,690.0,,690.0,913.43,,913.43
18,Statement 3,1. Central Sector Schemes/Projects,6.3,,6.3,10.2,,10.2,92.03,,92.03,215.2,,215.2
18,Statement 3,2.   Centrally Sponsored Schemes,465.16,,465.16,857.53,,857.53,564.76,,564.76,661.0,,661.0
18,Statement 3,3.   Establishment Expenditure of the Centre,26.81,,26.81,33.21,,33.21,33.21,,33.21,37.23,,37.23
18,Statement 3,72. Ministry of Parliamentary Affairs,18.9,,18.9,50.52,,50.52,43.44,,43.44,65.07,,65.07
19,Statement 3,1.   Establishment Expenditure of the Centre,18.9,,18.9,50.52,,50.52,43.44,,43.44,65.07,,65.07
19,Statement 3,"73. Ministry of Personnel, Public Grievances and Pensions",1534.8,128.75,1663.55,1606.28,148.26,1754.54,1630.27,149.73,1780.0,1860.21,198.36,2058.57
19,Statement 3,1. Central Sector Schemes/Projects,115.17,29.87,145.04,139.7,50.3,190.0,66.14,46.23,112.37,107.31,91.01,198.32
19,Statement 3,2.   Establishment Expenditure of the Centre,1393.79,98.88,1492.67,1432.0,93.56,1525.56,1524.98,99.11,1624.09,1581.96,107.35,1689.31
19,Statement 3,3.   Other Central Sector Expenditure,25.84,,25.84,34.58,4.4,38.98,39.15,4.39,43.54,170.94,,170.94
19,Statement 3,74. Central Vigilance Commission,35.1,,35.1,39.0,,39.0,33.96,,33.96,38.67,,38.67
19,Statement 3,1. Establishment Expenditure of the Centre,35.1,,35.1,39.0,,39.0,33.96,,33.96,38.67,,38.67
19,Statement 3,75. Ministry of Petroleum and Natural Gas,42240.61,571.59,42812.2,41994.0,907.0,42901.0,40287.99,2613.01,42901.0,15516.78,427.0,15943.78
19,Statement 3,1. Central Sector Schemes/Projects,42163.2,529.54,42692.74,41895.44,907.0,42802.44,40196.07,2613.01,42809.08,15268.0,427.0,15695.0
19,Statement 3,2.   Establishment Expenditure of the Centre,34.42,,34.42,38.37,,38.37,40.07,,40.07,45.41,,45.41
19,Statement 3,3.   Other Central Sector Expenditure,42.99,42.05,85.04,60.19,,60.19,51.85,,51.85,203.37,,203.37
19,Statement 3,76. Ministry of Planning,568.98,,568.98,649.22,0.78,650.0,769.22,0.78,770.0,1061.99,0.78,1062.77
19,Statement 3,1. Central Sector Schemes/Projects,474.43,,474.43,547.0,0.78,547.78,666.5,0.78,667.28,954.22,0.78,955.0
19,Statement 3,2.   Establishment Expenditure of the Centre,88.17,,88.17,93.22,,93.22,93.22,,93.22,98.1,,98.1
19,Statement 3,3.   Other Central Sector Expenditure,6.38,,6.38,9.0,,9.0,9.5,,9.5,9.67,,9.67
19,Statement 3,"77. Ministry of Ports, Shipping and Waterways",1310.24,258.84,1569.08,1715.0,85.0,1800.0,1263.65,170.0,1433.65,1519.35,183.0,1702.35
19,Statement 3,1. Central Sector Schemes/Projects,896.83,241.71,1138.54,1194.8,75.0,1269.8,885.2,160.0,1045.2,1102.5,158.0,1260.5
19,Statement 3,2.   Establishment Expenditure of the Centre,54.16,,54.16,74.0,,74.0,68.61,,68.61,77.0,,77.0
19,Statement 3,3.   Other Central Sector Expenditure,359.25,17.13,376.38,446.2,10.0,456.2,309.84,10.0,319.84,339.85,25.0,364.85
19,Statement 3,78. Ministry of Power,13706.82,1615.06,15321.88,14792.54,1082.28,15874.82,10451.13,384.0,10835.13,13757.03,1564.97,15322.0
19,Statement 3,1. Central Sector Schemes/Projects,10911.34,1039.42,11950.76,11394.16,933.0,12327.16,7362.12,318.67,7680.79,9444.17,1564.95,11009.12
19,Statement 3,2.   Establishment Expenditure of the Centre,185.52,,185.52,209.28,,209.28,211.37,,211.37,226.6,,226.6
19,Statement 3,3.   Other Central Sector Expenditure,2609.96,575.64,3185.6,3189.1,149.28,3338.38,2877.64,65.33,2942.97,4086.26,0.02,4086.28
19,Statement 3,"79. Staff, Household and Allowances of the President",69.19,,69.19,80.98,,80.98,69.78,,69.78,74.47,,74.47
19,Statement 3,1. Establishment Expenditure of the Centre,69.19,,69.19,80.98,,80.98,69.78,,69.78,74.47,,74.47
19,Statement 3,80. Lok Sabha,650.05,,650.05,811.1,,811.1,703.1,,703.1,855.0,,855.0
19,Statement 3,1. Establishment Expenditure of the Centre,650.05,,650.05,811.1,,811.1,703.1,,703.1,855.0,,855.0
19,Statement 3,81. Rajya Sabha,386.09,,386.09,436.29,,436.29,361.41,,361.41,446.5,,446.5
19,Statement 3,1. Establishment Expenditure of the Centre,386.09,,386.09,436.29,,436.29,361.41,,361.41,446.5,,446.5
19,Statement 3,82. Secretariat of the Vice-President,7.88,,7.88,7.25,,7.25,6.82,,6.82,7.43,,7.43
19,Statement 3,1. Establishment Expenditure of the Centre,7.88,,7.88,7.25,,7.25,6.82,,6.82,7.43,,7.43
20,Statement 3,83. Union Public Service Commission,297.97,,297.97,305.38,,305.38,285.0,,285.0,304.17,,304.17
20,Statement 3,1. Establishment Expenditure of the Centre,297.97,,297.97,305.38,,305.38,285.0,,285.0,304.17,,304.17
20,Statement 3,84. Ministry of Railways,2130.37,67841.76,69972.13,2215.63,70000.0,72215.63,2835.63,108398.0,111233.63,2954.64,107100.0,110054.64
20,Statement 3,1. Central Sector Schemes/Projects,,67841.76,67841.76,,70000.0,70000.0,,108398.0,108398.0,,107100.0,107100.0
20,Statement 3,2.   Establishment Expenditure of the Centre,2130.37,,2130.37,2215.63,,2215.63,2835.63,,2835.63,2954.64,,2954.64
20,Statement 3,85. Ministry of Road Transport and Highways,9875.22,68373.5,78248.72,9848.51,81974.71,91823.22,9770.05,92053.17,101823.22,9870.89,108230.11,118101.0
20,Statement 3,1. Central Sector Schemes/Projects,9737.48,68373.5,78110.98,9681.74,81974.71,91656.45,9603.28,92053.17,101656.45,9717.24,108230.11,117947.35
20,Statement 3,2.   Establishment Expenditure of the Centre,137.74,,137.74,166.77,,166.77,166.77,,166.77,153.65,,153.65
20,Statement 3,86. Department of Rural Development,122085.67,12.52,122098.19,120047.19,100.0,120147.19,197376.53,,197376.53,131519.08,,131519.08
20,Statement 3,1. Central Sector Schemes/Projects,240.87,,240.87,367.47,,367.47,341.45,,341.45,364.39,,364.39
20,Statement 3,2.   Centrally Sponsored Schemes,121838.81,,121838.81,119506.96,,119506.96,196905.82,,196905.82,130977.61,,130977.61
20,Statement 3,3.   Establishment Expenditure of the Centre,47.84,,47.84,48.76,,48.76,48.76,,48.76,53.08,,53.08
20,Statement 3,4.   Other Central Sector Expenditure,-41.85,12.52,-29.33,124.0,100.0,224.0,80.5,,80.5,124.0,,124.0
20,Statement 3,87. Department of Land Resources,1523.52,,1523.52,2251.24,,2251.24,1252.15,,1252.15,2170.42,,2170.42
20,Statement 3,1. Central Sector Schemes/Projects,43.79,,43.79,238.65,,238.65,238.0,,238.0,150.0,,150.0
20,Statement 3,2.   Centrally Sponsored Schemes,1467.22,,1467.22,2000.0,,2000.0,1000.0,,1000.0,2000.0,,2000.0
20,Statement 3,3.   Establishment Expenditure of the Centre,12.51,,12.51,12.59,,12.59,14.15,,14.15,20.42,,20.42
20,Statement 3,88. Department of Science and Technology,5357.76,49.27,5407.03,6200.53,101.0,6301.53,4899.0,101.0,5000.0,5945.39,122.0,6067.39
20,Statement 3,1. Central Sector Schemes/Projects,2587.98,,2587.98,3202.0,,3202.0,2241.0,,2241.0,2915.69,,2915.69
20,Statement 3,2.   Establishment Expenditure of the Centre,528.51,49.27,577.78,541.53,101.0,642.53,531.0,101.0,632.0,591.7,122.0,713.7
20,Statement 3,3.   Other Central Sector Expenditure,2241.27,,2241.27,2457.0,,2457.0,2127.0,,2127.0,2438.0,,2438.0
20,Statement 3,89. Department of Biotechnology,2358.77,,2358.77,2786.76,,2786.76,2300.0,,2300.0,3502.37,,3502.37
20,Statement 3,1. Central Sector Schemes/Projects,1535.97,,1535.97,1902.67,,1902.67,1667.0,,1667.0,2620.28,,2620.28
20,Statement 3,2.   Establishment Expenditure of the Centre,30.27,,30.27,36.48,,36.48,28.0,,28.0,35.18,,35.18
20,Statement 3,3.   Other Central Sector Expenditure,792.53,,792.53,847.61,,847.61,605.0,,605.0,846.91,,846.91
20,Statement 3,90. Department of Scientific and Industrial Research,4869.64,1.99,4871.63,5375.2,9.8,5385.0,4246.06,5.8,4251.86,5202.12,22.15,5224.27
20,Statement 3,1. Central Sector Schemes/Projects,24.09,1.95,26.04,44.2,5.8,50.0,20.08,1.8,21.88,33.35,1.65,35.0
20,Statement 3,2.   Establishment Expenditure of the Centre,11.95,,11.95,14.0,3.5,17.5,12.0,3.5,15.5,17.0,20.0,37.0
20,Statement 3,3.   Other Central Sector Expenditure,4833.6,0.04,4833.64,5317.0,0.5,5317.5,4213.98,0.5,4214.48,5151.77,0.5,5152.27
20,Statement 3,91. Ministry of Skill Development and Entrepreneurship,2318.85,86.13,2404.98,2923.03,79.18,3002.21,2650.14,73.72,2723.86,2711.53,73.7,2785.23
21,Statement 3,1.   Centrally Sponsored Schemes,2107.17,5.51,2112.68,2723.53,2.5,2726.03,2460.96,0.04,2461.0,2504.83,0.17,2505.0
21,Statement 3,2.   Establishment Expenditure of the Centre,214.53,80.62,295.15,199.5,76.68,276.18,189.18,73.68,262.86,206.7,73.53,280.23
21,Statement 3,3.   Other Central Sector Expenditure,-2.85,,-2.85,,,,,,,,,
21,Statement 3,92. Department of Social Justice and Empowerment,8257.61,455.0,8712.61,9557.57,546.0,10103.57,8087.49,120.07,8207.56,10147.62,370.0,10517.62
21,Statement 3,1. Central Sector Schemes/Projects,855.81,,855.81,940.0,1.0,941.0,592.13,,592.13,1275.0,120.0,1395.0
21,Statement 3,2.   Centrally Sponsored Schemes,7276.22,,7276.22,8452.33,,8452.33,7367.87,,7367.87,8705.62,,8705.62
21,Statement 3,3.   Establishment Expenditure of the Centre,82.39,,82.39,104.24,,104.24,96.79,,96.79,121.0,,121.0
21,Statement 3,4.   Other Central Sector Expenditure,43.19,455.0,498.19,61.0,545.0,606.0,30.7,120.07,150.77,46.0,250.0,296.0
21,Statement 3,93. Department of Empowerment of Persons with Disabilities,1011.41,0.92,1012.33,1325.38,0.01,1325.39,900.0,,900.0,1171.76,0.01,1171.77
21,Statement 3,1. Central Sector Schemes/Projects,655.43,,655.43,780.0,,780.0,536.89,,536.89,709.77,,709.77
21,Statement 3,2.   Establishment Expenditure of the Centre,25.05,,25.05,29.86,,29.86,27.36,,27.36,34.06,,34.06
21,Statement 3,3.   Other Central Sector Expenditure,330.93,0.92,331.85,515.52,0.01,515.53,335.75,,335.75,427.93,0.01,427.94
21,Statement 3,94. Department of Space,5836.59,7181.02,13017.61,5704.2,7775.27,13479.47,4954.68,4545.32,9500.0,5720.46,8228.63,13949.09
21,Statement 3,1. Central Sector Schemes/Projects,4903.06,7122.96,12026.02,4854.03,7732.97,12587.0,4170.07,4521.67,8691.74,4810.37,7520.75,12331.12
21,Statement 3,2.   Establishment Expenditure of the Centre,219.47,49.25,268.72,187.87,42.3,230.17,149.15,23.65,172.8,178.59,7.88,186.47
21,Statement 3,3.   Other Central Sector Expenditure,714.06,8.81,722.87,662.3,,662.3,635.46,,635.46,731.5,700.0,1431.5
21,Statement 3,95. Ministry of Statistics and Programme Implementation,4900.5,9.92,4910.42,5426.05,17.95,5444.0,1390.39,3.61,1394.0,1396.09,13.04,1409.13
21,Statement 3,1. Central Sector Schemes/Projects,4196.85,9.92,4206.77,4648.05,17.95,4666.0,712.35,3.61,715.96,633.94,13.04,646.98
21,Statement 3,2.   Establishment Expenditure of the Centre,712.07,,712.07,778.0,,778.0,678.04,,678.04,762.15,,762.15
21,Statement 3,3.   Other Central Sector Expenditure,-8.42,,-8.42,,,,,,,,,
21,Statement 3,96. Ministry of Steel,194.33,,194.33,100.0,,100.0,79.44,,79.44,39.25,,39.25
21,Statement 3,1. Central Sector Schemes/Projects,15.0,,15.0,15.0,,15.0,5.0,,5.0,5.0,,5.0
21,Statement 3,2.   Establishment Expenditure of the Centre,32.9,,32.9,38.58,,38.58,29.34,,29.34,32.78,,32.78
21,Statement 3,3.   Other Central Sector Expenditure,146.43,,146.43,46.42,,46.42,45.1,,45.1,1.47,,1.47
21,Statement 3,97. Ministry of Textiles,4374.08,54.02,4428.1,3463.76,51.03,3514.79,3243.97,56.03,3300.0,3591.61,40.03,3631.64
21,Statement 3,1. Central Sector Schemes/Projects,4323.22,37.02,4360.24,3377.76,51.0,3428.76,3151.86,56.0,3207.86,3404.61,40.0,3444.61
21,Statement 3,2.   Establishment Expenditure of the Centre,77.95,,77.95,86.0,,86.0,92.11,,92.11,102.0,,102.0
21,Statement 3,3.   Other Central Sector Expenditure,-27.09,17.0,-10.09,,0.03,0.03,,0.03,0.03,85.0,0.03,85.03
21,Statement 3,98. Ministry of Tourism,1363.42,,1363.42,2499.83,,2499.83,1260.0,,1260.0,2026.77,,2026.77
21,Statement 3,1. Central Sector Schemes/Projects,1251.65,,1251.65,2375.21,,2375.21,1141.04,,1141.04,1895.4,,1895.4
22,Statement 3,2.   Centrally Sponsored Schemes,,,,,,,6.25,,6.25,5.27,,5.27
22,Statement 3,3.   Establishment Expenditure of the Centre,111.77,,111.77,124.62,,124.62,112.71,,112.71,126.1,,126.1
22,Statement 3,99. Ministry of Tribal Affairs,7247.57,80.0,7327.57,7260.99,150.01,7411.0,5508.0,,5508.0,7524.85,0.02,7524.87
22,Statement 3,1. Central Sector Schemes/Projects,341.34,80.0,421.34,1665.22,150.01,1815.23,1489.76,,1489.76,1831.03,0.02,1831.05
22,Statement 3,2.   Centrally Sponsored Schemes,4204.75,,4204.75,4190.52,,4190.52,3182.74,,3182.74,4303.01,,4303.01
22,Statement 3,3.   Establishment Expenditure of the Centre,38.95,,38.95,55.24,,55.24,35.5,,35.5,40.8,,40.8
22,Statement 3,4.   Other Grants/Loans/Transfers,2662.53,,2662.53,1350.01,,1350.01,800.0,,800.0,1350.01,,1350.01
22,Statement 3,100. Ministry of Women and Child Development,23164.44,0.23,23164.67,30007.09,0.01,30007.1,21003.31,5.0,21008.31,24430.0,5.0,24435.0
22,Statement 3,1. Centrally Sponsored Schemes,22918.97,0.23,22919.2,29720.37,0.01,29720.38,20759.31,5.0,20764.31,24157.0,5.0,24162.0
22,Statement 3,2.   Establishment Expenditure of the Centre,59.8,,59.8,69.12,,69.12,66.35,,66.35,77.8,,77.8
22,Statement 3,3.   Other Central Sector Expenditure,185.67,,185.67,217.6,,217.6,177.65,,177.65,195.2,,195.2
22,Statement 3,101. Ministry of Youth Affairs and Sports,2591.06,45.0,2636.06,2775.9,51.02,2826.92,1799.13,1.02,1800.15,2549.41,46.73,2596.14
22,Statement 3,1. Central Sector Schemes/Projects,1494.18,,1494.18,1745.9,0.02,1745.92,775.48,1.02,776.5,1395.01,3.0,1398.01
22,Statement 3,2.   Establishment Expenditure of the Centre,30.22,,30.22,34.0,,34.0,30.5,,30.5,36.0,,36.0
22,Statement 3,3.   Other Central Sector Expenditure,1066.66,45.0,1111.66,996.0,51.0,1047.0,993.15,,993.15,1118.4,43.73,1162.13
22,Statement 3,Grand Total,2350604.33,335725.62,2686329.95,2630145.16,412084.93,3042230.09,3011142.27,439163.0,3450305.27,2928999.89,554235.74,3483235.63
22,Statement 3,Central Sector Schemes/Projects,446085.68,311005.45,757091.13,497024.69,334800.37,831825.06,870612.58,393077.23,1263689.81,607968.41,443735.0,1051703.41
22,Statement 3,Centrally Sponsored Schemes,309522.78,29.9,309552.68,339838.77,55.76,339894.53,387834.08,65.72,387899.8,381235.45,69.1,381304.55
22,Statement 3,Establishment Expenditure of the Centre,563789.75,6453.85,570243.6,602276.49,7308.3,609584.79,592060.57,6611.22,598671.79,600756.99,8257.12,609014.11
22,Statement 3,Finance Commission Grants,123709.87,,123709.87,149924.8,,149924.8,182352.43,,182352.43,220843.0,,220843.0
22,Statement 3,Other Central Sector Expenditure,713098.72,13927.13,727025.85,827406.33,60167.84,887574.17,802319.27,24216.88,826536.15,923883.62,88002.77,1011886.39
22,Statement 3,Other Grants/Loans/Transfers,194397.53,4309.29,198706.82,213674.08,9752.66,223426.74,175963.34,15191.95,191155.29,194312.42,14171.75,208484.17
23,Statement 4A,(A) Core of the Core Schemes,93628.3,,93628.3,85159.76,0.01,85159.77,165949.42,0.01,165949.43,96772.62,0.01,96772.63
23,Statement 4A,1. Mahatma Gandhi National Rural Employment,71686.7,,71686.7,61500.0,,61500.0,111500.0,,111500.0,73000.0,,73000.0
23,Statement 4A,2. National Social Assistance Progam,8692.42,,8692.42,9196.92,,9196.92,42617.22,,42617.22,9200.0,,9200.0
23,Statement 4A,3. Umbrella Programme for Development of Minorities,1742.41,,1742.41,1819.99,0.01,1820.0,1281.59,0.01,1281.6,1563.99,0.01,1564.0
23,Statement 4A,4. Umbrella Programme for Development of Other,1711.28,,1711.28,2210.0,,2210.0,1675.0,,1675.0,2140.0,,2140.0
23,Statement 4A,5. Umbrella Programme for Development of,4204.75,,4204.75,4190.52,,4190.52,3182.74,,3182.74,4303.01,,4303.01
23,Statement 4A,6. Umbrella Scheme for Development of Schedule,5590.74,,5590.74,6242.33,,6242.33,5692.87,,5692.87,6565.62,,6565.62
23,Statement 4A,(B) Core Schemes,216424.41,29.9,216454.31,254203.12,55.75,254258.87,221657.58,65.71,221723.29,283802.52,69.09,283871.61
23,Statement 4A,7. Rashtriya Swasthya Bima Yojna,3256.6,,3256.6,6429.0,,6429.0,3129.0,,3129.0,6401.0,,6401.0
23,Statement 4A,8. Blue Revolution,441.79,,441.79,570.0,,570.0,710.0,,710.0,1015.0,,1015.0
23,Statement 4A,9. Border Area Development Programme,824.59,,824.59,783.71,,783.71,50.0,,50.0,565.71,,565.71
23,Statement 4A,"10. Environment, Forestry and Wildlife",768.35,,768.35,926.0,,926.0,556.0,,556.0,766.0,,766.0
23,Statement 4A,11. Green Revolution,9881.25,13.65,9894.9,13269.45,50.32,13319.77,10414.16,59.34,10473.5,13352.19,56.0,13408.19
23,Statement 4A,12. Infrastructure Facilities for Judiciary,990.0,,990.0,762.0,,762.0,599.0,,599.0,784.0,,784.0
23,Statement 4A,13. Jal Jeevan Mission (JJM)/National Rural Drinking,10030.42,,10030.42,11500.0,,11500.0,11000.0,,11000.0,50011.0,,50011.0
23,Statement 4A,14. Jobs and Skill Development,5592.94,15.6,5608.54,5369.82,2.6,5372.42,3885.31,0.12,3885.43,3481.63,0.27,3481.9
23,Statement 4A,15. Mission for Protection and Empowerment for,900.88,,900.88,1163.0,,1163.0,726.0,,726.0,48.0,,48.0
23,Statement 4A,16. Modernisation of Police Forces,4636.95,,4636.95,3161.91,,3161.91,1863.71,,1863.71,2803.11,,2803.11
23,Statement 4A,17. National Education Mission,33654.34,,33654.34,39160.5,,39160.5,28243.57,,28243.57,34300.16,,34300.16
23,Statement 4A,18. National Health Mission,35155.01,,35155.01,34114.0,1.0,34115.0,35554.25,,35554.25,37125.3,5.0,37130.3
23,Statement 4A,19. National Livelihood Mission - Ajeevika,9754.51,,9754.51,10005.04,,10005.04,10005.03,,10005.03,14472.61,,14472.61
23,Statement 4A,20. National Programme of Mid Day Meal in Schools,9699.0,,9699.0,11000.0,,11000.0,12900.0,,12900.0,11500.0,,11500.0
23,Statement 4A,21. Pradhan Mantri Awas Yojna (PMAY),24963.65,,24963.65,27500.0,,27500.0,40500.0,,40500.0,27500.0,,27500.0
23,Statement 4A,22. Pradhan Mantri Gram Sadak Yojna,14017.48,,14017.48,19500.0,,19500.0,13706.23,,13706.23,15000.0,,15000.0
23,Statement 4A,23. Pradhan Mantri Krishi Sinchai Yojna,8199.48,0.42,8199.9,11124.69,1.82,11126.51,7952.91,1.25,7954.16,11585.67,2.82,11588.49
24,Statement 4A,24.   Rashtriya Gram Swaraj Abhiyan(RGSA),465.16,,465.16,857.53,,857.53,564.76,,564.76,661.0,,661.0
24,Statement 4A,25.   Shyama Prasad Mukherjee Rurban Mission,303.75,,303.75,600.0,,600.0,372.33,,372.33,600.0,,600.0
24,Statement 4A,26.   Swachh Bharat Mission,1255.73,,1255.73,2300.0,,2300.0,1000.01,,1000.01,2300.0,,2300.0
24,Statement 4A,27.   Swachh Bharat Mission (Gramin),8213.03,,8213.03,9994.1,,9994.1,6000.0,,6000.0,9994.1,,9994.1
24,Statement 4A,28.   Umbrella ICDS,22031.43,0.23,22031.66,28557.37,0.01,28557.38,20033.31,5.0,20038.31,,,
24,Statement 4A,29.   Urban Rejuvenation Mission: AMRUT and Smart,9598.68,,9598.68,13750.0,,13750.0,9850.0,,9850.0,13750.0,,13750.0
24,Statement 4A,(C) Others,-529.93,,-529.93,475.89,,475.89,227.08,,227.08,660.31,,660.31
24,Statement 4A,36.   Others,-529.93,,-529.93,475.89,,475.89,227.08,,227.08,660.31,,660.31
24,Statement 4A,Grand Total,309522.78,29.9,309552.68,339838.77,55.76,339894.53,387834.08,65.72,387899.8,381235.45,69.1,381304.55
25,Statement 4B,Demand No. 1,81342.71,,81342.71,116490.0,,116490.0,103162.3,,103162.3,105018.81,,105018.81
25,Statement 4B,1. Crop Insurance Scheme,12639.22,,12639.22,15695.0,,15695.0,15306.55,,15306.55,16000.0,,16000.0
25,Statement 4B,2.   Interest Subsidy for Short Term Credit to Farmers,16218.74,,16218.74,21175.0,,21175.0,19831.75,,19831.75,19468.31,,19468.31
25,Statement 4B,3.   Market Intervention Scheme and Price Support,2004.6,,2004.6,2000.0,,2000.0,996.0,,996.0,1500.5,,1500.5
25,Statement 4B,4.   Pradhan Mantri Annadata Aay Sanrakshan Yojna,313.18,,313.18,500.0,,500.0,300.0,,300.0,400.0,,400.0
25,Statement 4B,5.   Distribution of Pulses to State / Union Territories,733.9,,733.9,800.0,,800.0,620.0,,620.0,300.0,,300.0
25,Statement 4B,6.   Promotion of Agricultural Mechanization for in-situ,594.23,,594.23,600.0,,600.0,600.0,,600.0,700.0,,700.0
25,Statement 4B,7.   Pradhan Mantri Kisan Samman Nidhi (PM-Kisan),48713.84,,48713.84,75000.0,,75000.0,65000.0,,65000.0,65000.0,,65000.0
25,Statement 4B,8.   Pradhan Mantri Kisan Man Dhan Yojana,125.0,,125.0,220.0,,220.0,50.0,,50.0,50.0,,50.0
25,Statement 4B,"9.   Formation and Promotion of 10,000 Farmer",,,,500.0,,500.0,250.0,,250.0,700.0,,700.0
25,Statement 4B,10.   Agriculture Infrastructure Fund (AIF),,,,,,,208.0,,208.0,900.0,,900.0
25,Statement 4B,Demand No. 2,2488.61,,2488.61,2729.0,,2729.0,2305.0,,2305.0,2686.0,,2686.0
25,Statement 4B,11. Agricultural Extension,221.15,,221.15,242.5,,242.5,237.49,,237.49,328.0,,328.0
25,Statement 4B,12.   Agricultural Engineering,64.02,,64.02,70.0,,70.0,58.55,,58.55,65.0,,65.0
25,Statement 4B,13.   Natural Resource Management Institutes including,158.83,,158.83,174.0,,174.0,173.38,,173.38,195.0,,195.0
25,Statement 4B,14.   Climate Resilient Agriculture Initiative,46.0,,46.0,52.0,,52.0,49.83,,49.83,55.0,,55.0
25,Statement 4B,15.   Crop Science,635.0,,635.0,715.5,,715.5,612.25,,612.25,708.0,,708.0
25,Statement 4B,16.   Horticultural Science,173.61,,173.61,194.0,,194.0,181.72,,181.72,212.0,,212.0
25,Statement 4B,17.   National Agricultural Science Fund,50.0,,50.0,55.0,,55.0,42.0,,42.0,48.0,,48.0
25,Statement 4B,18.   Animal Science,310.0,,310.0,330.0,,330.0,274.12,,274.12,302.0,,302.0
25,Statement 4B,19.   Fisheries Science,142.39,,142.39,156.0,,156.0,145.76,,145.76,160.0,,160.0
25,Statement 4B,20.   Agricultural Universities and Institutions,450.0,,450.0,480.0,,480.0,319.9,,319.9,355.0,,355.0
25,Statement 4B,21.   Economic Statistics and Management,29.76,,29.76,30.0,,30.0,30.0,,30.0,33.0,,33.0
26,Statement 4B,22.   National Agricultural Higher Education Project,207.85,,207.85,230.0,,230.0,180.0,,180.0,225.0,,225.0
26,Statement 4B,Demand No. 3,2927.57,5102.53,8030.1,821.05,5465.32,6286.37,686.76,3619.04,4305.8,452.47,6224.37,6676.84
26,Statement 4B,23. R and D Basic Science and Engineering,,1128.42,1128.42,,1250.0,1250.0,,850.0,850.0,,,
26,Statement 4B,24.   R&D projects of Bhabha Atomic Research Centre,,,,,,,,,,,1256.73,1256.73
26,Statement 4B,25.   R and D for Fast Reactor Science and Technology,,225.96,225.96,,300.0,300.0,,100.0,100.0,,,
26,Statement 4B,26.   R&D projects of Indira Gandhi Centre of Atomic,,,,,,,,,,,300.0,300.0
26,Statement 4B,"27.   Advanced Technologies for Laser, Synchrotron",,153.24,153.24,,180.0,180.0,,90.0,90.0,,,
26,Statement 4B,28.   R&D projects of Raja Ramanna Centre for,,,,,,,,,,,180.0,180.0
26,Statement 4B,29.   R and D in Exploration and Mining,,142.94,142.94,,150.0,150.0,,90.0,90.0,,,
26,Statement 4B,30.   R&D projects of Atomic Minerals Directorate for,,,,,,,,,,,150.0,150.0
26,Statement 4B,31.   Grants to other Institutions,96.28,,96.28,154.0,,154.0,45.0,,45.0,75.0,,75.0
26,Statement 4B,32.   Backend Fuel Cycle Projects,,538.92,538.92,,500.0,500.0,,500.0,500.0,,,
26,Statement 4B,33.   Fuel Recycle Projects (NRB),,,,,,,,,,,650.0,650.0
26,Statement 4B,34.   Housing Projects,,214.44,214.44,,214.2,214.2,,101.0,101.0,,196.0,196.0
26,Statement 4B,35.   Heavy Water Board,,38.77,38.77,,53.0,53.0,,35.0,35.0,,,
26,Statement 4B,36.   Improvement/Modifications of Heavy water,,,,,,,,,,,103.0,103.0
26,Statement 4B,37.   Feedstock,,1369.35,1369.35,,1194.66,1194.66,,850.9,850.9,,1433.57,1433.57
26,Statement 4B,38.   Radiation and Isotopes Project (BRIT),,111.99,111.99,,119.12,119.12,,50.0,50.0,,38.06,38.06
26,Statement 4B,39.   Nuclear Power Projects,94.55,,94.55,96.02,4.1,100.12,90.73,9.39,100.12,125.02,153.93,278.95
26,Statement 4B,40.   Nuclear Fuel Projects,,283.67,283.67,,450.86,450.86,,450.86,450.86,,,
26,Statement 4B,41.   Nuclear Fuel Fabrication Projects,,,,,,,,,,,540.0,540.0
26,Statement 4B,42.   Atomic Energy Regulatory Board Expansion,,25.27,25.27,,49.38,49.38,,15.0,15.0,,43.08,43.08
26,Statement 4B,43.   Advanced Technology for Acclerator,,57.33,57.33,,80.0,80.0,,30.0,30.0,,,
26,Statement 4B,44.   R&D projects of Variable Energy Cyclotron Centre,,,,,,,,,,,80.0,80.0
27,Statement 4B,45.   Research and Development Projects,9.33,305.44,314.77,10.0,300.0,310.0,10.0,231.89,241.89,10.0,400.0,410.0
27,Statement 4B,46.   Industries and Minerals Projects,25.0,11.0,36.0,45.0,20.0,65.0,25.0,15.0,40.0,45.0,100.0,145.0
27,Statement 4B,47.   Fuel Cycle Projects (Fast Reactor Fuel Cycle,,495.79,495.79,,600.0,600.0,,200.0,200.0,,,
27,Statement 4B,48.   Fast Reactor Fuel Cycle Projects (FRFCF),,,,,,,,,,,600.0,600.0
27,Statement 4B,49.   Nuclear Fuel Inventory,2702.41,,2702.41,516.03,,516.03,516.03,,516.03,197.45,,197.45
27,Statement 4B,Demand No. 4,95.03,,95.03,136.0,,136.0,121.9,,121.9,298.67,,298.67
27,Statement 4B,50. Assistance to accredited AYUSH Centres of,4.98,,4.98,8.0,,8.0,20.39,,20.39,13.0,,13.0
27,Statement 4B,51. AYUSH and Public Health,4.93,,4.93,5.0,,5.0,5.0,,5.0,5.0,,5.0
27,Statement 4B,52.   Central Drug Controller for AYUSH,0.09,,0.09,1.5,,1.5,0.05,,0.05,1.5,,1.5
27,Statement 4B,53.   Development of Common Facilities for AYUSH,0.33,,0.33,1.0,,1.0,,,,,,
27,Statement 4B,"54.   Information, Education and Communication",43.34,,43.34,44.5,,44.5,22.7,,22.7,46.2,,46.2
27,Statement 4B,55.   Promotion of International Cooperation,29.99,,29.99,25.0,,25.0,43.0,,43.0,38.6,,38.6
27,Statement 4B,56.   Pharmacovigilance Initiative for ASU Drugs,2.65,,2.65,2.8,,2.8,1.8,,1.8,4.1,,4.1
27,Statement 4B,57.   Re-oreintation Training Programme of AYUSH,3.5,,3.5,6.0,,6.0,5.96,,5.96,6.0,,6.0
27,Statement 4B,58.   Extra Mural Research Projects through Research,5.22,,5.22,8.0,,8.0,8.0,,8.0,8.77,,8.77
27,Statement 4B,59.   Champion Services Sector Scheme,,,,21.2,,21.2,15.0,,15.0,150.0,,150.0
27,Statement 4B,60.   Programme on 'Ayurveda-Biology Integrated,,,,13.0,,13.0,,,,0.5,,0.5
27,Statement 4B,61.   Pradhan Mantri VRIKSH AYUSH Yojana,,,,,,,,,,25.0,,25.0
27,Statement 4B,Demand No. 5,234.58,,234.58,57.3,,57.3,25.65,,25.65,56.73,,56.73
27,Statement 4B,62. Assam Gas Cracker Project,200.0,,200.0,0.01,,0.01,,,,,,
27,Statement 4B,63.   Chemical Promotion and Development Scheme,2.5,,2.5,3.5,,3.5,2.8,,2.8,3.0,,3.0
28,Statement 4B,64.   Promotion of Petrochemicals,32.08,,32.08,53.79,,53.79,22.85,,22.85,53.73,,53.73
28,Statement 4B,Demand No. 6,81124.33,,81124.33,71309.0,,71309.0,133947.3,,133947.3,79529.68,,79529.68
28,Statement 4B,65. Urea Subsidy,54755.48,,54755.48,47805.0,,47805.0,94957.42,,94957.42,58767.68,,58767.68
28,Statement 4B,66.   Nutrient Based Subsidy,26368.85,,26368.85,23504.0,,23504.0,38989.88,,38989.88,20762.0,,20762.0
28,Statement 4B,Demand No. 7,202.81,,202.81,281.0,,281.0,408.33,,408.33,410.76,,410.76
28,Statement 4B,67. National Institutes of Pharmaceutical Education,160.01,,160.01,184.45,,184.45,306.28,,306.28,215.34,,215.34
28,Statement 4B,68. Jan Aushadhi Scheme,35.51,,35.51,50.0,,50.0,65.0,,65.0,65.0,,65.0
28,Statement 4B,69.   Development of Pharmaceutical Industry,3.29,,3.29,42.05,,42.05,34.05,,34.05,124.42,,124.42
28,Statement 4B,70.   Consumer Awareness Publicity and Price,4.0,,4.0,4.5,,4.5,3.0,,3.0,6.0,,6.0
28,Statement 4B,Demand No. 8,3329.21,0.01,3329.22,3480.41,0.01,3480.42,3725.46,0.01,3725.47,2869.0,,2869.0
28,Statement 4B,71. Turnaround Plan of Air India Ltd.,,0.01,0.01,,0.01,0.01,,0.01,0.01,,,
28,Statement 4B,72.   Regional Connectivity Scheme,488.81,,488.81,465.17,,465.17,700.0,,700.0,600.0,,600.0
28,Statement 4B,73.   Purchase of two new aircraft for Special Extra,272.35,,272.35,810.23,,810.23,809.96,,809.96,0.01,,0.01
28,Statement 4B,74.   Air India Asset Holding Limited (SPV),2568.05,,2568.05,2205.0,,2205.0,2215.5,,2215.5,2268.99,,2268.99
28,Statement 4B,75.   Mobile Air Dispensary and Air Ambulance,,,,0.01,,0.01,,,,,,
28,Statement 4B,Demand No. 9,762.82,,762.82,819.98,,819.98,553.73,,553.73,419.98,,419.98
28,Statement 4B,76. Research and Development,18.77,,18.77,25.0,,25.0,12.0,,12.0,18.0,,18.0
28,Statement 4B,"77.   Conservation, Safety and Infrastructure",84.58,,84.58,94.98,,94.98,56.73,,56.73,71.98,,71.98
28,Statement 4B,78.   Exploration of Coal and Lignite,659.47,,659.47,700.0,,700.0,485.0,,485.0,330.0,,330.0
28,Statement 4B,Demand No. 10,5176.17,800.0,5976.17,4656.0,650.0,5306.0,3331.69,390.0,3721.69,3887.02,260.0,4147.02
28,Statement 4B,79. Agricultural Product Export Development Authority,73.64,,73.64,95.0,,95.0,85.0,,85.0,85.0,,85.0
28,Statement 4B,80. Marine Product Export Development Authority,110.33,,110.33,140.0,,140.0,110.0,,110.0,110.0,,110.0
28,Statement 4B,81. Trade Infrastructure for Export Schemes (TIES),64.99,,64.99,75.0,,75.0,75.0,,75.0,75.0,,75.0
28,Statement 4B,82.   Duty Drawback Scheme,640.51,,640.51,701.32,,701.32,497.0,,497.0,377.0,,377.0
29,Statement 4B,83.   Tea Board,175.96,,175.96,200.0,,200.0,175.0,,175.0,375.0,,375.0
29,Statement 4B,84.   Coffee Board,210.73,,210.73,225.0,,225.0,180.0,,180.0,180.0,,180.0
29,Statement 4B,85.   Rubber Board,211.2,,211.2,221.34,,221.34,187.69,,187.69,190.0,,190.0
29,Statement 4B,86.   Spices Board,105.0,,105.0,120.0,,120.0,100.0,,100.0,100.0,,100.0
29,Statement 4B,87.   Cashew Export Promotion Council,1.0,,1.0,10.0,,10.0,3.0,,3.0,5.0,,5.0
29,Statement 4B,88.   Market Access Initiative,324.99,,324.99,300.0,,300.0,180.0,,180.0,200.0,,200.0
29,Statement 4B,89.   National Export Insurance Account,300.0,,300.0,,,,,,,,,
29,Statement 4B,90.   Gems and Jewellery Sector,4.99,,4.99,10.0,,10.0,5.0,,5.0,5.0,,5.0
29,Statement 4B,"91.   Footwear, Leather and Accessories",10.0,,10.0,,,,,,,,,
29,Statement 4B,92.   Investment in ECGC (Export Credit Guarantee,,800.0,800.0,,650.0,650.0,,390.0,390.0,,260.0,260.0
29,Statement 4B,93.   Interest Equalisation Scheme,2890.3,,2890.3,2300.0,,2300.0,1600.0,,1600.0,1900.0,,1900.0
29,Statement 4B,94.   Project Development Fund,2.91,,2.91,16.0,,16.0,3.0,,3.0,5.0,,5.0
29,Statement 4B,95.   Champion Service Sector Scheme on,,,,5.0,,5.0,,,,0.01,,0.01
29,Statement 4B,96.   Centre For Research on International Trade-CRIT,27.63,,27.63,37.34,,37.34,30.0,,30.0,30.0,,30.0
29,Statement 4B,97.   Transport and Marketing Assistance (TMA),21.98,,21.98,100.0,,100.0,100.0,,100.0,150.0,,150.0
29,Statement 4B,98.   Stimulus Package for Export Credit - NIRVIK,,,,95.0,,95.0,,,,0.01,,0.01
29,Statement 4B,99.   Implementation of Agriculture Export Policy,0.01,,0.01,5.0,,5.0,1.0,,1.0,100.0,,100.0
29,Statement 4B,Demand No. 11,4747.6,1085.72,5833.32,4325.01,1402.38,5727.39,6265.01,777.4,7042.41,5960.44,1201.58,7162.02
29,Statement 4B,100. Indian Leather Development Programme (ILDP),382.78,,382.78,370.0,,370.0,148.0,,148.0,150.0,,150.0
29,Statement 4B,101.   Industrial Infrastructure Upgradation Scheme,22.55,,22.55,25.0,,25.0,25.0,,25.0,13.0,,13.0
29,Statement 4B,102.   Price and Production Statistics,8.63,,8.63,12.0,,12.0,12.0,,12.0,12.7,,12.7
29,Statement 4B,103.   National Industrial Corridor Development and,950.0,,950.0,1200.0,,1200.0,2600.0,,2600.0,2000.0,,2000.0
29,Statement 4B,104.   Amritsar Kolkata Industrial Corridor Project (AKIC),2.7,,2.7,,,,,,,,,
29,Statement 4B,"105.   Exhibition-Cum-Convention Centre, Dwarka",,654.41,654.41,0.01,347.41,347.42,0.01,347.41,347.42,,245.58,245.58
29,Statement 4B,106.   Scheme for Investment Promotion,148.94,,148.94,140.0,,140.0,91.0,,91.0,90.49,,90.49
30,Statement 4B,107.   Scheme for implementation of National,8.29,,8.29,,,,,,,,,
30,Statement 4B,108.   Ease of Doing Business (e-Biz Project),1.48,,1.48,7.0,,7.0,,,,,,
30,Statement 4B,109.   Fund of Funds,,431.31,431.31,,1054.97,1054.97,,429.99,429.99,,830.0,830.0
30,Statement 4B,110.   Credit Guarantee Fund,,,,10.0,,10.0,,,,300.0,,300.0
30,Statement 4B,111.   Startup India,28.45,,28.45,50.0,,50.0,20.0,,20.0,20.83,,20.83
30,Statement 4B,112.   Startup India Seed Fund Scheme (SISFS),,,,,,,,,,,126.0,126.0
30,Statement 4B,113.   Ease of Doing Business,3.31,,3.31,20.0,,20.0,8.0,,8.0,10.0,,10.0
30,Statement 4B,114.   Production Linked Incentive Scheme (PLI) for,,,,,,,,,,1.0,,1.0
30,Statement 4B,115.   North Eastern Industrial and Investment Promotion,583.52,,583.52,200.0,,200.0,200.0,,200.0,150.0,,150.0
30,Statement 4B,116.   North East Industrial Development Scheme,1.0,,1.0,100.0,,100.0,15.0,,15.0,30.0,,30.0
30,Statement 4B,117.   Transport/Freight Subsidy Scheme,342.87,,342.87,300.0,,300.0,385.0,,385.0,350.0,,350.0
30,Statement 4B,118.  Package for Special Catagory States for Jammu,132.99,,132.99,175.0,,175.0,45.0,,45.0,20.0,,20.0
30,Statement 4B,"119. Industrial Development Scheme, 2017 for Union",,,,,,,,,,100.0,,100.0
30,Statement 4B,120. Industrial Development Scheme for Himachal,,,,,,,,,,100.0,,100.0
30,Statement 4B,121. Industrial Development of UT of Jammu and,,,,,,,,,,104.5,,104.5
30,Statement 4B,122. Refund of Central and Integrated GST to Industrial,2130.09,,2130.09,1716.0,,1716.0,2716.0,,2716.0,2507.92,,2507.92
30,Statement 4B,Demand No. 12,138.62,725.66,864.28,476.02,1116.21,1592.23,367.97,847.18,1215.15,358.88,895.09,1253.97
30,Statement 4B,123. Postal Operation,127.87,330.32,458.19,435.32,769.21,1204.53,354.27,584.84,939.11,337.95,636.02,973.97
30,Statement 4B,124.   Financial Services,,11.36,11.36,,,,,,,,,
30,Statement 4B,125.   India Post Payments Bank,0.05,335.0,335.05,,220.0,220.0,,220.0,220.0,,200.0,200.0
30,Statement 4B,126.   Human Resource Management,10.7,1.95,12.65,40.2,7.0,47.2,13.5,2.54,16.04,20.93,4.07,25.0
30,Statement 4B,127.   Estates Management,,47.03,47.03,0.5,120.0,120.5,0.2,39.8,40.0,,55.0,55.0
30,Statement 4B,Demand No. 13,2987.1,4824.49,7811.59,8119.44,5160.06,13279.5,7265.99,4141.92,11407.91,9098.02,5333.56,14431.58
31,Statement 4B,128.   Compensation to Service Providers for creation,2925.59,,2925.59,8000.0,,8000.0,7200.0,,7200.0,9000.0,,9000.0
31,Statement 4B,129.   Optical Fibre Cable based network for Defence,,4705.0,4705.0,,5000.0,5000.0,,4000.0,4000.0,,5200.0,5200.0
31,Statement 4B,130.   Human Resource Management,8.08,40.58,48.66,28.44,30.01,58.45,5.0,35.0,40.0,26.03,53.97,80.0
31,Statement 4B,131.   Wireless Planning and Coordination,47.21,4.39,51.6,55.0,25.0,80.0,39.99,5.01,45.0,54.49,8.56,63.05
31,Statement 4B,132.   Telecom Engineering Centre,,0.58,0.58,,20.0,20.0,,18.0,18.0,,20.0,20.0
31,Statement 4B,133.   Technology Development and Investment,3.0,,3.0,10.0,,10.0,10.0,,10.0,9.0,,9.0
31,Statement 4B,134.   Establishment of Satellite Gateway (Assistance to,,,,,10.0,10.0,,11.52,11.52,,0.01,0.01
31,Statement 4B,135.   Construction of Office Building,,,,,0.05,0.05,,,,,0.01,0.01
31,Statement 4B,136.   Special Assistance for Swachhta Action Plan,2.07,,2.07,5.0,,5.0,1.0,,1.0,2.5,,2.5
31,Statement 4B,137.   Telecom Testing and Security Certification Centre,,0.1,0.1,,10.0,10.0,,5.0,5.0,,15.0,15.0
31,Statement 4B,138.   Telecom Computer Emergency Response,,,,,10.0,10.0,,6.47,6.47,,23.0,23.0
31,Statement 4B,139.   Central Equipments Identity Register (CEIR),,,,,10.0,10.0,,5.02,5.02,,13.0,13.0
31,Statement 4B,140.   Funding to BSNL for providing Telecom,1.0,,1.0,1.0,,1.0,,,,1.0,,1.0
31,Statement 4B,141.   5G Connectivity Test Bed,,73.84,73.84,,45.0,45.0,,55.9,55.9,,0.01,0.01
31,Statement 4B,142.   Champion Services Sector Scheme,0.15,,0.15,20.0,,20.0,10.0,,10.0,5.0,,5.0
31,Statement 4B,Demand No. 14,1813.56,13.43,1826.99,2139.6,55.4,2195.0,11907.46,34.19,11941.65,2824.45,46.05,2870.5
31,Statement 4B,143. Price Stabilisation Fund,1713.0,,1713.0,2000.0,,2000.0,11800.0,,11800.0,2700.0,,2700.0
31,Statement 4B,144.   CONFONET,33.63,,33.63,29.5,,29.5,29.5,,29.5,26.0,,26.0
31,Statement 4B,145.   Consumer Awareness (Advertising and Publicity),33.89,,33.89,60.0,,60.0,42.5,,42.5,44.5,,44.5
31,Statement 4B,146.   Consumer Helplines,0.39,,0.39,0.5,,0.5,1.2,,1.2,0.5,,0.5
31,Statement 4B,147.   Consumer Protection Cell,8.84,,8.84,11.0,,11.0,7.05,,7.05,9.5,,9.5
31,Statement 4B,148.   Price Monitoring Structure,1.36,,1.36,2.0,,2.0,1.0,,1.0,2.0,,2.0
31,Statement 4B,"149.   Strengthening Consumer Forum, Consumer",3.51,,3.51,8.0,,8.0,2.66,,2.66,8.0,,8.0
31,Statement 4B,150.   Bureau of Indian Standard,2.0,,2.0,2.0,,2.0,1.0,,1.0,1.5,,1.5
31,Statement 4B,151.   National Test House,6.4,1.66,8.06,9.6,10.4,20.0,9.05,4.95,14.0,11.95,11.55,23.5
32,Statement 4B,152.  Strengthening of Weights and Measures,10.54,11.77,22.31,17.0,45.0,62.0,13.5,29.24,42.74,20.5,34.5,55.0
32,Statement 4B,Demand No. 15,113814.47,237.59,114052.06,120887.92,190.0,121077.92,437326.56,186.4,437512.96,251045.96,220.21,251266.17
32,Statement 4B,153. Food Subsidy to Food Corporation of India under,75000.0,,75000.0,77982.54,,77982.54,344077.0,,344077.0,202616.0,,202616.0
32,Statement 4B,154. Food Subsidy for Decentralized Procurement of,33508.35,,33508.35,37337.14,,37337.14,78337.77,,78337.77,40000.0,,40000.0
32,Statement 4B,155. Sugar Subsidy payable under Public Distribution,180.0,,180.0,250.0,,250.0,203.37,,203.37,220.0,,220.0
32,Statement 4B,156. Assistance to State Agencies for intra-state,1678.78,,1678.78,3982.54,,3982.54,8000.0,,8000.0,4000.0,,4000.0
32,Statement 4B,157. Scheme for Assistance to Sugar Mills for 2017-18,54.59,,54.59,,,,10.0,,10.0,,,
32,Statement 4B,158. Scheme for Assistance to Sugar Mills for 2018-19,2000.0,,2000.0,200.0,,200.0,1163.0,,1163.0,200.0,,200.0
32,Statement 4B,159. Scheme for Creation and Maintenance of Buffer,99.97,,99.97,200.0,,200.0,500.0,,500.0,600.0,,600.0
32,Statement 4B,160. Scheme for Creation and Maintenance of Buffer,430.08,,430.08,,,,150.0,,150.0,50.0,,50.0
32,Statement 4B,161. Scheme for Assistance to Sugar Mills for 2019-20,100.0,,100.0,500.0,,500.0,3900.0,,3900.0,1000.0,,1000.0
32,Statement 4B,162. Scheme for extending financial assistance to sugar,50.0,,50.0,50.0,,50.0,150.0,,150.0,300.0,,300.0
32,Statement 4B,163. Scheme for defraying expenditure towards internal,550.0,,550.0,200.0,,200.0,350.0,,350.0,,,
32,Statement 4B,164. Scheme for Extending Soft Loan to Sugar Mills,100.0,,100.0,120.0,,120.0,418.0,,418.0,,,
32,Statement 4B,165.   Re-imbursement of Internal Transport and Freight,0.63,,0.63,,,,0.36,,0.36,,,
32,Statement 4B,166.   Scheme for providing assistance to Sugar Mills for,,,,,,,,,,2000.0,,2000.0
32,Statement 4B,167.   Schemes for Development of Sugar Industries,21.0,188.59,209.59,22.0,150.0,172.0,30.0,146.4,176.4,22.0,165.0,187.0
33,Statement 4B,168.   Strengthening of PDS Operations,9.02,,9.02,8.7,,8.7,8.06,,8.06,8.17,,8.17
33,Statement 4B,169.   Integrated Management of Public Distribution,20.21,,20.21,25.0,,25.0,25.0,,25.0,25.0,,25.0
33,Statement 4B,170.   Storage and Godowns,13.58,49.0,62.58,10.0,40.0,50.0,4.0,40.0,44.0,4.79,55.21,60.0
33,Statement 4B,171.   Actual Recoveries,-1.74,,-1.74,,,,,,,,,
33,Statement 4B,Demand No. 16,6.75,0.18,6.93,10.5,1.0,11.5,6.5,0.22,6.72,10.5,1.0,11.5
33,Statement 4B,172. Champion Service Sector Scheme on Accounting,,,,5.0,,5.0,1.0,,1.0,5.0,,5.0
33,Statement 4B,173. Corporate Data Management (CDM),6.75,,6.75,5.5,,5.5,5.5,,5.5,5.5,,5.5
33,Statement 4B,174.   Data Mining System (DMS),,0.18,0.18,,1.0,1.0,,0.22,0.22,,1.0,1.0
33,Statement 4B,Demand No. 17,357.33,44.63,401.96,576.32,2.0,578.32,392.78,,392.78,454.2,1.0,455.2
33,Statement 4B,"175. Centenaries and Anniversaries, Celebrations and",102.7,,102.7,160.35,,160.35,104.43,,104.43,144.64,,144.64
33,Statement 4B,176. Kala Sanskriti Vikas Yojana,149.48,14.66,164.14,207.79,2.0,209.79,139.78,,139.78,167.43,1.0,168.43
33,Statement 4B,177.   Development of Museums,90.42,29.97,120.39,180.9,,180.9,136.24,,136.24,128.18,,128.18
33,Statement 4B,178.   Development of Libraries and Archives,,,,0.38,,0.38,,,,0.77,,0.77
33,Statement 4B,179.   Global Engagement and International Cooperation,11.4,,11.4,20.6,,20.6,8.16,,8.16,9.9,,9.9
33,Statement 4B,180.   National Mission for Preservation of Manuscripts,3.33,,3.33,6.3,,6.3,4.17,,4.17,3.28,,3.28
33,Statement 4B,Demand No. 18,781.93,2348.15,3130.08,750.0,2300.0,3050.0,1150.0,3100.0,4250.0,850.0,2500.0,3350.0
33,Statement 4B,181. Transfer to Central Road and Infrastructure Fund,50.0,2100.0,2150.0,105.0,2300.0,2405.0,105.0,3100.0,3205.0,105.0,2500.0,2605.0
33,Statement 4B,182.   Works under Border Roads Development Board,,248.15,248.15,,,,,,,,,
33,Statement 4B,183.   Grants to States for Strategic Roads,-3.42,,-3.42,,,,30.0,,30.0,,,
33,Statement 4B,184.   Other works,735.35,,735.35,645.0,,645.0,1015.0,,1015.0,745.0,,745.0
33,Statement 4B,Demand No. 20,,111092.43,111092.43,,113734.0,113734.0,,134510.0,134510.0,,135060.72,135060.72
33,Statement 4B,185. Land-Army - Army,,35.94,35.94,,291.0,291.0,,291.0,291.0,,291.0,291.0
33,Statement 4B,186.   Construction Works-Army - Army,,5641.59,5641.59,,6061.67,6061.67,,6887.7,6887.7,,5572.0,5572.0
33,Statement 4B,187.   Aircrafts and Aeroengines-Army - Army,,4478.29,4478.29,,4000.0,4000.0,,3809.0,3809.0,,4223.8,4223.8
33,Statement 4B,188.   Heavy and Medium Vehicles - Army,,840.09,840.09,,1589.36,1589.36,,1319.32,1319.32,,2673.0,2673.0
34,Statement 4B,189.   Other equipment-Army - Army,,17863.15,17863.15,,20209.25,20209.25,,20650.29,20650.29,,23490.1,23490.1
34,Statement 4B,190.   Rolling Stock - Army,,6.97,6.97,,100.0,100.0,,150.0,150.0,,100.0,100.0
34,Statement 4B,191.   Rashtriya Rifles - Army,,86.92,86.92,,100.0,100.0,,70.0,70.0,,100.0,100.0
34,Statement 4B,192.   National Cadet Corps - Army,,44.28,44.28,,27.1,27.1,,18.5,18.5,,15.0,15.0
34,Statement 4B,193.   Ex-Servicemen Contributory Health Scheme -,,4.73,4.73,,14.0,14.0,,17.47,17.47,,17.0,17.0
34,Statement 4B,194.   Military Farms - Army,,-1.08,-1.08,,,,,,,,,
34,Statement 4B,195.   Land-Navy - Navy,,4.4,4.4,,16.49,16.49,,13.0,13.0,,17.0,17.0
34,Statement 4B,196.   Construction Works-Navy - Navy,,1083.66,1083.66,,1052.0,1052.0,,1052.0,1052.0,,1002.0,1002.0
34,Statement 4B,197.   Aircrafts and Aeroengines - Navy,,1070.84,1070.84,,4640.0,4640.0,,8687.39,8687.39,,5511.2,5511.2
34,Statement 4B,198.   Heavy and Medium Vehicles - Navy,,18.82,18.82,,30.0,30.0,,30.0,30.0,,30.0,30.0
34,Statement 4B,199.   Other equipment-Navy - Navy,,4011.9,4011.9,,3000.0,3000.0,,5950.0,5950.0,,5500.0,5500.0
34,Statement 4B,200.   Naval Fleet - Navy,,16002.41,16002.41,,12746.0,12746.0,,17394.2,17394.2,,16000.0,16000.0
34,Statement 4B,201.   Naval Dockyard/projects - Navy,,4336.62,4336.62,,4182.0,4182.0,,3654.08,3654.08,,3989.82,3989.82
34,Statement 4B,202.   Joint Staff - Navy,,918.03,918.03,,1021.79,1021.79,,762.21,762.21,,1203.53,1203.53
34,Statement 4B,203.   Land-Air Force - Air Force,,14.49,14.49,,150.0,150.0,,132.95,132.95,,511.27,511.27
34,Statement 4B,204.   Construction Works-Air Force - Air Force,,2440.85,2440.85,,3100.0,3100.0,,2153.21,2153.21,,2407.84,2407.84
34,Statement 4B,205.   Aircrafts and Aeroengines-Air Force - Air Force,,23449.47,23449.47,,26909.88,26909.88,,29425.02,29425.02,,24268.2,24268.2
34,Statement 4B,206.   Heavy and Medium Vehicles-Air Force - Air Force,,109.63,109.63,,120.0,120.0,,80.08,80.08,,120.0,120.0
34,Statement 4B,207.   Other equipment-Air Force - Air Force,,18434.67,18434.67,,12001.03,12001.03,,22298.71,22298.71,,24481.43,24481.43
34,Statement 4B,208.   Special Projects - Air Force,,606.9,606.9,,1001.0,1001.0,,965.44,965.44,,1426.03,1426.03
34,Statement 4B,209.   Defence Ordnance Factories,,834.22,834.22,,756.5,756.5,,630.0,630.0,,665.0,665.0
34,Statement 4B,210.   Research and Development,,8693.1,8693.1,,10532.87,10532.87,,7957.87,7957.87,,11375.5,11375.5
34,Statement 4B,211.   Inspection - Director General Quality Audit,,13.32,13.32,,12.06,12.06,,12.06,12.06,,20.0,20.0
34,Statement 4B,212.   Projects of the Army - Techonology Development -,,,,,70.0,70.0,,70.0,70.0,,50.0,50.0
34,Statement 4B,213.   Projects of the Air Force - Techonology,,48.22,48.22,,,,,28.5,28.5,,,
35,Statement 4B,Demand No. 22,1996.55,639.6,2636.15,2313.06,714.59,3027.65,1520.93,318.35,1839.28,2015.0,622.49,2637.49
35,Statement 4B,214. Schemes of North East Council,346.84,25.0,371.84,526.18,80.0,606.18,360.59,13.79,374.38,342.55,42.0,384.55
35,Statement 4B,215.   Schemes of North East Council - Special,305.0,,305.0,263.72,,263.72,203.72,,203.72,200.0,,200.0
35,Statement 4B,216.   Central Pool of Resources for North East and,379.19,197.0,576.19,407.16,144.59,551.75,200.0,144.56,344.56,404.5,176.45,580.95
35,Statement 4B,217.   North East Special Infrastructure Development,562.5,,562.5,674.0,,674.0,443.0,,443.0,675.0,,675.0
35,Statement 4B,"218.   Consultancy, Monitoring, Evaluation - Charges",0.4,,0.4,,,,,,,,,
35,Statement 4B,219.   NER Livelihood (EAP) Project (NERLP) -,12.54,,12.54,,,,,,,,,
35,Statement 4B,220.   North East States Road PMU (ADB Assisted),0.28,,0.28,1.0,,1.0,0.6,,0.6,0.55,,0.55
35,Statement 4B,221.   Construction/Improvement of Roads of Economic,,1.78,1.78,,,,,,,,,
35,Statement 4B,222.   North East Road Sector Development Scheme,324.56,355.82,680.38,340.0,460.0,800.0,279.02,130.0,409.02,321.65,374.04,695.69
35,Statement 4B,223.   Bodoland Territorial Council,3.85,,3.85,10.0,,10.0,,,,11.0,,11.0
35,Statement 4B,224.   Karbi Anglong Autonomous Territorial Council,35.57,,35.57,57.0,,57.0,18.0,,18.0,37.75,,37.75
35,Statement 4B,225.   Dima Hasao Territorial Council,25.82,,25.82,34.0,,34.0,16.0,,16.0,22.0,,22.0
35,Statement 4B,226.    Loan to North East Development Finance,,60.0,60.0,,30.0,30.0,,30.0,30.0,,30.0,30.0
35,Statement 4B,Demand No. 23,949.4,105.21,1054.61,1165.0,172.0,1337.0,575.5,74.9,650.4,1018.17,163.0,1181.17
35,Statement 4B,"227. Ocean services, Modelling, Application, Resources",424.27,11.23,435.5,550.0,17.0,567.0,230.5,8.0,238.5,421.17,15.0,436.17
35,Statement 4B,228. Atmosphere and Climate Research - Modelling,273.22,82.02,355.24,310.0,130.0,440.0,174.0,53.9,227.9,337.0,123.0,460.0
35,Statement 4B,229. Polar Science and Cryosphere (PACER),109.98,,109.98,125.0,,125.0,110.0,,110.0,115.0,,115.0
35,Statement 4B,230.   Seismological and Geoscience (SAGE),79.23,11.96,91.19,95.0,25.0,120.0,26.0,13.0,39.0,85.0,25.0,110.0
35,Statement 4B,"231.  Research, Education and Training Outreach",62.7,,62.7,85.0,,85.0,35.0,,35.0,60.0,,60.0
35,Statement 4B,Demand No. 24,340.97,,340.97,519.5,,519.5,354.0,,354.0,363.5,,363.5
35,Statement 4B,232. National Award to Teachers,1.14,,1.14,1.5,,1.5,1.5,,1.5,1.5,,1.5
35,Statement 4B,233.   National Means cum Merit Scholarship Scheme,331.26,,331.26,373.0,,373.0,350.0,,350.0,350.0,,350.0
35,Statement 4B,234.   National Scheme for Incentive to Girl Child for,8.57,,8.57,110.0,,110.0,1.0,,1.0,1.0,,1.0
36,Statement 4B,235.   Operation Digital Board (ODB),,,,25.0,,25.0,1.0,,1.0,1.0,,1.0
36,Statement 4B,236.  Pradhan Mantri Innovative Learning Programme,,,,10.0,,10.0,0.5,,0.5,10.0,,10.0
36,Statement 4B,Demand No. 25,4451.9,2100.0,6551.9,6206.9,2200.0,8406.9,4029.61,200.0,4229.61,6068.43,1.0,6069.43
36,Statement 4B,237. National Initiative on Sports and Wellness,,,,5.0,,5.0,,,,1.0,,1.0
36,Statement 4B,238.   National Initiative to foster social responsibility,,,,5.0,,5.0,,,,1.0,,1.0
36,Statement 4B,239.   National Research Professors,0.57,,0.57,1.3,,1.3,1.3,,1.3,1.3,,1.3
36,Statement 4B,240.   Establishment of multi disciplinary research,,,,0.1,,0.1,0.1,,0.1,0.1,,0.1
36,Statement 4B,241.   Higher Education Financing Agency (HEFA),,2100.0,2100.0,,2200.0,2200.0,,200.0,200.0,,1.0,1.0
36,Statement 4B,242.   World Class Institutions,224.1,,224.1,500.0,,500.0,1101.39,,1101.39,1710.0,,1710.0
36,Statement 4B,243.   Prime Minister's Girls' Hostel,3.25,,3.25,20.0,,20.0,20.0,,20.0,20.0,,20.0
36,Statement 4B,244.   Indian Knowledge Systems,,,,,,,,,,10.0,,10.0
36,Statement 4B,245.   Interest Subsidy and contribution for Guarantee,1674.9,,1674.9,1900.0,,1900.0,700.0,,700.0,1900.0,,1900.0
36,Statement 4B,246.   Scholarship for College and University students,368.79,,368.79,141.0,,141.0,207.32,,207.32,207.32,,207.32
36,Statement 4B,247.   Special Scholarship Scheme for Jammu and,,,,225.0,,225.0,225.0,,225.0,225.0,,225.0
36,Statement 4B,248.   PM Research Fellowship,26.26,,26.26,50.0,,50.0,75.89,,75.89,150.0,,150.0
36,Statement 4B,249.   National Mission in Education Through ICT,104.4,,104.4,85.0,,85.0,48.05,,48.05,150.0,,150.0
36,Statement 4B,250.   Setting up of virtual classrooms and massive open,98.62,,98.62,75.0,,75.0,75.0,,75.0,200.0,,200.0
36,Statement 4B,251.   e-shodh Sindhu,227.66,,227.66,242.0,,242.0,154.61,,154.61,154.61,,154.61
36,Statement 4B,252.   Higher Education Statistics and Public Information,11.3,,11.3,20.0,,20.0,14.0,,14.0,20.0,,20.0
36,Statement 4B,253.   National Digital Library,15.6,,15.6,12.4,,12.4,8.72,,8.72,20.0,,20.0
36,Statement 4B,254.   National Academic Depository,,,,10.0,,10.0,,,,1.0,,1.0
36,Statement 4B,255.   PM e-Vidya,,,,,,,,,,50.0,,50.0
36,Statement 4B,256.   Academic Bank of Credits (ABC),,,,,,,5.0,,5.0,50.0,,50.0
37,Statement 4B,257.   Training and Research in Frontier Areas,9.09,,9.09,,,,8.0,,8.0,,,
37,Statement 4B,258.   National Inititative for Design Innovation,14.0,,14.0,35.0,,35.0,16.0,,16.0,35.0,,35.0
37,Statement 4B,259.   Startup India Initiative in Higher Educational,43.87,,43.87,100.0,,100.0,167.5,,167.5,100.0,,100.0
37,Statement 4B,260.   Unnat Bharat Abhiyan,11.17,,11.17,32.4,,32.4,7.44,,7.44,7.4,,7.4
37,Statement 4B,261.   Implementation of the IMPRINT Research Initiative,47.2,,47.2,50.0,,50.0,25.0,,25.0,25.0,,25.0
37,Statement 4B,262.   Impactful Policy Research in Social Science,18.75,,18.75,,,,25.0,,25.0,25.0,,25.0
37,Statement 4B,263.   Scheme for Promotion of Academic and Research,80.0,,80.0,40.0,,40.0,10.0,,10.0,10.0,,10.0
37,Statement 4B,264.   Scheme for Transformational and Advanced,33.0,,33.0,50.0,,50.0,25.0,,25.0,25.0,,25.0
37,Statement 4B,265.   Multidisciplinary Education and Research,,,,,,,,,,10.0,,10.0
37,Statement 4B,266.   Pandit Madan Mohan Malviya National Mission on,89.89,,89.89,50.0,,50.0,25.0,,25.0,90.0,,90.0
37,Statement 4B,267.   National Institutional Ranking Framework,3.59,,3.59,2.0,,2.0,3.0,,3.0,3.0,,3.0
37,Statement 4B,268.   Global Initiative for Academic Network (GIAN),12.5,,12.5,15.0,,15.0,4.0,,4.0,10.0,,10.0
37,Statement 4B,269.   Technical Education Quality Improvement,1100.0,,1100.0,650.0,,650.0,670.0,,670.0,20.0,,20.0
37,Statement 4B,270.   Programme for Apprenticeship Training,167.05,,167.05,175.0,,175.0,175.0,,175.0,500.0,,500.0
37,Statement 4B,271.   Study in India,16.04,,16.04,65.0,,65.0,25.0,,25.0,25.0,,25.0
37,Statement 4B,272.   Planning Administration and Global Engagement,49.3,,49.3,102.7,,102.7,103.29,,103.29,141.7,,141.7
37,Statement 4B,273.   Education Quality Upgradation and Inclusion,,,,1413.0,,1413.0,,,,,,
37,Statement 4B,274.   ASEAN Fellowship,1.0,,1.0,33.0,,33.0,4.0,,4.0,10.0,,10.0
37,Statement 4B,275.   Education Services-Internationalization of Higher,,,,102.0,,102.0,100.0,,100.0,160.0,,160.0
37,Statement 4B,Demand No. 26,3120.75,70.34,3191.09,3898.0,60.0,3958.0,2984.82,60.0,3044.82,6776.33,30.0,6806.33
37,Statement 4B,276. Electronic Governance,402.06,,402.06,425.0,,425.0,415.82,,415.82,425.0,,425.0
37,Statement 4B,277.   Manpower Development,337.97,,337.97,430.0,,430.0,190.0,,190.0,400.0,,400.0
37,Statement 4B,278.   National Knowledge Network,274.64,,274.64,400.0,,400.0,584.0,,584.0,500.0,,500.0
38,Statement 4B,279.   Promotion of Electronics and IT HW Manufacturing,625.08,30.0,655.08,920.0,60.0,980.0,640.0,60.0,700.0,2601.32,30.0,2631.32
38,Statement 4B,280.   Promotion of IT/ITeS Industries,90.0,,90.0,170.0,,170.0,100.0,,100.0,150.0,,150.0
38,Statement 4B,281.   Cyber Security Projects (NCCC & Others),51.73,40.34,92.07,170.0,,170.0,80.0,,80.0,200.0,,200.0
38,Statement 4B,282.   R and D in IT/Electronics/CCBT,427.74,,427.74,762.99,,762.99,425.0,,425.0,700.0,,700.0
38,Statement 4B,283.   Pradhan Mantri Gramin Digital Saksharta Abhiyan,400.0,,400.0,400.0,,400.0,250.0,,250.0,300.0,,300.0
38,Statement 4B,284.   Promotion of Digital payment,511.53,,511.53,220.0,,220.0,300.0,,300.0,1500.0,,1500.0
38,Statement 4B,285.   Champion Service Sector Scheme,,,,0.01,,0.01,,,,0.01,,0.01
38,Statement 4B,Demand No. 27,811.78,,811.78,1017.23,,1017.23,584.09,,584.09,993.13,,993.13
38,Statement 4B,286. Forestry Training and Capacity Building,10.7,,10.7,11.37,,11.37,2.0,,2.0,10.0,,10.0
38,Statement 4B,287.   Eco-Task Force,75.0,,75.0,75.0,,75.0,38.0,,38.0,60.0,,60.0
38,Statement 4B,288.   National Coastal Mission (NCM),90.84,,90.84,103.0,,103.0,68.34,,68.34,200.0,,200.0
38,Statement 4B,289.   Pollution Abatement,9.8,,9.8,10.0,,10.0,6.0,,6.0,,,
38,Statement 4B,290.   Hazardous Substances Management (HSM),4.13,,4.13,12.0,,12.0,3.69,,3.69,6.0,,6.0
38,Statement 4B,291.   Climate Change Action Plan,22.99,,22.99,40.0,,40.0,24.0,,24.0,30.0,,30.0
38,Statement 4B,292.   National Adaptation Fund,33.82,,33.82,80.0,,80.0,44.24,,44.24,60.0,,60.0
38,Statement 4B,293.   National Mission on Himalayan Studies,47.0,,47.0,50.0,,50.0,30.0,,30.0,40.0,,40.0
38,Statement 4B,"294.   Environmental Education, Awareness and Training",65.92,,65.92,114.36,,114.36,51.0,,51.0,77.13,,77.13
38,Statement 4B,295.   Environment Information Systems (ENVIS),26.72,,26.72,40.0,,40.0,25.0,,25.0,35.0,,35.0
38,Statement 4B,296.   Centres of Excellence,11.5,,11.5,14.0,,14.0,4.82,,4.82,,,
38,Statement 4B,297.   R and D for Conservation and Development,4.5,,4.5,7.5,,7.5,3.0,,3.0,5.0,,5.0
38,Statement 4B,298.   Control of Pollution,408.86,,408.86,460.0,,460.0,284.0,,284.0,470.0,,470.0
38,Statement 4B,Demand No. 28,6586.49,802.67,7389.16,6617.37,832.28,7449.65,5145.26,610.9,5756.16,6754.4,880.75,7635.15
38,Statement 4B,299. Bhutan,2041.41,626.22,2667.63,2052.37,832.28,2884.65,1650.96,610.9,2261.86,2124.2,880.75,3004.95
38,Statement 4B,300.   Afghanistan,408.12,,408.12,400.0,,400.0,350.0,,350.0,350.0,,350.0
38,Statement 4B,301.   Bangladesh,137.68,,137.68,200.0,,200.0,125.0,,125.0,200.0,,200.0
38,Statement 4B,302.   Nepal,1198.26,,1198.26,800.0,,800.0,880.0,,880.0,992.0,,992.0
39,Statement 4B,303.   Sri Lanka,201.09,,201.09,200.0,,200.0,75.0,,75.0,200.0,,200.0
39,Statement 4B,304.   Maldives,134.41,176.45,310.86,300.0,,300.0,175.0,,175.0,250.0,,250.0
39,Statement 4B,305.   Myanmar,162.3,,162.3,300.0,,300.0,350.0,,350.0,400.0,,400.0
39,Statement 4B,306.   Mongolia,,,,2.0,,2.0,0.58,,0.58,2.0,,2.0
39,Statement 4B,307.   African Countries,497.81,,497.81,350.0,,350.0,225.0,,225.0,300.0,,300.0
39,Statement 4B,308.   Eurasian Countries,29.89,,29.89,45.0,,45.0,45.0,,45.0,100.0,,100.0
39,Statement 4B,309.   Latin American Countries,12.16,,12.16,20.0,,20.0,22.0,,22.0,40.0,,40.0
39,Statement 4B,310.   Other Developing Countries,138.23,,138.23,120.0,,120.0,100.0,,100.0,130.0,,130.0
39,Statement 4B,311.   Disaster Relief,27.98,,27.98,20.0,,20.0,20.0,,20.0,20.0,,20.0
39,Statement 4B,312.   Chabahar Port,,,,100.0,,100.0,,,,100.0,,100.0
39,Statement 4B,313.   Mauritius,1100.0,,1100.0,1025.0,,1025.0,650.0,,650.0,900.0,,900.0
39,Statement 4B,314.   Seychelles,24.5,,24.5,140.0,,140.0,90.0,,90.0,160.0,,160.0
39,Statement 4B,315.   Support to International Training/Programmes,472.65,,472.65,543.0,,543.0,385.72,,385.72,476.2,,476.2
39,Statement 4B,316.   Aid for Cultural & Heritage Project,,,,,,,1.0,,1.0,10.0,,10.0
39,Statement 4B,Demand No. 29,1187.35,2000.0,3187.35,1013.95,530.01,1543.96,2659.08,4760.01,7419.09,2244.01,5010.01,7254.02
39,Statement 4B,317. National Investment and Infrastructure Fund (NIIF),1.42,2000.0,2001.42,3.0,500.01,503.01,3.0,4750.01,4753.01,3.0,5000.01,5003.01
39,Statement 4B,318.   Viability Gap Funding,11.85,,11.85,210.69,30.0,240.69,50.0,10.0,60.0,240.0,10.0,250.0
39,Statement 4B,319.   Indian Companies,21.02,,21.02,20.85,,20.85,208.59,,208.59,225.0,,225.0
39,Statement 4B,320.   Exim Bank,1153.06,,1153.06,779.41,,779.41,2397.49,,2397.49,1776.01,,1776.01
39,Statement 4B,Demand No. 30,234.41,,234.41,,,,,,,,,
39,Statement 4B,321. Public Financial Management System (PFMS),234.41,,234.41,,,,,,,,,
39,Statement 4B,Demand No. 31,606.28,6350.48,6956.76,1240.0,9650.04,10890.04,11843.67,13650.01,25493.68,3498.9,25800.02,29298.92
39,Statement 4B,322. Recapitalization of Public Sector Banks,,,,,0.01,0.01,,0.01,0.01,,0.01,0.01
39,Statement 4B,323.   Subscription to the Share Capital of Export-Import,,950.0,950.0,,1300.0,1300.0,,1300.0,1300.0,,1500.0,1500.0
39,Statement 4B,324.   Recapitalization of Insurance Companies,,2500.0,2500.0,,6950.0,6950.0,,9950.0,9950.0,,,
39,Statement 4B,325.   Subscription to Share Captial of National Bank for,,1500.0,1500.0,,1000.0,1000.0,,1000.0,1000.0,,2000.0,2000.0
40,Statement 4B,326.   Recapitalization of Regional Rural Banks (RRBs),,700.51,700.51,,200.01,200.01,,200.0,200.0,,1200.0,1200.0
40,Statement 4B,327.   Equity Capital to Micro Units Development,,-0.03,-0.03,,0.01,0.01,,,,,,
40,Statement 4B,328.   Equity support to India Infrastructure Finance,,500.0,500.0,,,,,,,,,
40,Statement 4B,329.   Equity Support to Industrial Finance Corporation of,,200.0,200.0,,200.0,200.0,,200.0,200.0,,100.0,100.0
40,Statement 4B,330.   Grants to ICICI Bank for Externally Aided,,,,0.01,,0.01,,,,0.01,,0.01
40,Statement 4B,331.   Contribution to Financial Inclusion Fund (FIF) of,,,,20.0,,20.0,20.0,,20.0,10.0,,10.0
40,Statement 4B,332.   Grants to NABARD to settle the claims under Indo-,0.85,,0.85,0.86,,0.86,0.85,,0.85,0.84,,0.84
40,Statement 4B,333.   Subsidy to National Housing Bank for Interest,,,,0.01,,0.01,,,,0.01,,0.01
40,Statement 4B,334.   World Bank Assistance to National Housing Bank,,,,,0.01,0.01,,,,,0.01,0.01
40,Statement 4B,335.   Support to Pradhan Mantri Jan Dhan Bima Yojana,,,,0.01,,0.01,,,,0.01,,0.01
40,Statement 4B,336.   Government Co-contribution to Atal Pension,338.69,,338.69,299.0,,299.0,273.0,,273.0,153.0,,153.0
40,Statement 4B,337.   Interest Subsidy to LIC for Pension Plan for Senior,116.08,,116.08,115.1,,115.1,45.05,,45.05,65.0,,65.0
40,Statement 4B,338.   Pradhan Mantri Jeevan Jyoti Bima Yojna and,,,,10.0,,10.0,5.0,,5.0,5.0,,5.0
40,Statement 4B,339.   Pradhan Mantri Vaya Vandan Yojana (PMVVY),135.66,,135.66,180.0,,180.0,152.77,,152.77,345.02,,345.02
40,Statement 4B,340.   Pradhan Mantri Mudra Yojana (PMMY)(through,,,,500.0,,500.0,500.0,,500.0,2500.0,,2500.0
40,Statement 4B,341.   Publicity and awareness for Pradhan Mantri Mudra,10.0,,10.0,10.0,,10.0,10.0,,10.0,5.0,,5.0
40,Statement 4B,342.   Stand-Up India (through NCGTC),,,,100.0,,100.0,100.0,,100.0,100.0,,100.0
40,Statement 4B,343.   Publicity and awareness for Stand-Up India and,5.0,,5.0,5.0,,5.0,5.0,,5.0,5.0,,5.0
40,Statement 4B,344.   Credit Guarantee Fund for Factoring (through,,,,0.01,,0.01,,,,0.01,,0.01
40,Statement 4B,345.   Assistance to National Credit Guarantee Trustee,,,,,,,4000.0,,4000.0,,,
41,Statement 4B,346. Loans for settlement of claims on invoking,,,,,,,,500.0,500.0,,1000.0,1000.0
41,Statement 4B,347. Loans for settlement of claims on invoking,,,,,,,,500.0,500.0,,,
41,Statement 4B,348. Subsidy to small Industries Development Bank of,,,,,,,1232.0,,1232.0,310.0,,310.0
41,Statement 4B,349. Capital Support to National Bank for Financing,,,,,,,,,,,20000.0,20000.0
41,Statement 4B,350. Compounded interest support scheme for loan,,,,,,,5500.0,,5500.0,,,
41,Statement 4B,Demand No. 42,811.02,,811.02,1300.0,,1300.0,858.0,,858.0,1753.0,,1753.0
41,Statement 4B,351. National Animal Disease Control Programme for,811.02,,811.02,1300.0,,1300.0,858.0,,858.0,,,
41,Statement 4B,352. Livestock Health and Disease Control Programme,,,,,,,,,,1470.0,,1470.0
41,Statement 4B,353.   Infrastructure Development Fund,,,,,,,,,,283.0,,283.0
41,Statement 4B,Demand No. 43,818.6,,818.6,1081.41,,1081.41,750.0,,750.0,700.0,,700.0
41,Statement 4B,354. Pradhan Mantri Kisan Sampada Yojana,818.6,,818.6,1081.41,,1081.41,750.0,,750.0,700.0,,700.0
41,Statement 4B,Demand No. 44,7095.41,1187.35,8282.76,8978.69,782.31,9761.0,19509.28,3658.29,23167.57,8622.65,1943.98,10566.63
41,Statement 4B,355. Pardhan Mantri Swasthya Suraksha Yojana,3552.66,1130.82,4683.48,5352.1,667.9,6020.0,5069.35,2447.9,7517.25,5153.13,1846.87,7000.0
41,Statement 4B,356.   National AIDS and STD Control Programme,2800.97,12.11,2813.08,2846.16,53.84,2900.0,2846.16,53.84,2900.0,2878.5,21.5,2900.0
41,Statement 4B,357.   Family Welfare Schemes,489.41,,489.41,600.0,,600.0,495.69,,495.69,387.15,,387.15
41,Statement 4B,358.   Establishment and strengthening of NCDC,19.57,3.46,23.03,37.0,15.0,52.0,26.6,15.0,41.6,40.0,21.44,61.44
41,Statement 4B,359.   National Pharmacovigilance Programme,7.79,,7.79,10.0,,10.0,8.01,,8.01,10.0,,10.0
41,Statement 4B,360.   Development of Nursing Services,39.78,,39.78,16.0,,16.0,14.68,,14.68,17.54,,17.54
41,Statement 4B,361.   Health Sector Disaster Preparedness and,166.39,39.88,206.27,85.78,44.22,130.0,36.83,0.55,37.38,77.18,52.82,130.0
42,Statement 4B,362.   National Organ Transplant Programme,11.42,1.08,12.5,31.65,1.35,33.0,6.0,,6.0,29.15,1.35,30.5
42,Statement 4B,363.   Impacting Research Innovation and Technology,7.42,,7.42,,,,,,,,,
42,Statement 4B,364.   COVID -19 Emergency Response and Health,,,,,,,10615.96,1141.0,11756.96,,,
42,Statement 4B,365.   Covid 19 vaccination for health care worker and,,,,,,,360.0,,360.0,,,
42,Statement 4B,366.   National Digital Health Mission - NHM,,,,,,,30.0,,30.0,30.0,,30.0
42,Statement 4B,Demand No. 45,219.68,,219.68,262.29,,262.29,2326.29,,2326.29,260.0,,260.0
42,Statement 4B,367. Setting up of nation wide network of laboratories,69.37,,69.37,83.0,,83.0,83.0,,83.0,82.0,,82.0
42,Statement 4B,368. Development of Infrastructure for Promotion of,72.5,,72.5,80.0,,80.0,74.0,,74.0,80.0,,80.0
42,Statement 4B,369. Development of tools/support to prevent outbreaks,6.0,,6.0,7.29,,7.29,12.26,,12.26,15.0,,15.0
42,Statement 4B,370. Human Resource and Capacity Development,71.81,,71.81,92.0,,92.0,57.03,,57.03,83.0,,83.0
42,Statement 4B,371.  COVID-19 Emergency Response and Health,,,,,,,2100.0,,2100.0,,,
42,Statement 4B,Demand No. 46,895.89,108.35,1004.24,881.25,300.0,1181.25,387.59,114.3,501.89,869.75,67.22,936.97
42,Statement 4B,372. National Automotive Testing and Research and,150.88,108.35,259.23,,300.0,300.0,,114.3,114.3,,67.22,67.22
42,Statement 4B,373. Scheme for Faster Adoption and Manufacturing of,500.0,,500.0,692.94,,692.94,318.36,,318.36,756.66,,756.66
42,Statement 4B,374. Development Council for Automobile and Allied,8.8,,8.8,15.0,,15.0,13.51,,13.51,15.0,,15.0
42,Statement 4B,375. Enhancement of Competitiveness in the Indian,102.17,,102.17,173.11,,173.11,55.52,,55.52,97.59,,97.59
42,Statement 4B,376. Research and Development project for,134.0,,134.0,,,,,,,,,
42,Statement 4B,377. Industry Associations and PSUs for undertaking,0.04,,0.04,0.2,,0.2,0.2,,0.2,0.5,,0.5
42,Statement 4B,Demand No. 47,8.55,,8.55,10.5,,10.5,5.6,,5.6,8.55,,8.55
42,Statement 4B,"378. Counselling, Retraining and Redeployment (CRR)",3.4,,3.4,4.5,,4.5,2.1,,2.1,3.4,,3.4
43,Statement 4B,"379.   Research, Development and Consultancy on",5.15,,5.15,6.0,,6.0,3.5,,3.5,5.15,,5.15
43,Statement 4B,Demand No. 48,2076.51,146.45,2222.96,1528.7,72.03,1600.73,1350.08,106.15,1456.23,1569.07,72.05,1641.12
43,Statement 4B,380. Relief and Rehabilitation for migrants and,730.37,,730.37,205.83,,205.83,258.56,,258.56,241.2,,241.2
43,Statement 4B,381. Freedom Fighters (pension and other benefits),856.52,,856.52,775.31,,775.31,761.31,,761.31,775.31,,775.31
43,Statement 4B,382.   Helicopter Services,106.75,,106.75,115.0,,115.0,86.0,,86.0,116.0,,116.0
43,Statement 4B,383.   Infrastructure for Disaster Management,,146.45,146.45,,72.03,72.03,,106.15,106.15,,72.05,72.05
43,Statement 4B,384.   National Cyclone Risk Mitigation Project,225.21,,225.21,296.27,,296.27,99.43,,99.43,296.27,,296.27
43,Statement 4B,385.   Other Disaster Management Schemes,127.94,,127.94,113.29,,113.29,121.78,,121.78,113.29,,113.29
43,Statement 4B,386.   Civic Action Programme and Media Plan,29.72,,29.72,23.0,,23.0,23.0,,23.0,27.0,,27.0
43,Statement 4B,Demand No. 50,385.11,6100.42,6485.53,1261.81,6035.64,7297.45,522.75,3139.02,3661.77,491.86,5642.7,6134.56
43,Statement 4B,"387. IVFRT (Immigration, Visa and Foreigners",77.31,,77.31,77.0,,77.0,77.0,,77.0,77.0,,77.0
43,Statement 4B,"388. BSF Air Wing, Aircrafts, River Boats and Helibase",35.7,98.04,133.74,36.64,112.66,149.3,21.25,33.5,54.75,31.13,109.02,140.15
43,Statement 4B,389.   Border Infrastructure and Management,216.62,1939.47,2156.09,208.14,1788.37,1996.51,205.62,1289.38,1495.0,208.93,1921.39,2130.32
43,Statement 4B,390.   Police Infrastructure,,4062.91,4062.91,,4134.61,4134.61,,1816.14,1816.14,,3612.29,3612.29
43,Statement 4B,391.   Narcotics Control Bureau,4.77,,4.77,5.0,,5.0,3.25,,3.25,5.0,,5.0
43,Statement 4B,392.   Schemes for Safety of Women,50.01,,50.01,855.23,,855.23,171.63,,171.63,100.0,,100.0
43,Statement 4B,393.   Indian Cyber Crime Coordination Centre,0.7,,0.7,79.8,,79.8,44.0,,44.0,69.8,,69.8
43,Statement 4B,Demand No. 59,2815.04,19304.99,22120.03,629.0,20859.01,21488.01,695.65,10162.42,10858.07,540.01,25634.01,26174.02
43,Statement 4B,394. Grants to Delhi Metro Rail Corporation,414.7,,414.7,,,,,,,,,
43,Statement 4B,395.   Metro Projects,,18161.99,18161.99,,17482.0,17482.0,,6483.59,6483.59,,18998.0,18998.0
43,Statement 4B,396.   Transport Planning and Capacity Building in Urban,57.38,,57.38,30.6,,30.6,29.01,,29.01,30.0,,30.0
43,Statement 4B,397.   National Capital Region Transport Corporation,274.25,,274.25,398.4,2089.0,2487.4,398.4,2089.0,2487.4,188.0,4284.0,4472.0
43,Statement 4B,398.   Residential,922.96,588.91,1511.87,,545.32,545.32,,567.15,567.15,,606.07,606.07
43,Statement 4B,399.   Non-residential,795.46,541.79,1337.25,,742.69,742.69,,1022.68,1022.68,,1745.94,1745.94
44,Statement 4B,400.   North Eastern Regional Urban Development,240.13,12.3,252.43,150.0,,150.0,125.0,,125.0,119.94,,119.94
44,Statement 4B,401.   Other projects in NER,110.16,,110.16,,,,,,,0.06,,0.06
44,Statement 4B,402.    Champion Services Sector Scheme - Nirman,,,,50.0,,50.0,1.0,,1.0,0.01,,0.01
44,Statement 4B,403. Prime Minister's Street Vendors' Atmanirbhar Nidhi,,,,,,,142.24,,142.24,200.0,,200.0
44,Statement 4B,404. Public Health Engineering (PHE) Sector,,,,,,,,,,2.0,,2.0
44,Statement 4B,Demand No. 60,603.14,4.29,607.43,726.44,13.56,740.0,340.33,6.4,346.73,619.43,12.62,632.05
44,Statement 4B,405. Prasar Bharati,235.4,,235.4,370.0,,370.0,173.9,,173.9,316.0,,316.0
44,Statement 4B,406.   Information,206.89,,206.89,220.0,,220.0,103.4,,103.4,188.0,,188.0
44,Statement 4B,407.   Films,121.89,2.87,124.76,131.94,13.56,145.5,60.91,6.4,67.31,111.59,12.62,124.21
44,Statement 4B,408.   Mass Communication,13.75,,13.75,,,,,,,,,
44,Statement 4B,409.   Strengthening of Broadcasting Activities,25.21,1.42,26.63,4.5,,4.5,2.12,,2.12,3.84,,3.84
44,Statement 4B,Demand No. 61,2121.76,307.37,2429.13,2363.05,382.98,2746.03,1830.43,135.96,1966.39,2138.26,317.76,2456.02
44,Statement 4B,410. National River Conservation Plan,1200.0,,1200.0,840.01,,840.01,800.0,,800.0,850.01,,850.01
44,Statement 4B,411.   Farakka Barrage Project,9.6,50.08,59.68,23.55,52.45,76.0,18.8,20.05,38.85,22.95,30.05,53.0
44,Statement 4B,412.   Emergent Flood Protection Works in Eastern and,,,,,0.01,0.01,,,,,,
44,Statement 4B,413.   Dam Rehabilitation and Improvement Programme,22.78,18.83,41.61,24.87,30.13,55.0,16.74,13.26,30.0,14.07,10.93,25.0
44,Statement 4B,414.   National Ganga Plan and Ghat Works,353.4,,353.4,800.01,,800.01,500.0,,500.0,600.01,,600.01
44,Statement 4B,415.   River Basin Management,148.41,0.45,148.86,199.25,0.75,200.0,148.9,0.1,149.0,198.4,0.6,199.0
44,Statement 4B,416.   Development of Water Resources Information,105.59,22.68,128.27,107.44,32.56,140.0,113.7,16.3,130.0,142.5,32.5,175.0
44,Statement 4B,417.   Ground Water Management and Regulation,71.67,167.65,239.32,85.77,189.23,275.0,58.5,66.5,125.0,82.0,193.0,275.0
44,Statement 4B,418.   National Hydrology Project,141.62,3.09,144.71,183.65,16.35,200.0,128.94,6.06,135.0,176.14,23.86,200.0
44,Statement 4B,419.   Research and Development and Implementation of,39.2,8.56,47.76,48.68,11.32,60.0,25.84,3.16,29.0,22.62,6.88,29.5
44,Statement 4B,420.   HRD/Capacity Building Programme,27.45,0.28,27.73,47.12,2.88,50.0,18.21,0.22,18.43,28.26,1.24,29.5
44,Statement 4B,421.   Infrastructure Development,2.04,35.75,37.79,2.7,47.3,50.0,0.8,10.31,11.11,1.3,18.7,20.0
45,Statement 4B,Demand No. 63,6074.35,20.33,6094.68,8724.1,1.0,8725.1,11669.9,0.2,11670.1,11673.6,0.5,11674.1
45,Statement 4B,422. Labour and Employment Statistical System (LESS),17.73,,17.73,25.0,,25.0,27.0,,27.0,150.0,,150.0
45,Statement 4B,"423.   Machinery for Better Conciliation, Preventive",15.3,14.43,29.73,,,,,,,,,
45,Statement 4B,424.   Strengthening and Development of DGFASLI,5.19,4.29,9.48,,,,,,,,,
45,Statement 4B,425.   Strengthening of System and Infrastructure of,10.22,1.05,11.27,,,,,,,,,
45,Statement 4B,426.   Labour Welfare Scheme,134.5,0.56,135.06,149.0,1.0,150.0,99.8,0.2,100.0,149.5,0.5,150.0
45,Statement 4B,427.   Creation of National Platform of Unorganized,0.15,,0.15,50.0,,50.0,50.0,,50.0,,,
45,Statement 4B,428.   Bima Yojana for Unorganised Workers,190.0,,190.0,200.0,,200.0,1.0,,1.0,0.1,,0.1
45,Statement 4B,"429.   Employees Pension Scheme, 1995",5096.67,,5096.67,7457.0,,7457.0,7457.0,,7457.0,7364.0,,7364.0
45,Statement 4B,430.   Social Security for Plantation Workers in Assam,19.04,,19.04,40.0,,40.0,40.0,,40.0,60.0,,60.0
45,Statement 4B,431.   Incentive for Entities for providing Maternity,,,,0.1,,0.1,,,,,,
45,Statement 4B,432.   Pradhan Mantri Shram Yogi Maandhan,352.2,,352.2,500.0,,500.0,330.0,,330.0,400.0,,400.0
45,Statement 4B,433.   Pradhan Mantri Karam Yogi Maandhan,155.87,,155.87,180.0,,180.0,15.0,,15.0,150.0,,150.0
45,Statement 4B,434.   Seeding and Authentication of Aadhaar number of,,,,3.0,,3.0,0.1,,0.1,,,
45,Statement 4B,435.   Pradhan Mantri Gareeb Kalyan Yojana,,,,,,,2600.0,,2600.0,,,
45,Statement 4B,436.   Aatmanirbhar Bharat Rojgar Yojana,,,,,,,1000.0,,1000.0,3130.0,,3130.0
45,Statement 4B,437.   National Child Labour Project including grants in,77.48,,77.48,120.0,,120.0,50.0,,50.0,120.0,,120.0
45,Statement 4B,438.   National database for Unorganized Workers,,,,,,,,,,150.0,,150.0
45,Statement 4B,Demand No. 64,209.42,,209.42,285.73,,285.73,215.0,,215.0,138.82,,138.82
45,Statement 4B,439. Action Research and Studies on Judicial Reforms,30.16,,30.16,35.73,,35.73,35.0,,35.0,,,
45,Statement 4B,440.   Designing Innovative Solutions for Holistic Access,,,,,,,,,,40.0,,40.0
45,Statement 4B,441.   e-Courts Phase II,179.26,,179.26,250.0,,250.0,180.0,,180.0,98.82,,98.82
46,Statement 4B,Demand No. 67,6649.12,15.13,6664.25,7220.46,59.0,7279.46,5414.47,190.0,5604.47,15259.21,370.0,15629.21
46,Statement 4B,442. Khadi Grant (KG),370.51,,370.51,383.6,,383.6,222.17,,222.17,350.0,,350.0
46,Statement 4B,443.   Market Promotion and Development Assistance,103.33,,103.33,,,,,,,,,
46,Statement 4B,444.   Scheme for Fund for Regeneration of Traditional,181.81,,181.81,464.85,,464.85,300.0,,300.0,170.0,,170.0
46,Statement 4B,445.   Coir Vikas Yojana,70.89,,70.89,103.87,,103.87,80.7,,80.7,80.0,,80.0
46,Statement 4B,446.   Coir Udyami Yojana,1.96,,1.96,,,,,,,,,
46,Statement 4B,447.   Loans to Khadi Village and Coir Industries,,0.15,0.15,,0.7,0.7,,,,,,
46,Statement 4B,448.   Solar Charkha Mission,46.05,,46.05,100.0,,100.0,0.04,,0.04,5.04,,5.04
46,Statement 4B,449.   Khadi Vikas Yojana,361.03,,361.03,370.0,,370.0,258.44,,258.44,250.0,,250.0
46,Statement 4B,450.   Gramodyog Vikas Yojana,80.65,,80.65,102.92,,102.92,37.35,,37.35,50.0,,50.0
46,Statement 4B,"451.   ASPIRE (Promotion of Innovation, Rural Industry",1.38,,1.38,30.0,,30.0,15.0,,15.0,15.0,,15.0
46,Statement 4B,452.   Credit Linked Capital Subsidy and Technology,758.41,,758.41,653.91,,653.91,1080.67,,1080.67,315.31,,315.31
46,Statement 4B,453.   Prime Minister Employment Generation,2464.44,,2464.44,2500.0,,2500.0,1650.0,,1650.0,2000.0,,2000.0
46,Statement 4B,454.   Credit Support Programme,555.15,,555.15,100.0,,100.0,0.04,,0.04,0.04,,0.04
46,Statement 4B,455.   Interest Subvention Scheme for Incremental Credit,350.0,,350.0,200.0,,200.0,350.0,,350.0,199.66,,199.66
46,Statement 4B,456.   Distressed Assets Fund,,,,,,,227.41,,227.41,300.0,,300.0
46,Statement 4B,457.   Guarantee Emergency Credit Line (GECL) facility,,,,,,,,,,10000.0,,10000.0
46,Statement 4B,458.   Procurement and Marketing Support Scheme,79.88,,79.88,54.59,,54.59,24.96,,24.96,24.96,,24.96
46,Statement 4B,459.   Marketing Assistance Scheme (MAS),,,,0.04,,0.04,,,,,,
46,Statement 4B,460.   International Cooperation Scheme,6.9,,6.9,20.0,,20.0,2.0,,2.0,15.0,,15.0
46,Statement 4B,461.   Mahatma Gandhi Institute for Rural,10.0,,10.0,11.0,,11.0,7.28,,7.28,7.5,,7.5
46,Statement 4B,462.   Promotional Services Institutions and Programme,255.77,,255.77,258.92,,258.92,148.34,,148.34,176.7,,176.7
46,Statement 4B,"463.   Information, Education and Communication",3.58,,3.58,6.55,,6.55,4.35,,4.35,6.72,,6.72
46,Statement 4B,464.   Assistance to Training Institutions,29.66,,29.66,30.0,,30.0,24.0,,24.0,30.0,,30.0
46,Statement 4B,465.   MSME Fund,,,,50.0,,50.0,0.01,,0.01,0.01,,0.01
47,Statement 4B,466.   Fund of Funds,,,,200.0,,200.0,,150.0,150.0,,350.0,350.0
47,Statement 4B,467.   Infrastructure Development and Capacity Building,435.91,,435.91,801.7,,801.7,455.5,,455.5,507.63,,507.63
47,Statement 4B,468.   Establishment of New Technology Centres,128.0,,128.0,200.0,,200.0,85.96,,85.96,300.0,,300.0
47,Statement 4B,469.   Infrastructure Development and Capacity Building-,266.22,,266.22,400.0,,400.0,315.1,,315.1,280.0,,280.0
47,Statement 4B,470.   Construction of Office Accomodation- Capital,,14.98,14.98,,58.3,58.3,,40.0,40.0,,20.0,20.0
47,Statement 4B,471.   Database Research Evaluation and Other Office,7.95,,7.95,27.25,,27.25,3.89,,3.89,23.64,,23.64
47,Statement 4B,"472.   Survey, Studies and Policy Research",,,,1.26,,1.26,1.26,,1.26,2.0,,2.0
47,Statement 4B,473.    National Schedule Caste/Schedule Tribe Hub,79.64,,79.64,150.0,,150.0,120.0,,120.0,150.0,,150.0
47,Statement 4B,Demand No. 69,2493.62,160.0,2653.62,3050.0,160.0,3210.0,2793.2,110.0,2903.2,2863.0,153.0,3016.0
47,Statement 4B,474. Quami Waqf Board Taraqqiati Scheme and Sahari,14.98,,14.98,21.0,,21.0,12.0,,12.0,16.0,,16.0
47,Statement 4B,475. Education Empowerment,2175.65,,2175.65,2530.0,,2530.0,2420.0,,2420.0,2381.0,,2381.0
47,Statement 4B,476.   Skill Development and Livelihoods,273.46,160.0,433.46,442.0,160.0,602.0,317.0,110.0,427.0,420.0,153.0,573.0
47,Statement 4B,477.   Special Programmes of Minorities,29.53,,29.53,57.0,,57.0,44.2,,44.2,46.0,,46.0
47,Statement 4B,Demand No. 70,3417.39,,3417.39,5646.5,,5646.5,3343.21,,3343.21,5645.28,,5645.28
47,Statement 4B,478. Wind Power,1026.0,,1026.0,1299.35,,1299.35,1059.35,,1059.35,1100.0,,1100.0
47,Statement 4B,479.   Small Hydro Power,75.25,,75.25,100.0,,100.0,47.5,,47.5,90.0,,90.0
47,Statement 4B,480.   Bio Power,4.5,,4.5,75.0,,75.0,14.15,,14.15,120.0,,120.0
47,Statement 4B,481.   Solar Power,1535.35,,1535.35,2149.65,,2149.65,1254.1,,1254.1,2369.13,,2369.13
47,Statement 4B,482.   Kisan Urja Suraksha evam Utthaan Mahabhiyan,,,,300.0,,300.0,30.0,,30.0,221.0,,221.0
47,Statement 4B,483.   Green Energy Corridors,52.61,,52.61,300.0,,300.0,160.0,,160.0,300.0,,300.0
47,Statement 4B,484.   Externally Aided Project (EAP) - Component,0.4,,0.4,1.0,,1.0,,,,,,
47,Statement 4B,485.   Interest Payment and Issuing Expenses on the,124.35,,124.35,125.0,,125.0,124.38,,124.38,124.35,,124.35
47,Statement 4B,486.   Wind Power,,,,3.01,,3.01,3.01,,3.01,,,
47,Statement 4B,487.   Small Hydro Power,2.02,,2.02,2.0,,2.0,2.0,,2.0,2.0,,2.0
47,Statement 4B,488.   Bio Power,0.97,,0.97,53.0,,53.0,14.23,,14.23,70.0,,70.0
48,Statement 4B,489.   Solar Power,460.32,,460.32,366.14,,366.14,312.14,,312.14,237.0,,237.0
48,Statement 4B,490.   Kisan Urja Suraksha evam Utthaan,,,,700.0,,700.0,180.0,,180.0,776.3,,776.3
48,Statement 4B,491.   Biogas Programme,35.93,,35.93,60.0,,60.0,46.5,,46.5,95.0,,95.0
48,Statement 4B,492.   Other Renewable Energy Applications (Solar,0.22,,0.22,0.05,,0.05,0.05,,0.05,0.2,,0.2
48,Statement 4B,493.   Research and Development,15.0,,15.0,20.0,,20.0,49.0,,49.0,75.0,,75.0
48,Statement 4B,494.   Monitoring/Evaluation and Other Studies,,,,0.3,,0.3,0.1,,0.1,0.3,,0.3
48,Statement 4B,495.   Information Technology/e-Governance and other,0.54,,0.54,,,,,,,,,
48,Statement 4B,"496.   Information, Education and Communications",5.46,,5.46,10.0,,10.0,4.7,,4.7,8.0,,8.0
48,Statement 4B,497.   International Relations - International Co-operation,16.36,,16.36,22.0,,22.0,22.0,,22.0,20.0,,20.0
48,Statement 4B,498.   Human Resources Development and Training,62.11,,62.11,60.0,,60.0,20.0,,20.0,37.0,,37.0
48,Statement 4B,Demand No. 71,6.3,,6.3,10.2,,10.2,92.03,,92.03,215.2,,215.2
48,Statement 4B,499. Action Research,0.91,,0.91,2.0,,2.0,2.0,,2.0,3.0,,3.0
48,Statement 4B,500.   International Contribution,0.14,,0.14,0.2,,0.2,0.16,,0.16,0.2,,0.2
48,Statement 4B,501.   Media and Publicity,5.25,,5.25,8.0,,8.0,10.22,,10.22,12.0,,12.0
48,Statement 4B,502.   Svamitva,,,,,,,79.65,,79.65,200.0,,200.0
48,Statement 4B,Demand No. 73,115.17,29.87,145.04,139.7,50.3,190.0,66.14,46.23,112.37,107.31,91.01,198.32
48,Statement 4B,503. Training Schemes,97.61,29.87,127.48,104.7,50.3,155.0,48.11,46.23,94.34,87.31,91.01,178.32
48,Statement 4B,504.   Administrative Reforms and Pensioners' Scheme,17.56,,17.56,35.0,,35.0,18.03,,18.03,20.0,,20.0
48,Statement 4B,Demand No. 75,42163.2,529.54,42692.74,41895.44,907.0,42802.44,40196.07,2613.01,42809.08,15268.0,427.0,15695.0
48,Statement 4B,505. Payment of differential royalty to State,1962.31,,1962.31,43.2,,43.2,23.2,,23.2,24.0,,24.0
48,Statement 4B,506. Indian Strategic Petroleum Reserve Limited,,,,,10.0,10.0,,0.01,0.01,,210.0,210.0
48,Statement 4B,507. Payment to Indian Strategic Petroleum Reserve,,,,,690.0,690.0,,2550.0,2550.0,,,
49,Statement 4B,508.   Payment to ISPRL for Strategic Crude Oil Reserve,120.0,,120.0,155.0,,155.0,178.24,,178.24,186.34,,186.34
49,Statement 4B,509.   Pradhan Mantri JI-VAN Yojna,,,,53.0,,53.0,31.8,,31.8,233.31,,233.31
49,Statement 4B,510.   National Bio-Fuel Fund,,,,1.0,,1.0,0.01,,0.01,1.0,,1.0
49,Statement 4B,511.   Direct Benefit Transfer - LPG,29627.76,,29627.76,35605.0,,35605.0,25520.79,,25520.79,12480.0,,12480.0
49,Statement 4B,512.   LPG Connection to Poor Households,3724.0,,3724.0,1118.0,,1118.0,9690.0,,9690.0,,,
49,Statement 4B,513.   Other subsidy payable including for North Eastern,643.1,,643.1,457.21,,457.21,498.0,,498.0,450.0,,450.0
49,Statement 4B,514.   Feedstock Subsidy to BCPL/Assam Gas Cracker,,,,,,,265.04,,265.04,1078.35,,1078.35
49,Statement 4B,515.   Project Management Expenditure,91.0,,91.0,76.0,,76.0,98.64,,98.64,65.0,,65.0
49,Statement 4B,516.   Cash Incentives for Kerosene Distribution Reforms,257.0,,257.0,442.0,,442.0,266.0,,266.0,,,
49,Statement 4B,517.   Direct Benefit Transfer- Kerosene,127.92,,127.92,41.0,,41.0,39.0,,39.0,,,
49,Statement 4B,518.   Under-recovery (other Subsidy Payable),4058.0,,4058.0,3176.0,,3176.0,2677.32,,2677.32,,,
49,Statement 4B,519.   Phulpur Dhamra Haldia Pipeline Project,1552.11,,1552.11,728.03,,728.03,728.03,,728.03,250.0,,250.0
49,Statement 4B,520.   National Seismic Programme,,529.54,529.54,,207.0,207.0,,63.0,63.0,,217.0,217.0
49,Statement 4B,521.   Indradhanush Gas Grid Limited(IGGL)-part of the,,,,,,,180.0,,180.0,500.0,,500.0
49,Statement 4B,Demand No. 76,474.43,,474.43,547.0,0.78,547.78,666.5,0.78,667.28,954.22,0.78,955.0
49,Statement 4B,522. Atal Innovation Mission(AIM) including Self,308.3,,308.3,300.0,,300.0,332.5,,332.5,342.0,,342.0
49,Statement 4B,523. Ongoing Programme and Schemes,166.13,,166.13,247.0,0.78,247.78,334.0,0.78,334.78,31.22,0.78,32.0
49,Statement 4B,524.   Official Development Assistance for Sustainable,,,,,,,,,,581.0,,581.0
49,Statement 4B,Demand No. 77,896.83,241.71,1138.54,1194.8,75.0,1269.8,885.2,160.0,1045.2,1102.5,158.0,1260.5
49,Statement 4B,525. Development of Major Ports,107.0,,107.0,,,,,,,,,
49,Statement 4B,526.   Development of Minor Ports,55.44,41.71,97.15,67.5,75.0,142.5,67.5,60.0,127.5,75.9,58.0,133.9
49,Statement 4B,527.   Oil Pollution and Research and Development.,3.66,,3.66,1.0,,1.0,0.2,,0.2,1.0,,1.0
49,Statement 4B,528.   Sagarmala,176.87,200.0,376.87,297.0,,297.0,147.0,100.0,247.0,301.0,100.0,401.0
49,Statement 4B,"529.   Assistance to Ship Building, Research and",42.43,,42.43,151.0,,151.0,129.3,,129.3,101.0,,101.0
49,Statement 4B,530.   Grants to Inland Water Transport Authority of India,224.23,,224.23,301.8,,301.8,203.2,,203.2,252.1,,252.1
50,Statement 4B,531.   IWAI Projects,306.38,,306.38,376.5,,376.5,338.0,,338.0,371.5,,371.5
50,Statement 4B,532.   Aid to Bangladesh,0.01,,0.01,,,,,,,,,
50,Statement 4B,533.   Actual Recoveries,-19.19,,-19.19,,,,,,,,,
50,Statement 4B,Demand No. 78,10911.34,1039.42,11950.76,11394.16,933.0,12327.16,7362.12,318.67,7680.79,9444.17,1564.95,11009.12
50,Statement 4B,534. Energy Conservation Schemes,96.03,,96.03,109.99,,109.99,36.95,,36.95,80.0,,80.0
50,Statement 4B,535.   Deen Dayal Upadhyaya Gram Jyoti Yojna,3926.21,,3926.21,4500.0,,4500.0,2000.0,,2000.0,3600.0,,3600.0
50,Statement 4B,536.   Integrated Power Development Scheme,4682.68,877.45,5560.13,4400.0,900.0,5300.0,3700.0,300.0,4000.0,3750.0,1550.0,5300.0
50,Statement 4B,537.   Strengthening of Power Systems,1651.1,161.97,1813.07,1810.0,33.0,1843.0,801.0,18.67,819.67,1440.0,14.95,1454.95
50,Statement 4B,538.   Power System Development Fund,555.32,,555.32,574.16,,574.16,824.16,,824.16,574.16,,574.16
50,Statement 4B,539.   Reform Linked Distribution Scheme,,,,0.01,,0.01,0.01,,0.01,0.01,,0.01
50,Statement 4B,Demand No. 84,,67841.76,67841.76,,70000.0,70000.0,,108398.0,108398.0,,107100.0,107100.0
50,Statement 4B,540. Transfer to Central Road and Infrastructure Fund,,17250.0,17250.0,,18500.0,18500.0,,100398.0,100398.0,,49800.0,49800.0
50,Statement 4B,541.   Transfer to National Investment Fund,,50587.0,50587.0,,51500.0,51500.0,,5000.0,5000.0,,57300.0,57300.0
50,Statement 4B,542.   New Lines (Construction),,9871.48,9871.48,,12000.0,12000.0,,928.74,928.74,,16246.0,16246.0
50,Statement 4B,543.   Gauge Conversion,,3312.53,3312.53,,2250.0,2250.0,,25.96,25.96,,1803.01,1803.01
50,Statement 4B,544.   Doubling,,678.38,678.38,,700.0,700.0,,96.55,96.55,,3000.0,3000.0
50,Statement 4B,545.   Computerisation,,282.81,282.81,,395.0,395.0,,313.0,313.0,,545.0,545.0
50,Statement 4B,546.   Traffic Facilities - Yard Remodelling and Others,,1584.18,1584.18,,1225.0,1225.0,,149.05,149.05,,1128.0,1128.0
50,Statement 4B,547.   Railway Research,,26.8,26.8,,70.1,70.1,,50.0,50.0,,85.65,85.65
50,Statement 4B,548.   Rolling Stock,,3962.87,3962.87,,5786.97,5786.97,,2004.0,2004.0,,6815.36,6815.36
50,Statement 4B,549.   Leased assets - Payment of Capital Component,,10462.21,10462.21,,11936.72,11936.72,,11966.72,11966.72,,19458.8,19458.8
50,Statement 4B,550.   Road Safety Works - Level Crossings,,570.6,570.6,,700.0,700.0,,0.03,0.03,,800.0,800.0
50,Statement 4B,551.   Road Safety Works - Road Over/Under Bridges,,3521.74,3521.74,,4350.01,4350.01,,1.73,1.73,,5500.0,5500.0
50,Statement 4B,552.   Track Renewals,,9387.41,9387.41,,10599.47,10599.47,,0.01,0.01,,10695.0,10695.0
50,Statement 4B,553.   Bridge Works,,781.5,781.5,,777.0,777.0,,16.63,16.63,,900.0,900.0
50,Statement 4B,554.   Signalling and Telecom,,1622.63,1622.63,,1650.0,1650.0,,1.37,1.37,,2448.3,2448.3
50,Statement 4B,555.   Electrification Projects,,0.95,0.95,,1.0,1.0,,1.75,1.75,,10.0,10.0
51,Statement 4B,556.   Other Electrical Works,,482.86,482.86,,780.0,780.0,,91.76,91.76,,850.0,850.0
51,Statement 4B,557.   Machinery and Plant,,458.38,458.38,,624.0,624.0,,350.0,350.0,,630.0,630.0
51,Statement 4B,558.   Workshop Including Production Units,,2093.17,2093.17,,2052.0,2052.0,,224.24,224.24,,1850.0,1850.0
51,Statement 4B,559.   Staff Welfare,,481.28,481.28,,681.79,681.79,,305.0,305.0,,650.33,650.33
51,Statement 4B,560.   Passenger and other Railway Users' Amenities,,1903.1,1903.1,,2725.63,2725.63,,1775.4,1775.4,,2800.0,2800.0
51,Statement 4B,561.   Investment in Government Commercial,,16924.88,16924.88,,17355.0,17355.0,,15620.0,15620.0,,37269.8,37269.8
51,Statement 4B,562.   Other Specified Works,,455.83,455.83,,875.0,875.0,,420.64,420.64,,775.0,775.0
51,Statement 4B,563.   Traning/Human Resource Development,,85.73,85.73,,148.5,148.5,,9.0,9.0,,97.4,97.4
51,Statement 4B,564.   Stores Suspense,,21151.54,21151.54,,24333.48,24333.48,,15823.4,15823.4,,20342.14,20342.14
51,Statement 4B,565.   Manufacturing Suspense,,39854.4,39854.4,,43773.76,43773.76,,34154.82,34154.82,,40097.49,40097.49
51,Statement 4B,566.   Miscellaneous Advances,,1036.65,1036.65,,438.99,438.99,,732.6,732.6,,1131.68,1131.68
51,Statement 4B,567.   Metropolitan Transportation Projects,,1515.18,1515.18,,1400.0,1400.0,,278.5,278.5,,1900.0,1900.0
51,Statement 4B,568.   Transfer to Rashtirya Rail Sanraksha Kosh,,15023.88,15023.88,,20000.0,20000.0,,2000.0,2000.0,,20000.0,20000.0
51,Statement 4B,569.   Amount met from,,-147528.21,-147528.21,,-167629.42,-167629.42,,-163738.9,-163738.9,,-197828.96,-197828.96
51,Statement 4B,570.   Special loan for Covid related resource gap,,,,,,,,79398.0,79398.0,,,
51,Statement 4B,Demand No. 85,9737.48,68373.5,78110.98,9681.74,81974.71,91656.45,9603.28,92053.17,101656.45,9717.24,108230.11,117947.35
51,Statement 4B,571. National Highways Authority of India,,31691.0,31691.0,,42500.0,42500.0,,49050.0,49050.0,,57350.0,57350.0
51,Statement 4B,572.   Road Works,9587.06,36704.89,46291.95,9304.42,39454.71,48759.13,9359.96,42997.67,52357.63,9381.17,50860.11,60241.28
51,Statement 4B,573.   Works Financed from PBFF,10.46,2.59,13.05,18.32,,18.32,18.32,,18.32,20.07,,20.07
51,Statement 4B,"574.   Research, Training and Studies",140.2,,140.2,,,,,,,,,
51,Statement 4B,"575.   Research, Training, Studies and Other Road",,8.0,8.0,359.0,20.0,379.0,225.0,5.5,230.5,316.0,20.0,336.0
51,Statement 4B,576.   Actual Recoveries,-0.24,-32.98,-33.22,,,,,,,,,
51,Statement 4B,Demand No. 86,240.87,,240.87,367.47,,367.47,341.45,,341.45,364.39,,364.39
51,Statement 4B,577. Management Support to Rural Development,141.38,,141.38,367.46,,367.46,341.44,,341.44,364.38,,364.38
51,Statement 4B,578. Grants to Council for Advancement of People's,19.07,,19.07,,,,,,,,,
52,Statement 4B,579.   Socio-Economic and Caste Census Survey,,,,0.01,,0.01,0.01,,0.01,0.01,,0.01
52,Statement 4B,580.   Grants to National Institute of Rural Development,80.42,,80.42,,,,,,,,,
52,Statement 4B,Demand No. 87,43.79,,43.79,238.65,,238.65,238.0,,238.0,150.0,,150.0
52,Statement 4B,581. Land Records Modernization Programme,43.79,,43.79,238.65,,238.65,238.0,,238.0,150.0,,150.0
52,Statement 4B,Demand No. 88,2587.98,,2587.98,3202.0,,3202.0,2241.0,,2241.0,2915.69,,2915.69
52,Statement 4B,582. Science and Technology Institutional and Human,1069.3,,1069.3,1162.5,,1162.5,911.35,,911.35,1099.8,,1099.8
52,Statement 4B,583. Research and Development,584.1,,584.1,718.0,,718.0,402.5,,402.5,593.94,,593.94
52,Statement 4B,"584.  Innovation, Technology Development and",811.79,,811.79,1050.65,,1050.65,656.3,,656.3,951.95,,951.95
52,Statement 4B,585. National Mission on Interdisciplinary Cyber,122.79,,122.79,270.85,,270.85,270.85,,270.85,270.0,,270.0
52,Statement 4B,Demand No. 89,1535.97,,1535.97,1902.67,,1902.67,1667.0,,1667.0,2620.28,,2620.28
52,Statement 4B,586. Biotechnology Research and Development,1305.37,,1305.37,1580.0,,1580.0,1323.23,,1323.23,1660.28,,1660.28
52,Statement 4B,587.   Industrial and Entrepreneurship Development,230.6,,230.6,322.67,,322.67,343.77,,343.77,960.0,,960.0
52,Statement 4B,Demand No. 90,24.09,1.95,26.04,44.2,5.8,50.0,20.08,1.8,21.88,33.35,1.65,35.0
52,Statement 4B,588. Industrial Research and Development,6.54,0.3,6.84,26.6,4.0,30.6,12.5,,12.5,19.35,1.65,21.0
52,Statement 4B,589.  Assistance to PSEs for Other Scientific Research,17.55,1.65,19.2,17.6,1.8,19.4,7.58,1.8,9.38,14.0,,14.0
52,Statement 4B,Demand No. 92,855.81,,855.81,940.0,1.0,941.0,592.13,,592.13,1275.0,120.0,1395.0
52,Statement 4B,590. Scholarships for Higher Education for Young,,,,,,,,,,450.0,,450.0
52,Statement 4B,591. Scheme of Residential Education for Students in,,,,,,,,,,200.0,,200.0
52,Statement 4B,592. Vanchit Ikai Samooh aur Vargon ki Arthik,,,,,,,64.13,,64.13,150.0,,150.0
52,Statement 4B,593. Pradhan Mantri Dakshta Aur Kushalta Sampann,,,,,,,,,,100.0,,100.0
52,Statement 4B,594. Venture Capital Fund for SCs and OBCs,,,,,,,,,,,120.0,120.0
52,Statement 4B,595.   Scholarships for Higher Education for Young,,,,,,,,,,130.0,,130.0
53,Statement 4B,596.   Scheme for Economic Empowerment of,,,,,,,,,,50.0,,50.0
53,Statement 4B,597.   Support for Marginalized Individuals for Livelihood,,,,,,,,,,70.0,,70.0
53,Statement 4B,598.   Self Employment Scheme for Rehabilitation of,84.8,,84.8,110.0,,110.0,30.0,,30.0,100.0,,100.0
53,Statement 4B,"599.   Information, Monitoring, Evaluation and Social",10.93,,10.93,20.0,,20.0,5.0,,5.0,25.0,,25.0
53,Statement 4B,600.   National Fellowship for SCs,246.66,,246.66,300.0,,300.0,125.0,,125.0,,,
53,Statement 4B,601.   National Fellowship for Other Backward Classes,52.5,,52.5,120.0,,120.0,45.0,,45.0,,,
53,Statement 4B,602.   Free Coaching for SC and OBC Students,13.26,,13.26,30.0,,30.0,30.0,,30.0,,,
53,Statement 4B,603.   Top Class Education for SCs,39.7,,39.7,40.0,,40.0,50.0,,50.0,,,
53,Statement 4B,604.   National Overseas Scholarship for SCs,32.76,,32.76,20.0,,20.0,30.0,,30.0,,,
53,Statement 4B,605.   National Overseas Scholarships for OBCs,26.09,,26.09,35.0,,35.0,35.0,,35.0,,,
53,Statement 4B,606.   Rashtriya Vayoshri Yojanaa,,,,1.0,,1.0,,,,,,
53,Statement 4B,607.   Assistance to Voluntary Organisations working for,67.17,,67.17,100.0,,100.0,125.0,,125.0,,,
53,Statement 4B,608.   Credit Guarantee Fund for SCs,,,,,1.0,1.0,,,,,,
53,Statement 4B,609.   Assistance to Voluntary Organisations for,107.3,,107.3,,,,,,,,,
53,Statement 4B,610.   Scheme for Prevention of Alcoholism and,108.93,,108.93,,,,,,,,,
53,Statement 4B,611.   Research Studies and Publications,3.07,,3.07,,,,,,,,,
53,Statement 4B,612.   Integrated Programme for Rehabilitation of,21.14,,21.14,100.0,,100.0,,,,,,
53,Statement 4B,613.   Scheme for Transgender Persons,4.5,,4.5,10.0,,10.0,,,,,,
53,Statement 4B,614.   Assistance to Voluntary Organisations for,3.0,,3.0,4.0,,4.0,3.0,,3.0,,,
53,Statement 4B,615.   Assistance to Voluntary Organisations for OBCs,34.0,,34.0,50.0,,50.0,50.0,,50.0,,,
53,Statement 4B,Demand No. 93,655.43,,655.43,780.0,,780.0,536.89,,536.89,709.77,,709.77
53,Statement 4B,616. Assistance to Disabled Persons for,213.83,,213.83,230.0,,230.0,195.0,,195.0,220.0,,220.0
53,Statement 4B,617. Information and Mass Education Cell,6.63,,6.63,,,,,,,,,
53,Statement 4B,618.   Deendayal Disabled Rehabilitation Scheme,101.61,,101.61,130.0,,130.0,85.0,,85.0,125.0,,125.0
54,Statement 4B,619.   Support to Establishment/Modernization/Capacity,0.87,,0.87,,,,,,,,,
54,Statement 4B,620.   Support of National Trust,20.0,,20.0,39.5,,39.5,30.0,,30.0,30.0,,30.0
54,Statement 4B,621.   Indian Spinal Injury Centre,,,,4.0,,4.0,4.0,,4.0,,,
54,Statement 4B,622.   Scheme for implementation of Persons with,217.34,,217.34,251.5,,251.5,122.89,,122.89,209.77,,209.77
54,Statement 4B,623.   Scholarship for Students with Disabilidties,95.15,,95.15,125.0,,125.0,100.0,,100.0,125.0,,125.0
54,Statement 4B,Demand No. 94,4903.06,7122.96,12026.02,4854.03,7732.97,12587.0,4170.07,4521.67,8691.74,4810.37,7520.75,12331.12
54,Statement 4B,624. Space Technology,3498.49,5374.82,8873.31,3393.51,6367.99,9761.5,2991.07,3549.78,6540.85,3573.26,6676.9,10250.16
54,Statement 4B,625.   Space Applications,1070.02,724.95,1794.97,1097.8,712.2,1810.0,925.38,265.12,1190.5,1074.82,402.03,1476.85
54,Statement 4B,626.   Space Sciences,97.95,174.49,272.44,93.01,171.99,265.0,36.23,152.28,188.51,107.36,167.14,274.5
54,Statement 4B,627.   INSAT Satellite Systems,236.6,848.7,1085.3,269.71,480.79,750.5,217.39,554.49,771.88,54.93,274.68,329.61
54,Statement 4B,Demand No. 95,4196.85,9.92,4206.77,4648.05,17.95,4666.0,712.35,3.61,715.96,633.94,13.04,646.98
54,Statement 4B,628. Member of Parliament Local Area Development,3642.5,,3642.5,3960.0,,3960.0,2.0,,2.0,20.1,,20.1
54,Statement 4B,629. Capacity Development (CD),554.35,9.92,564.27,688.05,17.95,706.0,710.35,3.61,713.96,585.32,13.04,598.36
54,Statement 4B,630.    National programme for improving Quality of,,,,,,,,,,28.52,,28.52
54,Statement 4B,Demand No. 96,15.0,,15.0,15.0,,15.0,5.0,,5.0,5.0,,5.0
54,Statement 4B,631. Scheme for Promotion of Research and,15.0,,15.0,15.0,,15.0,5.0,,5.0,5.0,,5.0
54,Statement 4B,Demand No. 97,4323.22,37.02,4360.24,3377.76,51.0,3428.76,3151.86,56.0,3207.86,3404.61,40.0,3444.61
54,Statement 4B,632. Amended Technology Upgradation Fund,317.9,,317.9,761.9,,761.9,545.0,,545.0,700.0,,700.0
54,Statement 4B,633. Procurement of Cotton by Cotton Corporation,2017.57,,2017.57,0.01,,0.01,865.0,,865.0,136.0,,136.0
54,Statement 4B,634. National Handloom Development Programme,124.87,17.0,141.87,190.0,15.0,205.0,145.0,20.0,165.0,200.0,20.0,220.0
54,Statement 4B,635.   Handloom Weaver Comprehensive Welfare,8.04,,8.04,10.0,,10.0,1.0,,1.0,1.0,,1.0
54,Statement 4B,636.   Yarn Supply Scheme,142.21,,142.21,155.0,,155.0,70.0,,70.0,155.0,,155.0
54,Statement 4B,637.   Trade Facilitation Centre and Crafts Museum,5.05,,5.05,10.0,,10.0,8.87,,8.87,13.5,,13.5
54,Statement 4B,638.   Handloom Cluster Development Program -,16.22,,16.22,14.0,,14.0,9.0,,9.0,10.0,,10.0
55,Statement 4B,639.   Weavers Service Centre,46.65,,46.65,60.0,,60.0,60.0,,60.0,61.5,,61.5
55,Statement 4B,640.   Other Handloom Schemes,24.97,,24.97,31.0,,31.0,31.0,,31.0,34.32,,34.32
55,Statement 4B,641.   Training and Extension,15.68,,15.68,19.5,,19.5,16.5,,16.5,18.0,,18.0
55,Statement 4B,642.   Design and Technical Upgradation Scheme,68.46,,68.46,74.5,,74.5,50.0,,50.0,74.0,,74.0
55,Statement 4B,643.   Ambedkar Hasthshilp Vikas Yojana,5.98,,5.98,24.0,,24.0,15.0,,15.0,30.0,,30.0
55,Statement 4B,644.   Marketing Support and Services,42.15,,42.15,59.0,,59.0,20.79,,20.79,55.0,,55.0
55,Statement 4B,645.   Handicrafts Artisans comprehensive welfare,13.76,,13.76,31.0,,31.0,31.0,,31.0,29.0,,29.0
55,Statement 4B,646.   Research and Development - Handicrafts,8.77,,8.77,9.5,,9.5,7.5,,7.5,9.5,,9.5
55,Statement 4B,647.   Human Resource Development- Handicrafts,23.4,,23.4,26.0,,26.0,15.0,,15.0,26.0,,26.0
55,Statement 4B,648.   Infrastructure and Technology Development,1.76,20.0,21.76,6.0,36.0,42.0,10.0,36.0,46.0,16.0,20.0,36.0
55,Statement 4B,649.   Development of other crafts in J and K,,,,0.01,,0.01,0.01,,0.01,,,
55,Statement 4B,650.   Handicraft Cluster Development Program -,32.12,,32.12,35.0,,35.0,14.0,,14.0,15.0,,15.0
55,Statement 4B,651.   Other Handicraft schemes,50.08,,50.08,67.2,,67.2,60.1,,60.1,65.0,,65.0
55,Statement 4B,652.   Hast Kala Academy,,,,0.5,,0.5,,,,,,
55,Statement 4B,653.   Integrated Wool Development Programme,16.5,,16.5,20.0,,20.0,10.0,,10.0,16.5,,16.5
55,Statement 4B,654.   Central Silk Board,787.61,,787.61,800.0,,800.0,650.0,,650.0,875.0,,875.0
55,Statement 4B,655.   Silk Mega Cluster,,,,10.0,,10.0,,,,1.0,,1.0
55,Statement 4B,656.   Scheme for Development of Jute Sector,65.0,,65.0,95.0,,95.0,40.0,,40.0,80.0,,80.0
55,Statement 4B,657.   Subsidy to Jute Corporation of India towards,37.9,,37.9,40.0,,40.0,30.0,,30.0,70.0,,70.0
55,Statement 4B,"658.   Others (IJIRA, COP JC)",1.52,,1.52,1.53,,1.53,1.53,,1.53,3.01,,3.01
55,Statement 4B,659.   Power Tex India,41.52,0.02,41.54,110.0,,110.0,50.0,,50.0,50.0,,50.0
55,Statement 4B,660.   Comprehensive Powerloom Cluster Development,,,,25.0,,25.0,10.0,,10.0,24.28,,24.28
55,Statement 4B,661.   Group Insurance Scheme,,,,5.0,,5.0,,,,,,
55,Statement 4B,662.   Integrated Processing Development Scheme,10.17,,10.17,50.0,,50.0,40.0,,40.0,75.0,,75.0
55,Statement 4B,663.   Scheme for Integrated Textile Parks (SITP),41.01,,41.01,80.0,,80.0,60.0,,60.0,80.0,,80.0
56,Statement 4B,664.   Workers Hostel,0.77,,0.77,5.0,,5.0,,,,,,
56,Statement 4B,665.   Assistant to Textile Committee,82.65,,82.65,80.0,,80.0,39.0,,39.0,45.0,,45.0
56,Statement 4B,666.   Flatted Factory cum Incubators,6.05,,6.05,8.0,,8.0,3.0,,3.0,4.0,,4.0
56,Statement 4B,667.   Export Promotion Studies,2.26,,2.26,34.0,,34.0,5.0,,5.0,30.0,,30.0
56,Statement 4B,"668.   Others (TRAs, COP)",10.38,,10.38,11.5,,11.5,11.16,,11.16,17.0,,17.0
56,Statement 4B,669.   Integrated Scheme for Skill Development,72.07,,72.07,150.0,,150.0,80.0,,80.0,100.0,,100.0
56,Statement 4B,670.   R and D Textiles,7.8,,7.8,23.0,,23.0,10.0,,10.0,10.0,,10.0
56,Statement 4B,671.   National Institute of Fashion Technology (NIFT),57.16,,57.16,110.0,,110.0,80.0,,80.0,100.0,,100.0
56,Statement 4B,672.   Technology Mission on Technical Textile,,,,0.01,,0.01,15.0,,15.0,,,
56,Statement 4B,673.   National Technical Textiles Mission.,,,,,,,,,,100.0,,100.0
56,Statement 4B,674.   NER Textiles Promotion Scheme,115.79,,115.79,125.0,,125.0,40.4,,40.4,75.0,,75.0
56,Statement 4B,675.   Scheme for Usage of Geotextiles in North East,1.42,,1.42,10.0,,10.0,2.0,,2.0,,,
56,Statement 4B,676.   Scheme for Promoting Agro Textiles in North East,,,,0.6,,0.6,,,,,,
56,Statement 4B,Demand No. 98,1251.65,,1251.65,2375.21,,2375.21,1141.04,,1141.04,1895.4,,1895.4
56,Statement 4B,677. Integrated Development of Tourist Circuits around,565.93,,565.93,1200.0,,1200.0,600.0,,600.0,630.0,,630.0
56,Statement 4B,678. Development of Iconic Tourist Destinations,,,,,,,,,,0.03,,0.03
56,Statement 4B,"679.   Pilgrimage Rejuvenation and Spiritual, Heritage",144.71,,144.71,207.55,,207.55,125.0,,125.0,153.0,,153.0
56,Statement 4B,680.   Other Support to Tourist Infrastructure,39.77,,39.77,247.66,,247.66,154.71,,154.71,305.0,,305.0
56,Statement 4B,681.   Overseas Promotion and Publicity including,312.05,,312.05,450.0,,450.0,115.0,,115.0,524.02,,524.02
56,Statement 4B,682.   Domestic Promotion and Publicity including Market,99.63,,99.63,140.0,,140.0,63.33,,63.33,144.7,,144.7
56,Statement 4B,683.   Assistance to IHMS/FCIs/IITTM/NIWS,56.81,,56.81,70.0,,70.0,50.0,,50.0,75.0,,75.0
56,Statement 4B,684.   Capacity Building for Service Providers,32.75,,32.75,60.0,,60.0,33.0,,33.0,63.65,,63.65
56,Statement 4B,Demand No. 99,341.34,80.0,421.34,1665.22,150.01,1815.23,1489.76,,1489.76,1831.03,0.02,1831.05
56,Statement 4B,685. National Fellowship and Scholarship for Higher,99.89,,99.89,100.0,,100.0,120.0,,120.0,150.0,,150.0
56,Statement 4B,686. Scholarship to the ST Students for Studies Abroad,1.9,,1.9,2.0,,2.0,4.76,,4.76,3.0,,3.0
57,Statement 4B,687.   Support to National/ State Scheduled Tribes,,80.0,80.0,,150.0,150.0,,,,,0.01,0.01
57,Statement 4B,688.   Institutional Support for Development and,128.5,,128.5,140.0,,140.0,105.0,,105.0,150.0,,150.0
57,Statement 4B,689.   Aid to Voluntary Organisations Working for the,94.84,,94.84,110.0,,110.0,60.0,,60.0,110.0,,110.0
57,Statement 4B,690.   Eklavya Model Residential School (EMRS),16.21,,16.21,1313.22,0.01,1313.23,1200.0,,1200.0,1418.03,0.01,1418.04
57,Statement 4B,Demand No. 101,1494.18,,1494.18,1745.9,0.02,1745.92,775.48,1.02,776.5,1395.01,3.0,1398.01
57,Statement 4B,691. National Service Scheme,151.61,,151.61,172.0,,172.0,72.98,,72.98,165.0,,165.0
57,Statement 4B,692.   National Young Leaders Programme,10.61,,10.61,22.0,,22.0,4.35,,4.35,14.0,,14.0
57,Statement 4B,693.   National Programme for Youth and Adolescent,20.27,,20.27,23.0,,23.0,20.0,,20.0,21.0,,21.0
57,Statement 4B,694.   National Youth Corps,75.0,,75.0,90.0,,90.0,60.0,,60.0,75.0,,75.0
57,Statement 4B,695.   International Cooperation,19.21,,19.21,30.0,,30.0,6.92,,6.92,14.0,,14.0
57,Statement 4B,696.   Scouting and Guiding,0.75,,0.75,1.5,,1.5,0.75,,0.75,1.5,,1.5
57,Statement 4B,697.   Youth Hostel,1.27,,1.27,19.98,0.02,20.0,1.98,1.02,3.0,3.0,3.0,6.0
57,Statement 4B,698.   Assistance to Promotion of Sports Excellence,305.6,,305.6,250.0,,250.0,133.0,,133.0,283.8,,283.8
57,Statement 4B,699.   Incentive to Sports Persons,110.19,,110.19,70.0,,70.0,37.5,,37.5,53.0,,53.0
57,Statement 4B,700.   National Sports Development Fund,77.15,,77.15,50.0,,50.0,7.23,,7.23,25.0,,25.0
57,Statement 4B,701.   National Welfare Fund for Sports Persons,1.0,,1.0,2.0,,2.0,2.0,,2.0,2.0,,2.0
57,Statement 4B,702.   Khelo India,575.52,,575.52,890.42,,890.42,328.77,,328.77,657.71,,657.71
57,Statement 4B,703.   Enhancement of Sports Facility at J& K,50.0,,50.0,50.0,,50.0,25.0,,25.0,50.0,,50.0
57,Statement 4B,704.   Commonwealth Games,96.0,,96.0,75.0,,75.0,75.0,,75.0,30.0,,30.0
57,Statement 4B,Grand Total,446085.68,311005.45,757091.13,497024.69,334800.37,831825.06,870612.58,393077.23,1263689.81,607968.41,443735.0,1051703.41
58,Statement 4C,Demand No. 1,74.93,,74.93,33.93,,33.93,31.93,,31.93,33.1,,33.1
58,Statement 4C,1. Other Central Expenditure,74.93,,74.93,33.93,,33.93,31.93,,31.93,33.1,,33.1
58,Statement 4C,Demand No. 2,5022.56,,5022.56,5619.73,,5619.73,5444.27,,5444.27,5813.57,,5813.57
58,Statement 4C,2. ICAR Headquarters,4868.8,,4868.8,5137.75,,5137.75,4997.15,,4997.15,5322.02,,5322.02
58,Statement 4C,3.   Other Central Expenditure,153.76,,153.76,481.98,,481.98,447.12,,447.12,491.55,,491.55
58,Statement 4C,Demand No. 3,2780.47,3095.0,5875.47,2873.97,3937.0,6810.97,2586.11,2770.0,5356.11,3046.3,3680.0,6726.3
58,Statement 4C,4. Nuclear Power Corporation of India Limited,,3000.0,3000.0,,3737.0,3737.0,,2600.0,2600.0,,3560.0,3560.0
58,Statement 4C,5. Other Autonomous Bodies,2751.92,,2751.92,2833.97,,2833.97,2537.49,,2537.49,3006.3,,3006.3
58,Statement 4C,6.   Other Central Expenditure,28.55,95.0,123.55,40.0,200.0,240.0,48.62,170.0,218.62,40.0,120.0,160.0
58,Statement 4C,Demand No. 4,1092.61,,1092.61,1170.58,,1170.58,1700.74,,1700.74,1999.08,,1999.08
58,Statement 4C,7. Other Autonomous Bodies,397.08,,397.08,415.68,,415.68,659.27,,659.27,758.06,,758.06
58,Statement 4C,8.   Other Central Expenditure,695.53,,695.53,754.9,,754.9,1041.47,,1041.47,1241.02,,1241.02
58,Statement 4C,Demand No. 5,113.11,,113.11,141.05,,141.05,178.23,,178.23,151.94,,151.94
58,Statement 4C,9. Other Central Expenditure,113.11,,113.11,141.05,,141.05,178.23,,178.23,151.94,,151.94
58,Statement 4C,Demand No. 6,-12.83,,-12.83,0.01,0.05,0.06,,813.24,813.24,0.01,444.62,444.63
58,Statement 4C,10. Other Central Expenditure,-12.83,,-12.83,0.01,0.05,0.06,,813.24,813.24,0.01,444.62,444.63
58,Statement 4C,Demand No. 7,,333.15,333.15,18.0,7.18,25.18,27.55,7.18,34.73,19.0,9.12,28.12
58,Statement 4C,11. Other Central Expenditure,,333.15,333.15,18.0,7.18,25.18,27.55,7.18,34.73,19.0,9.12,28.12
58,Statement 4C,Demand No. 8,19.35,,19.35,16.82,0.01,16.83,67.49,0.01,67.5,30.51,0.01,30.52
58,Statement 4C,12. Other Central Expenditure,19.35,,19.35,16.82,0.01,16.83,67.49,0.01,67.5,30.51,0.01,30.52
58,Statement 4C,Demand No. 9,22.9,,22.9,22.35,,22.35,22.35,,22.35,53.2,,53.2
58,Statement 4C,13. Other Central Expenditure,22.9,,22.9,22.35,,22.35,22.35,,22.35,53.2,,53.2
58,Statement 4C,Demand No. 10,55.43,-12.57,42.86,92.32,,92.32,75.31,,75.31,70.34,,70.34
59,Statement 4C,14. Other Central Expenditure,55.43,-12.57,42.86,92.32,,92.32,75.31,,75.31,70.34,,70.34
59,Statement 4C,Demand No. 11,162.6,,162.6,323.17,,323.17,141.54,,141.54,194.4,,194.4
59,Statement 4C,15. Other Central Expenditure,162.6,,162.6,323.17,,323.17,141.54,,141.54,194.4,,194.4
59,Statement 4C,Demand No. 13,6274.39,105.0,6379.39,17885.42,20515.0,38400.42,14173.97,105.0,14278.97,7442.92,20490.0,27932.92
59,Statement 4C,16. Support to Public Sector Undertakings,5977.81,105.0,6082.81,17530.42,20515.0,38045.42,13835.51,105.0,13940.51,7057.22,20490.0,27547.22
59,Statement 4C,17.   Other Central Expenditure,296.58,,296.58,355.0,,355.0,338.46,,338.46,385.7,,385.7
59,Statement 4C,Demand No. 15,13.4,1000.0,1013.4,16.36,1000.0,1016.36,11.54,1000.0,1011.54,14.83,2500.0,2514.83
59,Statement 4C,18. Investment in Equity Capital of Food Corporation of,,1000.0,1000.0,,1000.0,1000.0,,1000.0,1000.0,,2500.0,2500.0
59,Statement 4C,19. Other Central Expenditure,13.4,,13.4,16.36,,16.36,11.54,,11.54,14.83,,14.83
59,Statement 4C,Demand No. 16,85.27,12.27,97.54,110.6,51.0,161.6,79.77,35.0,114.77,85.0,50.0,135.0
59,Statement 4C,20. Other Central Expenditure,85.27,12.27,97.54,110.6,51.0,161.6,79.77,35.0,114.77,85.0,50.0,135.0
59,Statement 4C,Demand No. 17,848.87,,848.87,1011.82,,1011.82,709.58,,709.58,883.13,,883.13
59,Statement 4C,21. Other Central Expenditure,848.87,,848.87,1011.82,,1011.82,709.58,,709.58,883.13,,883.13
59,Statement 4C,Demand No. 18,1581.69,15.8,1597.49,-49.83,21.0,-28.83,-52.0,20.0,-32.0,-48.0,23.41,-24.59
59,Statement 4C,22. Met From Reserve Fund,1529.89,0.67,1530.56,-109.5,0.62,-108.88,-100.0,0.82,-99.18,-100.0,0.69,-99.31
59,Statement 4C,23.   Other Central Expenditure,51.8,15.13,66.93,59.67,20.38,80.05,48.0,19.18,67.18,52.0,22.72,74.72
59,Statement 4C,Demand No. 22,,6.1,6.1,,4.0,4.0,,4.0,4.0,,4.0,4.0
59,Statement 4C,24. Other Central Expenditure,,6.1,6.1,,4.0,4.0,,4.0,4.0,,4.0,4.0
59,Statement 4C,Demand No. 23,165.28,,165.28,201.8,,201.8,183.24,,183.24,198.0,,198.0
59,Statement 4C,25. Other Central Expenditure,165.28,,165.28,201.8,,201.8,183.24,,183.24,198.0,,198.0
59,Statement 4C,Demand No. 24,10076.95,,10076.95,9205.0,,9205.0,10395.49,,10395.49,11192.0,,11192.0
59,Statement 4C,26. Met From Reserve Fund,,,,-9567.12,,-9567.12,-7567.12,,-7567.12,-11800.0,,-11800.0
59,Statement 4C,27.   Kendriya Vidyalaya Sangathan (KVS),6331.4,,6331.4,5516.5,,5516.5,6437.68,,6437.68,6800.0,,6800.0
59,Statement 4C,28.   National Council of Educational Research and,276.05,,276.05,300.0,,300.0,389.92,,389.92,500.0,,500.0
60,Statement 4C,29.   Navodaya Vidyalaya Samiti (NVS),3387.6,,3387.6,3300.0,,3300.0,3480.0,,3480.0,3800.0,,3800.0
60,Statement 4C,30.   Transfer to Madhyamik and Uchhatar Shiksha,,,,5567.12,,5567.12,5567.12,,5567.12,7000.0,,7000.0
60,Statement 4C,31.   Transfer to National Investment Fund (NIF),,,,4000.0,,4000.0,2000.0,,2000.0,4800.0,,4800.0
60,Statement 4C,32.   Other Central Expenditure,81.9,,81.9,88.5,,88.5,87.89,,87.89,92.0,,92.0
60,Statement 4C,Demand No. 25,27138.09,,27138.09,28601.36,,28601.36,27913.14,,27913.14,29023.78,,29023.78
60,Statement 4C,33. Met From Reserve Fund,,,,-14838.93,,-14838.93,-17500.0,,-17500.0,-27000.0,,-27000.0
60,Statement 4C,34.   Grants to Central Universities (CUs),7988.84,,7988.84,7643.26,,7643.26,8634.32,,8634.32,7643.26,,7643.26
60,Statement 4C,35.   Support to Indian Institute of Science (IISc),596.48,,596.48,591.65,,591.65,604.6,,604.6,621.65,,621.65
60,Statement 4C,"36.   Support to Indian Institute(s) of Science, Education",791.22,,791.22,896.0,,896.0,993.05,,993.05,946.0,,946.0
60,Statement 4C,37.   Support to Indian Institutes of Technology,6365.92,,6365.92,7182.0,,7182.0,6615.35,,6615.35,7536.02,,7536.02
60,Statement 4C,38.   Support to National Institutes of Technology (NITs),3486.6,,3486.6,3885.0,,3885.0,3265.12,,3265.12,3935.0,,3935.0
60,Statement 4C,39.   Transfer to Madhyamik and Uchhatar Shiksha,,,,10338.93,,10338.93,15000.0,,15000.0,18000.0,,18000.0
60,Statement 4C,40.   Transfer to National Investment Fund (NIF),,,,4500.0,,4500.0,2500.0,,2500.0,9000.0,,9000.0
60,Statement 4C,41.   University Grants Commission (UGC),4435.58,,4435.58,4693.2,,4693.2,4444.7,,4444.7,4693.2,,4693.2
60,Statement 4C,42.   Other Central Expenditure,3473.45,,3473.45,3710.25,,3710.25,3356.0,,3356.0,3648.65,,3648.65
60,Statement 4C,Demand No. 26,949.7,,949.7,1266.0,,1266.0,894.0,,894.0,1060.0,,1060.0
60,Statement 4C,43. Unique Identification Authority of India (UIDAI),836.78,,836.78,985.0,,985.0,613.0,,613.0,600.0,,600.0
60,Statement 4C,44.   Other Central Expenditure,112.92,,112.92,281.0,,281.0,281.0,,281.0,460.0,,460.0
60,Statement 4C,Demand No. 27,436.24,,436.24,485.5,,485.5,397.85,,397.85,476.5,,476.5
60,Statement 4C,45. Other Central Expenditure,436.24,,436.24,485.5,,485.5,397.85,,397.85,476.5,,476.5
60,Statement 4C,Demand No. 28,4399.22,-1.03,4398.19,4388.25,,4388.25,4096.38,,4096.38,4661.89,,4661.89
60,Statement 4C,46. International Cooperation,553.86,,553.86,509.56,,509.56,530.46,,530.46,565.97,,565.97
60,Statement 4C,47.   Special Diplomatic Expenditure,2743.25,,2743.25,2800.01,,2800.01,2660.01,,2660.01,3000.01,,3000.01
60,Statement 4C,48.   Other Central Expenditure,1102.11,-1.03,1101.08,1078.68,,1078.68,905.91,,905.91,1095.91,,1095.91
60,Statement 4C,Demand No. 29,1625.08,5285.12,6910.2,1944.14,25515.69,27459.83,2905.07,13182.78,16087.85,2080.71,51597.39,53678.1
61,Statement 4C,49.   Met From Reserve Fund,,23.7,23.7,,-25.0,-25.0,,-25.0,-25.0,,-25.0,-25.0
61,Statement 4C,50.   Affordable housing for middle income group,,41.35,41.35,,,,,916.14,916.14,,2250.0,2250.0
61,Statement 4C,51.   Other Central Expenditure,300.92,758.55,1059.47,354.14,117.47,471.61,400.07,143.93,544.0,483.21,162.15,645.36
61,Statement 4C,52.   Capital infusion into NIIF Infrastructure Debt,,,,,,,,1000.0,1000.0,,1000.0,1000.0
61,Statement 4C,53.   Investment in International Financial Institutions,,4461.52,4461.52,,3373.24,3373.24,,3337.4,3337.4,,3495.6,3495.6
61,Statement 4C,54.   Reserve Fund,1324.16,,1324.16,1590.0,,1590.0,2505.0,,2505.0,1597.5,,1597.5
61,Statement 4C,55.   Support for Infrastructure Pipeline,,,,,22049.98,22049.98,,7810.31,7810.31,,44714.64,44714.64
61,Statement 4C,Demand No. 30,13.98,,13.98,19.21,,19.21,12.61,,12.61,21.82,,21.82
61,Statement 4C,56. Other Central Expenditure,13.98,,13.98,19.21,,19.21,12.61,,12.61,21.82,,21.82
61,Statement 4C,Demand No. 31,23.8,,23.8,8.89,,8.89,,,,,,
61,Statement 4C,57. Other Central Expenditure,23.8,,23.8,8.89,,8.89,,,,,,
61,Statement 4C,Demand No. 33,106.67,0.49,107.16,446.0,91.21,537.21,349.25,14.24,363.49,418.02,13.02,431.04
61,Statement 4C,58. Other Central Expenditure,106.67,0.49,107.16,446.0,91.21,537.21,349.25,14.24,363.49,418.02,13.02,431.04
61,Statement 4C,Demand No. 34,,-27.89,-27.89,,,,,,,,,
61,Statement 4C,59. Other Central Expenditure,,-27.89,-27.89,,,,,,,,,
61,Statement 4C,Demand No. 37,612070.02,,612070.02,708203.16,,708203.16,692900.0,,692900.0,809701.32,,809701.32
61,Statement 4C,60. Interest on External Debt,9419.69,,9419.69,10178.0,,10178.0,9241.0,,9241.0,10617.0,,10617.0
61,Statement 4C,61.   Other Central Expenditure,-1.48,,-1.48,,,,,,,,,
61,Statement 4C,62.   Interest on Internal Debt,475080.66,,475080.66,558580.6,,558580.6,536616.6,,536616.6,614822.5,,614822.5
61,Statement 4C,63.   Interest on other obligations,16372.52,,16372.52,16414.33,,16414.33,16032.3,,16032.3,16051.38,,16051.38
61,Statement 4C,64.   Interest on Reserve Funds,2191.87,,2191.87,1170.37,,1170.37,616.13,,616.13,617.85,,617.85
61,Statement 4C,"65.   Interest on Small Savings, Provident Funds etc.",103516.1,,103516.1,116859.86,,116859.86,123740.53,,123740.53,160107.47,,160107.47
61,Statement 4C,66.   Prepayment Premium for reduction of debt,5490.66,,5490.66,5000.0,,5000.0,6653.44,,6653.44,7485.12,,7485.12
61,Statement 4C,Demand No. 38,,,,,,,,,,,,
61,Statement 4C,67. Other Central Expenditure,,,,,,,,,,,,
61,Statement 4C,Demand No. 41,85.25,,85.25,82.0,,82.0,35.28,,35.28,27.84,,27.84
62,Statement 4C,68. Other Central Expenditure,85.25,,85.25,82.0,,82.0,35.28,,35.28,27.84,,27.84
62,Statement 4C,Demand No. 42,28.58,0.21,28.79,-27.53,34.53,7.0,-6.0,12.0,6.0,-31.0,41.0,10.0
62,Statement 4C,69. Other Central Expenditure,28.58,0.21,28.79,-27.53,34.53,7.0,-6.0,12.0,6.0,-31.0,41.0,10.0
62,Statement 4C,Demand No. 43,,,,119.21,,119.21,64.09,,64.09,72.4,,72.4
62,Statement 4C,70. Other Central Expenditure,,,,119.21,,119.21,64.09,,64.09,72.4,,72.4
62,Statement 4C,Demand No. 44,11226.71,116.4,11343.11,10153.2,39.39,10192.59,11425.21,40.39,11465.6,11387.12,91.72,11478.84
62,Statement 4C,71. Met From Reserve Fund,-2882.05,-1132.33,-4014.38,-36002.1,-667.9,-36670.0,-14360.0,,-14360.0,-16303.13,-1846.87,-18150.0
62,Statement 4C,72.   Other Central Expenditure,1534.45,116.4,1650.85,1336.31,39.39,1375.7,1256.52,40.39,1296.91,1455.65,91.72,1547.37
62,Statement 4C,73.   All Indian Institute of Medical Science,3395.19,,3395.19,3489.96,,3489.96,3489.96,,3489.96,3800.0,,3800.0
62,Statement 4C,74.   Jawaharlal Institute of Post Graduate Medical,932.54,,932.54,1000.0,,1000.0,900.0,,900.0,1000.0,,1000.0
62,Statement 4C,75.   Medical Treatment of CGHS Pensioners (PORB),2617.22,,2617.22,1750.17,,1750.17,2805.0,,2805.0,2300.0,,2300.0
62,Statement 4C,76.   National Institute of Mental Health and Neuro-,453.41,,453.41,434.43,,434.43,474.43,,474.43,500.44,,500.44
62,Statement 4C,77.   Other Autonomous Bodies,621.4,,621.4,715.8,,715.8,637.77,,637.77,717.21,,717.21
62,Statement 4C,78.   Post Graduate Institute of Medical Education and,1672.5,,1672.5,1426.53,,1426.53,1861.53,,1861.53,1613.82,,1613.82
62,Statement 4C,79.   Support from Central Roads & Infrastructure Fund,2839.05,1132.33,3971.38,3732.1,667.9,4400.0,2860.0,,2860.0,2303.13,1846.87,4150.0
62,Statement 4C,80.   Support from National Investment Fund (NIF),43.0,,43.0,32270.0,,32270.0,11500.0,,11500.0,14000.0,,14000.0
62,Statement 4C,Demand No. 45,1608.68,,1608.68,1795.71,,1795.71,1697.71,,1697.71,2358.0,,2358.0
62,Statement 4C,81. Other Central Expenditure,129.51,,129.51,,,,,,,,,
62,Statement 4C,"82.   Indian Council of Medical Research, New Delhi",1479.17,,1479.17,1795.71,,1795.71,1697.71,,1697.71,2358.0,,2358.0
62,Statement 4C,Demand No. 46,-10.67,243.7,233.03,8.01,259.63,267.64,166.47,197.26,363.73,17.01,0.2,17.21
62,Statement 4C,83. Other Central Expenditure,-10.67,243.7,233.03,8.01,259.63,267.64,166.47,197.26,363.73,17.01,0.2,17.21
62,Statement 4C,Demand No. 48,1330.17,85.33,1415.5,4558.96,95.0,4653.96,758.46,78.0,836.46,3841.0,80.0,3921.0
62,Statement 4C,84. Other Central Expenditure,95.61,,95.61,85.96,,85.96,81.46,,81.46,152.72,,152.72
62,Statement 4C,"85.   Census, Survey and Statistics/Registrar General of",1234.56,85.33,1319.89,4473.0,95.0,4568.0,677.0,78.0,755.0,3688.28,80.0,3768.28
63,Statement 4C,Demand No. 50,1317.5,971.41,2288.91,1494.23,1796.0,3290.23,1039.73,582.27,1622.0,1429.73,1981.0,3410.73
63,Statement 4C,86. Other Central Expenditure,752.42,0.81,753.23,794.23,1.0,795.23,405.09,1.0,406.09,595.1,1.0,596.1
63,Statement 4C,87.   Research,565.08,970.6,1535.68,700.0,1795.0,2495.0,634.64,581.27,1215.91,834.63,1980.0,2814.63
63,Statement 4C,Demand No. 51,2128.58,501.18,2629.76,2132.3,622.36,2754.66,2159.77,403.6,2563.37,2301.69,666.17,2967.86
63,Statement 4C,88. Other Central Expenditure,130.61,32.89,163.5,123.82,162.03,285.85,123.38,77.73,201.11,155.16,105.86,261.02
63,Statement 4C,89.   Schemes of UT,1997.97,468.29,2466.26,2008.48,460.33,2468.81,2036.39,325.87,2362.26,2146.53,560.31,2706.84
63,Statement 4C,Demand No. 52,1683.39,134.85,1818.24,1825.4,334.14,2159.54,1624.96,315.55,1940.51,1751.64,498.45,2250.09
63,Statement 4C,90. Other Central Expenditure,7.72,,7.72,17.0,,17.0,10.0,,10.0,15.0,,15.0
63,Statement 4C,91.   Grantee / Other Bodies,713.06,1.17,714.23,834.8,1.56,836.36,726.77,,726.77,804.25,,804.25
63,Statement 4C,92.   Schemes of UT,962.61,133.68,1096.29,973.6,332.58,1306.18,888.19,315.55,1203.74,932.39,498.45,1430.84
63,Statement 4C,Demand No. 53,897.24,639.5,1536.74,815.27,752.42,1567.69,438.28,407.22,845.5,815.05,764.83,1579.88
63,Statement 4C,93. Other Central Expenditure,897.24,639.5,1536.74,26.03,7.85,33.88,4.36,4.95,9.31,21.55,10.17,31.72
63,Statement 4C,94. Grantee / Other Bodies - Dadra and Nagar Haveli,,,,630.39,,630.39,303.05,,303.05,634.27,,634.27
63,Statement 4C,95. Schemes of UT - Dadra and Nagar Haveli and,,,,158.85,744.57,903.42,130.87,402.27,533.14,159.23,754.66,913.89
63,Statement 4C,Demand No. 54,,,,451.22,3626.28,4077.5,593.8,3626.28,4220.08,595.56,3626.36,4221.92
63,Statement 4C,96. Schemes of UT,,,,270.74,301.44,572.18,416.75,351.44,768.19,327.68,392.51,720.19
63,Statement 4C,97.   Tribal Area Component,,,,152.0,3324.84,3476.84,151.38,3274.84,3426.22,243.15,3233.85,3477.0
63,Statement 4C,98.   Other Central Expenditure,,,,28.48,,28.48,25.67,,25.67,24.73,,24.73
63,Statement 4C,Demand No. 55,742.61,167.61,910.22,749.06,201.37,950.43,749.06,201.37,950.43,807.11,228.85,1035.96
63,Statement 4C,99. Other Central Expenditure,10.21,1.35,11.56,8.74,3.4,12.14,8.74,3.4,12.14,9.87,2.35,12.22
63,Statement 4C,100.   Schemes of UT,732.4,166.26,898.66,740.32,197.97,938.29,740.32,197.97,938.29,797.24,226.5,1023.74
63,Statement 4C,Demand No. 59,83.89,,83.89,76.54,290.0,366.54,32.37,147.0,179.37,66.51,125.0,191.51
63,Statement 4C,101. Other Central Expenditure,83.89,,83.89,76.54,290.0,366.54,32.37,147.0,179.37,66.51,125.0,191.51
63,Statement 4C,Demand No. 60,2974.04,,2974.04,3080.41,,3080.41,2861.7,,2861.7,2875.41,,2875.41
63,Statement 4C,102. Support to Autonomous Bodies,2974.04,,2974.04,3080.41,,3080.41,2861.7,,2861.7,2875.41,,2875.41
64,Statement 4C,Demand No. 63,123.8,,123.8,100.0,,100.0,98.03,,98.03,105.0,,105.0
64,Statement 4C,103. Other Central Expenditure,123.8,,123.8,100.0,,100.0,98.03,,98.03,105.0,,105.0
64,Statement 4C,Demand No. 64,155.0,,155.0,117.0,,117.0,115.25,,115.25,116.5,,116.5
64,Statement 4C,104. Other Central Expenditure,155.0,,155.0,117.0,,117.0,115.25,,115.25,116.5,,116.5
64,Statement 4C,Demand No. 65,-2.79,,-2.79,,,,,,,,,
64,Statement 4C,105. Other Central Expenditure,-2.79,,-2.79,,,,,,,,,
64,Statement 4C,Demand No. 67,-19.89,,-19.89,,,,,,,,,
64,Statement 4C,106. Other Central Expenditure,-19.89,,-19.89,,,,,,,,,
64,Statement 4C,Demand No. 68,502.87,81.39,584.26,732.21,114.36,846.57,563.65,54.17,617.82,593.97,68.33,662.3
64,Statement 4C,107. Met From Reserve Fund,-68.31,,-68.31,-150.0,,-150.0,-90.0,,-90.0,-100.0,,-100.0
64,Statement 4C,108.   Other Central Expenditure,204.12,1.57,205.69,353.25,6.06,359.31,219.66,1.75,221.41,246.0,2.43,248.43
64,Statement 4C,109.   Geological Survey of India Activities,367.06,79.82,446.88,528.96,108.3,637.26,433.99,52.42,486.41,447.97,65.9,513.87
64,Statement 4C,Demand No. 69,2.0,,2.0,96.0,,96.0,91.42,,91.42,104.77,,104.77
64,Statement 4C,110. Other Central Expenditure,2.0,,2.0,96.0,,96.0,91.42,,91.42,104.77,,104.77
64,Statement 4C,Demand No. 70,-216.57,,-216.57,8.0,,8.0,32.35,,32.35,48.67,,48.67
64,Statement 4C,111. Other Central Expenditure,-216.57,,-216.57,8.0,,8.0,32.35,,32.35,48.67,,48.67
64,Statement 4C,Demand No. 73,25.84,,25.84,34.58,4.4,38.98,39.15,4.39,43.54,170.94,,170.94
64,Statement 4C,112. Other Central Expenditure,25.84,,25.84,34.58,4.4,38.98,39.15,4.39,43.54,170.94,,170.94
64,Statement 4C,Demand No. 75,42.99,42.05,85.04,60.19,,60.19,51.85,,51.85,203.37,,203.37
64,Statement 4C,113. Other Central Expenditure,42.99,42.05,85.04,60.19,,60.19,51.85,,51.85,203.37,,203.37
64,Statement 4C,Demand No. 76,6.38,,6.38,9.0,,9.0,9.5,,9.5,9.67,,9.67
64,Statement 4C,114. Other Central Expenditure,6.38,,6.38,9.0,,9.0,9.5,,9.5,9.67,,9.67
64,Statement 4C,Demand No. 77,359.25,17.13,376.38,446.2,10.0,456.2,309.84,10.0,319.84,339.85,25.0,364.85
64,Statement 4C,115. Other Central Expenditure,359.25,17.13,376.38,446.2,10.0,456.2,309.84,10.0,319.84,339.85,25.0,364.85
64,Statement 4C,Demand No. 78,2609.96,575.64,3185.6,3189.1,149.28,3338.38,2877.64,65.33,2942.97,4086.26,0.02,4086.28
65,Statement 4C,116. Other Central Expenditure,405.9,,405.9,413.73,65.01,478.74,210.86,0.02,210.88,441.93,0.02,441.95
65,Statement 4C,117.   Assistance to CPSUs,2204.06,575.64,2779.7,2775.37,84.27,2859.64,2666.78,65.31,2732.09,3644.33,,3644.33
65,Statement 4C,Demand No. 86,-41.85,12.52,-29.33,124.0,100.0,224.0,80.5,,80.5,124.0,,124.0
65,Statement 4C,118. Other Central Expenditure,-41.85,12.52,-29.33,124.0,100.0,224.0,80.5,,80.5,124.0,,124.0
65,Statement 4C,Demand No. 88,2241.27,,2241.27,2457.0,,2457.0,2127.0,,2127.0,2438.0,,2438.0
65,Statement 4C,119. Other Central Expenditure,67.0,,67.0,100.0,,100.0,10.0,,10.0,50.0,,50.0
65,Statement 4C,120.   Assistance to Autonomous Bodies,1217.7,,1217.7,1357.0,,1357.0,1375.0,,1375.0,1488.0,,1488.0
65,Statement 4C,121.   Science and Engineering Research Board,956.57,,956.57,1000.0,,1000.0,742.0,,742.0,900.0,,900.0
65,Statement 4C,Demand No. 89,792.53,,792.53,847.61,,847.61,605.0,,605.0,846.91,,846.91
65,Statement 4C,122. Other Central Expenditure,31.0,,31.0,32.0,,32.0,28.0,,28.0,40.0,,40.0
65,Statement 4C,123.   Assistance to Autonomous Institutions,761.53,,761.53,815.61,,815.61,577.0,,577.0,806.91,,806.91
65,Statement 4C,Demand No. 90,4833.6,0.04,4833.64,5317.0,0.5,5317.5,4213.98,0.5,4214.48,5151.77,0.5,5152.27
65,Statement 4C,124. Other Central Expenditure,2.02,0.04,2.06,5.0,0.5,5.5,5.58,0.5,6.08,7.5,0.5,8.0
65,Statement 4C,125.   Council of Scientific and Industrial Research (CSIR),4831.58,,4831.58,5312.0,,5312.0,4208.4,,4208.4,5144.27,,5144.27
65,Statement 4C,Demand No. 91,-2.85,,-2.85,,,,,,,,,
65,Statement 4C,126. Other Central Expenditure,-2.85,,-2.85,,,,,,,,,
65,Statement 4C,Demand No. 92,43.19,455.0,498.19,61.0,545.0,606.0,30.7,120.07,150.77,46.0,250.0,296.0
65,Statement 4C,127. Other Central Expenditure,43.19,455.0,498.19,61.0,545.0,606.0,30.7,120.07,150.77,46.0,250.0,296.0
65,Statement 4C,Demand No. 93,330.93,0.92,331.85,515.52,0.01,515.53,335.75,,335.75,427.93,0.01,427.94
65,Statement 4C,128. Other Central Expenditure,330.93,0.92,331.85,515.52,0.01,515.53,335.75,,335.75,427.93,0.01,427.94
65,Statement 4C,Demand No. 94,714.06,8.81,722.87,662.3,,662.3,635.46,,635.46,731.5,700.0,1431.5
65,Statement 4C,129. NewSpace India Limited (NSIL),,10.0,10.0,,,,,,,,700.0,700.0
65,Statement 4C,130.   Other Central Expenditure,714.06,-1.19,712.87,662.3,,662.3,635.46,,635.46,731.5,,731.5
65,Statement 4C,Demand No. 95,-8.42,,-8.42,,,,,,,,,
66,Statement 4C,131.   Other Central Expenditure,-8.42,,-8.42,,,,,,,,,
66,Statement 4C,Demand No. 96,146.43,,146.43,46.42,,46.42,45.1,,45.1,1.47,,1.47
66,Statement 4C,132. Other Central Expenditure,146.43,,146.43,46.42,,46.42,45.1,,45.1,1.47,,1.47
66,Statement 4C,Demand No. 97,-27.09,17.0,-10.09,,0.03,0.03,,0.03,0.03,85.0,0.03,85.03
66,Statement 4C,133. Other Central Expenditure,-27.09,17.0,-10.09,,0.03,0.03,,0.03,0.03,85.0,0.03,85.03
66,Statement 4C,Demand No. 100,185.67,,185.67,217.6,,217.6,177.65,,177.65,195.2,,195.2
66,Statement 4C,134. Other Central Expenditure,185.67,,185.67,217.6,,217.6,177.65,,177.65,195.2,,195.2
66,Statement 4C,Demand No. 101,1066.66,45.0,1111.66,996.0,51.0,1047.0,993.15,,993.15,1118.4,43.73,1162.13
66,Statement 4C,135. Sports Authority of India,615.0,,615.0,500.0,,500.0,612.21,,612.21,660.41,,660.41
66,Statement 4C,136.   Other Central Expenditure,451.66,45.0,496.66,496.0,51.0,547.0,380.94,,380.94,457.99,43.73,501.72
66,Statement 4C,Grand Total,713098.72,13927.13,727025.85,827406.33,60167.84,887574.17,802319.27,24216.88,826536.15,923883.62,88002.77,1011886.39
67,Statement 4D,Demand No. 5,,,,,,,,73.7,73.7,,3.5,3.5
67,Statement 4D,1. Other Transfer,,,,,,,,73.7,73.7,,3.5,3.5
67,Statement 4D,Demand No. 7,-6.75,,-6.75,,,,,,,,,
67,Statement 4D,2. Other Transfer,-6.75,,-6.75,,,,,,,,,
67,Statement 4D,Demand No. 24,-73.05,,-73.05,,,,,,,,,
67,Statement 4D,3. Other Transfer,-73.05,,-73.05,,,,,,,,,
67,Statement 4D,Demand No. 25,1800.0,,1800.0,1900.0,,1900.0,348.51,,348.51,10.0,,10.0
67,Statement 4D,4. Other Transfer,1800.0,,1800.0,1900.0,,1900.0,348.51,,348.51,10.0,,10.0
67,Statement 4D,Demand No. 33,153910.29,,153910.29,135368.05,,135368.05,131375.0,,131375.0,100000.03,,100000.03
67,Statement 4D,5. Compensation to States/UTs for revenue losses on,120498.29,,120498.29,135368.03,,135368.03,106317.0,,106317.0,100000.0,,100000.0
67,Statement 4D,6. Met From Reserve Fund,-120498.29,,-120498.29,-135368.03,,-135368.03,-106317.0,,-106317.0,-100000.0,,-100000.0
67,Statement 4D,7.   Transfer to GST Compensation Fund,153910.29,,153910.29,135368.03,,135368.03,106317.0,,106317.0,100000.0,,100000.0
67,Statement 4D,8.   Other Transfer,,,,0.02,,0.02,25058.0,,25058.0,0.03,,0.03
67,Statement 4D,Demand No. 40,21136.72,4060.87,25197.59,41070.0,9452.65,50522.65,9680.0,14968.23,24648.23,59290.77,13168.23,72459.0
67,Statement 4D,9. Additional Central Assistance for Externally Aided,,4060.87,4060.87,,9452.65,9452.65,,2968.23,2968.23,,3168.23,3168.23
67,Statement 4D,10. Additional Central Assistance for Externally Aided,2701.88,,2701.88,4000.0,,4000.0,2500.0,,2500.0,3000.0,,3000.0
67,Statement 4D,11. Other Transfer,402.64,,402.64,,,,,,,,,
67,Statement 4D,12.   Assistance to States from National Disaster,16408.5,,16408.5,22070.0,,22070.0,4180.0,,4180.0,6290.77,,6290.77
67,Statement 4D,13.   Special Assistance,1623.7,,1623.7,15000.0,,15000.0,3000.0,,3000.0,15000.0,,15000.0
67,Statement 4D,14.   Special Assistance as Loan to States for Capital,,,,,,,,12000.0,12000.0,,10000.0,10000.0
67,Statement 4D,15.   Support for COVID-19 Vaccination,,,,,,,,,,35000.0,,35000.0
67,Statement 4D,Demand No. 48,11770.77,,11770.77,73.01,,73.01,110.33,,110.33,48.03,,48.03
67,Statement 4D,16. Other Transfer,11770.77,,11770.77,73.01,,73.01,110.33,,110.33,48.03,,48.03
68,Statement 4D,Demand No. 50,-579.45,-1.55,-581.0,,,,,,,,,
68,Statement 4D,17. Other Transfer,-579.45,-1.55,-581.0,,,,,,,,,
68,Statement 4D,Demand No. 56,797.0,225.0,1022.0,966.0,150.0,1116.0,1115.99,0.01,1116.0,957.5,0.01,957.51
68,Statement 4D,18. Other Transfer,325.0,225.0,550.0,340.0,150.0,490.0,489.99,0.01,490.0,331.5,0.01,331.51
68,Statement 4D,19.   Central Assistance to Union Territories,472.0,,472.0,626.0,,626.0,626.0,,626.0,626.0,,626.0
68,Statement 4D,Demand No. 57,,,,30757.0,,30757.0,30757.0,,30757.0,30757.0,,30757.0
68,Statement 4D,20. Central Assistance to Union Territories,,,,30478.0,,30478.0,30478.0,,30478.0,30478.0,,30478.0
68,Statement 4D,21.   Other Transfer,,,,279.0,,279.0,279.0,,279.0,279.0,,279.0
68,Statement 4D,Demand No. 58,1600.99,,1600.99,1703.01,0.01,1703.02,1703.01,0.01,1703.02,1729.78,0.01,1729.79
68,Statement 4D,22. Other Transfer,61.01,,61.01,5.01,0.01,5.02,5.01,0.01,5.02,5.01,0.01,5.02
68,Statement 4D,23.   Central Assistance to Union Territories,1539.98,,1539.98,1698.0,,1698.0,1698.0,,1698.0,1724.77,,1724.77
68,Statement 4D,Demand No. 64,1378.48,24.97,1403.45,487.0,150.0,637.0,73.5,150.0,223.5,169.3,1000.0,1169.3
68,Statement 4D,24. Other Transfer,1378.48,,1378.48,437.0,,437.0,68.5,,68.5,164.3,,164.3
68,Statement 4D,25.   EVMs for Election Commission,,24.97,24.97,50.0,150.0,200.0,5.0,150.0,155.0,5.0,1000.0,1005.0
68,Statement 4D,Demand No. 99,2662.53,,2662.53,1350.01,,1350.01,800.0,,800.0,1350.01,,1350.01
68,Statement 4D,26. Other Transfer,,,,0.01,,0.01,,,,0.01,,0.01
68,Statement 4D,27.   Grants under proviso to Article 275(1) of the,2662.53,,2662.53,1350.0,,1350.0,800.0,,800.0,1350.0,,1350.0
68,Statement 4D,Grand Total,194397.53,4309.29,198706.82,213674.08,9752.66,223426.74,175963.34,15191.95,191155.29,194312.42,14171.75,208484.17
69,Statement 5,1. Ministry of Agriculture and Farmers' Welfare,49.76,,49.76,147.15,,147.15,165.96,,165.96,349.53,,349.53
69,Statement 5,"1. Department of Agriculture, Cooperation and",49.76,,49.76,147.15,,147.15,165.96,,165.96,349.53,,349.53
69,Statement 5,"2. Ministry of Ayurveda, Yoga and Naturopathy, Unani, Siddha",2.38,,2.38,9.0,,9.0,23.33,,23.33,25.0,,25.0
69,Statement 5,"2. Ministry of Ayurveda, Yoga and Naturopathy,",2.38,,2.38,9.0,,9.0,23.33,,23.33,25.0,,25.0
69,Statement 5,3. Ministry of Education,1122.62,,1122.62,1558.43,,1558.43,775.85,,775.85,1416.01,,1416.01
69,Statement 5,3. Department of School Education and Literacy,1120.58,,1120.58,1518.43,,1518.43,770.85,,770.85,1316.01,,1316.01
69,Statement 5,4.   Department of Higher Education,2.04,,2.04,40.0,,40.0,5.0,,5.0,100.0,,100.0
69,Statement 5,"4. Ministry of Environment, Forests and Climate Change",0.5,,0.5,1.5,,1.5,0.5,,0.5,3.65,,3.65
69,Statement 5,"5. Ministry of Environment, Forests and Climate",0.5,,0.5,1.5,,1.5,0.5,,0.5,3.65,,3.65
69,Statement 5,5. Ministry of Finance,10013.29,,10013.29,7928.01,,7928.01,9723.54,,9723.54,7000.01,,7000.01
69,Statement 5,6. Department of Revenue,10013.29,,10013.29,7928.01,,7928.01,9723.54,,9723.54,7000.01,,7000.01
69,Statement 5,"6. Ministry of Fisheries, Animal Husbandry and Dairying",12.27,,12.27,120.97,,120.97,92.5,,92.5,185.53,,185.53
69,Statement 5,7. Department of Fisheries,11.62,,11.62,47.0,,47.0,53.42,,53.42,55.0,,55.0
69,Statement 5,8.   Department of Animal Husbandry and Dairying,0.65,,0.65,73.97,,73.97,39.08,,39.08,130.53,,130.53
69,Statement 5,7. Ministry of Food Processing Industries,,,,,,,0.81,,0.81,2.5,,2.5
69,Statement 5,9. Ministry of Food Processing Industries,,,,,,,0.81,,0.81,2.5,,2.5
69,Statement 5,8. Ministry of Health and Family Welfare,429.52,,429.52,863.56,,863.56,2135.49,,2135.49,1100.5,,1100.5
69,Statement 5,10. Department of Health and Family Welfare,429.52,,429.52,863.56,,863.56,2135.49,,2135.49,1100.5,,1100.5
69,Statement 5,9. Ministry of Home Affairs,15156.39,225.0,15381.39,34156.09,150.01,34306.1,34297.61,0.02,34297.63,34158.28,0.02,34158.3
69,Statement 5,11. Ministry of Home Affairs,11728.91,,11728.91,13.73,,13.73,6.26,,6.26,10.64,,10.64
69,Statement 5,12.   Police,1029.49,,1029.49,716.35,,716.35,715.35,,715.35,703.36,,703.36
69,Statement 5,13.   Transfers to Delhi,797.0,225.0,1022.0,966.0,150.0,1116.0,1115.99,0.01,1116.0,957.5,0.01,957.51
69,Statement 5,14.   Transfers to Jammu and Kashmir,,,,30757.0,,30757.0,30757.0,,30757.0,30757.0,,30757.0
69,Statement 5,15.   Transfers to Puducherry,1600.99,,1600.99,1703.01,0.01,1703.02,1703.01,0.01,1703.02,1729.78,0.01,1729.79
69,Statement 5,10. Ministry of Housing and Urban Affairs,184.93,,184.93,482.02,,482.02,297.57,,297.57,783.01,,783.01
69,Statement 5,16. Ministry of Housing and Urban Affairs,184.93,,184.93,482.02,,482.02,297.57,,297.57,783.01,,783.01
69,Statement 5,11. Ministry of Jal Shakti,50.95,,50.95,424.14,,424.14,410.1,,410.1,908.75,,908.75
69,Statement 5,"17. Department of Water Resources, River",48.95,,48.95,21.2,,21.2,130.32,,130.32,190.75,,190.75
70,Statement 5,18.   Department of Drinking Water and Sanitation,2.0,,2.0,402.94,,402.94,279.78,,279.78,718.0,,718.0
70,Statement 5,12. Ministry of Labour and Employment,0.21,,0.21,0.3,,0.3,0.64,,0.64,1.0,,1.0
70,Statement 5,19. Ministry of Labour and Employment,0.21,,0.21,0.3,,0.3,0.64,,0.64,1.0,,1.0
70,Statement 5,13. Ministry of Law and Justice,56.83,,56.83,50.0,,50.0,50.0,,50.0,60.0,,60.0
70,Statement 5,20. Law and Justice,56.83,,56.83,50.0,,50.0,50.0,,50.0,60.0,,60.0
70,Statement 5,14. Ministry of Minority Affairs,,,,5.55,,5.55,5.55,,5.55,5.8,,5.8
70,Statement 5,21. Ministry of Minority Affairs,,,,5.55,,5.55,5.55,,5.55,5.8,,5.8
70,Statement 5,15. Ministry of Panchayati Raj,3.42,,3.42,25.0,,25.0,25.0,,25.0,40.0,,40.0
70,Statement 5,22. Ministry of Panchayati Raj,3.42,,3.42,25.0,,25.0,25.0,,25.0,40.0,,40.0
70,Statement 5,16. Ministry of Road Transport and Highways,217.85,,217.85,285.35,,285.35,137.13,,137.13,137.13,,137.13
70,Statement 5,23. Ministry of Road Transport and Highways,217.85,,217.85,285.35,,285.35,137.13,,137.13,137.13,,137.13
70,Statement 5,17. Ministry of Rural Development,454.17,,454.17,834.71,,834.71,2080.83,,2080.83,1607.79,,1607.79
70,Statement 5,24. Department of Rural Development,454.17,,454.17,834.71,,834.71,2080.82,,2080.82,1557.79,,1557.79
70,Statement 5,25.   Department of Land Resources,,,,,,,0.01,,0.01,50.0,,50.0
70,Statement 5,18. Ministry of Skill Development and Entrepreneurship,7.93,,7.93,29.6,,29.6,13.92,,13.92,19.6,,19.6
70,Statement 5,26. Ministry of Skill Development and Entrepreneurship,7.93,,7.93,29.6,,29.6,13.92,,13.92,19.6,,19.6
70,Statement 5,19. Ministry of Social Justice and Empowerment,12.92,,12.92,35.63,,35.63,22.13,,22.13,47.13,,47.13
70,Statement 5,27. Department of Social Justice and Empowerment,12.62,,12.62,35.6,,35.6,22.1,,22.1,47.1,,47.1
70,Statement 5,28.    Department of Empowerment of Persons with,0.3,,0.3,0.03,,0.03,0.03,,0.03,0.03,,0.03
70,Statement 5,20. Ministry of Tribal Affairs,,,,51.01,,51.01,9.25,,9.25,51.01,,51.01
70,Statement 5,29. Ministry of Tribal Affairs,,,,51.01,,51.01,9.25,,9.25,51.01,,51.01
70,Statement 5,21. Ministry of Women and Child Development,160.19,,160.19,249.63,,249.63,695.55,,695.55,783.82,,783.82
70,Statement 5,30. Ministry of Women and Child Development,160.19,,160.19,249.63,,249.63,695.55,,695.55,783.82,,783.82
70,Statement 5,Grand Total,27936.13,225.0,28161.13,47257.65,150.01,47407.66,50963.26,0.02,50963.28,48686.05,0.02,48686.07
89,Statement 8,Department of Atomic Energy,7251.45,3577.6,3673.85,7035.82,6812.92,222.9,7735.82,6812.92,922.9,7321.63,7896.91,-575.28
89,Statement 8,Atomic Energy,7251.45,3577.6,3673.85,7035.82,6812.92,222.9,7735.82,6812.92,922.9,7321.63,7896.91,-575.28
89,Statement 8,1. Fuel Fabrication Facilities,2633.95,1662.51,971.44,2684.82,2977.95,-293.13,3384.82,2977.95,406.87,2920.63,3693.36,-772.73
89,Statement 8,2.   Fuel Inventory,3317.5,615.09,2702.41,3051.0,2534.97,516.03,3051.0,2534.97,516.03,2951.0,2753.55,197.45
89,Statement 8,3.   Heavy Water Pool Management,1300.0,1300.0,,1300.0,1300.0,,1300.0,1300.0,,1450.0,1450.0,
89,Statement 8,Ministry of Communications,28232.71,13558.2,14674.51,32628.2,18710.05,13918.15,31051.2,12330.05,18721.15,32969.3,17710.05,15259.25
89,Statement 8,Department of Posts,28232.71,13558.2,14674.51,32628.2,18710.05,13918.15,31051.2,12330.05,18721.15,32969.3,17710.05,15259.25
89,Statement 8,4. Postal Deficit,28232.71,13558.2,14674.51,32628.2,18710.05,13918.15,31051.2,12330.05,18721.15,32969.3,17710.05,15259.25
89,Statement 8,Ministry of Defence,19341.9,17812.01,1529.89,20098.5,20208.0,-109.5,18000.0,18100.0,-100.0,19800.0,19900.0,-100.0
89,Statement 8,Ministry of Defence (Civil),19341.9,17812.01,1529.89,20098.5,20208.0,-109.5,18000.0,18100.0,-100.0,19800.0,19900.0,-100.0
89,Statement 8,5. Canteen Stores Department,19341.9,17812.01,1529.89,20098.5,20208.0,-109.5,18000.0,18100.0,-100.0,19800.0,19900.0,-100.0
89,Statement 8,Ministry of Finance,311.57,195.27,116.3,286.41,150.0,136.41,204.31,200.0,4.31,281.83,200.0,81.83
89,Statement 8,Department of Revenue,311.57,195.27,116.3,286.41,150.0,136.41,204.31,200.0,4.31,281.83,200.0,81.83
89,Statement 8,6. Opium and Alkaloid Factories,311.57,195.27,116.3,286.41,150.0,136.41,204.31,200.0,4.31,281.83,200.0,81.83
89,Statement 8,"Ministry of Fisheries, Animal Husbandry and Dairying",377.34,354.76,22.58,380.47,415.0,-34.53,349.5,361.5,-12.0,457.0,498.0,-41.0
89,Statement 8,Department of Animal Husbandry and Dairying,377.34,354.76,22.58,380.47,415.0,-34.53,349.5,361.5,-12.0,457.0,498.0,-41.0
89,Statement 8,7. Delhi Milk Scheme,377.34,354.76,22.58,380.47,415.0,-34.53,349.5,361.5,-12.0,457.0,498.0,-41.0
89,Statement 8,"Ministry of Ports, Shipping and Waterways",289.77,316.95,-27.18,320.0,320.0,,350.0,350.0,,340.0,340.0,
89,Statement 8,"Ministry of Ports, Shipping and Waterways",289.77,316.95,-27.18,320.0,320.0,,350.0,350.0,,340.0,340.0,
89,Statement 8,8. Light Houses and Light Ships,289.77,316.95,-27.18,320.0,320.0,,350.0,350.0,,340.0,340.0,
89,Statement 8,Ministry of Railways,174697.69,174694.69,3.0,225913.01,225913.0,0.01,146609.01,146609.0,0.01,217460.01,217460.0,0.01
89,Statement 8,Ministry of Railways,174697.69,174694.69,3.0,225913.01,225913.0,0.01,146609.01,146609.0,0.01,217460.01,217460.0,0.01
89,Statement 8,9. Indian Railways,174697.69,174694.69,3.0,225913.01,225913.0,0.01,146609.01,146609.0,0.01,217460.01,217460.0,0.01
89,Statement 8,Grand Total,230502.43,210509.48,19992.95,286662.41,272528.97,14133.44,204299.84,184763.47,19536.37,278629.77,264004.96,14624.81
94,Statement 10A,Demand No. 1,12698.33,,12698.33,22212.43,,22212.43,19289.04,,19289.04,20322.89,,20322.89
94,Statement 10A,1. National Food Security Mission,213.48,,213.48,343.08,,343.08,304.91,,304.91,378.2,,378.2
94,Statement 10A,2.   Organic Value Chain Development for North East,2.51,,2.51,29.01,,29.01,29.01,,29.01,29.01,,29.01
94,Statement 10A,3.   National Project on Soil Health and Fertility,16.76,,16.76,53.25,,53.25,28.0,,28.0,53.25,,53.25
94,Statement 10A,4.   Rainfed Area Development and Climate Change,30.63,,30.63,33.5,,33.5,23.24,,23.24,32.5,,32.5
94,Statement 10A,5.   Paramparagat Krishi Vikas Yojana,46.86,,46.86,91.3,,91.3,70.3,,70.3,71.3,,71.3
94,Statement 10A,6.   National Project on Agro- Forestry,4.22,,4.22,6.02,,6.02,5.02,,5.02,6.02,,6.02
94,Statement 10A,7.   National Mission on Horticulture,155.19,,155.19,356.22,,356.22,260.25,,260.25,374.04,,374.04
94,Statement 10A,8.   Sub- Mission on Seed and Planting Material,20.44,,20.44,62.77,,62.77,36.94,,36.94,63.5,,63.5
94,Statement 10A,9.   Sub - Mission on Agriculture Extension,139.48,,139.48,199.28,,199.28,149.84,,149.84,199.2,,199.2
94,Statement 10A,10.   Information Technology,3.74,,3.74,3.66,,3.66,3.66,,3.66,4.54,,4.54
94,Statement 10A,11.   Sub- Mission on Agriculture Mechanisation,161.35,,161.35,166.21,,166.21,171.0,,171.0,182.6,,182.6
94,Statement 10A,12.   Integrated Scheme on Agricultural Cooperation,18.66,,18.66,66.4,,66.4,53.4,,53.4,62.64,,62.64
94,Statement 10A,13.01   Integrated Scheme on Agriculture,24.89,,24.89,82.65,,82.65,40.65,,40.65,82.65,,82.65
94,Statement 10A,14.   Market Intervention Scheme and Price Support,,,,332.0,,332.0,166.0,,166.0,249.0,,249.0
94,Statement 10A,15.01   Pradhan Mantri Fasal Bima Yojana,2141.25,,2141.25,2605.37,,2605.37,2599.07,,2599.07,2666.94,,2666.94
94,Statement 10A,16.01   Interest Subsidy for Short Term Credit to,2695.1,,2695.1,3552.69,,3552.69,3314.66,,3314.66,3301.53,,3301.53
94,Statement 10A,17.   Pradhan Mantri Krishi Sinchai Yojana (PMKSY)-,401.78,,401.78,650.97,,650.97,537.69,,537.69,664.0,,664.0
94,Statement 10A,18.   Rashtriya Krishi Vikas Yojna,524.74,,524.74,613.4,,613.4,410.08,,410.08,631.92,,631.92
94,Statement 10A,19.   Pradhan Mantri Kisan Man Dhan Yojana,,,,36.52,,36.52,,,,,,
94,Statement 10A,20.   Pradhan Mantri Kisan Samman Nidhi (PM-Kisan),5865.7,,5865.7,12597.48,,12597.48,10790.0,,10790.0,10790.0,,10790.0
95,Statement 10A,"21.   Formation and Promotion of 10,000 Farmer",,,,,,,,,,83.0,,83.0
95,Statement 10A,22.   National Bamboo Mission,9.04,,9.04,15.25,,15.25,15.25,,15.25,15.25,,15.25
95,Statement 10A,23.   Pradhan Mantri Annadata Aay Sanrakshan Yojna,,,,83.0,,83.0,49.8,,49.8,66.4,,66.4
95,Statement 10A,24.   Promotion of Agricultural Mechanization for in-situ,99.6,,99.6,99.6,,99.6,99.6,,99.6,116.2,,116.2
95,Statement 10A,25.   Distribution of Pulses to State / Union Territories for,122.91,,122.91,132.8,,132.8,99.6,,99.6,49.8,,49.8
95,Statement 10A,26.   Agriculture Infrastructure Fund (AIF),,,,,,,31.07,,31.07,149.4,,149.4
95,Statement 10A,Demand No. 2,193.08,,193.08,207.42,,207.42,173.46,,173.46,223.0,,223.0
95,Statement 10A,27. Agricultural Engineering,5.31,,5.31,5.81,,5.81,2.47,,2.47,5.4,,5.4
95,Statement 10A,28.   Natural Resource Management Institutes including,13.18,,13.18,14.46,,14.46,14.38,,14.38,15.7,,15.7
95,Statement 10A,29.   Climate Resilient Agriculture Initiative,3.7,,3.7,4.3,,4.3,4.12,,4.12,4.6,,4.6
95,Statement 10A,30.   Crop Science,52.71,,52.71,59.38,,59.38,51.08,,51.08,56.4,,56.4
95,Statement 10A,31.   Horticultural Science,14.4,,14.4,16.1,,16.1,15.1,,15.1,16.6,,16.6
95,Statement 10A,32.   Animal Science,25.81,,25.81,27.39,,27.39,22.68,,22.68,25.0,,25.0
95,Statement 10A,33.   Fisheries Science,11.82,,11.82,12.95,,12.95,11.73,,11.73,13.3,,13.3
95,Statement 10A,34.   Agricultural Extension,18.36,,18.36,20.13,,20.13,19.71,,19.71,54.0,,54.0
95,Statement 10A,35.   Agricultural Universities and Institutions,45.32,,45.32,44.41,,44.41,29.7,,29.7,29.5,,29.5
95,Statement 10A,36.   Economic Statistics and Management,2.47,,2.47,2.49,,2.49,2.49,,2.49,2.5,,2.5
95,Statement 10A,Demand No. 4,55.97,,55.97,71.0,,71.0,71.0,,71.0,71.0,,71.0
95,Statement 10A,37. Central Council for Research in Ayurvedic Sciences,8.0,,8.0,8.0,,8.0,8.0,,8.0,10.0,,10.0
95,Statement 10A,38.   Central Council for Research in Homeopathy,1.0,,1.0,2.0,,2.0,2.0,,2.0,3.0,,3.0
95,Statement 10A,39.   Central Council for Research in Unani Medicine,3.0,,3.0,3.0,,3.0,3.0,,3.0,4.0,,4.0
95,Statement 10A,40.   National Medicinal Plants Board,0.97,,0.97,1.0,,1.0,1.0,,1.0,1.0,,1.0
95,Statement 10A,41.   National AYUSH Misson,42.0,,42.0,56.0,,56.0,56.0,,56.0,51.0,,51.0
96,Statement 10A,42.01  Support from Gross Budgetary Support,1.0,,1.0,1.0,,1.0,1.0,,1.0,1.0,,1.0
96,Statement 10A,43.   Pradhan Mantri VRIKSH AYUSH Yojana,,,,,,,,,,1.0,,1.0
96,Statement 10A,Demand No. 6,,,,,,,,,,6934.5,,6934.5
96,Statement 10A,44.01   Payment for Import of Urea,,,,,,,,,,1622.65,,1622.65
96,Statement 10A,44.02   Payment for Indigenous Urea,,,,,,,,,,3588.61,,3588.61
96,Statement 10A,Total- Urea Subsidy,,,,,,,,,,5211.26,,5211.26
96,Statement 10A,45.01   Payment for Indigenous P and K,,,,,,,,,,1034.18,,1034.18
96,Statement 10A,45.02   Payment for Imported P and K Fertilizers,,,,,,,,,,685.58,,685.58
96,Statement 10A,45.03   Payment for City Compost,,,,,,,,,,3.48,,3.48
96,Statement 10A,Total- Nutrient Based Subsidy,,,,,,,,,,1723.24,,1723.24
96,Statement 10A,Demand No. 7,,,,,,,34.62,,34.62,32.0,,32.0
96,Statement 10A,46. Jan Aushadhi Scheme,,,,,,,7.38,,7.38,4.0,,4.0
96,Statement 10A,47.   National Institutes of Pharmaceutical Education and,,,,,,,27.24,,27.24,28.0,,28.0
96,Statement 10A,Demand No. 9,13.88,,13.88,68.06,,68.06,49.14,,49.14,34.85,,34.85
96,Statement 10A,48. Research and Development,,,,2.08,,2.08,1.0,,1.0,1.49,,1.49
96,Statement 10A,"49.   Conservation, Safety and Infrastructure",13.88,,13.88,7.88,,7.88,7.88,,7.88,5.97,,5.97
96,Statement 10A,50.   Exploration of Coal and Lignite,,,,58.1,,58.1,40.26,,40.26,27.39,,27.39
96,Statement 10A,Demand No. 10,24.99,,24.99,25.0,,25.0,19.0,,19.0,25.0,,25.0
96,Statement 10A,51. Marine Product Export Development Authority,8.96,,8.96,7.99,,7.99,7.99,,7.99,7.99,,7.99
96,Statement 10A,52. Tea Board,5.42,,5.42,5.42,,5.42,2.71,,2.71,5.42,,5.42
96,Statement 10A,53.   Coffee Board,1.32,,1.32,3.3,,3.3,3.3,,3.3,3.3,,3.3
96,Statement 10A,54.   Rubber Board,4.29,,4.29,4.29,,4.29,2.0,,2.0,4.29,,4.29
96,Statement 10A,55.   Spices Board,5.0,,5.0,4.0,,4.0,3.0,,3.0,4.0,,4.0
97,Statement 10A,Demand No. 13,22.66,,22.66,690.81,,690.81,622.99,,622.99,774.3,,774.3
97,Statement 10A,56. Centre for Development of Telematics (C-DoT),22.66,,22.66,26.81,,26.81,25.39,,25.39,27.3,,27.3
97,Statement 10A,57.01 Bharatnet,,,,498.0,,498.0,456.5,,456.5,581.0,,581.0
97,Statement 10A,57.02  Compensation to Telecom Service,,,,166.0,,166.0,141.1,,141.1,166.0,,166.0
97,Statement 10A,Total- Compensation to Service Providers for creation,,,,664.0,,664.0,597.6,,597.6,747.0,,747.0
97,Statement 10A,Demand No. 14,4.0,,4.0,4.98,,4.98,4.98,,4.98,3.7,,3.7
97,Statement 10A,58. Consumer Awareness (Advertising and Publicity),4.0,,4.0,4.98,,4.98,4.98,,4.98,3.7,,3.7
97,Statement 10A,Demand No. 15,,,,,,,10464.39,,10464.39,20869.82,4.98,20874.8
97,Statement 10A,59. Assistance to State Agencies for intra-state,,,,,,,,,,332.0,,332.0
97,Statement 10A,60. Integrated Management of Public Distribution,,,,,,,,,,2.07,,2.07
97,Statement 10A,61. Food Subsidy to Food Corporation of India under,,,,,,,10464.39,,10464.39,17191.0,,17191.0
97,Statement 10A,62. Food Subsidy for Decentralized Procurement of,,,,,,,,,,3320.0,,3320.0
97,Statement 10A,63. Fortification of Rice and its Distribution under Public,,,,,,,,,,5.81,,5.81
97,Statement 10A,64. Sugar Subsidy payable under Public Distribution,,,,,,,,,,18.26,,18.26
97,Statement 10A,65. Strengthening of PDS Operations,,,,,,,,,,0.68,,0.68
97,Statement 10A,66.   Storage and Godowns,,,,,,,,,,,4.98,4.98
97,Statement 10A,Demand No. 17,10.83,,10.83,48.0,,48.0,32.6,,32.6,37.78,,37.78
97,Statement 10A,"67. Centenaries and Anniversaries, Celebrations and",,,,12.0,,12.0,7.2,,7.2,4.4,,4.4
97,Statement 10A,68. Kala Sanskriti Vikas Yojana,10.83,,10.83,22.68,,22.68,19.2,,19.2,23.75,,23.75
97,Statement 10A,69.   Development of Museums,,,,13.1,,13.1,6.2,,6.2,9.6,,9.6
97,Statement 10A,70.   National Mission for Preservation of Manuscripts,,,,0.2,,0.2,,,,0.01,,0.01
98,Statement 10A,71.   Development of Libraries and Archives,,,,0.02,,0.02,,,,0.02,,0.02
98,Statement 10A,Demand No. 22,198.17,,198.17,251.3,,251.3,152.99,,152.99,218.91,,218.91
98,Statement 10A,72. Schemes of North East Council,4.47,,4.47,40.0,,40.0,17.46,,17.46,25.0,,25.0
98,Statement 10A,73.   Schemes of North East Council - Special,30.0,,30.0,30.0,,30.0,47.29,,47.29,20.0,,20.0
98,Statement 10A,74.   Central Pool of Resources for North East and,77.5,,77.5,70.0,,70.0,40.24,,40.24,68.91,,68.91
98,Statement 10A,75.01 NESIDS Programme,86.2,,86.2,111.3,,111.3,48.0,,48.0,105.0,,105.0
98,Statement 10A,Demand No. 24,8771.81,,8771.81,10270.0,,10270.0,8987.04,,8987.04,9420.68,,9420.68
98,Statement 10A,76. National Means cum Merit Scholarship Scheme,67.77,,67.77,75.0,,75.0,65.0,,65.0,,,
98,Statement 10A,76.02    Support for National Means cum Merit,,,,,,,,,,63.5,,63.5
98,Statement 10A,Total- National Means cum Merit Scholarship Scheme,67.77,,67.77,75.0,,75.0,65.0,,65.0,63.5,,63.5
98,Statement 10A,77.   National Scheme for Incentive to Girl Child for,8.44,,8.44,50.0,,50.0,,,,,,
98,Statement 10A,78.01   Appointment of Language Teachers,,,,20.0,,20.0,5.0,,5.0,,,
98,Statement 10A,78.02   Padhna Likhna Abhiyan,,,,2.0,,2.0,17.57,,17.57,47.13,,47.13
98,Statement 10A,Total- Teachers Training and Adult Education,,,,22.0,,22.0,22.57,,22.57,47.13,,47.13
98,Statement 10A,79.01   Support from Gross Budgetary Support,134.36,,134.36,438.7,,438.7,223.06,,223.06,,,
98,Statement 10A,79.02   Support from Prarambhik Shiksha Kosh,1716.99,,1716.99,1761.3,,1761.3,2331.94,,2331.94,,,
98,Statement 10A,79.03    Support for National Programme of Mid,,,,,,,,,,2305.0,,2305.0
98,Statement 10A,Total- National Programme of Mid Day Meal in Schools,1851.35,,1851.35,2200.0,,2200.0,2555.0,,2555.0,2305.0,,2305.0
98,Statement 10A,80.01   Support from Gross Budgetary Support,296.08,,296.08,,,,40.0,,40.0,,,
98,Statement 10A,80.02   Support from Central Roads &,241.53,,241.53,40.0,,40.0,,,,,,
98,Statement 10A,80.03   Support for Kendriya Vidyalaya,,,,,,,,,,104.0,,104.0
99,Statement 10A,80.04 Support from Madhyamik and Uchhatar,,,,,,,472.32,,472.32,,,
99,Statement 10A,Total- Kendriya Vidyalaya Sangathan (KVS),537.61,,537.61,40.0,,40.0,512.32,,512.32,104.0,,104.0
99,Statement 10A,81.01   Support from Gross Budgetary Support,44.42,,44.42,,,,100.0,,100.0,,,
99,Statement 10A,81.02   Support from CRIF,403.67,,403.67,100.0,,100.0,,,,,,
99,Statement 10A,81.03   Support for Navodaya Vidyalaya Samiti,,,,,,,,,,569.0,,569.0
99,Statement 10A,Total- Navodaya Vidyalaya Samiti (NVS),448.09,,448.09,100.0,,100.0,100.0,,100.0,569.0,,569.0
99,Statement 10A,82.01   Support from Gross Budgetary Support,1703.4,,1703.4,1755.0,,1755.0,158.88,,158.88,,,
99,Statement 10A,82.02   Support from Prarambhik Shiksha Kosh,3534.55,,3534.55,4920.0,,4920.0,4913.59,,4913.59,,,
99,Statement 10A,82.03   Support from Madhyamik and Uchhatar,620.6,,620.6,1108.0,,1108.0,635.68,,635.68,,,
99,Statement 10A,82.04   Support for Samagra Shiksha,,,,,,,,,,6232.05,,6232.05
99,Statement 10A,Total- Samagra Shiksha,5858.55,,5858.55,7783.0,,7783.0,5708.15,,5708.15,6232.05,,6232.05
99,Statement 10A,83.  Strengthening Teaching-Learning and Results for,,,,,,,24.0,,24.0,100.0,,100.0
99,Statement 10A,Demand No. 25,2936.95,,2936.95,3210.0,,3210.0,2541.37,,2541.37,3843.0,,3843.0
99,Statement 10A,84.01   Support from Gross Budgetary Support,29.04,,29.04,83.0,,83.0,304.6,,304.6,310.0,,310.0
99,Statement 10A,85.   Prime Minister's Girls' Hostel,0.49,,0.49,2.0,,2.0,2.0,,2.0,2.0,,2.0
99,Statement 10A,86.01  Support from Gross Budgetary Support,,,,4.0,,4.0,0.39,,0.39,4.0,,4.0
99,Statement 10A,87.01   Support from Gross Budgetary Support,0.04,,0.04,4.0,,4.0,0.34,,0.34,4.0,,4.0
99,Statement 10A,88.   Grants to Central Universities (CUs),554.43,,554.43,481.0,,481.0,545.54,,545.54,481.0,,481.0
99,Statement 10A,89.   Improvement in Salary Scale of University and,348.0,,348.0,342.0,,342.0,63.12,,63.12,1.8,,1.8
100,Statement 10A,90.   Pandit Madan Mohan Malviya National Mission on,17.31,,17.31,8.3,,8.3,8.3,,8.3,15.0,,15.0
100,Statement 10A,91.   Programme for Apprenticeship Training,28.64,,28.64,30.0,,30.0,30.0,,30.0,85.0,,85.0
100,Statement 10A,92.   Global Initiative for Academic Network (GIAN),2.5,,2.5,2.5,,2.5,1.5,,1.5,1.7,,1.7
100,Statement 10A,93.   National Institutional Ranking Framework,0.35,,0.35,0.3,,0.3,0.5,,0.5,0.5,,0.5
100,Statement 10A,94.01   Support from Gross Budgetary Support,35.33,,35.33,36.0,,36.0,38.32,,38.32,38.0,,38.0
100,Statement 10A,95.   Indira Gandhi National Open University (IGNOU),10.14,,10.14,11.0,,11.0,10.4,,10.4,8.0,,8.0
100,Statement 10A,96.01 Support from Gross Budgetary Support,185.6,,185.6,32.3,,32.3,36.6,,36.6,4.5,,4.5
100,Statement 10A,96.02 Support from National Investment Fund,,,,107.7,,107.7,107.7,,107.7,,,
100,Statement 10A,Total- Technical Education Quality Improvement,185.6,,185.6,140.0,,140.0,144.3,,144.3,4.5,,4.5
100,Statement 10A,97.01    Support from Gross Budgetary Support,2.6,,2.6,20.0,,20.0,19.9,,19.9,40.0,,40.0
100,Statement 10A,97.02     Support from Madhyamik and Uchhatar,28.0,,28.0,,,,,,,,,
100,Statement 10A,Total- All India Council for Technical Education(AICTE),30.6,,30.6,20.0,,20.0,19.9,,19.9,40.0,,40.0
100,Statement 10A,98.   Interest Subsidy and contribution for Guarantee,94.52,,94.52,260.0,,260.0,,,,260.0,,260.0
100,Statement 10A,99.   Scholarship for College and University students,39.65,,39.65,15.0,,15.0,21.1,,21.1,23.0,,23.0
100,Statement 10A,100.   National Mission in Education Through ICT,14.24,,14.24,14.0,,14.0,7.01,,7.01,25.0,,25.0
100,Statement 10A,101.   Setting up of virtual classrooms and massive open,17.2,,17.2,12.6,,12.6,17.6,,17.6,34.0,,34.0
100,Statement 10A,102.   e-shodh Sindhu,36.46,,36.46,40.0,,40.0,25.58,,25.58,25.0,,25.0
100,Statement 10A,103.   National Digital Library,4.0,,4.0,2.5,,2.5,1.6,,1.6,4.0,,4.0
100,Statement 10A,104.   Directorate of Hindi,0.13,,0.13,3.0,,3.0,0.9,,0.9,1.9,,1.9
100,Statement 10A,105.   Commission for Scientific and Technical,0.65,,0.65,0.8,,0.8,0.8,,0.8,0.8,,0.8
100,Statement 10A,106.   PM Research Fellowship,3.96,,3.96,8.3,,8.3,13.14,,13.14,25.0,,25.0
101,Statement 10A,107.   National Academic Depository,,,,2.0,,2.0,,,,0.2,,0.2
101,Statement 10A,108.   Rashtriya Uchhatar Shiksha Abhiyan (RUSA),256.1,,256.1,50.0,,50.0,28.5,,28.5,610.2,,610.2
101,Statement 10A,109.   Training and Research in Frontier Areas,1.43,,1.43,,,,1.0,,1.0,,,
101,Statement 10A,110.   National Inititative for Design Innovation,2.16,,2.16,6.0,,6.0,6.0,,6.0,6.0,,6.0
101,Statement 10A,111.   Startup India Initiative in Higher Educational,12.0,,12.0,16.6,,16.6,27.85,,27.85,16.6,,16.6
101,Statement 10A,112.   Unnat Bharat Abhiyan,1.25,,1.25,5.5,,5.5,0.9,,0.9,0.9,,0.9
101,Statement 10A,113.   Implementation of the IMPRINT Research Initiative,7.9,,7.9,8.0,,8.0,8.0,,8.0,4.0,,4.0
101,Statement 10A,114.   University Grants Commission (UGC),298.47,,298.47,290.0,,290.0,279.45,,279.45,780.0,,780.0
101,Statement 10A,115.   Support to Indian Institutes of Technology,386.09,,386.09,450.0,,450.0,409.17,,409.17,455.0,,455.0
101,Statement 10A,"116.   IIT, Hyderabad (EAP)",15.65,,15.65,9.0,,9.0,13.5,,13.5,9.0,,9.0
101,Statement 10A,117.01     Support from Gross Budgetary Support,36.31,,36.31,30.0,,30.0,31.7,,31.7,30.0,,30.0
101,Statement 10A,118.01 Support from Gross Budgetary Support,52.49,,52.49,55.0,,55.0,74.95,,74.95,60.0,,60.0
101,Statement 10A,119.01 Support from Gross Budgetary Support,13.79,,13.79,16.0,,16.0,14.2,,14.2,16.0,,16.0
101,Statement 10A,120.   Setting up Indian Institutes of Information,9.8,,9.8,10.0,,10.0,10.0,,10.0,10.0,,10.0
101,Statement 10A,121.   Education Quality Upgradation and Inclusion,,,,308.0,,308.0,,,,,,
101,Statement 10A,122.01    Support from Gross Budgetary Support,6.35,,6.35,17.2,,17.2,6.25,,6.25,11.0,,11.0
101,Statement 10A,123.   Special Scholarship Scheme for Jammu and,,,,25.0,,25.0,25.0,,25.0,25.0,,25.0
101,Statement 10A,124.01 Support from Gross Budgetary Support,29.96,,29.96,30.5,,30.5,28.4,,28.4,30.8,,30.8
101,Statement 10A,125.   Deemed Universities promoted by Central,27.9,,27.9,22.0,,22.0,27.7,,27.7,22.0,,22.0
102,Statement 10A,126.   Impactful Policy Research in Social Science,,,,,,,4.2,,4.2,4.2,,4.2
102,Statement 10A,127.   Scheme for Promotion of Academic and Research,13.28,,13.28,7.0,,7.0,6.5,,6.5,1.7,,1.7
102,Statement 10A,128.   Scheme for Transformational and Advanced,5.55,,5.55,8.4,,8.4,4.9,,4.9,4.2,,4.2
102,Statement 10A,129.   Study in India,2.5,,2.5,,,,,,,,,
102,Statement 10A,130.01 Support from Gross Budgetary Support,242.05,,242.05,265.0,,265.0,221.25,,221.25,,,
102,Statement 10A,130.02 Grants to National Institutes of,,,,,,,,,,270.0,,270.0
102,Statement 10A,Total- Support to National Institutes of Technology,242.05,,242.05,265.0,,265.0,221.25,,221.25,270.0,,270.0
102,Statement 10A,131.   National Institutes of Technical Teachers Training,11.4,,11.4,10.0,,10.0,12.13,,12.13,11.0,,11.0
102,Statement 10A,132.   Grants to Institutes for Promotion of Indian,28.03,,28.03,27.0,,27.0,23.13,,23.13,27.0,,27.0
102,Statement 10A,133.   Grants to Councils/Institutes for Excellence in,14.33,,14.33,16.0,,16.0,12.2,,12.2,16.0,,16.0
102,Statement 10A,"134.   National Institute of Industrial Engineering, Mumbai",7.69,,7.69,4.0,,4.0,4.5,,4.5,4.0,,4.0
102,Statement 10A,"135.   Board of Apprenticeship Training, Bombay,",1.19,,1.19,1.5,,1.5,1.55,,1.55,1.5,,1.5
102,Statement 10A,136.   Indian Knowledge Systems,,,,,,,,,,2.0,,2.0
102,Statement 10A,137.   Bharatiya Bhasha University & Institute of,,,,,,,,,,4.0,,4.0
102,Statement 10A,138.   Multidisciplinary Education and Research,,,,,,,,,,1.5,,1.5
102,Statement 10A,139.   PM e-Vidya,,,,,,,,,,6.5,,6.5
102,Statement 10A,140.   Academic Bank of Credits (ABC),,,,,,,1.5,,1.5,8.5,,8.5
102,Statement 10A,Demand No. 26,263.44,,263.44,328.52,,328.52,253.0,,253.0,564.93,,564.93
102,Statement 10A,141.01   Program Component,30.0,,30.0,30.0,,30.0,34.0,,34.0,40.0,,40.0
102,Statement 10A,142.   Promotion of Digital payment,67.29,,67.29,15.0,,15.0,15.0,,15.0,124.5,,124.5
103,Statement 10A,143.   Pradhan Mantri Gramin Digital Saksharta Abhiyan,89.8,,89.8,35.0,,35.0,50.0,,50.0,25.0,,25.0
103,Statement 10A,144.   Manpower Development,30.0,,30.0,40.0,,40.0,30.0,,30.0,40.0,,40.0
103,Statement 10A,145.   National Knowledge Network,30.0,,30.0,35.0,,35.0,113.0,,113.0,45.0,,45.0
103,Statement 10A,146.   Promotion of Electronics and IT HW Manufacturing,,,,80.56,,80.56,,,,208.43,,208.43
103,Statement 10A,147.   Promotion of IT/ITeS Industries,,,,10.0,,10.0,,,,12.0,,12.0
103,Statement 10A,148.   R and D in IT/Electronics/CCBT,16.35,,16.35,73.0,,73.0,11.0,,11.0,55.0,,55.0
103,Statement 10A,149.   Cyber Security Projects (NCCC & Others),,,,9.96,,9.96,,,,15.0,,15.0
103,Statement 10A,Demand No. 27,86.35,,86.35,109.0,,109.0,95.0,,95.0,146.0,,146.0
103,Statement 10A,150. Eco-Task Force,,,,,,,,,,5.0,,5.0
103,Statement 10A,"151.   Environmental Education, Awareness and Training",5.81,,5.81,10.0,,10.0,8.0,,8.0,8.0,,8.0
103,Statement 10A,152.01     Green India Mission-National,17.0,,17.0,25.0,,25.0,25.0,,25.0,25.0,,25.0
103,Statement 10A,152.02     Forest Fire Prevention and Management,3.0,,3.0,6.0,,6.0,5.0,,5.0,5.0,,5.0
103,Statement 10A,Total- National Mission for a Green India,20.0,,20.0,31.0,,31.0,30.0,,30.0,30.0,,30.0
103,Statement 10A,153.01     Development of Wildlife Habitats,12.0,,12.0,18.0,,18.0,15.0,,15.0,15.0,,15.0
103,Statement 10A,153.02     Project Tiger,28.0,,28.0,28.0,,28.0,25.0,,25.0,30.0,,30.0
103,Statement 10A,153.03     Project Elephant,1.83,,1.83,3.0,,3.0,3.0,,3.0,3.0,,3.0
103,Statement 10A,Total- Integrated Development of Wildlife Habitats,41.83,,41.83,49.0,,49.0,43.0,,43.0,48.0,,48.0
103,Statement 10A,154.01     Conservation of Aquatic Ecosystems,3.0,,3.0,2.0,,2.0,2.0,,2.0,4.0,,4.0
103,Statement 10A,154.02     Biodiversity Conservation,1.23,,1.23,2.0,,2.0,0.5,,0.5,1.0,,1.0
103,Statement 10A,Total- Conservation of Natural Resources and,4.23,,4.23,4.0,,4.0,2.5,,2.5,5.0,,5.0
103,Statement 10A,155.   Indian Institute of Forest Management,,,,3.0,,3.0,,,,,,
103,Statement 10A,156.   Control of Pollution,,,,,,,,,,24.0,,24.0
104,Statement 10A,157.01    Programme Component,,,,1.0,,1.0,,,,10.0,,10.0
104,Statement 10A,158.   National Adaptation Fund,4.69,,4.69,5.0,,5.0,3.0,,3.0,6.0,,6.0
104,Statement 10A,159.   National Mission on Himalayan Studies,6.0,,6.0,,,,4.5,,4.5,6.0,,6.0
104,Statement 10A,160.   Environment Information Systems (ENVIS),1.79,,1.79,5.0,,5.0,3.0,,3.0,4.0,,4.0
104,Statement 10A,161.   National Biodiversity Authority,2.0,,2.0,1.0,,1.0,1.0,,1.0,,,
104,Statement 10A,Demand No. 41,83.91,,83.91,107.09,,107.09,118.1,,118.1,169.82,,169.82
104,Statement 10A,162. National Fisheries Development Board,13.28,,13.28,13.2,,13.2,0.01,,0.01,0.02,,0.02
104,Statement 10A,163.   Integrated Development and Management of,70.63,,70.63,92.8,,92.8,,,,,,
104,Statement 10A,164. Fisheries and Aquaculture Infrastructure,,,,1.09,,1.09,1.09,,1.09,2.8,,2.8
104,Statement 10A,165. Pradhan Mantri Matsya Sampada Yojana (,,,,,,,117.0,,117.0,167.0,,167.0
104,Statement 10A,Demand No. 42,424.96,,424.96,517.21,,517.21,489.14,,489.14,518.09,,518.09
104,Statement 10A,166. National Programme for Dairy Development,42.91,,42.91,49.8,,49.8,47.45,,47.45,,,
104,Statement 10A,167.   Dairy Entrepreneurship Development,44.56,,44.56,0.01,,0.01,,,,,,
104,Statement 10A,168.   Rashtriya Gokul Mission,46.13,,46.13,53.5,,53.5,75.0,,75.0,,,
104,Statement 10A,169.   Supporting Dairy Cooperatives and Farmer,16.6,,16.6,16.6,,16.6,16.6,,16.6,,,
104,Statement 10A,170.   Livestock Health and Disease Control,59.96,,59.96,69.01,,69.01,42.13,,42.13,,,
104,Statement 10A,171.   National Livestock Mission,60.42,,60.42,87.4,,87.4,100.45,,100.45,,,
104,Statement 10A,172.   Livestock Census and Integrated Sample Survey,4.9,,4.9,,,,,,,,,
104,Statement 10A,173.   Dairy Processing and Infrastructure Development,8.67,,8.67,9.96,,9.96,1.66,,1.66,,,
104,Statement 10A,174.   National Animal Disease Control Programme for,140.81,,140.81,205.85,,205.85,205.85,,205.85,,,
104,Statement 10A,175.   Animal Husbandry Infrastructure Development,,,,25.08,,25.08,,,,,,
104,Statement 10A,176.01    National Programme for Dairy,,,,,,,,,,42.28,,42.28
104,Statement 10A,176.02    Rashtriya Gokul Mission,,,,,,,,,,87.0,,87.0
105,Statement 10A,176.03   National Livestock Mission,,,,,,,,,,70.0,,70.0
105,Statement 10A,Total- Rashtriya Pashudhan Vikas Yojana,,,,,,,,,,199.28,,199.28
105,Statement 10A,177.   Livestock Health and Disease Control Programme,,,,,,,,,,290.59,,290.59
105,Statement 10A,178.   Infrastructure Development Fund,,,,,,,,,,28.22,,28.22
105,Statement 10A,Demand No. 43,21.29,,21.29,89.75,,89.75,95.45,,95.45,99.6,,99.6
105,Statement 10A,179. Pradhan Mantri Kisan Sampada Yojana,21.29,,21.29,89.75,,89.75,62.25,,62.25,58.1,,58.1
105,Statement 10A,180.   Prime Minister Formalisation of Micro Food,,,,,,,33.2,,33.2,41.5,,41.5
105,Statement 10A,Demand No. 44,7505.27,,7505.27,8300.0,,8300.0,7769.51,,7769.51,8542.51,,8542.51
105,Statement 10A,181.01    Establishment of New Medical Colleges,,,,976.09,,976.09,,,,,,
105,Statement 10A,181.02 Establishing New Medical Colleges,332.0,,332.0,,,,,,,,,
105,Statement 10A,181.03 Strengthening Government Medical,124.12,,124.12,,,,,,,,,
105,Statement 10A,181.04 Establishment of New Medical Colleges,,,,,,,1121.91,,1121.91,998.78,,998.78
105,Statement 10A,Total- Human Resources for Health and Medical,456.12,,456.12,976.09,,976.09,1121.91,,1121.91,998.78,,998.78
105,Statement 10A,182.01   RCH Flexible Pool including Routine,1387.08,,1387.08,,,,,,,,,
105,Statement 10A,182.02   Health System Strengthening under,2531.06,,2531.06,182.84,,182.84,476.92,,476.92,182.84,,182.84
105,Statement 10A,182.03   Ayushman Bharat - Health and Wellness,,,,283.74,,283.74,283.74,,283.74,,,
105,Statement 10A,182.04   Ayushman Bharat - Health and Wellness,332.01,,332.01,,,,,,,,,
106,Statement 10A,182.05    RCH Flexible Pool including Routine,,,,1210.04,,1210.04,,,,1331.05,,1331.05
106,Statement 10A,182.06    Health System Strengthening under,,,,2027.13,,2027.13,2170.53,,2170.53,,,
106,Statement 10A,182.07    Flexible Pool for Communicable,484.06,,484.06,416.72,,416.72,325.26,,325.26,416.72,,416.72
106,Statement 10A,182.08    Flexible Pool for Non-Communicable,181.63,,181.63,148.68,,148.68,61.31,,61.31,,,
106,Statement 10A,182.09    Infrastructure Maintenance,1726.85,,1726.85,1450.85,,1450.85,79.2,,79.2,1439.76,,1439.76
106,Statement 10A,182.10    Infrastructure Maintenance (PMSSN),,,,,,,1371.65,,1371.65,,,
106,Statement 10A,182.11     RCH Flexible Pool including Routine,,,,,,,1210.04,,1210.04,,,
106,Statement 10A,182.12 Health System Strengthening under,,,,,,,,,,2480.87,,2480.87
106,Statement 10A,182.13 Ayushman Bharat - Health and Wellness,,,,,,,,,,346.8,,346.8
106,Statement 10A,182.14 Flexible Pool for Non-Communicable,,,,,,,,,,148.68,,148.68
106,Statement 10A,Total- National Rural Health Mission,6642.69,,6642.69,5720.0,,5720.0,5978.65,,5978.65,6346.72,,6346.72
106,Statement 10A,183.01     Other Health System for activities,181.82,,181.82,,,,89.7,,89.7,,,
106,Statement 10A,183.02 Other Health System for activities,,,,115.71,,115.71,26.01,,26.01,123.98,,123.98
106,Statement 10A,183.03 Ayushman Bharat - Health and Wellness,64.83,,64.83,,,,,,,,,
106,Statement 10A,183.04 Ayushman Bharat - Health and Wellness,,,,41.33,,41.33,41.33,,41.33,41.33,,41.33
106,Statement 10A,Total- National Urban Health Mission,246.65,,246.65,157.04,,157.04,157.04,,157.04,165.31,,165.31
107,Statement 10A,184.01   National Mental Health Programme,,,,6.25,,6.25,4.0,,4.0,4.75,,4.75
107,Statement 10A,184.02   Capacity Building for Trauma Centres,,,,16.98,,16.98,1.2,,1.2,15.3,,15.3
107,Statement 10A,184.03    National Programme for Health Care for,,,,11.34,,11.34,,,,,,
107,Statement 10A,184.04 National Programme for prevention and,29.2,,29.2,37.8,,37.8,11.06,,11.06,37.95,,37.95
107,Statement 10A,Total- Tertiary Care Programs,29.2,,29.2,72.37,,72.37,16.26,,16.26,58.0,,58.0
107,Statement 10A,185.   Strengthening of State Drug Regulatory System,30.07,,30.07,36.5,,36.5,27.11,,27.11,36.5,,36.5
107,Statement 10A,186.01 Support from Gross Budgetary Support,9.54,,9.54,5.68,,5.68,,,,,,
107,Statement 10A,187.01 Support from Gross Budgetary Support,91.0,,91.0,41.66,,41.66,,,,,,
107,Statement 10A,187.02 Support from National Investment Fund,,,,1290.66,,1290.66,,,,,,
107,Statement 10A,187.03 Support from (PMSSN),,,,,,,468.54,,468.54,937.2,,937.2
107,Statement 10A,Total- Ayushman Bharat - Pradhan Mantri Jan Arogya,91.0,,91.0,1332.32,,1332.32,468.54,,468.54,937.2,,937.2
107,Statement 10A,Demand No. 59,1698.18,,1698.18,850.48,,850.48,1877.78,,1877.78,911.78,,911.78
107,Statement 10A,188.01 States/UTs Component,155.19,,155.19,173.78,,173.78,173.78,,173.78,173.78,,173.78
107,Statement 10A,189.01 Other items of States/UTs Component,1542.99,,1542.99,676.7,,676.7,1704.0,,1704.0,738.0,,738.0
107,Statement 10A,Demand No. 62,4034.55,,4034.55,4728.7,,4728.7,3740.0,,3740.0,12973.79,,12973.79
107,Statement 10A,190.01   Programme Component,839.13,,839.13,2198.7,,2198.7,723.14,,723.14,1971.37,,1971.37
107,Statement 10A,190.02   EAP Component,995.28,,995.28,,,,596.86,,596.86,,,
107,Statement 10A,Total- SBM-Rural,1834.41,,1834.41,2198.7,,2198.7,1320.0,,1320.0,1971.37,,1971.37
108,Statement 10A,191.01 Jal Jeevan Mission/National Rural,2200.14,,2200.14,2530.0,,2530.0,2420.0,,2420.0,11002.42,,11002.42
108,Statement 10A,Demand No. 63,1653.81,,1653.81,1887.67,,1887.67,2173.69,,2173.69,2092.6,,2092.6
108,Statement 10A,192. Labour Welfare Scheme,20.27,,20.27,24.9,,24.9,16.6,,16.6,24.9,,24.9
108,Statement 10A,193.   Bima Yojana for Unorganised Workers,48.54,,48.54,33.7,,33.7,,,,,,
108,Statement 10A,194.   Labour and Employment Statistical System (LESS),1.67,,1.67,2.0,,2.0,2.0,,2.0,24.9,,24.9
108,Statement 10A,"195.   Machinery for Better Conciliation, Preventive",2.12,,2.12,,,,,,,,,
108,Statement 10A,196.   Creation of National Platform of Unorganized,,,,8.3,,8.3,8.3,,8.3,,,
108,Statement 10A,"197.   Employees Pension Scheme, 1995",833.9,,833.9,1237.86,,1237.86,1237.86,,1237.86,1220.28,,1220.28
108,Statement 10A,198.   Social Security for Plantation Workers in Assam,2.34,,2.34,6.64,,6.64,6.64,,6.64,,,
108,Statement 10A,199.   National Child Labour Project including grants in,15.27,,15.27,19.92,,19.92,8.47,,8.47,19.92,,19.92
108,Statement 10A,200.01   National Career Services,10.9,,10.9,13.25,,13.25,7.1,,7.1,9.46,,9.46
108,Statement 10A,200.02   Pradhan Mantri Rojgar Protsahan Yojna,617.0,,617.0,417.2,,417.2,264.84,,264.84,150.0,,150.0
108,Statement 10A,"200.03   Coaching and Guidance for SC,ST and",6.3,,6.3,11.0,,11.0,5.5,,5.5,11.5,,11.5
108,Statement 10A,200.04   Employment Promotion Scheme,1.3,,1.3,,,,,,,,,
108,Statement 10A,Total- Employment Generation Programs,635.5,,635.5,441.45,,441.45,277.44,,277.44,170.96,,170.96
108,Statement 10A,201.   Strengthening and Development of DGFASLI,0.4,,0.4,,,,,,,,,
108,Statement 10A,202.   Strengthening of System and Infrastructure of,1.54,,1.54,,,,,,,,,
108,Statement 10A,203.   Central Board for Workers Education,19.27,,19.27,,,,,,,14.94,,14.94
108,Statement 10A,204.   National Labour Institute,1.99,,1.99,,,,,,,2.5,,2.5
108,Statement 10A,205.   Pradhan Mantri Shram Yogi Maandhan,71.0,,71.0,83.0,,83.0,83.0,,83.0,66.4,,66.4
109,Statement 10A,206.   Pradhan Mantri Karam Yogi Maandhan,,,,29.9,,29.9,1.0,,1.0,24.9,,24.9
109,Statement 10A,207.   Pradhan Mantri Gareeb Kalyan Yojana,,,,,,,431.6,,431.6,,,
109,Statement 10A,208.   Aatmanirbhar Bharat Rojgar Yojana,,,,,,,100.78,,100.78,522.9,,522.9
109,Statement 10A,Demand No. 67,1199.05,,1199.05,1216.86,,1216.86,692.08,,692.08,712.07,,712.07
109,Statement 10A,209. Solar Charkha Mission,7.65,,7.65,24.15,,24.15,0.01,,0.01,0.01,,0.01
109,Statement 10A,210.   Market Promotion and Development Assistance,17.7,,17.7,,,,,,,,,
109,Statement 10A,211.   Scheme for Fund for Regeneration of Traditional,28.58,,28.58,83.74,,83.74,49.27,,49.27,24.9,,24.9
109,Statement 10A,212.   Coir Vikas Yojana,6.71,,6.71,4.22,,4.22,1.4,,1.4,0.5,,0.5
109,Statement 10A,"213.   ASPIRE (Promotion of Innovation, Rural Industry",,,,8.3,,8.3,2.6,,2.6,,,
109,Statement 10A,214.   Credit Linked Capital Subsidy and Technology,9.94,,9.94,4.27,,4.27,4.96,,4.96,4.27,,4.27
109,Statement 10A,215.   Prime Minister Employment Generation,544.43,,544.43,707.0,,707.0,344.72,,344.72,412.59,,412.59
109,Statement 10A,216.   Credit Support Programme,268.72,,268.72,,,,0.01,,0.01,0.01,,0.01
109,Statement 10A,217.   Procurement and Marketing Support Scheme,,,,6.36,,6.36,0.56,,0.56,0.4,,0.4
109,Statement 10A,218.   Marketing Assistance Scheme (MAS),,,,0.01,,0.01,,,,,,
109,Statement 10A,219.   International Cooperation Scheme,0.04,,0.04,3.14,,3.14,0.1,,0.1,1.0,,1.0
109,Statement 10A,220.   Promotional Services Institutions and Programme,8.58,,8.58,9.0,,9.0,0.1,,0.1,0.1,,0.1
109,Statement 10A,221.   Infrastructure Development and Capacity Building,71.0,,71.0,66.0,,66.0,50.0,,50.0,50.0,,50.0
109,Statement 10A,222.   Database Research Evaluation and Other Office,0.02,,0.02,0.1,,0.1,0.02,,0.02,0.02,,0.02
109,Statement 10A,223.   National Schedule Caste/Schedule Tribe Hub,62.27,,62.27,100.0,,100.0,92.45,,92.45,104.97,,104.97
109,Statement 10A,224.   Infrastructure Development and Capacity Building-,25.0,,25.0,37.6,,37.6,9.5,,9.5,9.5,,9.5
109,Statement 10A,225.   Gramodyog Vikas Yojana,7.92,,7.92,10.0,,10.0,5.38,,5.38,9.0,,9.0
109,Statement 10A,226.   Khadi Vikas Yojana,42.99,,42.99,42.97,,42.97,26.0,,26.0,34.8,,34.8
109,Statement 10A,227.   Fund of Funds,,,,50.0,,50.0,,,,,,
109,Statement 10A,228. Interest Subvention Scheme for Incremental Credit,97.5,,97.5,60.0,,60.0,105.0,,105.0,60.0,,60.0
109,Statement 10A,Demand No. 68,20.07,,20.07,44.58,,44.58,44.58,,44.58,28.82,,28.82
110,Statement 10A,229. Geological Survey of India,20.07,,20.07,42.2,,42.2,42.2,,42.2,27.6,,27.6
110,Statement 10A,230.   Indian Bureau of Mines,,,,2.38,,2.38,2.38,,2.38,1.22,,1.22
110,Statement 10A,Demand No. 70,284.88,,284.88,469.0,,469.0,278.0,,278.0,469.0,,469.0
110,Statement 10A,231. Human Resources Development and Training,3.0,,3.0,3.0,,3.0,1.0,,1.0,1.0,,1.0
110,Statement 10A,232.   Wind Power,91.0,,91.0,200.0,,200.0,155.0,,155.0,150.0,,150.0
110,Statement 10A,233.   Solar Power,74.15,,74.15,136.0,,136.0,70.0,,70.0,165.0,,165.0
110,Statement 10A,234.   Green Energy Corridors,10.0,,10.0,25.0,,25.0,20.0,,20.0,40.0,,40.0
110,Statement 10A,235.   Solar Power,103.73,,103.73,,,,,,,,,
110,Statement 10A,236.   Biogas Programme,3.0,,3.0,10.0,,10.0,8.0,,8.0,20.0,,20.0
110,Statement 10A,237.   Kisan Urja Suraksha evam Utthaan Mahabhiyan,,,,45.0,,45.0,,,,51.0,,51.0
110,Statement 10A,238. Kisan Urja Suraksha evam Utthaan,,,,50.0,,50.0,24.0,,24.0,42.0,,42.0
110,Statement 10A,Demand No. 71,78.29,,78.29,144.04,,144.04,84.15,,84.15,152.3,,152.3
110,Statement 10A,239. Rashtriya Gram Swaraj Abhiyan (RGSA),78.29,,78.29,144.04,,144.04,84.15,,84.15,152.3,,152.3
110,Statement 10A,Demand No. 75,3251.79,,3251.79,3552.6,,3552.6,3186.79,,3186.79,1073.19,,1073.19
110,Statement 10A,240. Direct Benefit Transfer - LPG,2459.1,,2459.1,3154.84,,3154.84,2118.23,,2118.23,1035.84,,1035.84
110,Statement 10A,241.   LPG Connection to Poor Households,444.3,,444.3,92.79,,92.79,801.78,,801.78,,,
110,Statement 10A,242.   Other subsidy payable including for North Eastern,,,,37.95,,37.95,41.33,,41.33,37.35,,37.35
110,Statement 10A,243.   Under-recovery (other Subsidy Payable),336.81,,336.81,263.61,,263.61,222.22,,222.22,,,
110,Statement 10A,244.   Direct Benefit Transfer- Kerosene,11.58,,11.58,3.41,,3.41,3.23,,3.23,,,
110,Statement 10A,Demand No. 78,1411.52,139.52,1551.04,1497.0,140.0,1637.0,951.0,45.0,996.0,1277.6,200.0,1477.6
110,Statement 10A,245. Deen Dayal Upadhyaya Gram Jyoti Yojna,674.96,,674.96,747.0,,747.0,403.0,,403.0,597.6,,597.6
110,Statement 10A,246.01    IPDS-Grant,736.56,,736.56,750.0,,750.0,548.0,,548.0,680.0,,680.0
110,Statement 10A,246.02    IPDS-Loans,,139.52,139.52,,140.0,140.0,,45.0,45.0,,200.0,200.0
111,Statement 10A,Total- Integrated Power Development Scheme,736.56,139.52,876.08,750.0,140.0,890.0,548.0,45.0,593.0,680.0,200.0,880.0
111,Statement 10A,Demand No. 86,5930.21,,5930.21,7180.0,,7180.0,6729.0,,6729.0,19258.82,,19258.82
111,Statement 10A,247.01    PMAY-Programme Component,4229.75,,4229.75,4875.0,,4875.0,4424.0,,4424.0,4875.0,,4875.0
111,Statement 10A,248.   Indira Gandhi National Old Age Pension Scheme,,,,,,,,,,1232.0,,1232.0
111,Statement 10A,249.   Indira Gandhi National Widow Pension,,,,,,,,,,350.89,,350.89
111,Statement 10A,250.   Indira Gandhi National Disability Pension,,,,,,,,,,38.67,,38.67
111,Statement 10A,251.   National Family Benefit Scheme,,,,,,,,,,32.84,,32.84
111,Statement 10A,252.   MGNREGA-Programme Component,,,,,,,,,,9310.0,,9310.0
111,Statement 10A,253.01    NRLM-Programme Component,1700.46,,1700.46,2305.0,,2305.0,2305.0,,2305.0,3419.42,,3419.42
111,Statement 10A,Demand No. 87,295.97,,295.97,371.62,,371.62,221.87,,221.87,356.91,,356.91
111,Statement 10A,254. Land Records Modernization Programme,8.3,,8.3,39.61,,39.61,39.61,,39.61,24.9,,24.9
111,Statement 10A,255.01    Programme Component,287.67,,287.67,332.01,,332.01,182.26,,182.26,332.01,,332.01
111,Statement 10A,Demand No. 88,215.54,,215.54,265.77,,265.77,186.26,,186.26,242.0,,242.0
111,Statement 10A,256. Science and Technology Institutional and Human,16.16,,16.16,20.0,,20.0,18.0,,18.0,20.0,,20.0
111,Statement 10A,"257. Innovation, Technology Development and",146.53,,146.53,192.92,,192.92,130.41,,130.41,162.0,,162.0
111,Statement 10A,258. Science and Engineering Research Board,52.85,,52.85,52.85,,52.85,37.85,,37.85,60.0,,60.0
111,Statement 10A,Demand No. 91,332.12,,332.12,402.55,,402.55,366.31,,366.31,371.65,0.02,371.67
111,Statement 10A,259.01    Development of Entrepreneurship,4.14,,4.14,5.83,,5.83,1.79,,1.79,7.47,,7.47
111,Statement 10A,259.02    Development of Skills,306.58,,306.58,235.63,,235.63,252.45,,252.45,237.86,,237.86
111,Statement 10A,259.03    Strengthening of Infrastructure for,12.3,,12.3,14.27,,14.27,14.28,,14.28,15.94,,15.94
112,Statement 10A,259.04     Strengthening of Skill Institutions,1.3,,1.3,2.65,,2.65,0.63,,0.63,1.23,0.02,1.25
112,Statement 10A,259.05     Promotion of Apprenticeship,7.8,,7.8,10.91,,10.91,19.92,,19.92,17.92,,17.92
112,Statement 10A,259.06    Skill Acquisition and Knowledge,,,,73.5,,73.5,27.64,,27.64,40.49,,40.49
112,Statement 10A,259.07 Skill Strengthening for Industrial Value,,,,59.76,,59.76,49.6,,49.6,50.74,,50.74
112,Statement 10A,Total- Pradhan Mantri Kaushal Vikas Yojana,332.12,,332.12,402.55,,402.55,366.31,,366.31,371.65,0.02,371.67
112,Statement 10A,Demand No. 92,6095.73,209.6,6305.33,6868.33,286.0,7154.33,6141.0,80.0,6221.0,7501.62,250.0,7751.62
112,Statement 10A,260.01     Boys and Girls Hostels,25.0,,25.0,30.0,,30.0,30.0,,30.0,,,
112,Statement 10A,260.02     Post-Matric Scholarship,2711.31,,2711.31,2987.33,,2987.33,3815.87,,3815.87,,,
112,Statement 10A,260.03     Pre-Matric Scholarship for SC Students,352.7,,352.7,700.0,,700.0,600.0,,600.0,,,
112,Statement 10A,260.04    Pre-Matric Scholarship for Children of,29.4,,29.4,25.0,,25.0,27.0,,27.0,,,
112,Statement 10A,Total- Educational Empowerment,3118.41,,3118.41,3742.33,,3742.33,4472.87,,4472.87,,,
112,Statement 10A,261.01     Strengthening of Machinery for,619.64,,619.64,550.0,,550.0,600.0,,600.0,,,
112,Statement 10A,262.01     Pradhan Mantri Adarsh Gram Yojana,717.96,,717.96,700.0,,700.0,300.0,,300.0,,,
112,Statement 10A,263.01    Special Central Assistance to SC Sub,1114.73,,1114.73,1200.0,,1200.0,300.0,,300.0,,,
112,Statement 10A,264.   National Fellowship for SCs,246.66,,246.66,300.0,,300.0,125.0,,125.0,,,
112,Statement 10A,265.   National Overseas Scholarship for SCs,32.76,,32.76,20.0,,20.0,30.0,,30.0,,,
112,Statement 10A,266.   Top Class Education for SCs,39.7,,39.7,40.0,,40.0,50.0,,50.0,,,
112,Statement 10A,267.   Free Coaching for SC and OBC Students,13.26,,13.26,30.0,,30.0,30.0,,30.0,,,
113,Statement 10A,268.01     State Scheduled Castes Development,20.0,,20.0,50.0,,50.0,20.0,,20.0,,,
113,Statement 10A,269.   Venture Capital Fund for Scheduled Castes and,,160.0,160.0,,65.0,65.0,,40.0,40.0,,,
113,Statement 10A,270.   National Safai Karamcharis Finance and,,35.0,35.0,,40.0,40.0,,40.0,40.0,,50.0,50.0
113,Statement 10A,271.   Self Employment Scheme for Rehabilitation of,84.8,,84.8,110.0,,110.0,30.0,,30.0,100.0,,100.0
113,Statement 10A,272.   Assistance to Voluntary Organisations working for,67.17,,67.17,100.0,,100.0,125.0,,125.0,,,
113,Statement 10A,273.   Dr. B. R. Ambedkar International Centre,14.97,,14.97,25.0,,25.0,25.0,,25.0,25.0,,25.0
113,Statement 10A,274.   Baba Saheb Dr. B.R. Ambedkar Foundation,1.0,,1.0,1.0,,1.0,1.0,,1.0,1.0,,1.0
113,Statement 10A,275.   National Scheduled Castes Finance and,,14.6,14.6,,180.0,180.0,,,,,100.0,100.0
113,Statement 10A,276.   Credit Guarantee Fund for SCs,,,,,1.0,1.0,,,,,,
113,Statement 10A,277.   Dr. Ambedkar National Memorial,4.67,,4.67,,,,,,,,,
113,Statement 10A,278.   Vanchit Ikai Samooh aur Vargon ki Arthik Sahayata,,,,,,,32.13,,32.13,100.0,,100.0
113,Statement 10A,279.01 National Fellowship for SCs,,,,,,,,,,300.0,,300.0
113,Statement 10A,279.02    Free Coaching for SCs and OBCs,,,,,,,,,,50.0,,50.0
113,Statement 10A,279.03    Top Class Education for SCs,,,,,,,,,,70.0,,70.0
113,Statement 10A,279.04    National Overseas Scholarship for SCs,,,,,,,,,,30.0,,30.0
113,Statement 10A,Total- Scholarships for Higher Education for Young,,,,,,,,,,450.0,,450.0
113,Statement 10A,280.   Scheme of Residential Education for Students in,,,,,,,,,,200.0,,200.0
113,Statement 10A,281.   Pradhan Mantri Dakshta Aur Kushalta Sampann,,,,,,,,,,60.0,,60.0
113,Statement 10A,282.   Venture Capital Fund for SCs and OBCs,,,,,,,,,,,100.0,100.0
113,Statement 10A,283.   Post Matric Scholarship for SCs,,,,,,,,,,3415.62,,3415.62
113,Statement 10A,284.   Pre Matric Scholarship for SCs and Others,,,,,,,,,,725.0,,725.0
113,Statement 10A,285.   Strengthening of Machinery for Enforcement of,,,,,,,,,,600.0,,600.0
114,Statement 10A,286.   Assistance to State Scheduled Castes,,,,,,,,,,25.0,,25.0
114,Statement 10A,287. Pradhan Mantri Anusuchit Jaati Abhyuday Yojana,,,,,,,,,,1800.0,,1800.0
114,Statement 10A,Demand No. 93,122.01,,122.01,132.8,,132.8,91.84,,91.84,117.82,,117.82
114,Statement 10A,288. Deendayal Disabled Rehabilitation Scheme,24.67,,24.67,21.58,,21.58,15.11,,15.11,21.91,,21.91
114,Statement 10A,289.   Assistance to Disabled Persons for,47.09,,47.09,38.18,,38.18,35.41,,35.41,40.0,,40.0
114,Statement 10A,290.   Support to National Institutes,6.4,,6.4,8.0,,8.0,7.0,,7.0,7.0,,7.0
114,Statement 10A,291.   Indian Spinal Injury Centre,,,,0.66,,0.66,0.66,,0.66,,,
114,Statement 10A,292.   Support of National Trust,0.12,,0.12,,,,,,,,,
114,Statement 10A,293.   Scholarship for Students with Disabilidties,15.04,,15.04,11.37,,11.37,11.37,,11.37,11.37,,11.37
114,Statement 10A,294.    Scheme for implementation of Persons with,28.69,,28.69,53.01,,53.01,22.29,,22.29,37.54,,37.54
114,Statement 10A,Demand No. 97,247.21,,247.21,376.14,,376.14,181.64,,181.64,346.01,,346.01
114,Statement 10A,295. National Handloom Development Programme,32.46,,32.46,24.14,,24.14,13.14,,13.14,24.79,,24.79
114,Statement 10A,296.   Handloom Weaver Comprehensive Welfare,1.2,,1.2,3.0,,3.0,,,,,,
114,Statement 10A,297.   Yarn Supply Scheme,28.44,,28.44,35.0,,35.0,10.0,,10.0,40.0,,40.0
114,Statement 10A,298.   Handloom Cluster Development Program -,4.75,,4.75,2.0,,2.0,0.6,,0.6,1.0,,1.0
114,Statement 10A,299.   Design and Technical Upgradation Scheme,16.72,,16.72,15.0,,15.0,6.0,,6.0,14.0,,14.0
114,Statement 10A,300.   Ambedkar Hasthshilp Vikas Yojana,0.84,,0.84,3.0,,3.0,3.0,,3.0,6.0,,6.0
114,Statement 10A,301.   Marketing Support and Services,15.71,,15.71,10.0,,10.0,2.0,,2.0,10.0,,10.0
114,Statement 10A,302.   Handicrafts Artisans comprehensive welfare,2.21,,2.21,11.0,,11.0,11.0,,11.0,10.0,,10.0
114,Statement 10A,303.   Human Resource Development- Handicrafts,5.16,,5.16,5.0,,5.0,5.0,,5.0,5.0,,5.0
114,Statement 10A,304.   Handicraft Cluster Development Program -,8.05,,8.05,11.0,,11.0,1.5,,1.5,5.0,,5.0
114,Statement 10A,305.   Central Silk Board,119.29,,119.29,135.0,,135.0,110.0,,110.0,119.88,,119.88
114,Statement 10A,306.   Subsidy to Jute Corporation of India towards,,,,7.0,,7.0,3.9,,3.9,17.84,,17.84
114,Statement 10A,307.   Scheme for Development of Jute Sector,,,,15.0,,15.0,,,,15.0,,15.0
115,Statement 10A,308.   Comprehensive Powerloom Cluster Development,,,,10.0,,10.0,,,,10.0,,10.0
115,Statement 10A,309.   Integrated Scheme for Skill Development,12.38,,12.38,25.0,,25.0,15.0,,15.0,25.0,,25.0
115,Statement 10A,310.   NER Textiles Promotion Scheme,,,,15.0,,15.0,,,,40.0,,40.0
115,Statement 10A,311.   National Institute of Fashion Technology (NIFT),,,,15.0,,15.0,,,,,,
115,Statement 10A,312.   Integrated Wool Development Programme,,,,5.0,,5.0,0.5,,0.5,2.5,,2.5
115,Statement 10A,313.   Power Tex India,,,,30.0,,30.0,,,,,,
115,Statement 10A,Demand No. 100,4331.25,,4331.25,5944.08,,5944.08,4151.7,,4151.7,4832.4,,4832.4
115,Statement 10A,314. Pradhan Mantri Matru Vandana Yojana,465.47,,465.47,500.0,,500.0,260.0,,260.0,,,
115,Statement 10A,315.   Anganwadi Services (Erstwhile Core ICDS),3851.26,,3851.26,5174.08,,5174.08,3780.14,,3780.14,,,
115,Statement 10A,316.01   Programme Component,,,,200.0,,200.0,100.0,,100.0,,,
115,Statement 10A,317.   Scheme for Adolescent Girls,14.52,,14.52,50.0,,50.0,10.0,,10.0,,,
115,Statement 10A,318.   Mahila Shakti Kendra,,,,20.0,,20.0,1.56,,1.56,,,
115,Statement 10A,319.    Saksham Anganwadi and POSHAN 2.0 (Umbrella,,,,,,,,,,4417.4,,4417.4
115,Statement 10A,"320.01 SAMARTHYA(Beti Bachao Beti Padhao,",,,,,,,,,,415.0,,415.0
115,Statement 10A,Demand No. 101,330.19,,330.19,387.83,,387.83,222.0,,222.0,233.44,,233.44
115,Statement 10A,321. Nehru Yuva Kendra Sangathan,42.74,,42.74,50.0,,50.0,20.41,,20.41,,,
115,Statement 10A,322.   Sports Authority of India,103.0,,103.0,83.0,,83.0,86.0,,86.0,,,
115,Statement 10A,323.   Laxmi Bai National Institute of Physical Education,8.3,,8.3,9.2,,9.2,5.8,,5.8,,,
115,Statement 10A,324.   Rajiv Gandhi National Institute of Youth,7.9,,7.9,5.83,,5.83,2.87,,2.87,,,
115,Statement 10A,325.   National Youth Corps,13.15,,13.15,14.95,,14.95,9.6,,9.6,14.0,,14.0
116,Statement 10A,326.01 Programme Component,3.29,,3.29,3.82,,3.82,2.5,,2.5,4.0,,4.0
116,Statement 10A,327.   National Young Leaders Programme,1.91,,1.91,3.65,,3.65,0.32,,0.32,2.44,,2.44
116,Statement 10A,328.01    Assistance to National Sports,41.0,,41.0,41.0,,41.0,30.0,,30.0,52.0,,52.0
116,Statement 10A,329.   National Service Scheme,19.66,,19.66,28.57,,28.57,10.33,,10.33,31.0,,31.0
116,Statement 10A,330.   Khelo India,89.24,,89.24,147.81,,147.81,54.17,,54.17,130.0,,130.0
116,Statement 10A,Grand Total,64848.26,349.12,65197.38,82830.62,426.0,83256.62,82582.51,125.0,82707.51,125804.2,455.0,126259.2
117,Statement 10B,Demand No. 1,8434.19,,8434.19,11507.65,,11507.65,9993.11,,9993.11,10528.73,,10528.73
117,Statement 10B,1. National Food Security Mission,204.85,,204.85,218.92,,218.92,192.5,,192.5,186.2,,186.2
117,Statement 10B,2.   Organic Value Chain Development for North East,63.82,,63.82,63.01,,63.01,63.01,,63.01,63.01,,63.01
117,Statement 10B,3.   National Project on Soil Health and Fertility,8.01,,8.01,27.24,,27.24,11.0,,11.0,27.24,,27.24
117,Statement 10B,4.   Rainfed Area Development and Climate Change,26.14,,26.14,25.2,,25.2,24.51,,24.51,25.2,,25.2
117,Statement 10B,5.   Paramparagat Krishi Vikas Yojana,26.74,,26.74,47.3,,47.3,37.3,,37.3,47.3,,47.3
117,Statement 10B,6.   National Project on Agro- Forestry,4.56,,4.56,5.74,,5.74,5.73,,5.73,5.74,,5.74
117,Statement 10B,7.   National Mission on Horticulture,176.02,,176.02,244.2,,244.2,177.92,,177.92,281.28,,281.28
117,Statement 10B,8.   Sub- Mission on Seed and Planting Material,15.17,,15.17,34.0,,34.0,28.8,,28.8,36.0,,36.0
117,Statement 10B,9.   Sub - Mission on Agriculture Extension,94.7,,94.7,126.2,,126.2,120.96,,120.96,131.8,,131.8
117,Statement 10B,10.   Information Technology,2.29,,2.29,1.94,,1.94,1.94,,1.94,1.94,,1.94
117,Statement 10B,11.   Sub- Mission on Agriculture Mechanisation,96.0,,96.0,133.6,,133.6,131.0,,131.0,139.14,,139.14
117,Statement 10B,12.   Integrated Scheme on Agricultural Cooperation,17.98,,17.98,34.4,,34.4,29.4,,29.4,34.44,,34.44
117,Statement 10B,13.01   Integrated Scheme on Agriculture,17.85,,17.85,21.0,,21.0,21.0,,21.0,21.0,,21.0
117,Statement 10B,14.   Market Intervention Scheme and Price Support,,,,172.0,,172.0,82.0,,82.0,129.0,,129.0
117,Statement 10B,15.01   Pradhan Mantri Fasal Bima Yojana,1074.14,,1074.14,1372.56,,1372.56,1301.01,,1301.01,1381.26,,1381.26
117,Statement 10B,16.01   Interest Subsidy for Short Term Credit to,1266.88,,1266.88,1557.55,,1557.55,1596.31,,1596.31,1547.26,,1547.26
117,Statement 10B,17.   Pradhan Mantri Krishi Sinchai Yojana (PMKSY)-,308.11,,308.11,344.0,,344.0,309.22,,309.22,344.0,,344.0
117,Statement 10B,18.   Rashtriya Krishi Vikas Yojna,296.37,,296.37,312.4,,312.4,154.0,,154.0,324.32,,324.32
117,Statement 10B,19.   Pradhan Mantri Kisan Man Dhan Yojana,,,,18.92,,18.92,,,,,,
117,Statement 10B,20.   Pradhan Mantri Kisan Samman Nidhi (PM-Kisan),4644.29,,4644.29,6598.67,,6598.67,5590.0,,5590.0,5590.0,,5590.0
118,Statement 10B,"21.   Formation and Promotion of 10,000 Farmer",,,,,,,,,,43.0,,43.0
118,Statement 10B,22.   National Bamboo Mission,27.19,,27.19,37.0,,37.0,32.0,,32.0,32.0,,32.0
118,Statement 10B,23.   Pradhan Mantri Annadata Aay Sanrakshan Yojna,,,,43.0,,43.0,25.8,,25.8,34.4,,34.4
118,Statement 10B,24.   Distribution of Pulses to State / Union Territories for,63.08,,63.08,68.8,,68.8,41.6,,41.6,25.8,,25.8
118,Statement 10B,25.   Agriculture Infrastructure Fund (AIF),,,,,,,16.1,,16.1,77.4,,77.4
118,Statement 10B,Demand No. 2,105.91,,105.91,118.65,,118.65,106.69,,106.69,115.5,,115.5
118,Statement 10B,26. Natural Resource Management Institutes including,9.83,,9.83,8.38,,8.38,8.35,,8.35,10.0,,10.0
118,Statement 10B,27. Crop Science,21.0,,21.0,21.0,,21.0,19.47,,19.47,20.4,,20.4
118,Statement 10B,28.   Horticultural Science,7.46,,7.46,8.34,,8.34,7.98,,7.98,8.8,,8.8
118,Statement 10B,29.   Animal Science,11.9,,11.9,14.19,,14.19,12.11,,12.11,13.8,,13.8
118,Statement 10B,30.   Fisheries Science,3.2,,3.2,6.71,,6.71,5.96,,5.96,7.0,,7.0
118,Statement 10B,31.   Agricultural Extension,29.83,,29.83,32.71,,32.71,31.82,,31.82,40.0,,40.0
118,Statement 10B,32.   Agricultural Universities and Institutions,22.69,,22.69,27.32,,27.32,21.0,,21.0,15.5,,15.5
118,Statement 10B,Demand No. 4,26.0,,26.0,37.7,,37.7,31.7,,31.7,35.8,,35.8
118,Statement 10B,33. Central Council for Research in Ayurvedic Sciences,3.0,,3.0,7.2,,7.2,7.2,,7.2,8.0,,8.0
118,Statement 10B,34.   Central Council for Research in Unani Medicine,1.0,,1.0,1.0,,1.0,1.0,,1.0,1.5,,1.5
118,Statement 10B,35.   National AYUSH Misson,22.0,,22.0,29.0,,29.0,23.0,,23.0,25.0,,25.0
118,Statement 10B,36.01    Support from Gross Budgetary Support,,,,0.5,,0.5,0.5,,0.5,1.3,,1.3
118,Statement 10B,Demand No. 6,,,,,,,,,,3592.57,,3592.57
118,Statement 10B,37.01    Payment for Import of Urea,,,,,,,,,,840.65,,840.65
118,Statement 10B,37.02    Payment for Indigenous Urea,,,,,,,,,,1859.16,,1859.16
118,Statement 10B,Total- Urea Subsidy,,,,,,,,,,2699.81,,2699.81
119,Statement 10B,38.01   Payment for Indigenous P and K,,,,,,,,,,535.78,,535.78
119,Statement 10B,38.02   Payment for Imported P and K Fertilizers,,,,,,,,,,355.18,,355.18
119,Statement 10B,38.03   Payment for City Compost,,,,,,,,,,1.8,,1.8
119,Statement 10B,Total- Nutrient Based Subsidy,,,,,,,,,,892.76,,892.76
119,Statement 10B,Demand No. 7,,,,,,,18.49,,18.49,17.0,,17.0
119,Statement 10B,39. Jan Aushadhi Scheme,,,,,,,4.49,,4.49,3.0,,3.0
119,Statement 10B,40.   National Institutes of Pharmaceutical Education and,,,,,,,14.0,,14.0,14.0,,14.0
119,Statement 10B,Demand No. 9,98.75,,98.75,70.52,,70.52,73.67,,73.67,36.11,,36.11
119,Statement 10B,41. Research and Development,2.15,,2.15,2.15,,2.15,1.03,,1.03,1.55,,1.55
119,Statement 10B,"42.   Conservation, Safety and Infrastructure",16.02,,16.02,8.17,,8.17,28.17,,28.17,6.18,,6.18
119,Statement 10B,43.   Exploration of Coal and Lignite,80.58,,80.58,60.2,,60.2,44.47,,44.47,28.38,,28.38
119,Statement 10B,Demand No. 10,24.99,,24.99,25.0,,25.0,15.45,,15.45,25.0,,25.0
119,Statement 10B,44. Marine Product Export Development Authority,1.36,,1.36,1.99,,1.99,1.99,,1.99,1.99,,1.99
119,Statement 10B,45. Tea Board,6.23,,6.23,3.12,,3.12,1.56,,1.56,3.12,,3.12
119,Statement 10B,46.   Coffee Board,6.1,,6.1,12.09,,12.09,6.4,,6.4,12.09,,12.09
119,Statement 10B,47.   Rubber Board,6.3,,6.3,4.3,,4.3,2.0,,2.0,4.3,,4.3
119,Statement 10B,48.   Spices Board,5.0,,5.0,3.5,,3.5,3.5,,3.5,3.5,,3.5
119,Statement 10B,Demand No. 13,83.28,,83.28,357.89,,357.89,322.75,,322.75,401.01,,401.01
119,Statement 10B,49. Centre for Development of Telematics (C-DoT),11.75,,11.75,13.89,,13.89,13.15,,13.15,14.01,,14.01
119,Statement 10B,50.01 Bharatnet,71.53,,71.53,258.0,,258.0,236.5,,236.5,301.0,,301.0
119,Statement 10B,50.02   Compensation to Telecom Service,,,,86.0,,86.0,73.1,,73.1,86.0,,86.0
119,Statement 10B,Total- Compensation to Service Providers for creation,71.53,,71.53,344.0,,344.0,309.6,,309.6,387.0,,387.0
120,Statement 10B,Demand No. 14,1.0,,1.0,2.58,,2.58,1.83,,1.83,1.92,,1.92
120,Statement 10B,51. Consumer Awareness (Advertising and Publicity),1.0,,1.0,2.58,,2.58,1.83,,1.83,1.92,,1.92
120,Statement 10B,Demand No. 15,,,,,,,5421.31,,5421.31,10811.9,2.58,10814.48
120,Statement 10B,52. Assistance to State Agencies for intra-state,,,,,,,,,,172.0,,172.0
120,Statement 10B,53. Integrated Management of Public Distribution,,,,,,,,,,1.08,,1.08
120,Statement 10B,54. Food Subsidy to Food Corporation of India under,,,,,,,5421.31,,5421.31,8906.0,,8906.0
120,Statement 10B,55. Food Subsidy for Decentralized Procurement of,,,,,,,,,,1720.0,,1720.0
120,Statement 10B,56. Fortification of Rice and its Distribution under Public,,,,,,,,,,3.01,,3.01
120,Statement 10B,57. Sugar Subsidy payable under Public Distribution,,,,,,,,,,9.46,,9.46
120,Statement 10B,58. Strengthening of PDS Operations,,,,,,,,,,0.35,,0.35
120,Statement 10B,59.   Storage and Godowns,,,,,,,,,,,2.58,2.58
120,Statement 10B,Demand No. 17,21.92,,21.92,24.86,,24.86,16.89,,16.89,19.57,,19.57
120,Statement 10B,60. Libraries and Archives,2.49,,2.49,,,,,,,,,
120,Statement 10B,"61.   Centenaries and Anniversaries, Celebrations and",,,,7.65,,7.65,6.69,,6.69,3.0,,3.0
120,Statement 10B,62.   Kala Sanskriti Vikas Yojana,2.02,,2.02,16.74,,16.74,10.2,,10.2,16.55,,16.55
120,Statement 10B,63.   National Mission for Preservation of Manuscripts,,,,0.46,,0.46,,,,0.01,,0.01
120,Statement 10B,64.   Development of Libraries and Archives,,,,0.01,,0.01,,,,0.01,,0.01
120,Statement 10B,65.   Support to Akademies,14.14,,14.14,,,,,,,,,
120,Statement 10B,66.   Buddhist Tibetan Institutions and Memorials,1.35,,1.35,,,,,,,,,
120,Statement 10B,67.   Support to Museums,1.12,,1.12,,,,,,,,,
120,Statement 10B,68.   Anthropological Survey of India ( An. S.I.),0.2,,0.2,,,,,,,,,
120,Statement 10B,69.   Grantee Bodies,0.6,,0.6,,,,,,,,,
120,Statement 10B,Demand No. 22,736.2,5.0,741.2,817.92,5.0,822.92,561.54,2.07,563.61,711.87,5.0,716.87
121,Statement 10B,70.   Schemes of North East Council,136.87,5.0,141.87,170.0,5.0,175.0,122.47,2.07,124.54,115.0,5.0,120.0
121,Statement 10B,71.   Schemes of North East Council - Special,150.0,,150.0,130.0,,130.0,78.54,,78.54,105.0,,105.0
121,Statement 10B,72.   Central Pool of Resources for North East and,197.96,,197.96,143.92,,143.92,143.92,,143.92,142.87,,142.87
121,Statement 10B,73.   NER Livelihood (EAP) Project (NERLP) -,12.54,,12.54,,,,,,,,,
121,Statement 10B,74.   Bodoland Territorial Council,3.85,,3.85,5.0,,5.0,,,,5.0,,5.0
121,Statement 10B,75.   Karbi Anglong Autonomous Territorial Council,28.01,,28.01,40.0,,40.0,18.0,,18.0,27.0,,27.0
121,Statement 10B,76.   Dima Hasao Territorial Council,21.11,,21.11,25.0,,25.0,16.0,,16.0,17.0,,17.0
121,Statement 10B,77.01 Hill Area Development Programme,13.36,,13.36,54.0,,54.0,32.0,,32.0,45.0,,45.0
121,Statement 10B,77.02   NESIDS Programme,172.5,,172.5,250.0,,250.0,150.61,,150.61,255.0,,255.0
121,Statement 10B,Total- North East Special Infrastructure Development,185.86,,185.86,304.0,,304.0,182.61,,182.61,300.0,,300.0
121,Statement 10B,Demand No. 24,5627.3,,5627.3,5844.0,,5844.0,5709.45,,5709.45,5297.4,,5297.4
121,Statement 10B,78. National Means cum Merit Scholarship Scheme,31.4,,31.4,42.0,,42.0,30.5,,30.5,,,
121,Statement 10B,78.02    Support for National Means cum Merit,,,,,,,,,,30.5,,30.5
121,Statement 10B,Total- National Means cum Merit Scholarship Scheme,31.4,,31.4,42.0,,42.0,30.5,,30.5,30.5,,30.5
121,Statement 10B,79.   National Scheme for Incentive to Girl Child for,0.13,,0.13,22.0,,22.0,,,,,,
121,Statement 10B,80.01   Appointment of Language Teachers,,,,19.0,,19.0,4.87,,4.87,,,
121,Statement 10B,80.02   Padhna Likhna Abhiyan,,,,1.0,,1.0,9.33,,9.33,25.02,,25.02
121,Statement 10B,Total- Teachers Training and Adult Education,,,,20.0,,20.0,14.2,,14.2,25.02,,25.02
121,Statement 10B,81.01   Support from Gross Budgetary Support,181.24,,181.24,319.29,,319.29,217.94,,217.94,,,
121,Statement 10B,81.02   Support from Prarambhik Shiksha Kosh,867.54,,867.54,890.71,,890.71,1228.06,,1228.06,,,
121,Statement 10B,81.03    Support for National Programme of Mid,,,,,,,,,,1354.0,,1354.0
121,Statement 10B,Total- National Programme of Mid Day Meal in Schools,1048.78,,1048.78,1210.0,,1210.0,1446.0,,1446.0,1354.0,,1354.0
122,Statement 10B,82.01   Support from Gross Budgetary Support,107.07,,107.07,,,,70.0,,70.0,,,
122,Statement 10B,82.02   Support from Central Roads &,128.66,,128.66,70.0,,70.0,,,,,,
122,Statement 10B,82.03 Support for Kendriya Vidyalaya,,,,,,,,,,116.0,,116.0
122,Statement 10B,82.04 Support from Madhyamik and Uchhatar,,,,,,,208.44,,208.44,,,
122,Statement 10B,Total- Kendriya Vidyalaya Sangathan (KVS),235.73,,235.73,70.0,,70.0,278.44,,278.44,116.0,,116.0
122,Statement 10B,83.01   Support from Gross Budgetary Support,9.26,,9.26,,,,200.0,,200.0,,,
122,Statement 10B,83.02   Support from CRIF,216.47,,216.47,200.0,,200.0,,,,,,
122,Statement 10B,83.03   Support for Navodaya Vidyalaya Samiti,,,,,,,,,,283.0,,283.0
122,Statement 10B,Total- Navodaya Vidyalaya Samiti (NVS),225.73,,225.73,200.0,,200.0,200.0,,200.0,283.0,,283.0
122,Statement 10B,84.01   Support from Gross Budgetary Support,2444.84,,2444.84,2503.27,,2503.27,305.78,,305.78,,,
122,Statement 10B,84.02   Support from Prarambhik Shiksha Kosh,1328.45,,1328.45,1347.73,,1347.73,3200.77,,3200.77,,,
122,Statement 10B,84.03   Support from Madhyamik and Uchhatar,312.24,,312.24,429.0,,429.0,220.56,,220.56,,,
122,Statement 10B,84.04   Support for Samagra Shiksha,,,,,,,,,,3433.88,,3433.88
122,Statement 10B,Total- Samagra Shiksha,4085.53,,4085.53,4280.0,,4280.0,3727.11,,3727.11,3433.88,,3433.88
122,Statement 10B,85.  Strengthening Teaching-Learning and Results for,,,,,,,13.2,,13.2,55.0,,55.0
122,Statement 10B,Demand No. 25,1416.99,,1416.99,1640.0,,1640.0,1304.78,,1304.78,1963.45,,1963.45
122,Statement 10B,86.01   Support from Gross Budgetary Support,15.09,,15.09,43.0,,43.0,175.0,,175.0,151.0,,151.0
122,Statement 10B,87.   Prime Minister's Girls' Hostel,0.24,,0.24,1.0,,1.0,1.0,,1.0,1.0,,1.0
122,Statement 10B,88.01   Support from Gross Budgetary Support,,,,2.0,,2.0,0.2,,0.2,2.0,,2.0
123,Statement 10B,89.01   Support from Gross Budgetary Support,0.02,,0.02,2.0,,2.0,0.18,,0.18,2.0,,2.0
123,Statement 10B,90.   Grants to Central Universities (CUs),260.68,,260.68,245.0,,245.0,278.38,,278.38,245.0,,245.0
123,Statement 10B,91.   Improvement in Salary Scale of University and,174.0,,174.0,171.0,,171.0,30.73,,30.73,0.9,,0.9
123,Statement 10B,92.   Pandit Madan Mohan Malviya National Mission on,8.65,,8.65,4.3,,4.3,4.3,,4.3,7.8,,7.8
123,Statement 10B,93.   Programme for Apprenticeship Training,14.79,,14.79,15.5,,15.5,15.5,,15.5,45.0,,45.0
123,Statement 10B,94.   Global Initiative for Academic Network (GIAN),1.5,,1.5,1.25,,1.25,1.0,,1.0,0.8,,0.8
123,Statement 10B,95.   National Institutional Ranking Framework,0.17,,0.17,0.15,,0.15,0.25,,0.25,0.3,,0.3
123,Statement 10B,96.01   Support from Gross Budgetary Support,16.97,,16.97,18.0,,18.0,19.21,,19.21,19.0,,19.0
123,Statement 10B,97.   Indira Gandhi National Open University (IGNOU),5.06,,5.06,5.5,,5.5,5.2,,5.2,4.0,,4.0
123,Statement 10B,98.01 Support from Gross Budgetary Support,95.65,,95.65,16.15,,16.15,18.4,,18.4,2.0,,2.0
123,Statement 10B,98.02 Support from National Investment Fund,,,,53.85,,53.85,53.8,,53.8,,,
123,Statement 10B,Total- Technical Education Quality Improvement,95.65,,95.65,70.0,,70.0,72.2,,72.2,2.0,,2.0
123,Statement 10B,99.01    Support from Gross Budgetary Support,1.4,,1.4,10.0,,10.0,9.95,,9.95,15.0,,15.0
123,Statement 10B,99.02     Support from Madhyamik and Uchhatar,13.0,,13.0,,,,,,,,,
123,Statement 10B,Total- All India Council for Technical Education(AICTE),14.4,,14.4,10.0,,10.0,9.95,,9.95,15.0,,15.0
123,Statement 10B,100.   Interest Subsidy and contribution for Guarantee,23.39,,23.39,133.0,,133.0,0.08,,0.08,133.0,,133.0
123,Statement 10B,101.   Scholarship for College and University students,19.42,,19.42,8.0,,8.0,10.8,,10.8,12.0,,12.0
123,Statement 10B,102.   National Mission in Education Through ICT,7.52,,7.52,7.3,,7.3,4.32,,4.32,13.0,,13.0
123,Statement 10B,103.   Setting up of virtual classrooms and massive open,9.0,,9.0,6.5,,6.5,6.5,,6.5,18.0,,18.0
123,Statement 10B,104.   e-shodh Sindhu,19.7,,19.7,20.0,,20.0,13.33,,13.33,12.0,,12.0
124,Statement 10B,105.   National Digital Library,1.6,,1.6,1.5,,1.5,0.95,,0.95,2.5,,2.5
124,Statement 10B,106.   Directorate of Hindi,0.2,,0.2,1.5,,1.5,0.7,,0.7,0.9,,0.9
124,Statement 10B,107.   Commission for Scientific and Technical,0.25,,0.25,0.35,,0.35,0.35,,0.35,0.35,,0.35
124,Statement 10B,108.   PM Research Fellowship,2.64,,2.64,4.3,,4.3,6.75,,6.75,13.0,,13.0
124,Statement 10B,109.   National Academic Depository,,,,1.0,,1.0,,,,0.1,,0.1
124,Statement 10B,110.   Rashtriya Uchhatar Shiksha Abhiyan (RUSA),133.26,,133.26,25.0,,25.0,14.46,,14.46,332.0,,332.0
124,Statement 10B,111.   Training and Research in Frontier Areas,0.83,,0.83,,,,0.3,,0.3,,,
124,Statement 10B,112.   National Inititative for Design Innovation,1.08,,1.08,3.0,,3.0,3.0,,3.0,3.0,,3.0
124,Statement 10B,113.   Startup India Initiative in Higher Educational,5.96,,5.96,8.6,,8.6,14.2,,14.2,8.6,,8.6
124,Statement 10B,114.   Unnat Bharat Abhiyan,0.62,,0.62,2.8,,2.8,0.9,,0.9,0.5,,0.5
124,Statement 10B,115.   Implementation of the IMPRINT Research Initiative,3.97,,3.97,4.0,,4.0,4.0,,4.0,2.0,,2.0
124,Statement 10B,116.   University Grants Commission (UGC),140.21,,140.21,150.0,,150.0,144.5,,144.5,400.0,,400.0
124,Statement 10B,117.   Support to Indian Institutes of Technology,185.67,,185.67,215.0,,215.0,194.52,,194.52,220.0,,220.0
124,Statement 10B,"118.   IIT, Hyderabad (EAP)",6.8,,6.8,4.5,,4.5,6.75,,6.75,4.5,,4.5
124,Statement 10B,119.01     Support from Gross Budgetary Support,17.98,,17.98,15.0,,15.0,15.75,,15.75,15.0,,15.0
124,Statement 10B,120.01 Support from Gross Budgetary Support,27.37,,27.37,30.0,,30.0,41.5,,41.5,30.0,,30.0
124,Statement 10B,121.01 Support from Gross Budgetary Support,7.02,,7.02,8.0,,8.0,7.15,,7.15,8.0,,8.0
124,Statement 10B,122.   Setting up Indian Institutes of Information,4.8,,4.8,5.0,,5.0,4.11,,4.11,5.0,,5.0
124,Statement 10B,123.   Education Quality Upgradation and Inclusion,,,,172.0,,172.0,,,,,,
124,Statement 10B,124.01     Support from Gross Budgetary Support,3.88,,3.88,8.5,,8.5,3.1,,3.1,5.5,,5.5
125,Statement 10B,125.   Special Scholarship Scheme for Jammu and,,,,12.0,,12.0,12.0,,12.0,12.0,,12.0
125,Statement 10B,126.01     Support from Gross Budgetary Support,13.2,,13.2,14.65,,14.65,13.68,,13.68,14.7,,14.7
125,Statement 10B,127.   Deemed Universities promoted by Central,12.87,,12.87,11.0,,11.0,13.9,,13.9,11.0,,11.0
125,Statement 10B,128.   Impactful Policy Research in Social Science,,,,,,,2.2,,2.2,2.2,,2.2
125,Statement 10B,129.   Scheme for Promotion of Academic and Research,6.88,,6.88,3.5,,3.5,3.5,,3.5,0.8,,0.8
125,Statement 10B,130.   Scheme for Transformational and Advanced,2.3,,2.3,4.3,,4.3,1.8,,1.8,2.1,,2.1
125,Statement 10B,131.   Study in India,1.25,,1.25,,,,,,,,,
125,Statement 10B,132.01 Support from Gross Budgetary Support,119.95,,119.95,142.0,,142.0,119.67,,119.67,,,
125,Statement 10B,132.02 Grants to National Institutes of,,,,,,,,,,145.0,,145.0
125,Statement 10B,Total- Support to National Institutes of Technology,119.95,,119.95,142.0,,142.0,119.67,,119.67,145.0,,145.0
125,Statement 10B,133.   National Institutes of Technical Teachers Training,5.45,,5.45,5.0,,5.0,5.97,,5.97,5.5,,5.5
125,Statement 10B,134.   Grants to Institutes for Promotion of Indian,13.61,,13.61,13.0,,13.0,11.23,,11.23,13.0,,13.0
125,Statement 10B,135.   Grants to Councils/Institutes for Excellence in,6.36,,6.36,8.5,,8.5,6.45,,6.45,8.5,,8.5
125,Statement 10B,"136.   National Institute of Industrial Engineering, Mumbai",4.11,,4.11,2.0,,2.0,2.25,,2.25,2.0,,2.0
125,Statement 10B,"137.   Board of Apprenticeship Training, Bombay,",0.62,,0.62,0.5,,0.5,0.51,,0.51,0.5,,0.5
125,Statement 10B,138.   Indian Knowledge Systems,,,,,,,,,,1.0,,1.0
125,Statement 10B,139.   Bharatiya Bhasha University & Institute of,,,,,,,,,,2.0,,2.0
125,Statement 10B,140.   Multidisciplinary Education and Research,,,,,,,,,,0.8,,0.8
125,Statement 10B,141.   PM e-Vidya,,,,,,,,,,3.3,,3.3
125,Statement 10B,142.   Academic Bank of Credits (ABC),,,,,,,0.5,,0.5,4.3,,4.3
126,Statement 10B,Demand No. 26,211.51,,211.51,265.19,,265.19,204.0,,204.0,456.03,,456.03
126,Statement 10B,143.01   Program Component,49.99,,49.99,30.0,,30.0,30.0,,30.0,35.0,,35.0
126,Statement 10B,144.   Promotion of Digital payment,36.0,,36.0,10.0,,10.0,10.0,,10.0,100.5,,100.5
126,Statement 10B,145.   Pradhan Mantri Gramin Digital Saksharta Abhiyan,30.0,,30.0,25.19,,25.19,10.0,,10.0,20.0,,20.0
126,Statement 10B,146.   Manpower Development,30.0,,30.0,30.0,,30.0,30.0,,30.0,30.0,,30.0
126,Statement 10B,147.   National Knowledge Network,51.84,,51.84,30.0,,30.0,119.0,,119.0,40.0,,40.0
126,Statement 10B,148.   Promotion of Electronics and IT HW Manufacturing,,,,66.0,,66.0,,,,158.53,,158.53
126,Statement 10B,149.   Promotion of IT/ITeS Industries,,,,10.0,,10.0,,,,10.0,,10.0
126,Statement 10B,150.   R and D in IT/Electronics/CCBT,13.68,,13.68,56.0,,56.0,5.0,,5.0,50.0,,50.0
126,Statement 10B,151.   Cyber Security Projects (NCCC & Others),,,,8.0,,8.0,,,,12.0,,12.0
126,Statement 10B,Demand No. 27,93.23,,93.23,127.0,,127.0,99.0,,99.0,152.0,,152.0
126,Statement 10B,152. Eco-Task Force,,,,,,,,,,5.0,,5.0
126,Statement 10B,"153.   Environmental Education, Awareness and Training",7.61,,7.61,10.0,,10.0,6.0,,6.0,6.0,,6.0
126,Statement 10B,154.01   Green India Mission-National,15.5,,15.5,30.0,,30.0,25.0,,25.0,30.0,,30.0
126,Statement 10B,154.02   Forest Fire Prevention and Management,2.0,,2.0,6.0,,6.0,3.0,,3.0,5.0,,5.0
126,Statement 10B,Total- National Mission for a Green India,17.5,,17.5,36.0,,36.0,28.0,,28.0,35.0,,35.0
126,Statement 10B,155.01   Development of Wildlife Habitats,12.0,,12.0,18.0,,18.0,12.0,,12.0,15.0,,15.0
126,Statement 10B,155.02   Project Tiger,35.0,,35.0,35.0,,35.0,30.0,,30.0,35.0,,35.0
126,Statement 10B,155.03   Project Elephant,2.99,,2.99,4.0,,4.0,3.0,,3.0,3.0,,3.0
126,Statement 10B,Total- Integrated Development of Wildlife Habitats,49.99,,49.99,57.0,,57.0,45.0,,45.0,53.0,,53.0
126,Statement 10B,156.01   Conservation of Aquatic Ecosystems,4.0,,4.0,5.0,,5.0,2.0,,2.0,5.0,,5.0
126,Statement 10B,156.02   Biodiversity Conservation,3.65,,3.65,4.0,,4.0,4.0,,4.0,4.0,,4.0
127,Statement 10B,Total- Conservation of Natural Resources and,7.65,,7.65,9.0,,9.0,6.0,,6.0,9.0,,9.0
127,Statement 10B,157.   Control of Pollution,,,,,,,,,,16.0,,16.0
127,Statement 10B,158.01    Programme Component,,,,1.0,,1.0,,,,10.0,,10.0
127,Statement 10B,159.   National Adaptation Fund,2.19,,2.19,8.0,,8.0,8.0,,8.0,8.0,,8.0
127,Statement 10B,160.   National Mission on Himalayan Studies,6.0,,6.0,,,,3.0,,3.0,6.0,,6.0
127,Statement 10B,161.   Environment Information Systems (ENVIS),2.29,,2.29,5.0,,5.0,2.0,,2.0,4.0,,4.0
127,Statement 10B,162.   National Biodiversity Authority,,,,1.0,,1.0,1.0,,1.0,,,
127,Statement 10B,Demand No. 41,45.87,,45.87,53.0,,53.0,63.0,,63.0,91.52,,91.52
127,Statement 10B,163. National Fisheries Development Board,6.88,,6.88,7.0,,7.0,0.01,,0.01,0.02,,0.02
127,Statement 10B,164.   Integrated Development and Management of,38.99,,38.99,45.4,,45.4,,,,,,
127,Statement 10B,165. Fisheries and Aquaculture Infrastructure,,,,0.6,,0.6,0.6,,0.6,1.5,,1.5
127,Statement 10B,166. Pradhan Mantri Matsya Sampada Yojana (,,,,,,,62.39,,62.39,90.0,,90.0
127,Statement 10B,Demand No. 42,220.87,,220.87,270.89,,270.89,240.76,,240.76,265.29,,265.29
127,Statement 10B,167. National Programme for Dairy Development,22.79,,22.79,25.8,,25.8,24.59,,24.59,,,
127,Statement 10B,168.   Dairy Entrepreneurship Development,22.36,,22.36,0.01,,0.01,,,,,,
127,Statement 10B,169.   Rashtriya Gokul Mission,29.97,,29.97,27.0,,27.0,32.0,,32.0,,,
127,Statement 10B,170.   Supporting Dairy Cooperatives and Farmer,8.6,,8.6,8.6,,8.6,8.6,,8.6,,,
127,Statement 10B,171.   Livestock Health and Disease Control,31.77,,31.77,36.05,,36.05,21.81,,21.81,,,
127,Statement 10B,172.   National Livestock Mission,29.87,,29.87,48.7,,48.7,46.25,,46.25,,,
127,Statement 10B,173.   Livestock Census and Integrated Sample Survey,3.24,,3.24,,,,,,,,,
127,Statement 10B,174.   Dairy Processing and Infrastructure Development,2.29,,2.29,5.16,,5.16,0.86,,0.86,,,
127,Statement 10B,175.   National Animal Disease Control Programme for,69.98,,69.98,106.65,,106.65,106.65,,106.65,,,
127,Statement 10B,176.   Animal Husbandry Infrastructure Development,,,,12.92,,12.92,,,,,,
128,Statement 10B,177.01   National Programme for Dairy,,,,,,,,,,21.91,,21.91
128,Statement 10B,177.02   Rashtriya Gokul Mission,,,,,,,,,,54.0,,54.0
128,Statement 10B,177.03   National Livestock Mission,,,,,,,,,,29.0,,29.0
128,Statement 10B,Total- Rashtriya Pashudhan Vikas Yojana,,,,,,,,,,104.91,,104.91
128,Statement 10B,178.   Livestock Health and Disease Control Programme,,,,,,,,,,145.76,,145.76
128,Statement 10B,179.   Infrastructure Development Fund,,,,,,,,,,14.62,,14.62
128,Statement 10B,Demand No. 43,0.35,,0.35,46.5,,46.5,49.45,,49.45,47.3,,47.3
128,Statement 10B,180. Pradhan Mantri Kisan Sampada Yojana,0.35,,0.35,46.5,,46.5,32.25,,32.25,30.1,,30.1
128,Statement 10B,181.   Prime Minister Formalisation of Micro Food,,,,,,,17.2,,17.2,17.2,,17.2
128,Statement 10B,Demand No. 44,3851.1,,3851.1,4300.0,,4300.0,3997.14,,3997.14,4260.2,,4260.2
128,Statement 10B,182.01    Establishment of New Medical Colleges,,,,505.62,,505.62,,,,,,
128,Statement 10B,182.02 Establishing New Medical Colleges,171.0,,171.0,,,,,,,,,
128,Statement 10B,182.03 Strengthening Government Medical,79.48,,79.48,,,,,,,,,
128,Statement 10B,182.04 Establishment of New Medical Colleges,,,,,,,582.02,,582.02,582.02,,582.02
128,Statement 10B,Total- Human Resources for Health and Medical,250.48,,250.48,505.62,,505.62,582.02,,582.02,582.02,,582.02
128,Statement 10B,183.01   RCH Flexible Pool including Routine,731.65,,731.65,,,,,,,,,
128,Statement 10B,183.02   Health System Strengthening under,1159.08,,1159.08,92.24,,92.24,221.81,,221.81,92.24,,92.24
129,Statement 10B,183.03    Ayushman Bharat - Health and Wellness,,,,148.51,,148.51,148.49,,148.49,,,
129,Statement 10B,183.04    Ayushman Bharat - Health and Wellness,191.72,,191.72,,,,,,,,,
129,Statement 10B,183.05    RCH Flexible Pool including Routine,,,,586.2,,586.2,,,,644.82,,644.82
129,Statement 10B,183.06    Health System Strengthening under,,,,1068.86,,1068.86,1100.86,,1100.86,,,
129,Statement 10B,183.07    Flexible Pool for Communicable,263.41,,263.41,225.17,,225.17,175.17,,175.17,225.17,,225.17
129,Statement 10B,183.08    Flexible Pool for Non-Communicable,93.33,,93.33,75.93,,75.93,43.38,,43.38,,,
129,Statement 10B,183.09    Infrastructure Maintenance,907.53,,907.53,758.13,,758.13,673.57,,673.57,761.84,,761.84
129,Statement 10B,183.10    Infrastructure Maintenance (PMSSN),,,,,,,84.56,,84.56,,,
129,Statement 10B,183.11     RCH Flexible Pool including Routine,,,,,,,586.2,,586.2,,,
129,Statement 10B,183.12 Health System Strengthening under,,,,,,,,,,1308.11,,1308.11
129,Statement 10B,183.13 Ayushman Bharat - Health and Wellness,,,,,,,,,,181.51,,181.51
129,Statement 10B,183.14 Flexible Pool for Non-Communicable,,,,,,,,,,75.93,,75.93
129,Statement 10B,Total- National Rural Health Mission,3346.72,,3346.72,2955.04,,2955.04,3034.04,,3034.04,3289.62,,3289.62
129,Statement 10B,184.01    Other Health System for activities,85.96,,85.96,,,,41.18,,41.18,,,
129,Statement 10B,184.02    Other Health System for activities,,,,59.9,,59.9,19.0,,19.0,64.17,,64.17
129,Statement 10B,184.03    Ayushman Bharat - Health and Wellness,31.29,,31.29,,,,,,,,,
130,Statement 10B,184.04     Ayushman Bharat - Health and Wellness,,,,21.4,,21.4,21.4,,21.4,21.4,,21.4
130,Statement 10B,Total- National Urban Health Mission,117.25,,117.25,81.3,,81.3,81.58,,81.58,85.57,,85.57
130,Statement 10B,185.01    National Mental Health Programme,,,,3.75,,3.75,1.0,,1.0,3.25,,3.25
130,Statement 10B,185.02    Capacity Building for Trauma Centres,,,,13.62,,13.62,,,,6.71,,6.71
130,Statement 10B,185.03     National Programme for Health Care for,,,,6.12,,6.12,,,,,,
130,Statement 10B,185.04 National Programme for prevention and,15.5,,15.5,22.08,,22.08,32.26,,32.26,21.94,,21.94
130,Statement 10B,Total- Tertiary Care Programs,15.5,,15.5,45.57,,45.57,33.26,,33.26,31.9,,31.9
130,Statement 10B,186.   Strengthening of State Drug Regulatory System,50.5,,50.5,18.88,,18.88,14.03,,14.03,18.88,,18.88
130,Statement 10B,187.01  Support from Gross Budgetary Support,8.65,,8.65,4.04,,4.04,,,,,,
130,Statement 10B,188.01 Support from Gross Budgetary Support,62.0,,62.0,21.58,,21.58,,,,,,
130,Statement 10B,188.02 Support from National Investment Fund,,,,667.97,,667.97,,,,,,
130,Statement 10B,188.03 Support from (PMSSN),,,,,,,252.21,,252.21,252.21,,252.21
130,Statement 10B,Total- Ayushman Bharat - Pradhan Mantri Jan Arogya,62.0,,62.0,689.55,,689.55,252.21,,252.21,252.21,,252.21
130,Statement 10B,Demand No. 51,94.56,32.89,127.45,98.06,162.03,260.09,93.0,77.73,170.73,126.04,105.86,231.9
130,Statement 10B,189. Tribal Area Component,94.56,32.89,127.45,98.06,162.03,260.09,93.0,77.73,170.73,126.04,105.86,231.9
130,Statement 10B,Demand No. 53,1.17,0.34,1.51,18.58,0.25,18.83,2.6,0.11,2.71,21.0,0.1,21.1
130,Statement 10B,190.01    Education,0.34,0.34,0.68,,,,,,,,,
130,Statement 10B,191.   Tribal Area Component - Dadra and Nagar Haveli,,,,18.58,0.25,18.83,2.6,0.11,2.71,21.0,0.1,21.1
131,Statement 10B,192.01   Health,0.8,,0.8,,,,,,,,,
131,Statement 10B,192.02    Welfare of Scheduled Caste/Scheduled,0.03,,0.03,,,,,,,,,
131,Statement 10B,Total- Schemes of UT - Dadra and Nagar Haveli,0.83,,0.83,,,,,,,,,
131,Statement 10B,Demand No. 55,758.5,167.61,926.11,1148.34,201.37,1349.71,1148.34,201.37,1349.71,1211.71,220.6,1432.31
131,Statement 10B,193. Secretariat,15.89,,15.89,19.6,,19.6,19.6,,19.6,19.52,,19.52
131,Statement 10B,194.   Other Establishment,,,,379.68,,379.68,379.68,,379.68,385.08,,385.08
131,Statement 10B,195.01   Science and Technology,2.53,0.19,2.72,2.93,0.22,3.15,2.93,0.22,3.15,4.01,0.5,4.51
131,Statement 10B,"195.02   Urban Development, Housing, Water",24.87,42.14,67.01,17.35,41.25,58.6,17.35,41.25,58.6,17.25,40.5,57.75
131,Statement 10B,195.03   Roads,0.49,12.0,12.49,0.5,14.0,14.5,0.5,14.0,14.5,0.4,15.0,15.4
131,Statement 10B,195.04   Transport,393.26,59.48,452.74,412.35,80.0,492.35,412.35,80.0,492.35,434.45,113.75,548.2
131,Statement 10B,195.05   Tourism Development,4.81,5.5,10.31,4.85,7.0,11.85,4.85,7.0,11.85,4.35,,4.35
131,Statement 10B,"195.06   Education, Sports, Arts and Culture",33.86,14.03,47.89,46.05,12.95,59.0,46.05,12.95,59.0,48.14,9.7,57.84
131,Statement 10B,195.07   Agriculture and Allied Activities,25.91,2.34,28.25,30.31,3.5,33.81,30.31,3.5,33.81,32.11,2.8,34.91
131,Statement 10B,195.08   Employment and Training,1.79,3.1,4.89,1.41,2.0,3.41,1.41,2.0,3.41,2.71,2.0,4.71
131,Statement 10B,195.09   Disaster Management,0.28,,0.28,0.43,,0.43,0.43,,0.43,0.54,,0.54
131,Statement 10B,195.10   Information Technology,58.67,,58.67,55.0,,55.0,55.0,,55.0,60.0,,60.0
131,Statement 10B,195.11   Police,,2.57,2.57,0.08,6.15,6.23,0.08,6.15,6.23,0.5,6.3,6.8
131,Statement 10B,195.12   Power,113.47,13.25,126.72,102.27,13.0,115.27,102.27,13.0,115.27,118.06,9.5,127.56
131,Statement 10B,195.13   Environment and Forest,9.72,3.26,12.98,9.5,3.2,12.7,9.5,3.2,12.7,12.0,3.2,15.2
131,Statement 10B,195.14   Panchayati Raj,4.62,0.1,4.72,4.4,0.5,4.9,4.4,0.5,4.9,4.15,0.3,4.45
131,Statement 10B,195.15   Civil Supplies,6.63,1.0,7.63,4.7,1.0,5.7,4.7,1.0,5.7,4.9,0.75,5.65
131,Statement 10B,195.16   Health,42.63,6.71,49.34,39.85,12.2,52.05,39.85,12.2,52.05,43.84,12.2,56.04
131,Statement 10B,"195.17   Social Welfare, Women and Child",8.25,0.25,8.5,7.35,0.5,7.85,7.35,0.5,7.85,8.65,0.75,9.4
131,Statement 10B,195.18   Village and Small Industries,0.61,0.34,0.95,0.99,0.5,1.49,0.99,0.5,1.49,1.18,1.0,2.18
131,Statement 10B,Total- Schemes of UT,732.4,166.26,898.66,740.32,197.97,938.29,740.32,197.97,938.29,797.24,218.25,1015.49
132,Statement 10B,196.   UT's Supplement to Centrally Sponsored Schemes,3.12,,3.12,3.19,,3.19,3.19,,3.19,4.02,,4.02
132,Statement 10B,197.   Grantee / Other Bodies,4.49,,4.49,3.67,,3.67,3.67,,3.67,4.02,,4.02
132,Statement 10B,198.   Other Expenditure of UT,2.6,1.35,3.95,1.88,3.4,5.28,1.88,3.4,5.28,1.83,2.35,4.18
132,Statement 10B,Demand No. 59,325.06,,325.06,164.03,,164.03,369.43,,369.43,174.5,,174.5
132,Statement 10B,199.01 States/UTs Component,29.67,,29.67,34.03,,34.03,34.03,,34.03,33.46,,33.46
132,Statement 10B,200.01 Other items of States/UTs Component,295.39,,295.39,130.0,,130.0,335.4,,335.4,141.04,,141.04
132,Statement 10B,Demand No. 61,226.81,0.95,227.76,272.16,7.47,279.63,180.15,6.26,186.41,193.17,4.0,197.17
132,Statement 10B,201.01  Ground Water Management and,3.91,0.95,4.86,4.53,7.47,12.0,2.2,6.26,8.46,4.53,4.0,8.53
132,Statement 10B,202.   HRD/Capacity Building Programme,0.02,,0.02,0.63,,0.63,0.1,,0.1,0.64,,0.64
132,Statement 10B,203.   Har Khet Ko Pani,205.0,,205.0,205.0,,205.0,150.0,,150.0,165.0,,165.0
132,Statement 10B,204.   Flood Management and Border Areas,10.88,,10.88,50.0,,50.0,15.85,,15.85,20.0,,20.0
132,Statement 10B,205.01    Programme Component,7.0,,7.0,12.0,,12.0,12.0,,12.0,3.0,,3.0
132,Statement 10B,Demand No. 62,1833.89,,1833.89,2149.41,,2149.41,1700.0,,1700.0,5897.18,,5897.18
132,Statement 10B,206.01    Programme Component,381.42,,381.42,999.41,,999.41,328.7,,328.7,896.08,,896.08
132,Statement 10B,206.02    EAP Component,452.4,,452.4,,,,271.3,,271.3,,,
132,Statement 10B,Total- SBM-Rural,833.82,,833.82,999.41,,999.41,600.0,,600.0,896.08,,896.08
132,Statement 10B,207.01 Jal Jeevan Mission/National Rural,1000.07,,1000.07,1150.0,,1150.0,1100.0,,1100.0,5001.1,,5001.1
132,Statement 10B,Demand No. 63,845.45,,845.45,977.95,,977.95,1126.13,,1126.13,1084.12,,1084.12
133,Statement 10B,208. Labour Welfare Scheme,8.4,,8.4,12.9,,12.9,8.6,,8.6,12.9,,12.9
133,Statement 10B,209.   Bima Yojana for Unorganised Workers,24.34,,24.34,17.45,,17.45,,,,,,
133,Statement 10B,210.   Labour and Employment Statistical System (LESS),0.41,,0.41,1.0,,1.0,1.0,,1.0,12.9,,12.9
133,Statement 10B,"211.   Machinery for Better Conciliation, Preventive",0.9,,0.9,,,,,,,,,
133,Statement 10B,212.   Creation of National Platform of Unorganized,,,,4.3,,4.3,4.3,,4.3,,,
133,Statement 10B,"213.   Employees Pension Scheme, 1995",432.95,,432.95,641.3,,641.3,641.3,,641.3,631.06,,631.06
133,Statement 10B,214.   Social Security for Plantation Workers in Assam,1.23,,1.23,3.32,,3.32,3.32,,3.32,,,
133,Statement 10B,215.   National Child Labour Project including grants in,7.91,,7.91,9.99,,9.99,4.38,,4.38,10.32,,10.32
133,Statement 10B,216.01    National Career Services,5.64,,5.64,6.63,,6.63,4.8,,4.8,5.0,,5.0
133,Statement 10B,216.02    Pradhan Mantri Rojgar Protsahan Yojna,318.0,,318.0,218.36,,218.36,118.0,,118.0,78.0,,78.0
133,Statement 10B,"216.03    Coaching and Guidance for SC,ST and",2.27,,2.27,4.2,,4.2,2.72,,2.72,6.5,,6.5
133,Statement 10B,216.04    Employment Promotion Scheme,0.65,,0.65,,,,,,,,,
133,Statement 10B,Total- Employment Generation Programs,326.56,,326.56,229.19,,229.19,125.52,,125.52,89.5,,89.5
133,Statement 10B,217.   Strengthening and Development of DGFASLI,0.35,,0.35,,,,,,,,,
133,Statement 10B,218.   Strengthening of System and Infrastructure of,0.89,,0.89,,,,,,,,,
133,Statement 10B,219.   Central Board for Workers Education,10.48,,10.48,,,,,,,7.74,,7.74
133,Statement 10B,220.   National Labour Institute,1.03,,1.03,,,,,,,1.5,,1.5
133,Statement 10B,221.   Pradhan Mantri Shram Yogi Maandhan,30.0,,30.0,43.0,,43.0,43.0,,43.0,34.4,,34.4
133,Statement 10B,222.   Pradhan Mantri Karam Yogi Maandhan,,,,15.5,,15.5,7.0,,7.0,12.9,,12.9
133,Statement 10B,223.   Pradhan Mantri Gareeb Kalyan Yojana,,,,,,,216.44,,216.44,,,
133,Statement 10B,224.   Aatmanirbhar Bharat Rojgar Yojana,,,,,,,71.27,,71.27,270.9,,270.9
133,Statement 10B,Demand No. 67,773.54,,773.54,634.13,,634.13,382.34,,382.34,350.5,,350.5
134,Statement 10B,225.   Solar Charkha Mission,3.96,,3.96,10.0,,10.0,0.01,,0.01,0.01,,0.01
134,Statement 10B,226.   Market Promotion and Development Assistance,9.16,,9.16,,,,,,,,,
134,Statement 10B,227.   Scheme for Fund for Regeneration of Traditional,15.8,,15.8,44.08,,44.08,25.78,,25.78,12.95,,12.95
134,Statement 10B,228.   Coir Vikas Yojana,5.06,,5.06,3.19,,3.19,1.23,,1.23,0.3,,0.3
134,Statement 10B,"229.   ASPIRE (Promotion of Innovation, Rural Industry",,,,4.3,,4.3,1.85,,1.85,,,
134,Statement 10B,230.   Credit Linked Capital Subsidy and Technology,4.28,,4.28,2.8,,2.8,2.8,,2.8,2.8,,2.8
134,Statement 10B,231.   Prime Minister Employment Generation,430.63,,430.63,355.0,,355.0,174.65,,174.65,210.19,,210.19
134,Statement 10B,232.   Credit Support Programme,139.39,,139.39,,,,0.01,,0.01,0.01,,0.01
134,Statement 10B,233.   Procurement and Marketing Support Scheme,,,,5.72,,5.72,1.66,,1.66,0.2,,0.2
134,Statement 10B,234.   International Cooperation Scheme,0.02,,0.02,1.63,,1.63,0.05,,0.05,1.0,,1.0
134,Statement 10B,235.   Promotional Services Institutions and Programme,4.53,,4.53,6.5,,6.5,0.1,,0.1,0.1,,0.1
134,Statement 10B,236.   Infrastructure Development and Capacity Building,24.0,,24.0,25.0,,25.0,15.0,,15.0,15.0,,15.0
134,Statement 10B,237.   Database Research Evaluation and Other Office,,,,0.1,,0.1,0.02,,0.02,0.02,,0.02
134,Statement 10B,238.   National Schedule Caste/Schedule Tribe Hub,10.71,,10.71,25.0,,25.0,20.0,,20.0,25.02,,25.02
134,Statement 10B,239.   Infrastructure Development and Capacity Building-,32.27,,32.27,18.89,,18.89,4.75,,4.75,4.75,,4.75
134,Statement 10B,240.   Gramodyog Vikas Yojana,12.0,,12.0,16.92,,16.92,2.78,,2.78,4.5,,4.5
134,Statement 10B,241.   Khadi Vikas Yojana,23.79,,23.79,25.0,,25.0,16.65,,16.65,21.65,,21.65
134,Statement 10B,242.   Fund of Funds,,,,25.0,,25.0,,,,,,
134,Statement 10B,243.   Interest Subvention Scheme for Incremental Credit,57.94,,57.94,65.0,,65.0,115.0,,115.0,52.0,,52.0
134,Statement 10B,Demand No. 68,23.8,,23.8,23.23,,23.23,23.23,,23.23,15.03,,15.03
134,Statement 10B,244. Geological Survey of India,23.8,,23.8,22.0,,22.0,22.0,,22.0,14.4,,14.4
134,Statement 10B,245.   Indian Bureau of Mines,,,,1.23,,1.23,1.23,,1.23,0.63,,0.63
134,Statement 10B,Demand No. 70,279.92,,279.92,486.0,,486.0,288.0,,288.0,486.0,,486.0
134,Statement 10B,246. Human Resources Development and Training,3.0,,3.0,3.0,,3.0,0.5,,0.5,0.5,,0.5
135,Statement 10B,247.   Wind Power,85.0,,85.0,200.0,,200.0,165.0,,165.0,150.0,,150.0
135,Statement 10B,248.   Small Hydro Power,20.0,,20.0,30.0,,30.0,10.0,,10.0,30.0,,30.0
135,Statement 10B,249.   Solar Power,97.79,,97.79,143.0,,143.0,74.0,,74.0,158.0,,158.0
135,Statement 10B,250.   Green Energy Corridors,3.0,,3.0,25.0,,25.0,10.0,,10.0,10.0,,10.0
135,Statement 10B,251.   Solar Power,68.13,,68.13,,,,,,,,,
135,Statement 10B,252.   Biogas Programme,3.0,,3.0,10.0,,10.0,8.5,,8.5,15.0,,15.0
135,Statement 10B,253.   Kisan Urja Suraksha evam Utthaan Mahabhiyan,,,,25.0,,25.0,,,,50.0,,50.0
135,Statement 10B,254. Kisan Urja Suraksha evam Utthaan,,,,50.0,,50.0,20.0,,20.0,72.5,,72.5
135,Statement 10B,Demand No. 71,61.16,,61.16,74.62,,74.62,42.02,,42.02,78.86,,78.86
135,Statement 10B,255. Rashtriya Gram Swaraj Abhiyan (RGSA),61.16,,61.16,74.62,,74.62,42.02,,42.02,78.86,,78.86
135,Statement 10B,Demand No. 75,1619.8,,1619.8,1840.5,,1840.5,1652.27,,1652.27,555.99,,555.99
135,Statement 10B,256. Direct Benefit Transfer - LPG,1273.99,,1273.99,1631.23,,1631.23,1097.39,,1097.39,536.64,,536.64
135,Statement 10B,257.   LPG Connection to Poor Households,164.1,,164.1,48.07,,48.07,416.67,,416.67,,,
135,Statement 10B,258.   Other subsidy payable including for North Eastern,,,,22.86,,22.86,21.41,,21.41,19.35,,19.35
135,Statement 10B,259.   Under-recovery (other Subsidy Payable),174.49,,174.49,136.57,,136.57,115.13,,115.13,,,
135,Statement 10B,260.   Direct Benefit Transfer- Kerosene,7.22,,7.22,1.77,,1.77,1.67,,1.67,,,
135,Statement 10B,Demand No. 78,654.54,51.57,706.11,787.0,70.0,857.0,501.0,15.0,516.0,685.6,80.0,765.6
135,Statement 10B,261. Deen Dayal Upadhyaya Gram Jyoti Yojna,349.67,,349.67,387.0,,387.0,227.0,,227.0,309.6,,309.6
135,Statement 10B,262.01    IPDS-Grant,304.87,,304.87,400.0,,400.0,274.0,,274.0,376.0,,376.0
135,Statement 10B,262.02    IPDS-Loans,,51.57,51.57,,70.0,70.0,,15.0,15.0,,80.0,80.0
135,Statement 10B,Total- Integrated Power Development Scheme,304.87,51.57,356.44,400.0,70.0,470.0,274.0,15.0,289.0,376.0,80.0,456.0
135,Statement 10B,Demand No. 85,,2393.57,2393.57,,2920.0,2920.0,,3430.0,3430.0,,4125.0,4125.0
135,Statement 10B,263.01    Works under Roads Wing,,2393.57,2393.57,,2920.0,2920.0,,3430.0,3430.0,,4125.0,4125.0
136,Statement 10B,Demand No. 86,5904.17,,5904.17,5026.0,,5026.0,5823.02,,5823.02,15127.24,,15127.24
136,Statement 10B,264.01    PMAY-Programme Component,4675.0,,4675.0,3413.0,,3413.0,4210.0,,4210.0,3412.5,,3412.5
136,Statement 10B,265.   Indira Gandhi National Old Age Pension Scheme,,,,,,,,,,711.07,,711.07
136,Statement 10B,266.   Indira Gandhi National Widow Pension,,,,,,,,,,216.07,,216.07
136,Statement 10B,267.   Indira Gandhi National Disability Pension,,,,,,,,,,26.67,,26.67
136,Statement 10B,268.   National Family Benefit Scheme,,,,,,,,,,37.09,,37.09
136,Statement 10B,269.   MGNREGA-Programme Component,,,,,,,,,,8330.0,,8330.0
136,Statement 10B,270.01    NRLM-Programme Component,1229.17,,1229.17,1613.0,,1613.0,1613.02,,1613.02,2393.84,,2393.84
136,Statement 10B,Demand No. 87,161.54,,161.54,223.87,,223.87,123.87,,123.87,215.01,,215.01
136,Statement 10B,271. Land Records Modernization Programme,5.0,,5.0,23.86,,23.86,23.86,,23.86,15.0,,15.0
136,Statement 10B,272.01    Programme Component,156.54,,156.54,200.01,,200.01,100.01,,100.01,200.01,,200.01
136,Statement 10B,Demand No. 88,108.53,,108.53,137.69,,137.69,97.0,,97.0,125.45,,125.45
136,Statement 10B,273. Science and Technology Institutional and Human,4.89,,4.89,10.0,,10.0,4.0,,4.0,10.0,,10.0
136,Statement 10B,"274. Innovation, Technology Development and",83.64,,83.64,117.69,,117.69,83.0,,83.0,97.45,,97.45
136,Statement 10B,275. Science and Engineering Research Board,20.0,,20.0,10.0,,10.0,10.0,,10.0,18.0,,18.0
136,Statement 10B,Demand No. 91,172.41,,172.41,209.65,,209.65,189.55,,189.55,191.82,0.01,191.83
136,Statement 10B,276.01    Development of Entrepreneurship,2.15,,2.15,3.02,,3.02,0.93,,0.93,3.87,,3.87
136,Statement 10B,276.02    Development of Skills,159.99,,159.99,121.73,,121.73,130.44,,130.44,122.5,,122.5
136,Statement 10B,276.03    Strengthening of Infrastructure for,5.73,,5.73,7.4,,7.4,7.39,,7.39,8.26,,8.26
136,Statement 10B,276.04    Strengthening of Skill Institutions,0.71,,0.71,1.38,,1.38,0.46,,0.46,0.64,0.01,0.65
137,Statement 10B,276.05   Promotion of Apprenticeship,3.83,,3.83,5.66,,5.66,10.32,,10.32,9.29,,9.29
137,Statement 10B,276.06   Skill Acquisition and Knowledge,,,,39.5,,39.5,14.32,,14.32,20.97,,20.97
137,Statement 10B,276.07 Skill Strengthening for Industrial Value,,,,30.96,,30.96,25.69,,25.69,26.29,,26.29
137,Statement 10B,Total- Pradhan Mantri Kaushal Vikas Yojana,172.41,,172.41,209.65,,209.65,189.55,,189.55,191.82,0.01,191.83
137,Statement 10B,Demand No. 93,61.81,,61.81,68.56,,68.56,47.57,,47.57,61.04,,61.04
137,Statement 10B,277. Deendayal Disabled Rehabilitation Scheme,9.98,,9.98,11.18,,11.18,8.89,,8.89,10.75,,10.75
137,Statement 10B,278.   Assistance to Disabled Persons for,24.53,,24.53,19.78,,19.78,17.18,,17.18,18.92,,18.92
137,Statement 10B,279.   Support to National Institutes,6.0,,6.0,8.0,,8.0,6.75,,6.75,7.0,,7.0
137,Statement 10B,280.   Indian Spinal Injury Centre,,,,0.34,,0.34,0.34,,0.34,,,
137,Statement 10B,281.   Support of National Trust,0.06,,0.06,,,,,,,,,
137,Statement 10B,282.   Scholarship for Students with Disabilidties,5.1,,5.1,7.69,,7.69,3.36,,3.36,3.77,,3.77
137,Statement 10B,283.    Scheme for implementation of Persons with,16.14,,16.14,21.57,,21.57,11.05,,11.05,20.6,,20.6
137,Statement 10B,Demand No. 97,158.05,,158.05,222.55,,222.55,126.25,,126.25,202.79,,202.79
137,Statement 10B,284. National Handloom Development Programme,25.69,,25.69,42.0,,42.0,22.0,,22.0,42.1,,42.1
137,Statement 10B,285.   Handloom Weaver Comprehensive Welfare,3.96,,3.96,1.0,,1.0,,,,,,
137,Statement 10B,286.   Yarn Supply Scheme,26.06,,26.06,32.0,,32.0,15.0,,15.0,32.0,,32.0
137,Statement 10B,287.   Design and Technical Upgradation Scheme,5.47,,5.47,2.0,,2.0,2.0,,2.0,3.0,,3.0
137,Statement 10B,288.   Ambedkar Hasthshilp Vikas Yojana,,,,1.0,,1.0,0.5,,0.5,1.0,,1.0
137,Statement 10B,289.   Marketing Support and Services,,,,1.0,,1.0,1.0,,1.0,1.0,,1.0
137,Statement 10B,290.   Handicrafts Artisans comprehensive welfare,0.2,,0.2,1.0,,1.0,1.0,,1.0,1.5,,1.5
137,Statement 10B,291.   Research and Development - Handicrafts,5.82,,5.82,3.0,,3.0,3.0,,3.0,3.5,,3.5
137,Statement 10B,292.   Human Resource Development- Handicrafts,4.35,,4.35,2.0,,2.0,2.0,,2.0,3.0,,3.0
137,Statement 10B,293.   Central Silk Board,71.93,,71.93,88.0,,88.0,67.5,,67.5,101.69,,101.69
137,Statement 10B,294.   Integrated Scheme for Skill Development,6.07,,6.07,12.0,,12.0,6.0,,6.0,12.0,,12.0
137,Statement 10B,295.   NER Textiles Promotion Scheme,,,,27.55,,27.55,,,,,,
138,Statement 10B,296.   Scheme for Usage of Geotextiles in North East,,,,2.0,,2.0,1.0,,1.0,,,
138,Statement 10B,297.   Integrated Wool Development Programme,8.5,,8.5,8.0,,8.0,5.25,,5.25,2.0,,2.0
138,Statement 10B,Demand No. 98,55.0,,55.0,102.0,,102.0,49.0,,49.0,82.0,,82.0
138,Statement 10B,298. Integrated Development of Tourist Circuits around,55.0,,55.0,102.0,,102.0,49.0,,49.0,82.0,,82.0
138,Statement 10B,Demand No. 99,7090.72,80.0,7170.72,7205.75,150.01,7355.76,5472.5,,5472.5,7484.05,0.02,7484.07
138,Statement 10B,299.01    Special Central Assistance to Tribal Sub-,1349.86,,1349.86,1350.0,,1350.0,800.0,,800.0,1350.0,,1350.0
138,Statement 10B,300.01    Pre-Matric Scholarship,439.99,,439.99,400.0,,400.0,250.0,,250.0,400.0,,400.0
138,Statement 10B,300.02    Post-Matric Scholarship,1863.33,,1863.33,1900.0,,1900.0,1833.0,,1833.0,1993.0,,1993.0
138,Statement 10B,Total- Tribal Education,2303.32,,2303.32,2300.0,,2300.0,2083.0,,2083.0,2393.0,,2393.0
138,Statement 10B,301.01    Development of Particularly Vulnerable,249.99,,249.99,250.0,,250.0,140.0,,140.0,250.0,,250.0
138,Statement 10B,301.02    Development Programmes in the Tribal,,,,0.01,,0.01,,,,0.01,,0.01
138,Statement 10B,301.03    Minimum Support Price for Minor Forest,164.64,,164.64,152.51,,152.51,85.74,,85.74,155.0,,155.0
138,Statement 10B,301.04    Monitoring and Evaluation,3.83,,3.83,4.0,,4.0,2.0,,2.0,5.0,,5.0
138,Statement 10B,"301.05    Tribal Festival, Research, information",23.23,,23.23,24.0,,24.0,12.0,,12.0,30.0,,30.0
138,Statement 10B,Total- Vanbandhu Kalyan Yojana,441.69,,441.69,430.52,,430.52,239.74,,239.74,440.01,,440.01
138,Statement 10B,302.   National Fellowship and Scholarship for Higher,,,,100.0,,100.0,120.0,,120.0,150.0,,150.0
138,Statement 10B,303.   Scholarship to the ST Students for Studies Abroad,,,,2.0,,2.0,4.76,,4.76,3.0,,3.0
138,Statement 10B,304.   Support to National/ State Scheduled Tribes,,80.0,80.0,,150.0,150.0,,,,,0.01,0.01
138,Statement 10B,305.   Institutional Support for Development and,128.5,,128.5,140.0,,140.0,105.0,,105.0,150.0,,150.0
138,Statement 10B,306.   Grants under proviso to Article 275(1) of the,2662.53,,2662.53,1350.0,,1350.0,800.0,,800.0,1350.0,,1350.0
138,Statement 10B,307.   Grant to Assam Government under Clause A of the,,,,0.01,,0.01,,,,0.01,,0.01
139,Statement 10B,308.   Eklavya Model Residential School (EMRS),,,,1313.22,0.01,1313.23,1200.0,,1200.0,1418.03,0.01,1418.04
139,Statement 10B,309.01   Tribal Memorial,,,,0.01,,0.01,,,,0.01,,0.01
139,Statement 10B,309.02   Tribal Research Institutes,109.98,,109.98,109.99,,109.99,60.0,,60.0,119.99,,119.99
139,Statement 10B,Total- Support to Tribal Research Institutes,109.98,,109.98,110.0,,110.0,60.0,,60.0,120.0,,120.0
139,Statement 10B,310.  Aid to Voluntary Organisations Working for the,94.84,,94.84,110.0,,110.0,60.0,,60.0,110.0,,110.0
139,Statement 10B,Demand No. 100,1787.3,,1787.3,2555.95,,2555.95,1785.23,,1785.23,2077.93,,2077.93
139,Statement 10B,311. Pradhan Mantri Matru Vandana Yojana,213.16,,213.16,215.0,,215.0,111.8,,111.8,,,
139,Statement 10B,312.   Anganwadi Services (Erstwhile Core ICDS),1557.84,,1557.84,2308.85,,2308.85,1668.63,,1668.63,,,
139,Statement 10B,313.   Scheme for Adolescent Girls,16.3,,16.3,23.5,,23.5,4.3,,4.3,,,
139,Statement 10B,314.   Mahila Shakti Kendra,,,,8.6,,8.6,0.5,,0.5,,,
139,Statement 10B,315.   Saksham Anganwadi and POSHAN 2.0 (Umbrella,,,,,,,,,,1899.48,,1899.48
139,Statement 10B,"316.01 SAMARTHYA(Beti Bachao Beti Padhao,",,,,,,,,,,178.45,,178.45
139,Statement 10B,Demand No. 101,182.35,,182.35,201.35,,201.35,117.92,,117.92,121.25,,121.25
139,Statement 10B,317. Nehru Yuva Kendra Sangathan,22.16,,22.16,26.0,,26.0,11.08,,11.08,,,
139,Statement 10B,318.   Sports Authority of India,57.0,,57.0,43.0,,43.0,46.0,,46.0,,,
139,Statement 10B,319.   Laxmi Bai National Institute of Physical Education,4.46,,4.46,4.8,,4.8,3.4,,3.4,,,
139,Statement 10B,320.   Rajiv Gandhi National Institute of Youth,4.4,,4.4,3.02,,3.02,1.5,,1.5,,,
139,Statement 10B,321.   National Youth Corps,6.6,,6.6,7.75,,7.75,4.8,,4.8,7.0,,7.0
140,Statement 10B,322.01    Programme Component,1.81,,1.81,1.98,,1.98,1.24,,1.24,2.0,,2.0
140,Statement 10B,323.   National Young Leaders Programme,0.95,,0.95,1.89,,1.89,0.16,,0.16,1.25,,1.25
140,Statement 10B,324.01    Assistance to National Sports,21.5,,21.5,21.5,,21.5,10.0,,10.0,29.0,,29.0
140,Statement 10B,325.   National Service Scheme,15.39,,15.39,14.84,,14.84,7.94,,7.94,16.0,,16.0
140,Statement 10B,326.   Khelo India,48.08,,48.08,76.57,,76.57,31.8,,31.8,66.0,,66.0
140,Statement 10B,Grand Total,44179.54,2731.93,46911.47,50136.73,3516.13,53652.86,49571.43,3732.54,53303.97,75398.45,4543.17,79941.62
164,Statement 14,1. Ministry of Defence,52.39,126.93,179.32,107.58,147.5,255.08,106.81,307.0,413.81,110.41,131.87,242.28
164,Statement 14,1. Ministry of Defence (Civil),0.23,35.23,35.46,0.66,40.0,40.66,0.84,40.0,40.84,0.7,50.0,50.7
164,Statement 14,2.   Defence Services (Revenue),44.36,,44.36,101.02,,101.02,98.66,,98.66,101.44,,101.44
164,Statement 14,3.   Capital Outlay on Defence Services,,91.7,91.7,,107.5,107.5,,267.0,267.0,,81.87,81.87
164,Statement 14,4.   Defence Pensions,7.8,,7.8,5.9,,5.9,7.31,,7.31,8.27,,8.27
164,Statement 14,2. Ministry of External Affairs,,,,0.03,,0.03,0.03,,0.03,0.03,,0.03
164,Statement 14,5. Ministry of External Affairs,,,,0.03,,0.03,0.03,,0.03,0.03,,0.03
164,Statement 14,3. Ministry of Finance,779615.79,6351216.71,7130832.5,883789.39,6916021.56,7799810.95,915999.31,6513834.92,7429834.23,1068639.31,6991001.48,8059640.79
164,Statement 14,6. Department of Revenue,,,,0.02,,0.02,0.02,,0.02,0.02,,0.02
164,Statement 14,7.   Indirect Taxes,0.02,,0.02,0.5,,0.5,0.5,,0.5,0.5,,0.5
164,Statement 14,8.   Indian Audit and Accounts Department,168.03,,168.03,186.46,,186.46,184.75,,184.75,200.0,,200.0
164,Statement 14,9.   Interest Payments,655372.01,,655372.01,733203.16,,733203.16,732987.16,,732987.16,847195.79,,847195.79
164,Statement 14,10.   Repayment of Debt,,6326548.77,6326548.77,,6890921.56,6890921.56,,6481709.92,6481709.92,,6944151.48,6944151.48
164,Statement 14,11.   Pensions,365.86,,365.86,474.45,,474.45,474.45,,474.45,400.0,,400.0
164,Statement 14,12.   Transfers to States,123709.87,24667.94,148377.81,149924.8,25100.0,175024.8,182352.43,32125.0,214477.43,220843.0,46850.0,267693.0
164,Statement 14,4. Department of Atomic Energy,0.43,4.95,5.38,1.0,10.0,11.0,1.0,,1.0,1.0,,1.0
164,Statement 14,13. Atomic Energy,0.43,4.95,5.38,1.0,10.0,11.0,1.0,,1.0,1.0,,1.0
164,Statement 14,5. Ministry of Home Affairs,35.01,86.79,121.8,47.57,59.42,106.99,63.71,58.59,122.3,45.62,118.32,163.94
164,Statement 14,14. Ministry of Home Affairs,,,,0.03,,0.03,,,,0.03,,0.03
164,Statement 14,15.   Police,3.23,1.79,5.02,6.77,4.42,11.19,29.65,3.59,33.24,8.02,8.32,16.34
164,Statement 14,16.   Andaman and Nicobar Islands,0.01,,0.01,0.01,,0.01,0.01,,0.01,0.01,,0.01
164,Statement 14,17.   Chandigarh,31.77,85.0,116.77,40.76,55.0,95.76,34.05,55.0,89.05,37.56,110.0,147.56
164,Statement 14,6. Ministry of Housing and Urban Affairs,95.07,45.84,140.91,103.81,44.82,148.63,100.04,27.63,127.67,106.85,35.07,141.92
164,Statement 14,18. Ministry of Housing and Urban Affairs,95.07,45.84,140.91,103.81,44.82,148.63,100.04,27.63,127.67,106.85,35.07,141.92
164,Statement 14,7. Ministry of Jal Shakti,,,,,0.01,0.01,,,,,,
164,Statement 14,"19. Department of Water Resources, River",,,,,0.01,0.01,,,,,,
164,Statement 14,8. Ministry of Law and Justice,296.55,,296.55,308.61,,308.61,328.0,,328.0,334.96,,334.96
164,Statement 14,20. Supreme Court of India,296.55,,296.55,308.61,,308.61,328.0,,328.0,334.96,,334.96
164,Statement 14,"9. Ministry of Personnel, Public Grievances and Pensions",51.92,,51.92,112.32,3.65,115.97,61.94,3.65,65.59,68.95,11.65,80.6
165,Statement 14,"21.   Ministry of Personnel, Public Grievances and",16.82,,16.82,73.32,3.65,76.97,27.98,3.65,31.63,30.28,11.65,41.93
165,Statement 14,22.   Central Vigilance Commission,35.1,,35.1,39.0,,39.0,33.96,,33.96,38.67,,38.67
165,Statement 14,"10. The President, Parliament, Union Public Service",368.74,,368.74,389.03,,389.03,355.96,,355.96,380.85,,380.85
165,Statement 14,"23. Staff, Household and Allowances of the President",69.26,,69.26,80.98,,80.98,69.78,,69.78,74.47,,74.47
165,Statement 14,24.   Lok Sabha,0.51,,0.51,1.3,,1.3,0.45,,0.45,1.0,,1.0
165,Statement 14,25.   Rajya Sabha,1.0,,1.0,1.37,,1.37,0.73,,0.73,1.21,,1.21
165,Statement 14,26.   Union Public Service Commission,297.97,,297.97,305.38,,305.38,285.0,,285.0,304.17,,304.17
165,Statement 14,11. Ministry of Railways,418.91,791.85,1210.76,497.0,102.63,599.63,375.0,438.63,813.63,466.0,92.08,558.08
165,Statement 14,27. Ministry of Railways,418.91,791.85,1210.76,497.0,102.63,599.63,375.0,438.63,813.63,466.0,92.08,558.08
165,Statement 14,12. Ministry of Road Transport and Highways,,,,,10.0,10.0,,10.0,10.0,,10.0,10.0
165,Statement 14,28. Ministry of Road Transport and Highways,,,,,10.0,10.0,,10.0,10.0,,10.0,10.0
165,Statement 14,13. Ministry of Science and Technology,,,,0.02,,0.02,0.02,,0.02,0.02,,0.02
165,Statement 14,29. Department of Science and Technology,,,,0.02,,0.02,0.02,,0.02,0.02,,0.02
165,Statement 14,14. Deparment of Space,0.6,0.07,0.67,0.6,0.4,1.0,0.6,0.4,1.0,0.6,0.4,1.0
165,Statement 14,30. Department of Space,0.6,0.07,0.67,0.6,0.4,1.0,0.6,0.4,1.0,0.6,0.4,1.0
165,Statement 14,15. Ministry of Textiles,,17.0,17.0,,,,,,,,,
165,Statement 14,31. Ministry of Textiles,,17.0,17.0,,,,,,,,,
165,Statement 14,16. Ministry of Tribal Affairs,5982.08,,5982.08,4768.01,,4768.01,3426.04,,3426.04,4708.33,,4708.33
165,Statement 14,32. Ministry of Tribal Affairs,5982.08,,5982.08,4768.01,,4768.01,3426.04,,3426.04,4708.33,,4708.33
165,Statement 14,17. Ministry of Commerce and Industry,0.08,,0.08,0.5,,0.5,,,,,,
165,Statement 14,33. Department of Commerce,0.08,,0.08,0.5,,0.5,,,,,,
165,Statement 14,18. Ministry of Communications,0.1,,0.1,0.8,,0.8,0.8,,0.8,0.8,,0.8
165,Statement 14,34. Department of Posts,0.1,,0.1,0.8,,0.8,0.8,,0.8,0.8,,0.8
165,Statement 14,Grand Total,786917.67,6352290.14,7139207.81,890126.27,6916399.99,7806526.26,920819.26,6514680.82,7435500.08,1074863.73,6991400.87,8066264.6
203,Statement 20,1. Ministry of External Affairs,6586.25,802.67,7388.92,6617.37,832.28,7449.65,5145.26,610.9,5756.16,6754.4,880.75,7635.15
203,Statement 20,1. Chabahar Port,,,,100.0,,100.0,,,,100.0,,100.0
203,Statement 20,2.   Mauritius,1100.0,,1100.0,1025.0,,1025.0,650.0,,650.0,900.0,,900.0
203,Statement 20,3.   Seychelles,24.5,,24.5,140.0,,140.0,90.0,,90.0,160.0,,160.0
203,Statement 20,4.   Afghanistan,408.12,,408.12,400.0,,400.0,350.0,,350.0,350.0,,350.0
203,Statement 20,5.   Bangladesh,137.68,,137.68,200.0,,200.0,125.0,,125.0,200.0,,200.0
203,Statement 20,6.   Bhutan,2041.41,626.22,2667.63,2052.37,832.28,2884.65,1650.96,610.9,2261.86,2124.2,880.75,3004.95
203,Statement 20,7.   Nepal,1198.26,,1198.26,800.0,,800.0,880.0,,880.0,992.0,,992.0
203,Statement 20,8.   Sri Lanka,201.09,,201.09,200.0,,200.0,75.0,,75.0,200.0,,200.0
203,Statement 20,9.   Maldives,134.41,176.45,310.86,300.0,,300.0,175.0,,175.0,250.0,,250.0
203,Statement 20,10.   Mongolia,,,,2.0,,2.0,0.58,,0.58,2.0,,2.0
203,Statement 20,11.   Other Developing Countries,138.23,,138.23,120.0,,120.0,100.0,,100.0,130.0,,130.0
203,Statement 20,12.   Disaster Relief,27.98,,27.98,20.0,,20.0,20.0,,20.0,20.0,,20.0
203,Statement 20,13.   African Countries,497.81,,497.81,350.0,,350.0,225.0,,225.0,300.0,,300.0
203,Statement 20,14.   Eurasian Countries,29.89,,29.89,45.0,,45.0,45.0,,45.0,100.0,,100.0
203,Statement 20,15.   Latin American Countries,12.16,,12.16,20.0,,20.0,22.0,,22.0,40.0,,40.0
203,Statement 20,16.   Myanmar,162.3,,162.3,300.0,,300.0,350.0,,350.0,400.0,,400.0
203,Statement 20,17.   Support to International,472.65,,472.65,543.0,,543.0,385.72,,385.72,476.2,,476.2
203,Statement 20,18.   Aid for Cultural & Heritage Project,,,,,,,1.0,,1.0,10.0,,10.0
203,Statement 20,19.   Actual Recoveries,-0.24,,-0.24,,,,,,,,,
203,Statement 20,2. Ministry of Finance,1233.63,,1233.63,871.13,,871.13,2701.48,,2701.48,2089.55,,2089.55
203,Statement 20,1. Exim Bank,1153.06,,1153.06,779.41,,779.41,2397.49,,2397.49,1776.01,,1776.01
203,Statement 20,2.   Indian Companies,21.02,,21.02,20.85,,20.85,208.59,,208.59,225.0,,225.0
203,Statement 20,3.   Technical and Economic Co-operation,59.55,,59.55,59.71,,59.71,62.84,,62.84,62.85,,62.85
204,Statement 20,4. Technical and Economic Cooperation,,,,11.16,,11.16,32.56,,32.56,25.69,,25.69
204,Statement 20,Grand Total,7819.88,802.67,8622.55,7488.5,832.28,8320.78,7846.74,610.9,8457.64,8843.95,880.75,9724.7
231,Statement 24,"Department of Agriculture, Cooperation and Farmers''",26.83,47.82,31.93,106.58,,106.58,35.0,39.0,33.1,107.1,,107.1
231,Statement 24,1.Chodhury Charan Singh National Institute of Agricultural,,,4.24,4.24,,4.24,,,4.24,4.24,,4.24
231,Statement 24,2.National Council for Cooperative Training,,,6.34,6.34,,6.34,,,6.57,6.57,,6.57
231,Statement 24,3.National Institute of Agricultural Extension Management,,,7.5,7.5,,7.5,,,7.77,7.77,,7.77
231,Statement 24,4.National Institute of Plant Health Management,8.33,7.82,9.35,25.5,,25.5,10.0,9.0,9.82,28.82,,28.82
231,Statement 24,5.Protection of Plant Varieties and Farmer's Rights,18.5,40.0,4.5,63.0,,63.0,25.0,30.0,4.7,59.7,,59.7
231,Statement 24,Department of Agricultural Research and Education,1448.92,204.55,3790.8,5444.27,,5444.27,1531.1,265.29,4017.18,5813.57,,5813.57
231,Statement 24,1.Agricultural Scientists Recruitment Board,9.0,2.0,6.0,17.0,,17.0,9.0,3.5,6.5,19.0,,19.0
231,Statement 24,"2.Central Agricultural University, Imphal",24.0,52.87,113.13,190.0,,190.0,25.0,55.0,130.0,210.0,,210.0
231,Statement 24,"3.Dr. Rajendra Prasad Central Agricultural University, Pusa",11.0,39.68,85.0,135.68,,135.68,15.0,45.0,90.0,150.0,,150.0
231,Statement 24,4.Indian Council of Agricultural Research,1397.82,21.0,3578.33,4997.15,,4997.15,1475.0,64.84,3782.18,5322.02,,5322.02
231,Statement 24,5.National Academy of Agricultural Sciences/Indian,1.6,,,1.6,,1.6,1.6,,,1.6,,1.6
231,Statement 24,"6.Rani Lakshmi Bai Central Agriculture University, Jhansi",5.5,89.0,8.34,102.84,,102.84,5.5,96.95,8.5,110.95,,110.95
231,Statement 24,Atomic Energy,237.68,1000.0,1299.81,2537.49,,2537.49,267.5,1000.0,1338.8,2606.3,,2606.3
231,Statement 24,1.Aided Institutions,228.68,998.0,1193.81,2420.49,,2420.49,237.5,996.0,1228.8,2462.3,,2462.3
231,Statement 24,2.Education Society (AEES),,2.0,106.0,108.0,,108.0,,4.0,110.0,114.0,,114.0
231,Statement 24,3.Women and Children Welfare,9.0,,,9.0,,9.0,30.0,,,30.0,,30.0
231,Statement 24,"Ministry of Ayurveda, Yoga and Naturopathy, Unani,",466.9,725.2,506.86,1698.96,,1698.96,606.15,887.53,500.0,1993.68,,1993.68
231,Statement 24,"1.All India Institute of Ayurveda (AIIA), New Delhi",56.8,238.0,19.0,313.8,,313.8,80.0,250.0,18.87,348.87,,348.87
231,Statement 24,2.Central Council for Research in Ayurvedic Sciences,116.0,15.0,142.0,273.0,,273.0,148.0,40.0,139.87,327.87,,327.87
231,Statement 24,"3.Central Council for Research in Homoeopathy (CCRH),",49.5,17.0,64.0,130.5,,130.5,56.0,50.0,61.58,167.58,,167.58
231,Statement 24,"4.Central Council for Research in Siddha (CCRS), Chennai",14.0,,21.3,35.3,,35.3,16.9,,19.87,36.77,,36.77
231,Statement 24,5.Central Council for Research in Unani Medicines,37.05,19.0,108.0,164.05,,164.05,46.8,13.12,107.87,167.79,,167.79
231,Statement 24,6.Central Council for Research in Yoga and Naturopathy,20.3,24.5,3.5,48.3,,48.3,36.46,20.0,3.24,59.7,,59.7
232,Statement 24,7.Central Council of Homeopathy,2.51,,2.39,4.9,,4.9,3.13,,2.03,5.16,,5.16
232,Statement 24,8.Central Council of Indian Medicine,4.5,,4.5,9.0,,9.0,8.0,,3.87,11.87,,11.87
232,Statement 24,"9.Institute of Post Graduate Teaching and Research,",27.05,2.0,21.0,50.05,,50.05,,,,,,
232,Statement 24,10.Institute of Teaching Research in Ayurveda,,,,,,,35.05,2.44,25.87,63.36,,63.36
232,Statement 24,"11.Moraji Desai National Institute of Yoga, New Delhi",9.5,0.5,5.5,15.5,,15.5,14.3,5.0,5.37,24.67,,24.67
232,Statement 24,"12.National Institute of Ayurveda, Jaipur",46.55,28.99,48.0,123.54,,123.54,55.59,160.0,46.74,262.33,,262.33
232,Statement 24,"13.National Institute of Homoeopathy, Kolkata",17.81,107.11,21.3,146.22,,146.22,20.25,107.0,20.87,148.12,,148.12
232,Statement 24,14.National Institute of Medicinal Plants,0.15,,,0.15,,0.15,0.15,,,0.15,,0.15
232,Statement 24,"15.National Institute of Naturopathy, Pune",2.76,95.0,5.0,102.76,,102.76,3.36,47.1,4.87,55.33,,55.33
232,Statement 24,"16.National Institute of Siddha, Chennai, Tamilnadu",28.58,6.0,13.0,47.58,,47.58,33.12,4.0,11.97,49.09,,49.09
232,Statement 24,17.National Institute of Sowa Rigpa,1.0,1.0,0.5,2.5,,2.5,2.8,8.87,0.5,12.17,,12.17
232,Statement 24,"18.National Institute of Unani Medicine, Banglore",17.5,139.25,17.0,173.75,,173.75,21.62,150.0,15.87,187.49,,187.49
232,Statement 24,"19.North Eastern Institute of Ayurveda and Homoeopathy,",6.5,31.35,8.23,46.08,,46.08,7.8,30.0,8.74,46.54,,46.54
232,Statement 24,"20.North Eastern Institute of Folk Medicine, Passighat",0.29,,1.08,1.37,,1.37,2.3,,1.0,3.3,,3.3
232,Statement 24,21.Pharmacopoeia Commission of Indian Medicine (PCIM),0.36,,0.56,0.92,,0.92,,,,,,
232,Statement 24,22.Rashtriya Ayurveda Vidyapeeth,8.19,0.5,1.0,9.69,,9.69,14.52,,1.0,15.52,,15.52
232,Statement 24,Department of Chemicals and Petrochemicals,52.5,100.8,3.5,156.8,,156.8,2.51,123.87,3.5,129.88,,129.88
232,Statement 24,1.Central Institute of Plastic Engineering and Technology,50.0,96.3,,146.3,,146.3,0.01,117.87,,117.88,,117.88
232,Statement 24,2.Institute of Pesticides Formulation Techonology,2.5,4.5,3.5,10.5,,10.5,2.5,6.0,3.5,12.0,,12.0
232,Statement 24,Ministry of Civil Aviation,27.39,3.3,6.8,37.49,,37.49,7.71,2.12,7.5,17.33,,17.33
232,Statement 24,1.Airports Economic Regulatory Authority,6.0,,4.48,10.48,,10.48,6.0,,4.0,10.0,,10.0
232,Statement 24,2.Indira Gandhi Rashtriya Udaan Academy,19.69,,,19.69,,19.69,0.01,,,0.01,,0.01
232,Statement 24,3.National Aviation University,1.7,3.3,2.32,7.32,,7.32,1.7,2.12,3.5,7.32,,7.32
232,Statement 24,Ministry of Coal,44.7,,,44.7,,44.7,106.4,,,106.4,,106.4
232,Statement 24,1.Coal Mines Provident Fund Organisation,44.7,,,44.7,,44.7,106.4,,,106.4,,106.4
233,Statement 24,Department of Commerce,3.0,45.0,,48.0,,48.0,8.01,60.0,,68.01,,68.01
233,Statement 24,1.Export Inspection Council,,,,,,,0.01,,,0.01,,0.01
233,Statement 24,2.Indian Institure of Foreign Trade,,45.0,,45.0,,45.0,,60.0,,60.0,,60.0
233,Statement 24,3.Indian Institute of Packaging,3.0,,,3.0,,3.0,8.0,,,8.0,,8.0
233,Statement 24,Department for Promotion of Industry and Internal Trade,32.85,10.0,76.27,119.12,,119.12,34.44,65.77,78.66,178.87,,178.87
233,Statement 24,1.01 Development Council for Cement Industry,,,2.27,2.27,,2.27,,,2.8,2.8,,2.8
233,Statement 24,"1.02 Development Council for Pulp, Paper and Allied",3.0,,2.5,5.5,,5.5,6.6,,6.05,12.65,,12.65
233,Statement 24,1.03 National Council for Cement and Building Materials,,,9.0,9.0,,9.0,,,9.2,9.2,,9.2
233,Statement 24,1.04 National Productivity Council,2.33,,18.0,20.33,,20.33,3.06,,18.23,21.29,,21.29
233,Statement 24,2.01 Central Pulp and Paper Research Institute,0.16,,0.72,0.88,,0.88,0.3,0.8,0.55,1.65,,1.65
233,Statement 24,2.02 National Council for Cement and Building Materials,,,4.5,4.5,,4.5,,,4.35,4.35,,4.35
233,Statement 24,2.03 National Institute of Design,26.88,10.0,39.28,76.16,,76.16,24.0,64.97,37.48,126.45,,126.45
233,Statement 24,2.04 National Productivity Council,0.48,,,0.48,,0.48,0.48,,,0.48,,0.48
233,Statement 24,Department of Telecommunications,127.84,,178.08,305.92,110.0,415.92,100.47,,225.23,325.7,110.0,435.7
233,Statement 24,1.Centre of Development of Telematics (C-DOT),127.84,,178.08,305.92,110.0,415.92,100.47,,225.23,325.7,110.0,435.7
233,Statement 24,Department of Consumer Affairs,1.0,,,1.0,,1.0,1.5,,,1.5,,1.5
233,Statement 24,1.Standardisation and Quality Control,1.0,,,1.0,,1.0,1.5,,,1.5,,1.5
233,Statement 24,Department of Food and Public Distribution,7.22,,4.32,11.54,,11.54,9.68,,5.15,14.83,,14.83
233,Statement 24,1.Warehousing Development and Regulatory Authority,7.22,,4.32,11.54,,11.54,9.68,,5.15,14.83,,14.83
234,Statement 24,Ministry of Corporate Affairs,29.0,12.19,38.58,79.77,,79.77,43.0,,42.0,85.0,,85.0
234,Statement 24,1.Competition Commission of India,17.0,12.19,24.0,53.19,,53.19,21.0,,25.0,46.0,,46.0
234,Statement 24,2.Insolvency and Bankruptcy Board of India,12.0,,14.58,26.58,,26.58,22.0,,17.0,39.0,,39.0
234,Statement 24,Ministry of Culture,299.21,37.47,358.72,695.4,,695.4,373.39,74.24,415.0,862.63,,862.63
234,Statement 24,1.Allahabad museum,3.41,1.0,3.9,8.31,,8.31,4.77,1.5,4.5,10.77,,10.77
234,Statement 24,2.Asiatic Society,1.76,0.05,18.0,19.81,,19.81,2.52,0.1,20.8,23.42,,23.42
234,Statement 24,"3.Central Institute of Buddhis studies, Leh",3.36,2.5,19.68,25.54,,25.54,4.26,2.5,22.7,29.46,,29.46
234,Statement 24,4.Central Institute of Higher Tibetan Studies,3.61,5.73,30.14,39.48,,39.48,4.58,14.63,34.8,54.01,,54.01
234,Statement 24,5.Central Institute of Himalayan Cultural Studies,1.51,0.15,2.0,3.66,,3.66,1.96,7.5,2.45,11.91,,11.91
234,Statement 24,6.Centre for Cultural Resources and Training,11.05,1.95,5.5,18.5,,18.5,13.05,6.0,6.5,25.55,,25.55
234,Statement 24,7.Delhi Public Library,12.03,0.01,18.88,30.92,,30.92,14.27,0.1,21.9,36.27,,36.27
234,Statement 24,8.Gandhi Smriti and Darshan Samiti,2.51,0.05,9.02,11.58,,11.58,3.52,0.1,10.4,14.02,,14.02
234,Statement 24,9.Indian Museum,8.56,2.0,8.15,18.71,,18.71,13.02,2.0,9.55,24.57,,24.57
234,Statement 24,10.Indira Gandhi National Culture for the arts,40.0,,,40.0,,40.0,50.05,,,50.05,,50.05
234,Statement 24,11.Indira Gandhi Rashtriya Manav Sanghralaya,7.01,0.25,8.0,15.26,,15.26,8.02,0.5,9.2,17.72,,17.72
234,Statement 24,12.Kalakshetra Foundation,6.21,1.68,7.3,15.19,,15.19,7.52,2.0,8.15,17.67,,17.67
234,Statement 24,13.Khuda Baksh Oriental Public Library,1.31,0.01,4.0,5.32,,5.32,1.66,0.05,4.62,6.33,,6.33
234,Statement 24,14.Lalit Kala Akademi,9.54,0.25,12.05,21.84,,21.84,12.05,0.25,13.9,26.2,,26.2
234,Statement 24,15.Maulana Abul Kalam Azad Institute of Asian Studies,2.21,0.1,1.54,3.85,,3.85,2.77,0.1,1.78,4.65,,4.65
234,Statement 24,16.National Council of Science Museum,18.01,3.5,90.3,111.81,,111.81,22.02,5.0,104.84,131.86,,131.86
234,Statement 24,17.National Museum Institute,3.01,5.0,3.5,11.51,,11.51,4.02,12.0,4.55,20.57,,20.57
234,Statement 24,18.National School of Drama,35.11,1.0,17.85,53.96,,53.96,44.05,6.0,20.6,70.65,,70.65
234,Statement 24,19.Nava Nalanda Mahavihara,3.01,2.5,5.83,11.34,,11.34,3.83,2.5,6.76,13.09,,13.09
234,Statement 24,20.Nehru Memorial Museum and Library,3.51,0.06,22.88,26.45,,26.45,4.52,0.06,26.0,30.58,,30.58
234,Statement 24,21.Raja Rammohun Roy Library Foundation,18.04,0.15,5.18,23.37,,23.37,21.02,0.15,5.9,27.07,,27.07
234,Statement 24,22.Rampur Raza Library,3.11,0.03,2.6,5.74,,5.74,3.92,0.1,3.0,7.02,,7.02
234,Statement 24,23.Sahitya Akademi,11.61,2.4,17.8,31.81,,31.81,15.55,3.0,20.55,39.1,,39.1
234,Statement 24,24.Salarjung Museum,8.11,1.0,11.0,20.11,,20.11,10.27,1.0,12.7,23.97,,23.97
234,Statement 24,25.Sangeet Natak Akademi,26.5,0.1,25.18,51.78,,51.78,30.05,0.1,29.1,59.25,,59.25
234,Statement 24,26.Victoria Memorial Hall,15.01,4.0,8.44,27.45,,27.45,19.02,5.0,9.75,33.77,,33.77
234,Statement 24,27.Zonal Culture Centres,40.1,2.0,,42.1,,42.1,51.1,2.0,,53.1,,53.1
235,Statement 24,Ministry of Earth Sciences,71.87,0.25,111.12,183.24,,183.24,77.5,6.05,114.45,198.0,,198.0
235,Statement 24,1.Indian Institute of Tropical Meteorology (IITM) Pune,43.5,,39.92,83.42,,83.42,43.5,0.25,40.5,84.25,,84.25
235,Statement 24,2.Indian National Centre for Ocean Information Services,9.0,,13.6,22.6,,22.6,10.0,0.5,14.0,24.5,,24.5
235,Statement 24,"3.National Centre for Earth Science Studies (NCESS),",2.4,,10.1,12.5,,12.5,4.0,1.3,10.7,16.0,,16.0
235,Statement 24,4.National Centre for Polar and Ocean Research (NCPOR),5.97,0.25,15.5,21.72,,21.72,7.0,1.0,16.0,24.0,,24.0
235,Statement 24,5.National Institute of Ocean Technology (NIOT) Chennai,11.0,,32.0,43.0,,43.0,13.0,3.0,33.25,49.25,,49.25
235,Statement 24,Department of School Education and Literacy,2916.54,920.3,6558.15,10394.99,,10394.99,3082.55,1207.75,6901.7,11192.0,,11192.0
235,Statement 24,1.Central Tibetan Schools Administration,26.66,1.5,41.03,69.19,,69.19,26.45,0.5,43.05,70.0,,70.0
235,Statement 24,2.Kendriya Vidyalaya Sangathan,1799.3,275.0,4363.38,6437.68,,6437.68,1600.0,500.0,4700.0,6800.0,,6800.0
235,Statement 24,3.National Bal Bhawan,8.66,0.8,8.74,18.2,,18.2,12.35,1.0,8.65,22.0,,22.0
235,Statement 24,4.National Council of Educational Research and Training,209.92,35.0,145.0,389.92,,389.92,293.75,56.25,150.0,500.0,,500.0
235,Statement 24,5.Navodaya Vidyalaya Samiti,872.0,608.0,2000.0,3480.0,,3480.0,1150.0,650.0,2000.0,3800.0,,3800.0
235,Statement 24,Department of Higher Education,11157.33,2919.16,13836.6,27913.12,,27913.12,11245.88,3874.9,13903.0,29023.78,,29023.78
235,Statement 24,1.All India Council for Technical Education,415.0,,,415.0,,415.0,416.0,,,416.0,,416.0
235,Statement 24,2.Andhra Pradesh and Telangana Tribal Universities,0.5,2.5,1.0,4.0,,4.0,2.0,50.5,1.3,53.8,,53.8
235,Statement 24,3.Assistance to Other Institutions,176.71,50.2,207.18,434.09,,434.09,179.7,72.8,227.2,479.7,,479.7
235,Statement 24,4.Bharatiya Bhasha University and Institute of Translation,,,,,,,40.0,10.0,,50.0,,50.0
235,Statement 24,"5.Board of Apprenticeship Training, Bombay, Calcutta,",7.21,1.15,13.0,21.36,,21.36,8.25,2.0,14.0,24.25,,24.25
235,Statement 24,6.Central University Andhra Pradesh,1.3,2.5,1.0,4.8,,4.8,4.0,54.1,2.25,60.35,,60.35
235,Statement 24,7.Deemed Universities Promoted by Central Government,84.82,,358.0,442.82,,442.82,51.0,,300.0,351.0,,351.0
235,Statement 24,8.Grants to Central Universities (CUs),2459.93,494.64,5679.75,8634.32,,8634.32,2183.01,305.0,5155.25,7643.26,,7643.26
235,Statement 24,9.Grants to Councils/Institutes for Excellence in Humanities,114.95,,80.0,194.95,,194.95,136.3,10.0,110.0,256.3,,256.3
235,Statement 24,10.Grants to Institutes for Promotion of Indian Languages,228.73,10.0,132.0,370.73,,370.73,228.0,55.0,150.0,433.0,,433.0
235,Statement 24,"11.01 Support to Indian Institute of Science, Education and",399.21,377.84,216.0,993.05,,993.05,300.0,356.0,290.0,946.0,,946.0
236,Statement 24,12.01 Setting up of Indian Institutes of Information,26.02,118.0,,144.02,,144.02,27.0,140.0,,167.0,,167.0
236,Statement 24,12.02 Support to Indian Institutes of Information Technology,93.9,26.5,75.0,195.4,,195.4,86.35,60.0,80.0,226.35,,226.35
236,Statement 24,13.Indira Gandhi National Open University (IGNOU),107.5,,3.0,110.5,,110.5,103.0,,,103.0,,103.0
236,Statement 24,14.National Institute of Industrial Engineering Mumbai,22.97,2.6,35.0,60.57,,60.57,19.9,1.0,33.0,53.9,,53.9
236,Statement 24,15.National Institutes of Technical Teachers Training and,72.1,4.0,92.3,168.4,,168.4,52.0,31.0,90.0,173.0,,173.0
236,Statement 24,16.Schools of Planning and Architecture (SPAs),43.75,3.0,52.0,98.75,,98.75,65.0,40.0,70.0,175.0,,175.0
236,Statement 24,17.Support to Indian Institute of Science (IISc),244.6,54.0,306.0,604.6,,604.6,246.05,65.6,310.0,621.65,,621.65
236,Statement 24,18.Support to Indian Institutes of Management (IIMs),389.29,52.0,24.0,465.29,,465.29,379.0,72.0,25.0,476.0,,476.0
236,Statement 24,19.Support to National Institutes of Technology (NITs) and,1325.12,521.0,1419.0,3265.12,,3265.12,1325.0,840.0,1770.0,3935.0,,3935.0
236,Statement 24,20.University Grants Commission,2083.36,50.94,2310.4,4444.7,,4444.7,2233.2,105.0,2355.0,4693.2,,4693.2
236,Statement 24,21.01 IIT Hyderabad (EAP),,225.3,,225.3,,225.3,,150.0,,150.0,,150.0
236,Statement 24,21.02 Support to Indian Institutes of Technology,2860.36,922.99,2832.0,6615.35,,6615.35,3161.12,1454.9,2920.0,7536.02,,7536.02
236,Statement 24,Ministry of Electronics and Information Technology,569.5,72.25,252.25,894.0,1498.07,2392.07,544.0,202.5,313.5,1060.0,1615.43,2675.43
236,Statement 24,1.Bhaskaracharya National Institute for Space Applications,5.0,15.0,,20.0,,20.0,9.0,36.0,5.0,50.0,,50.0
236,Statement 24,2.Centre for Development of Advanced Computing (C-DAC),5.0,2.0,120.0,127.0,800.0,927.0,20.0,5.0,175.0,200.0,825.0,1025.0
236,Statement 24,3.Centre for Material for Electronics Technology (C-MET),7.0,10.0,23.0,40.0,34.0,74.0,10.0,44.0,26.0,80.0,36.75,116.75
236,Statement 24,4.ERNET India,,,,,60.0,60.0,,,,,65.0,65.0
236,Statement 24,5.Media Lab Asia,1.5,0.25,4.25,6.0,,6.0,5.0,0.5,4.5,10.0,,10.0
236,Statement 24,6.National Institute of Electronics and Information,,,,,319.87,319.87,,,,,384.96,384.96
236,Statement 24,7.Society for Applied Microwave Electronics Engineering and,20.0,10.0,58.0,88.0,65.0,153.0,20.0,42.0,58.0,120.0,68.0,188.0
236,Statement 24,8.Software Technology Parks of India,,,,,219.2,219.2,,,,,235.72,235.72
236,Statement 24,9.Unique Identification Authority of India (UIDAI),531.0,35.0,47.0,613.0,,613.0,480.0,75.0,45.0,600.0,,600.0
237,Statement 24,"Ministry of Environment, Forests and Climate Change",43.0,9.7,236.75,289.45,,289.45,57.2,5.3,243.0,305.5,,305.5
237,Statement 24,1.GB Pant Himalayan Institute of Environment and,4.4,2.3,10.0,16.7,,16.7,7.1,3.4,13.5,24.0,,24.0
237,Statement 24,2.Indian Council of Forestry Research and Education,32.0,5.0,180.0,217.0,,217.0,39.0,1.0,180.0,220.0,,220.0
237,Statement 24,3.Indian Institute of Forest Management,2.45,1.05,20.0,23.5,,23.5,3.5,0.25,24.0,27.75,,27.75
237,Statement 24,4.Indian Plywood Industries Research and Training Institute,0.75,0.75,8.75,10.25,,10.25,0.6,0.15,7.5,8.25,,8.25
237,Statement 24,5.Wildlife Institute of India,3.4,0.6,18.0,22.0,,22.0,7.0,0.5,18.0,25.5,,25.5
237,Statement 24,Ministry of External Affairs,58.5,,221.96,280.46,,280.46,66.51,,262.13,328.64,,328.64
237,Statement 24,1.Indian Centre for Migration,,,,,,,0.01,,0.01,0.02,,0.02
237,Statement 24,2.Indian Council of Cultural Relations(ICCR),45.0,,210.0,255.0,,255.0,50.0,,250.0,300.0,,300.0
237,Statement 24,3.Indian Council of World Affairs,10.0,,3.0,13.0,,13.0,13.0,,3.0,16.0,,16.0
237,Statement 24,4.Society for Research and Information System for Non-,3.5,,8.96,12.46,,12.46,3.5,,9.12,12.62,,12.62
237,Statement 24,Department of Economic Affairs,13.71,,10.94,24.65,,24.65,17.73,,20.57,38.3,,38.3
237,Statement 24,1.01 Economic Research Institute,0.2,,,0.2,,0.2,0.4,,,0.4,,0.4
237,Statement 24,2.01 International Financial Services Centres Authority (IFSCA),1.16,,2.74,3.9,,3.9,1.28,,2.92,4.2,,4.2
237,Statement 24,3.01 International Financial Services Centres Authority (IFSCA),12.35,,8.2,20.55,,20.55,16.05,,17.65,33.7,,33.7
237,Statement 24,Department of Expenditure,5.8,,,5.8,,5.8,4.73,,,4.73,,4.73
237,Statement 24,1.National Institute of Financial Management,5.8,,,5.8,,5.8,4.73,,,4.73,,4.73
237,Statement 24,Department of Revenue,,,18.91,18.91,,18.91,,,8.5,8.5,,8.5
237,Statement 24,1.National Institute of Public Finance Policy (NIPFP),,,18.91,18.91,,18.91,,,8.5,8.5,,8.5
238,Statement 24,Department of Fisheries,25.78,,9.5,35.28,,35.28,13.84,,14.0,27.84,,27.84
238,Statement 24,1.Coastal Aquaculture Authority,1.5,,1.5,3.0,,3.0,2.0,,2.0,4.0,,4.0
238,Statement 24,2.National Fisheries Development Board,24.28,,8.0,32.28,,32.28,11.84,,12.0,23.84,,23.84
238,Statement 24,Department of Animal Husbandry and Dairying,3.8,,3.96,7.76,,7.76,5.99,,6.01,12.0,,12.0
238,Statement 24,1.Animal Welfare Board,3.8,,2.2,6.0,,6.0,5.49,,3.0,8.49,,8.49
238,Statement 24,2.Committee for the purpose of Control and Supervision of,,,,,,,0.5,,1.01,1.51,,1.51
238,Statement 24,3.Veterinary Council of India,,,1.76,1.76,,1.76,,,2.0,2.0,,2.0
238,Statement 24,Ministry of Food Processing Industries,19.09,14.0,31.0,64.09,,64.09,21.4,16.0,35.0,72.4,,72.4
238,Statement 24,1.Indian Institute of Food Processing Technology(IIFPT),6.97,6.0,15.0,27.97,,27.97,8.9,8.0,15.0,31.9,,31.9
238,Statement 24,2.National Institute of Food Technology Entrepreneurship,12.12,8.0,16.0,36.12,,36.12,12.5,8.0,20.0,40.5,,40.5
238,Statement 24,Department of Health and Family Welfare,2131.7,1614.97,4700.63,8447.3,,8447.3,2355.02,1490.47,5055.09,8900.58,,8900.58
238,Statement 24,"1.All India Institute of Medical Sciences, New Delhi",1039.96,650.0,1800.0,3489.96,,3489.96,1200.0,700.0,1900.0,3800.0,,3800.0
238,Statement 24,"2.All India Institute of Speech and Hearing, Mysore",39.3,40.35,20.35,100.0,,100.0,23.29,92.3,14.41,130.0,,130.0
238,Statement 24,"3.Chittaranjan National Cancer Institute, Kolkata",13.2,24.32,28.64,66.16,,66.16,20.5,19.5,50.0,90.0,,90.0
238,Statement 24,4.Dental Council of India,0.38,,,0.38,,0.38,0.38,,,0.38,,0.38
238,Statement 24,5.Food Safety and Standards Authority of India,150.87,58.15,30.1,239.12,,239.12,169.2,63.15,56.0,288.35,,288.35
238,Statement 24,6.Indian Nursing Council,0.19,,,0.19,,0.19,19.0,,,19.0,,19.0
238,Statement 24,7.Indian Pharmacopoeia Commission,13.05,2.8,4.5,20.35,,20.35,14.1,4.35,5.5,23.95,,23.95
238,Statement 24,8.Indian Red Cross Society,0.35,,,0.35,,0.35,0.38,,,0.38,,0.38
238,Statement 24,"9.International Institute of Population Sciences, Mumbai",20.89,25.44,13.77,60.1,,60.1,20.05,46.95,13.0,80.0,,80.0
238,Statement 24,10.Jawaharlal Institute of Post Graduate Medical Education,226.0,150.0,524.0,900.0,,900.0,249.98,150.01,600.01,1000.0,,1000.0
238,Statement 24,"11.Kasturba Health Society, Wardha",29.32,,60.68,90.0,,90.0,12.68,,60.31,72.99,,72.99
238,Statement 24,"12.LGB Regional Institute of Mental Health, Tejpur",11.26,1.43,33.31,46.0,,46.0,17.0,5.0,35.0,57.0,,57.0
238,Statement 24,"13.LRS Institute of T.B. and Allied Diseases, New Delhi",15.03,2.0,65.0,82.03,,82.03,16.94,1.5,66.0,84.44,,84.44
238,Statement 24,14.Medical Council of India,0.4,0.1,,0.5,,0.5,0.78,0.2,,0.98,,0.98
238,Statement 24,"15.National Academy of Medical Sciences, New Delhi",0.55,0.05,1.0,1.6,,1.6,0.55,0.05,1.0,1.6,,1.6
238,Statement 24,16.National Board of Examinations,0.01,,,0.01,,0.01,0.01,,,0.01,,0.01
239,Statement 24,"17.National Institute of Biologicals, Noida",29.75,1.65,15.25,46.65,,46.65,30.05,2.86,15.0,47.91,,47.91
239,Statement 24,18.National Institute of Health and Family Welfare,33.7,3.94,32.2,69.84,,69.84,33.66,3.11,33.7,70.47,,70.47
239,Statement 24,"19.National Institute of Mental and Neuro Sciences, Bangluru",94.22,79.19,301.03,474.44,,474.44,95.3,95.14,310.0,500.44,,500.44
239,Statement 24,20.New Delhi TB Centre,0.7,,4.42,5.12,,5.12,0.66,,4.95,5.61,,5.61
239,Statement 24,21.North-Eastern Indira Gandhi Regional Institute of Health,70.31,75.0,165.0,310.31,,310.31,85.0,100.0,165.0,350.0,,350.0
239,Statement 24,"22.Pasteur Institute of India, Coonor",39.1,5.2,11.49,55.79,,55.79,49.54,5.2,13.0,67.74,,67.74
239,Statement 24,23.Pharmacy Council of India,0.18,,,0.18,,0.18,0.2,,,0.2,,0.2
239,Statement 24,24.Post-Graduate Institute of Medical Education and,210.0,401.53,1250.0,1861.53,,1861.53,193.82,45.0,1375.0,1613.82,,1613.82
239,Statement 24,"25.Regional Institute of Medical Sciences, Imphal",46.89,72.82,301.89,421.6,,421.6,52.02,93.28,293.47,438.77,,438.77
239,Statement 24,"26.Regional Institute of Paramedical and Nursing Sciences,",14.0,17.0,12.0,43.0,,43.0,16.5,58.87,13.5,88.87,,88.87
239,Statement 24,27.St. John's Ambulance,0.4,,,0.4,,0.4,0.04,,,0.04,,0.04
239,Statement 24,"28.Vallabh Bhai Patel Chest Institute, Delhi University, New",31.69,4.0,26.0,61.69,,61.69,33.39,4.0,30.24,67.63,,67.63
239,Statement 24,Department of Health Research,2908.63,282.22,606.86,3797.71,,3797.71,1590.0,156.0,612.0,2358.0,,2358.0
239,Statement 24,"1.Indian Council of Medical Research, New Delhi",2908.63,282.22,606.86,3797.71,,3797.71,1590.0,156.0,612.0,2358.0,,2358.0
239,Statement 24,Department of Heavy Industry,,,18.0,18.0,,18.0,,,15.0,15.0,,15.0
239,Statement 24,1.Central Manufacturing Technology Institute (CMTI)),,,18.0,18.0,,18.0,,,15.0,15.0,,15.0
239,Statement 24,Ministry of Home Affairs,50.8,,,50.8,,50.8,62.33,,,62.33,,62.33
239,Statement 24,1.National Human Right Commission,50.8,,,50.8,,50.8,62.33,,,62.33,,62.33
239,Statement 24,Police,7.05,187.45,5.5,200.0,,200.0,10.0,200.0,6.5,216.5,,216.5
239,Statement 24,1.Land Ports Authority of India,7.05,187.45,5.5,200.0,,200.0,10.0,200.0,6.5,216.5,,216.5
239,Statement 24,Chandigarh,611.49,,115.28,726.77,,726.77,686.25,,118.0,804.25,,804.25
239,Statement 24,1.Grantee Bodies,611.49,,115.28,726.77,,726.77,686.25,,118.0,804.25,,804.25
240,Statement 24,Dadra and Nagar Haveli,130.73,177.81,10.13,318.67,,318.67,310.3,335.37,17.42,663.09,,663.09
240,Statement 24,1.Dadra and Nagar Haveli and Daman and Diu,130.73,177.81,10.13,318.67,,318.67,310.3,335.37,17.42,663.09,,663.09
240,Statement 24,Lakshadweep,3.67,,,3.67,,3.67,78.27,,,78.27,,78.27
240,Statement 24,1.01 Administrative Training Institute,0.1,,,0.1,,0.1,0.1,,,0.1,,0.1
240,Statement 24,1.02 Electricity Consumer Redressal Forum,0.12,,,0.12,,0.12,0.12,,,0.12,,0.12
240,Statement 24,1.03 Lakshadweep Dive Academy,0.5,,,0.5,,0.5,75.0,,,75.0,,75.0
240,Statement 24,1.04 Lakshadweep Kala Academy,0.8,,,0.8,,0.8,0.8,,,0.8,,0.8
240,Statement 24,1.05 Lakshadweep Khadi Board,0.7,,,0.7,,0.7,0.75,,,0.75,,0.75
240,Statement 24,1.06 Lakshadweep Social Welfare Advisory Board,0.9,,,0.9,,0.9,0.8,,,0.8,,0.8
240,Statement 24,1.07 Lakshadweep Sports,0.05,,,0.05,,0.05,0.05,,,0.05,,0.05
240,Statement 24,1.08 Lakshadweep Wakaf Board,0.5,,,0.5,,0.5,0.65,,,0.65,,0.65
240,Statement 24,Ministry of Housing and Urban Affairs,12.46,,24.4,36.86,,36.86,16.96,,29.3,46.26,,46.26
240,Statement 24,1.Building Material and Technology Promotion Council,,,4.5,4.5,,4.5,,,5.5,5.5,,5.5
240,Statement 24,2.Central Government Employee Welfare Organisation,0.1,,,0.1,,0.1,0.1,,,0.1,,0.1
240,Statement 24,3.Delhi Urban Arts Commission,1.0,,1.4,2.4,,2.4,1.6,,2.9,4.5,,4.5
240,Statement 24,4.National Capital Region Planning Board,1.1,,4.0,5.1,,5.1,1.1,,4.0,5.1,,5.1
240,Statement 24,5.National Institute of Urban Affairs,1.16,,4.4,5.56,,5.56,1.16,,4.4,5.56,,5.56
240,Statement 24,6.Rajghat Samadhi Committee,3.0,,0.9,3.9,,3.9,6.0,,2.0,8.0,,8.0
240,Statement 24,7.Real Estate Regulatory Authority(RERA),2.5,,1.5,4.0,,4.0,2.5,,1.5,4.0,,4.0
240,Statement 24,8.Various training centres for imparting training to Municipal,3.6,,7.7,11.3,,11.3,4.5,,9.0,13.5,,13.5
240,Statement 24,Ministry of Information and Broadcasting,242.43,142.87,2650.3,3035.6,1375.23,4410.83,357.28,120.21,2713.92,3191.41,1328.28,4519.69
240,Statement 24,"1.CHILDRENS FILM SOCIETY , INDIA (CFSI)",0.06,,3.61,3.67,0.1,3.77,0.1,,3.8,3.9,0.3,4.2
240,Statement 24,"2.FILM AND TELEVISION INSTITUTE OF INDIA (FTII),",4.36,8.91,24.7,37.97,4.0,41.97,8.48,25.0,25.0,58.48,5.5,63.98
241,Statement 24,3.INDIAN INSTITUTE OF MASS COMMUNICATION (IIMC),8.41,14.0,19.0,41.41,5.5,46.91,25.0,20.0,20.0,65.0,5.5,70.5
241,Statement 24,4.PRASAR BHARATI,225.28,94.12,2579.6,2899.0,1360.16,4259.16,316.02,,2640.09,2956.11,1311.47,4267.58
241,Statement 24,5.PRESS COUNCIL OF INDIA (PCI),0.53,0.17,7.5,8.2,1.74,9.94,2.64,10.21,7.15,20.0,1.59,21.59
241,Statement 24,6.SATYAJIT RAY FILM AND TELEVISION INSTITUTE,3.79,25.67,15.89,45.35,3.73,49.08,5.04,65.0,17.88,87.92,3.92,91.84
241,Statement 24,"Department of Water Resources, River Development and",146.01,1220.51,123.76,1490.28,,1490.28,170.33,1405.87,119.84,1696.04,,1696.04
241,Statement 24,1.Brahmaputra Board,30.0,,45.0,75.0,,75.0,50.0,,50.0,100.0,,100.0
241,Statement 24,2.HRD/Capacity Building Program,1.83,0.25,4.25,6.33,,6.33,1.7,3.8,4.5,10.0,,10.0
241,Statement 24,3.National Institute of Hydrology,5.63,1.9,27.87,35.4,,35.4,7.6,2.0,28.4,38.0,,38.0
241,Statement 24,4.National Mission for Clean Ganga,100.0,1200.0,,1300.0,,1300.0,100.01,1350.01,,1450.02,,1450.02
241,Statement 24,5.National Water Development Agency,8.55,18.36,46.64,73.55,,73.55,11.02,50.06,36.94,98.02,,98.02
241,Statement 24,Department of Drinking Water and Sanitation,9.6,37.0,0.4,47.0,,47.0,37.0,5.0,5.0,47.0,,47.0
241,Statement 24,"1.National Centre for Drinking Water, Sanitation and Quality",9.6,37.0,0.4,47.0,,47.0,37.0,5.0,5.0,47.0,,47.0
241,Statement 24,Ministry of Labour and Employment,21.35,2.72,73.96,98.03,,98.03,36.69,3.0,65.31,105.0,,105.0
241,Statement 24,1.Central Board for Workers Education,16.5,0.5,68.0,85.0,,85.0,29.24,2.0,58.76,90.0,,90.0
241,Statement 24,2.National Labour Institute,4.85,2.22,5.96,13.03,,13.03,7.45,1.0,6.55,15.0,,15.0
241,Statement 24,Law and Justice,110.75,1.0,3.5,115.25,,115.25,112.0,1.5,3.0,116.5,,116.5
241,Statement 24,1.Indian Law Institute(ILI),0.5,,2.5,3.0,,3.0,0.5,,2.5,3.0,,3.0
241,Statement 24,2.Institute of Constitutional and Parliamentray Studies,,,,,,,1.0,0.5,,1.5,,1.5
241,Statement 24,3.National Judicial Academy(NJA),10.0,1.0,,11.0,,11.0,10.0,1.0,,11.0,,11.0
241,Statement 24,4.National Legal Service Authority(NALSA),100.0,,,100.0,,100.0,100.0,,,100.0,,100.0
241,Statement 24,5.New Delhi International Arbitration Center,0.25,,1.0,1.25,,1.25,0.5,,0.5,1.0,,1.0
242,Statement 24,"Ministry of Micro, Small and Medium Enterprises",141.14,701.08,42.01,884.23,,884.23,132.67,945.99,39.66,1118.32,,1118.32
242,Statement 24,1.Coir Board,55.83,2.37,22.0,80.2,,80.2,53.86,1.89,24.0,79.75,,79.75
242,Statement 24,2.Infrastructure Development Programme,68.51,431.24,10.0,509.75,,509.75,66.51,699.81,4.0,770.32,,770.32
242,Statement 24,3.Infrastructure Development Programme and Capacity,15.0,266.0,6.0,287.0,,287.0,10.5,243.0,7.25,260.75,,260.75
242,Statement 24,4.Mahatma Gandhi Institute for Rural Industrialisation,1.8,1.47,4.01,7.28,,7.28,1.8,1.29,4.41,7.5,,7.5
242,Statement 24,Ministry of Mines,,4.69,13.74,18.43,10.22,28.65,,6.0,14.85,20.85,8.5,29.35
242,Statement 24,1.Jawahar Lal Nehru Aluminium Research and Design,,3.22,6.7,9.92,2.0,11.92,,3.5,7.4,10.9,2.5,13.4
242,Statement 24,2.National Institute of Miner's Health (NIMH),,,0.3,0.3,,0.3,,,,,,
242,Statement 24,3.National Institute of Rock Mechanics (NIRM),,1.47,6.74,8.21,8.22,16.43,,2.5,7.45,9.95,6.0,15.95
242,Statement 24,Ministry of Minority Affairs,66.0,14.0,,80.0,,80.0,76.0,14.0,,90.0,,90.0
242,Statement 24,1.Maulana Azad Education Foundation,66.0,14.0,,80.0,,80.0,76.0,14.0,,90.0,,90.0
242,Statement 24,Ministry of New and Renewable Energy,20.76,6.79,4.8,32.35,,32.35,21.21,20.7,6.76,48.67,,48.67
242,Statement 24,1.National Institute of Bio Energy,2.64,0.91,1.3,4.85,,4.85,3.87,1.7,2.76,8.33,,8.33
242,Statement 24,2.National Institute of Solar Energy,6.0,4.5,3.5,14.0,,14.0,6.5,9.0,4.0,19.5,,19.5
242,Statement 24,3.National Institute of Wind Energy,12.12,1.38,,13.5,,13.5,10.84,10.0,,20.84,,20.84
242,Statement 24,"Ministry of Personnel, Public Grievances and Pensions",13.35,8.5,11.8,33.65,,33.65,122.44,18.5,24.5,165.44,,165.44
242,Statement 24,1.Central Civil Services Cultural and Sports Board,2.55,,,2.55,,2.55,4.08,,,4.08,,4.08
242,Statement 24,2.Grant to Indian Institute of Public Administration,7.0,8.5,9.0,24.5,,24.5,7.0,8.5,9.0,24.5,,24.5
242,Statement 24,3.Grih Kalyan Kendra,3.5,,,3.5,,3.5,3.0,,,3.0,,3.0
242,Statement 24,4.National Centre for Good Governance,0.3,,2.8,3.1,,3.1,0.75,,3.5,4.25,,4.25
242,Statement 24,5.National Recruitment Agency,,,,,,,107.61,10.0,12.0,129.61,,129.61
243,Statement 24,Ministry of Petroleum and Natural Gas,484.02,805.36,9.8,1299.18,,1299.18,227.91,660.31,9.8,898.02,,898.02
243,Statement 24,1.Cash Incentives to State Government/UTs for Kerosene,266.0,,,266.0,,266.0,,,,,,
243,Statement 24,"2.Establishment of Centre of Excellence for Energy,",,0.01,,0.01,,0.01,,50.0,,50.0,,50.0
243,Statement 24,3.Establishment of Rajiv Gandhi Institute of Petroleum,,0.01,,0.01,,0.01,,32.0,,32.0,,32.0
243,Statement 24,4.Indian Institute of Petroleum Technology,,45.51,,45.51,,45.51,,95.0,,95.0,,95.0
243,Statement 24,5.National Bio-Fuel Fund,0.01,,,0.01,,0.01,1.0,,,1.0,,1.0
243,Statement 24,6.Payment of Differential Royalty to State Governments,23.2,,,23.2,,23.2,24.0,,,24.0,,24.0
243,Statement 24,7.Payment to ISPRL (OandM),178.24,,,178.24,,178.24,186.34,,,186.34,,186.34
243,Statement 24,8.Petroleum and Natural Gas Regulatory Board (PNGRB),13.87,,9.66,23.53,,23.53,13.87,,9.66,23.53,,23.53
243,Statement 24,9.Phulpur-Dhamra-Haldia Pipeline Project,,728.03,,728.03,,728.03,,250.0,,250.0,,250.0
243,Statement 24,10.Pradhan Mantri JI-VAN Yojana,,31.8,,31.8,,31.8,,233.31,,233.31,,233.31
243,Statement 24,11.Society for Petroleum Laboratory (SFPL),2.7,,0.14,2.84,,2.84,2.7,,0.14,2.84,,2.84
243,Statement 24,Ministry of Planning,1.71,,7.79,9.5,,9.5,1.65,,8.02,9.67,,9.67
243,Statement 24,1.National Institute of Labour Economics Research and,1.71,,7.79,9.5,,9.5,1.65,,8.02,9.67,,9.67
243,Statement 24,"Ministry of Ports, Shipping and Waterways",12.03,423.5,38.77,474.3,447.09,921.39,14.46,497.1,47.14,558.7,647.25,1205.95
243,Statement 24,1.Chennai Port Trust,,,,,52.37,52.37,,,,,83.46,83.46
243,Statement 24,2.Cochin Port Trust,,,,,47.65,47.65,,,,,33.07,33.07
243,Statement 24,3.Indian Maritime University,,,,,,,,1.0,,1.0,,1.0
243,Statement 24,4.Inland Waterways Authority of India,6.2,423.5,35.0,464.7,,464.7,8.0,496.1,43.0,547.1,,547.1
243,Statement 24,5.kolkata Port Trust,,,,,149.84,149.84,,,,,213.32,213.32
243,Statement 24,6.Mormugoa Port Trust,,,,,64.39,64.39,,,,,85.34,85.34
243,Statement 24,7.Tariff Authoirity of Major Ports,5.83,,3.77,9.6,,9.6,6.46,,4.14,10.6,,10.6
243,Statement 24,8.VOC Port Trust,,,,,132.84,132.84,,,,,232.06,232.06
244,Statement 24,Ministry of Power,92.22,77.96,3.54,173.72,,173.72,180.42,195.0,4.4,379.82,,379.82
244,Statement 24,1.Bureau of Energy Efficiency (BEE),56.32,,,56.32,,56.32,115.82,,,115.82,,115.82
244,Statement 24,2.Central Power Research Institute (CPRI),10.0,70.0,,80.0,,80.0,25.0,155.0,,180.0,,180.0
244,Statement 24,3.Joint Electricity Regulatory Commission (JERC) Goa and,7.9,,3.54,11.44,,11.44,9.6,,4.4,14.0,,14.0
244,Statement 24,4.National Power Training Institute (NPTI),18.0,7.96,,25.96,,25.96,30.0,40.0,,70.0,,70.0
244,Statement 24,Department of Rural Development,68.21,,69.16,137.37,,137.37,91.71,,93.2,184.91,,184.91
244,Statement 24,1.National Rural Road Development Agency (NRRDA),27.86,,9.01,36.87,,36.87,34.71,,11.2,45.91,,45.91
244,Statement 24,2.National Institute of Rural Development (NIRD),20.35,,60.15,80.5,,80.5,42.0,,82.0,124.0,,124.0
244,Statement 24,3.National Rural Liveihood Promotional Society (NRLPS),20.0,,,20.0,,20.0,15.0,,,15.0,,15.0
244,Statement 24,Department of Science and Technology,369.0,250.0,753.0,1372.0,,1372.0,375.0,380.0,730.0,1485.0,,1485.0
244,Statement 24,"1.Agharkar Research Institute, Pune",6.67,0.5,23.0,30.17,,30.17,6.51,2.0,19.8,28.31,,28.31
244,Statement 24,"2.Aryabhatta Research Institute of Observational-Sciences,",9.17,8.55,18.9,36.62,,36.62,9.01,19.55,18.04,46.6,,46.6
244,Statement 24,"3.Birbal Sahni Institute of Palaeobotany, Lucknow",10.92,4.5,37.03,52.45,,52.45,10.76,4.5,40.38,55.64,,55.64
244,Statement 24,"4.Bose Institute, Kolkata",24.17,28.61,52.69,105.47,,105.47,24.01,33.61,60.0,117.62,,117.62
244,Statement 24,"5.Centre for Nano and Soft Matter Sciences, Bangalore",7.16,3.5,5.74,16.4,,16.4,7.0,11.56,6.31,24.87,,24.87
244,Statement 24,"6.Indian Academy Of Sciences, Bangalore",3.0,,3.3,6.3,,6.3,3.0,0.55,3.35,6.9,,6.9
244,Statement 24,"7.Indian Association for the Cultivation of Science, Kolkata",29.07,35.87,87.24,152.18,,152.18,28.91,76.46,95.47,200.84,,200.84
244,Statement 24,"8.Indian Institute of Astrophysics, Bangalore",19.66,8.5,82.35,110.51,,110.51,19.44,18.5,69.21,107.15,,107.15
244,Statement 24,"9.Indian Institute of Geomagnetism, Mumbai",12.91,6.4,29.56,48.87,,48.87,12.69,6.4,32.52,51.61,,51.61
244,Statement 24,"10.Indian National Academy Of Engineering, New Delhi",2.24,0.03,1.79,4.06,,4.06,2.24,0.1,1.97,4.31,,4.31
244,Statement 24,"11.Indian National Science Academy, New Delhi",9.0,,14.05,23.05,,23.05,9.0,1.0,13.26,23.26,,23.26
244,Statement 24,"12.Indian Science Congress Association, Kolkata",5.35,,3.29,8.64,,8.64,7.35,0.5,3.62,11.47,,11.47
244,Statement 24,"13.Institute of Nano Science and Technology, Mohali",7.67,30.23,16.78,54.68,,54.68,7.44,27.23,18.46,53.13,,53.13
244,Statement 24,14.International Advanced Research Centre for Powder,19.17,11.1,32.76,63.03,,63.03,18.94,22.1,36.04,77.08,,77.08
244,Statement 24,15.Jawaharlal Nehru Centre for Advanced Scientific,31.9,31.0,42.43,105.33,,105.33,31.68,34.0,48.67,114.35,,114.35
244,Statement 24,"16.National Academy Of Sciences, Allahabad",7.27,,0.98,8.25,,8.25,7.27,2.0,1.75,11.02,,11.02
245,Statement 24,17.National Innovation Foundation,5.5,0.63,5.75,11.88,,11.88,6.5,11.63,6.0,24.13,,24.13
245,Statement 24,18.North East Centre for Technical Application and Research,2.5,,,2.5,,2.5,2.5,,,2.5,,2.5
245,Statement 24,"19.Raman Research Institute, Bangalore",14.2,6.93,39.44,60.57,,60.57,13.97,6.93,35.51,56.41,,56.41
245,Statement 24,"20.S.N. Bose National Centre for Basic Sciences, Kolkata",21.67,8.55,15.14,45.36,,45.36,21.44,19.55,16.65,57.64,,57.64
245,Statement 24,21.Sree Chitra Tirumal Institute for Medical Sciences and,75.0,45.0,190.0,310.0,,310.0,80.0,50.0,150.0,280.0,,280.0
245,Statement 24,"22.Technology Information, Forecasting and Assessment",13.93,,7.08,21.01,,21.01,14.93,,8.95,23.88,,23.88
245,Statement 24,23.The Institute of Advanced Study in Science and,8.7,14.6,14.17,37.47,,37.47,8.47,21.0,15.59,45.06,,45.06
245,Statement 24,"24.Vigyan Prasar, New Delhi",10.0,2.0,3.64,15.64,,15.64,10.0,1.5,4.0,15.5,,15.5
245,Statement 24,"25.Wadia Institute of Himalayan Geology, Dehradun",12.17,3.5,25.89,41.56,,41.56,11.94,9.33,24.45,45.72,,45.72
245,Statement 24,Department of Biotechnology,255.5,121.5,429.53,806.53,,806.53,340.91,260.0,206.0,806.91,,806.91
245,Statement 24,1.Biotechnology Research and Development,,,229.53,229.53,,229.53,,,,,,
245,Statement 24,2.SUPPORT TO AUTONOMOUS R AND D INSTITUTIONS,255.5,121.5,200.0,577.0,,577.0,340.91,260.0,206.0,806.91,,806.91
245,Statement 24,Department of Scientific and Industrial Research,2258.4,300.0,1650.0,4208.4,,4208.4,3019.77,425.0,1699.5,5144.27,,5144.27
245,Statement 24,1.Council of Scientific and Industrial Research,2258.4,300.0,1650.0,4208.4,,4208.4,3019.77,425.0,1699.5,5144.27,,5144.27
245,Statement 24,Department of Social Justice and Empowerment,28.7,,2.0,30.7,,30.7,41.0,,5.0,46.0,,46.0
245,Statement 24,1.Dr. Ambedkar Foundation,1.0,,,1.0,,1.0,1.0,,,1.0,,1.0
245,Statement 24,2.Dr. Ambedkar International Center,25.0,,,25.0,,25.0,25.0,,,25.0,,25.0
245,Statement 24,3.National Institute of Social Defence,2.7,,2.0,4.7,,4.7,15.0,,5.0,20.0,,20.0
245,Statement 24,Department of Empowerment of Persons with,74.5,68.9,142.35,285.75,,285.75,102.75,122.71,152.45,377.91,,377.91
245,Statement 24,1.Centre for sport for Disability,0.1,19.4,,19.5,,19.5,0.1,53.21,0.1,53.41,,53.41
245,Statement 24,2.National Institute for Disabled Persons,71.25,49.5,140.0,260.75,,260.75,99.5,69.5,150.0,319.0,,319.0
245,Statement 24,3.Rehabilitation council of India,3.15,,2.35,5.5,,5.5,3.15,,2.35,5.5,,5.5
246,Statement 24,Department of Space,290.5,114.62,227.94,633.06,,633.06,316.5,139.5,272.5,728.5,,728.5
246,Statement 24,1.Indian Institute of Space Science and Technology (IIST),27.0,12.2,33.0,72.2,,72.2,35.0,35.0,42.0,112.0,,112.0
246,Statement 24,2.National Atmospheric Research Laboratory (NARL),14.5,3.5,11.0,29.0,,29.0,15.5,5.5,14.0,35.0,,35.0
246,Statement 24,3.North Eastern Space applications Centre (NE-SAC),10.0,5.0,9.69,24.69,,24.69,11.0,5.5,13.5,30.0,,30.0
246,Statement 24,4.Physical Research Laboratory (PRL),40.0,40.0,66.25,146.25,,146.25,45.0,38.5,75.0,158.5,,158.5
246,Statement 24,5.Semiconductor Laboratory (SCL),199.0,53.92,108.0,360.92,,360.92,210.0,55.0,128.0,393.0,,393.0
246,Statement 24,Ministry of Statistics and Programme Implementation,13.27,12.6,244.43,270.3,,270.3,26.83,32.0,261.18,320.01,,320.01
246,Statement 24,1.Indian Statistical Institute,13.27,12.6,244.43,270.3,,270.3,26.83,32.0,261.18,320.01,,320.01
246,Statement 24,Ministry of Textiles,,,2.25,2.25,,2.25,,,10.0,10.0,,10.0
246,Statement 24,"1.Central Wool Development , Jodhpur",,,2.25,2.25,,2.25,,,10.0,10.0,,10.0
246,Statement 24,Ministry of Tribal Affairs,51.0,,44.0,95.0,,95.0,82.0,,48.0,130.0,,130.0
246,Statement 24,1.Institutional Support for Development and Marketing of,51.0,,44.0,95.0,,95.0,82.0,,48.0,130.0,,130.0
246,Statement 24,Ministry of Women and Child Development,99.13,1.32,70.0,170.45,,170.45,96.17,4.83,77.0,178.0,,178.0
246,Statement 24,1.Central Adoption Resource Agency (CARA),3.9,0.1,4.1,8.1,,8.1,5.0,0.1,4.9,10.0,,10.0
246,Statement 24,2.Central Social Welfare Board (CSWB),38.38,0.02,31.27,69.67,,69.67,39.38,0.02,33.6,73.0,,73.0
246,Statement 24,3.National Commission for Protection of Child Roghts,12.97,0.4,3.63,17.0,,17.0,3.6,0.4,4.0,8.0,,8.0
246,Statement 24,4.National Commission for Women,16.88,,5.0,21.88,,21.88,21.49,0.01,5.5,27.0,,27.0
246,Statement 24,5.National Institute of Public Cooperation and Child,27.0,0.8,26.0,53.8,,53.8,26.7,4.3,29.0,60.0,,60.0
247,Statement 24,Ministry of Youth Affairs and Sports,319.71,28.97,626.47,975.15,117.37,1092.52,469.56,47.0,587.35,1103.91,127.65,1231.56
247,Statement 24,1.Laxmibai National Institute of Physical Education,16.5,6.5,22.0,45.0,0.6,45.6,24.0,8.0,23.0,55.0,0.75,55.75
247,Statement 24,2.Natinal Dope Testing Laboratory,8.5,1.47,3.5,13.47,,13.47,6.5,2.0,3.5,12.0,,12.0
247,Statement 24,3.National Anit-Doping Agency,7.5,,1.5,9.0,0.07,9.07,5.3,3.0,1.7,10.0,0.1,10.1
247,Statement 24,4.Nehru Yuva Kendra Sangathan,70.0,3.0,194.75,267.75,,267.75,122.5,4.0,200.0,326.5,,326.5
247,Statement 24,5.Rajiv Gandhi National Institute of Youth Development,8.0,6.0,7.0,21.0,1.7,22.7,15.0,10.0,7.0,32.0,1.8,33.8
247,Statement 24,6.Sports Authority of India,205.21,12.0,395.0,612.21,115.0,727.21,293.26,20.0,347.15,660.41,125.0,785.41
247,Statement 24,7.Sports University in North East,4.0,,2.72,6.72,,6.72,3.0,,5.0,8.0,,8.0
247,Statement 24,GRAND TOTAL,28735.78,12728.33,40312.94,81777.05,3557.98,85335.03,29825.58,15316.38,41545.67,86687.63,3837.11,90524.74
255,Statement 26,Atomic Energy,10075.1,595.0,2500.0,14851.8,630.0,3307.0,12148.76,600.0,2170.0,14512.57,590.0,3090.0
255,Statement 26,1. Bharatiya Nabhikiya Vidyut Nigam Limited,80.0,80.0,,150.0,80.0,70.0,150.0,80.0,70.0,70.0,,70.0
255,Statement 26,2.   Electronics Corporation of India Limited,36.65,,,16.0,,,14.0,,,14.0,,
255,Statement 26,3.   Indian Rare Earths Limited,52.0,,,50.0,,,68.1,,,152.8,,
255,Statement 26,4.   Nuclear Power Corporation of India Limited,9789.0,500.0,2500.0,14575.0,500.0,3237.0,11895.0,500.0,2100.0,14173.0,540.0,3020.0
255,Statement 26,5.   Uranium Corporation of India Limited,117.45,15.0,,60.8,50.0,,21.66,20.0,,102.77,50.0,
255,Statement 26,Department of Chemicals and Petrochemicals,8.14,,,914.32,,,10.0,,,10.0,,
255,Statement 26,6. Brahmaputra Cracker Polymer Limited,,,,904.32,,,,,,,,
255,Statement 26,7.   HIL India Limited,8.14,,,10.0,,,10.0,,,10.0,,
255,Statement 26,Department of Fertilisers,1494.92,,,240.12,,,661.63,,,943.45,,
255,Statement 26,8. Brahmaputra Valley Fertiliser Cooperation Limited,93.0,,,0.93,,,74.74,,,79.44,,
255,Statement 26,9.   FCI Aravali Gypsum and Minerals India Limited,0.05,,,44.48,,,4.26,,,7.07,,
255,Statement 26,10.   Fertilizer and Chemicals Travancore,23.01,,,,,,50.0,,,340.0,,
255,Statement 26,11.   Madras Fertilizers Limited,46.99,,,,,,39.2,,,38.0,,
255,Statement 26,13.   Projects and Development India Limited,2.54,,,4.51,,,3.89,,,4.4,,
255,Statement 26,14.   Rashtriya Chemicals and Fertilisers Limited,467.56,,,190.2,,,218.43,,,267.86,,
255,Statement 26,Department of Pharmaceuticals,22.09,,,,,,30.0,,,33.75,,
255,Statement 26,15. Karnataka Antibiotics and Pharmaceuticals Ltd,22.09,,,,,,30.0,,,33.75,,
255,Statement 26,Ministry of Civil Aviation,,,,5190.47,0.02,,6947.91,0.02,,9273.72,0.02,
255,Statement 26,16. Air India Asset Holding Limited,,,,10.0,,,,,,,,
255,Statement 26,17.   Air India Limited,,,,145.01,0.01,,2150.01,0.01,,4127.01,0.01,
255,Statement 26,18.   Airports Authority of India,,,,5026.0,,,4789.84,,,5139.7,,
255,Statement 26,19.   Pawan Hans Limited,,,,9.45,,,8.05,,,7.0,,
255,Statement 26,20.   Rohini Heliport Limited,,,,0.01,0.01,,0.01,0.01,,0.01,0.01,
255,Statement 26,Ministry of Coal,14871.07,,,18467.0,,,18967.0,,,19246.0,,
255,Statement 26,21. Coal India Limited,6269.65,,,9500.0,,,10000.0,,,14685.0,,
256,Statement 26,22.   NLC India Limited,6469.62,,,6667.0,,,6667.0,,,2061.0,,
256,Statement 26,23.   Singareni Colleries Company Limited,2131.8,,,2300.0,,,2300.0,,,2500.0,,
256,Statement 26,Department of Commerce,844.96,844.96,,1704.0,650.0,,738.98,390.0,,667.0,260.0,
256,Statement 26,24. ECGC,800.0,800.0,,650.0,650.0,,390.0,390.0,,260.0,260.0,
256,Statement 26,25.   ITPO,,,,1054.0,,,348.98,,,407.0,,
256,Statement 26,26.   MMTC,44.96,44.96,,,,,,,,,,
256,Statement 26,Department of Posts,335.0,335.0,,220.0,220.0,,220.0,220.0,,200.0,200.0,
256,Statement 26,27. India Post Payments Bank,335.0,335.0,,220.0,220.0,,220.0,220.0,,200.0,200.0,
256,Statement 26,Department of Telecommunications,7783.99,105.0,,35711.6,20515.0,,16894.77,105.0,,35122.28,20490.0,
256,Statement 26,28. Bharat Broadband Network Limited,4515.0,,,6500.0,,,8700.0,,,9200.0,,
256,Statement 26,29.   Bharat Sanchar Nigam Limited,2875.0,,,21827.0,14115.0,,7712.0,,,19115.0,14115.0,
256,Statement 26,30.   C DOT,97.02,,,110.0,,,110.0,,,110.0,,
256,Statement 26,31.   Indian Telephone Industries,105.0,105.0,,612.0,105.0,,105.0,105.0,,80.0,80.0,
256,Statement 26,32.   Mahanagar Telephone Nigam Limited,141.77,,,6645.0,6295.0,,250.0,,,6595.0,6295.0,
256,Statement 26,33.   Telecommunications Consultant India Limited,50.2,,,17.6,,,17.77,,,22.28,,
256,Statement 26,Department of Food and Public Distribution,178880.59,1049.0,,223345.38,1040.0,,152880.18,1040.0,,105295.54,2555.21,
256,Statement 26,34. Central Railside Warehouse Company Ltd,20.78,,,20.0,,,12.0,,,40.0,,
256,Statement 26,35.   Central Warehousing Corporation,204.18,,,190.38,,,197.18,,,205.33,,
256,Statement 26,36.   Food Corporation of India,178655.63,1049.0,,223135.0,1040.0,,152671.0,1040.0,,105050.21,2555.21,
256,Statement 26,Ministry of Defence (Civil),31991.02,,,620.0,,,12812.98,,,5623.68,,
256,Statement 26,37. BEML Limited,3053.3,,,,,,3251.0,,,,,
256,Statement 26,38.   Bharat Dynamics Limited,1847.64,,,,,,2404.0,,,,,
256,Statement 26,39.   Bharat Electronics Limited,525.16,,,,,,716.0,,,1035.0,,
256,Statement 26,40.   Garden Reach Shipbuilders and Engineers Ltd,50.5,,,,,,978.0,,,1032.0,,
256,Statement 26,41.   Goa Shipyard Limited,945.0,,,,,,943.0,,,965.0,,
256,Statement 26,42.   Hindustan Aeronautics Limited,19781.0,,,,,,,,,,,
256,Statement 26,43.   Hindustan Shipyard Limited,5.0,,,620.0,,,1.0,,,5.0,,
256,Statement 26,44.   Mazagon Dock Shipbuilders Limited,4896.0,,,,,,3518.0,,,1402.0,,
257,Statement 26,45.   Mishra Dhatu Nigam Limited,887.42,,,,,,1001.98,,,1184.68,,
257,Statement 26,Ministry of Development of North Eastern Region,6.1,,6.1,5.0,,4.0,4.0,,4.0,4.0,,4.0
257,Statement 26,46. North East Regional Agricultural Marketing,4.1,,4.1,2.0,,2.0,2.0,,2.0,2.0,,2.0
257,Statement 26,47. North Eastern Handicrafts and Handlooms,2.0,,2.0,3.0,,2.0,2.0,,2.0,2.0,,2.0
257,Statement 26,Department of School Education and Literacy,,,,,,,425.0,,,495.0,,
257,Statement 26,48. National Council of Educational Research and,,,,,,,425.0,,,495.0,,
257,Statement 26,Department of Higher Education,,,,3000.0,,,,,,,,
257,Statement 26,49. EBR raised by Higher Education Financing Agency,,,,3000.0,,,,,,,,
257,Statement 26,Department of Economic Affairs,2040.19,1999.99,40.2,2040.76,2000.02,40.74,4785.4,4750.03,35.37,5034.35,5000.01,34.34
257,Statement 26,50. National Investment and Infrastructure Fund,1999.99,1999.99,,2000.01,2000.01,,4750.01,4750.01,,5000.01,5000.01,
257,Statement 26,51. Repayment of loan by Infrastructure Leasing and,40.2,,40.2,40.73,,40.73,35.36,,35.36,34.34,,34.34
257,Statement 26,52. Security Printing and Minting Corporation of India,,,,0.02,0.01,0.01,0.02,0.01,0.01,,,
257,Statement 26,53.  Strategic and Social Infrastructure Finance,,,,,,,0.01,0.01,,,,
257,Statement 26,Department of Financial Services,82198.11,82198.11,,19650.04,19650.04,,32650.0,32650.0,,24800.01,24800.01,
257,Statement 26,54. Export Import Bank of India,1500.0,1500.0,,1300.0,1300.0,,1300.0,1300.0,,1500.0,1500.0,
257,Statement 26,55.   India Infrastructure Finance Company Limited,5797.6,5797.6,,10000.0,10000.0,,,,,0.01,0.01,
257,Statement 26,56.   Industrial Finance Corporation of India,200.0,200.0,,200.0,200.0,,200.0,200.0,,100.0,100.0,
257,Statement 26,57.   Micro Units Development and Refinance Agency,,,,0.01,0.01,,,,,,,
257,Statement 26,58.   National Bank for Agriculture and Rural,1500.0,1500.0,,1000.0,1000.0,,1000.0,1000.0,,2000.0,2000.0,
257,Statement 26,59.   Recapitalization of IDBI Bank Limited,4557.0,4557.0,,,,,,,,,,
257,Statement 26,60.   Recapitalization of Insurance Companies,2500.0,2500.0,,6950.0,6950.0,,9950.0,9950.0,,,,
257,Statement 26,61.   Recapitalization of Public Sector Banks,65443.0,65443.0,,0.02,0.02,,20000.0,20000.0,,20000.0,20000.0,
257,Statement 26,62.   Recapitalization of Regional Rural Banks,700.51,700.51,,200.01,200.01,,200.0,200.0,,1200.0,1200.0,
257,Statement 26,Department of Revenue,,,,0.01,0.01,,,,,,,
257,Statement 26,63. Investment in GSTN SPV,,,,0.01,0.01,,,,,,,
257,Statement 26,Department of Health and Family Welfare,,,,3000.0,,,99.53,,,87.91,,
257,Statement 26,64. EBR raised by Higher Education Financing Agency,,,,3000.0,,,,,,,,
258,Statement 26,65.   Goa Antibiotics and Pharmaceuticals Ltd,,,,,,,0.65,,,0.95,,
258,Statement 26,66.   HLL Lifecare Ltd,,,,,,,86.69,,,43.34,,
258,Statement 26,67.   HLL Media Park Ltd,,,,,,,12.19,,,43.62,,
258,Statement 26,Department of Heavy Industry,582.08,181.05,,585.29,142.29,,359.86,92.95,,378.02,0.07,
258,Statement 26,68. Andrew Yule and Co Ltd,31.39,,,22.0,,,21.74,,,23.0,,
258,Statement 26,69.   Bharat Heavy Electricals Ltd,336.0,,,372.0,,,180.0,,,252.0,,
258,Statement 26,70.   Braithwaite Burn Jessop Construction Company,0.33,,,1.0,,,1.0,,,1.0,,
258,Statement 26,71.   Bridge and Roof Company Limited,14.5,,,20.0,,,25.0,,,25.0,,
258,Statement 26,72.   Cement Corporation of India,0.54,,,21.0,,,34.67,,,47.75,,
258,Statement 26,73.   Engineering Projects India Limited,0.64,,,3.0,,,3.0,,,3.0,,
258,Statement 26,74.   Heavy Engineering Corporation Limited,,,,0.01,0.01,,,,,0.01,0.01,
258,Statement 26,75.   Hindustan Cables Limited,,,,0.01,0.01,,,,,0.01,0.01,
258,Statement 26,76.   Hindustan Salt Limited,,,,5.0,5.0,,,,,0.01,0.01,
258,Statement 26,77.   HMT Limited,11.74,,,0.01,0.01,,1.5,,,26.21,0.01,
258,Statement 26,78.   Nepa Limited,181.05,181.05,,137.24,137.24,,92.95,92.95,,0.01,0.01,
258,Statement 26,79.   Rajasthan Electronics and Instruments Limited,5.89,,,4.0,,,,,,,,
258,Statement 26,80.   Richardson and Cruddas Limited,,,,0.01,0.01,,,,,0.01,0.01,
258,Statement 26,81.   Scooter India Limited,,,,0.01,0.01,,,,,0.01,0.01,
258,Statement 26,Ministry of Housing and Urban Affairs,56626.19,3713.06,14448.93,51458.94,3256.0,16315.0,38200.94,1620.85,6951.74,47877.24,3454.91,19827.09
258,Statement 26,82. Building Material and Technology Promotion,15000.0,,,,,,10000.0,,,7000.0,,
258,Statement 26,83. Housing and Urban Development Corporation,21914.6,,,29752.94,,,18449.35,,,16015.24,,
258,Statement 26,84.   Metro and MRTS Projects,19485.59,3713.06,14448.93,18382.0,3256.0,14226.0,7383.59,1620.85,4862.74,20298.0,3454.91,15543.09
258,Statement 26,85.   National Capital Region Transport Corporation,,,,2089.0,,2089.0,2089.0,,2089.0,4284.0,,4284.0
258,Statement 26,86.   National Capital Regional Planning Board,226.0,,,1235.0,,,279.0,,,280.0,,
258,Statement 26,Ministry of Information and Broadcasting,191.85,,,253.63,,,229.62,,,247.02,,
258,Statement 26,87. Braodcast Engineering Consultants India Limited,192.54,,,247.02,,,228.21,,,247.02,,
258,Statement 26,88.   National Film Development Corporation,-0.69,,,6.61,,,1.41,,,,,
259,Statement 26,"Department of Water Resources, River Development and Ganga",3895.77,,,5078.0,,,6525.24,,,5197.23,,
259,Statement 26,89. NABARD,3813.3,,,5000.0,,,6459.29,,,5130.0,,
259,Statement 26,90.   WAPCOS Limited,82.47,,,78.0,,,65.95,,,67.23,,
259,Statement 26,Department of Drinking Water and Sanitation,,,,12000.0,,,,,,,,
259,Statement 26,91. National Bank for Agriculture and Rural,,,,12000.0,,,,,,,,
259,Statement 26,"Ministry of Micro, Small and Medium Enterprises",97.57,,,205.0,,,190.0,,,250.0,,
259,Statement 26,92. National Small Industries Corporation,97.57,,,205.0,,,190.0,,,250.0,,
259,Statement 26,Ministry of Mines,1350.08,,,1973.13,,,1611.62,,,1879.5,,
259,Statement 26,93. Hindustan Copper Limited,452.96,,,600.0,,,600.0,,,350.0,,
259,Statement 26,94.   Mineral Exploration Corporation Limited,14.2,,,28.6,,,29.0,,,21.0,,
259,Statement 26,95.   National Aluminium Company Limited,868.74,,,1332.03,,,972.0,,,1500.0,,
259,Statement 26,96.   Other bodies,14.18,,,12.5,,,10.62,,,8.5,,
259,Statement 26,Ministry of Minority Affairs,669.59,160.0,,160.0,160.0,,791.51,110.0,,932.59,153.0,
259,Statement 26,97. Equity contribution to National Minorities,669.59,160.0,,160.0,160.0,,791.51,110.0,,932.59,153.0,
259,Statement 26,Ministry of New and Renewable Energy,10450.85,,,13726.74,,,10089.38,,,11778.0,,
259,Statement 26,98. Indian Renewable Energy Development Agency,10030.2,,,13351.85,,,9496.26,,,11017.82,,
259,Statement 26,99.   Solar Energy Corporation of India,420.65,,,374.89,,,593.12,,,760.18,,
259,Statement 26,Ministry of Petroleum and Natural Gas,107154.91,1552.11,,98521.56,,,99650.02,728.03,,104870.29,250.0,
259,Statement 26,100. Balmer Lawrie and Company Limited,46.31,,,35.0,,,35.0,,,40.0,,
259,Statement 26,101.   Bharat Petroleum Corporation Limited,9488.81,,,7990.0,,,8205.0,,,9030.0,,
259,Statement 26,102.   Bharat Petroleum Corporation Limited,1574.87,,,1010.0,,,795.0,,,970.0,,
259,Statement 26,103.   Chennai Petroleum Corporation Limited,960.6,,,569.0,,,574.0,,,384.0,,
259,Statement 26,104.   Engineers India Limited,170.62,,,60.0,,,75.0,,,150.0,,
259,Statement 26,105.   Gas Authority of India Limited,6114.13,1552.11,,5412.0,,,6369.54,728.03,,6111.2,250.0,
259,Statement 26,106.   Hindustan Petroleum Corporation Limited,16311.24,,,11500.0,,,12000.0,,,14500.0,,
259,Statement 26,107.   Indian Oil Corporation Limited,28060.66,,,20695.58,,,20869.37,,,24329.58,,
259,Statement 26,108.   Indian Oil Corporation Limited,3360.13,,,5537.39,,,5436.52,,,4217.52,,
259,Statement 26,109.   Mangalore Refineries and Petrochemicals Limited,1317.92,,,1150.0,,,1165.0,,,850.0,,
260,Statement 26,110.   Numaligarh Refinery Limited,529.08,,,949.0,,,949.0,,,2000.0,,
260,Statement 26,111.   Oil and Natural Gas Corporation Limited,29538.46,,,32501.59,,,32501.59,,,29800.0,,
260,Statement 26,112.   Oil India Limited,4247.21,,,3877.0,,,3925.0,,,4108.0,,
260,Statement 26,113.   Oil Natural Gas Corporation Videsh Limited,5434.87,,,7235.0,,,6750.0,,,8379.99,,
260,Statement 26,"Ministry of Ports, Shipping and Waterways",2934.06,,,3714.83,,,3129.26,100.0,,4917.12,100.0,
260,Statement 26,114. Chennai Port Trust,53.65,,,83.15,,,52.37,,,83.46,,
260,Statement 26,115.   Cochin Port Trust,29.0,,,26.28,,,47.65,,,33.07,,
260,Statement 26,116.   Cochin Shipyard Limited,494.87,,,650.0,,,365.0,,,400.0,,
260,Statement 26,117.   Deendyal Port Trust Kandla,203.3,,,617.79,,,270.27,,,543.55,,
260,Statement 26,118.   Dredging Corporation of India,,,,5.0,,,,,,,,
260,Statement 26,119.   Inland Waterway Authority of India,310.89,,,,,,,,,,,
260,Statement 26,120.   Jawaharlal Nehru Port Trust,810.31,,,600.0,,,1115.14,,,2197.41,,
260,Statement 26,121.   Kamarajar Port Trust,102.22,,,250.0,,,200.0,,,200.0,,
260,Statement 26,122.   Mormugao Port Trust,19.47,,,195.79,,,64.39,,,85.34,,
260,Statement 26,123.   Mumbai Port Trust,309.74,,,330.4,,,297.26,,,338.21,,
260,Statement 26,124.   New Mangalore Port Trust,49.82,,,26.04,,,18.99,,,11.11,,
260,Statement 26,125.   Pradip Port Trust,176.33,,,115.0,,,137.3,,,109.5,,
260,Statement 26,126.   Sagarmala Development Company,,,,,,,100.0,100.0,,100.0,100.0,
260,Statement 26,127.   Shipping Corporation of India,82.29,,,80.0,,,80.0,,,80.0,,
260,Statement 26,128.   Syama Prasad Mookerjee Port Kolkata,174.88,,,272.11,,,149.84,,,213.32,,
260,Statement 26,129.   Visakapatnam Port Trust,100.28,,,110.7,,,98.21,,,290.09,,
260,Statement 26,130.   VoChidambaranar Port Trust,17.01,,,352.57,,,132.84,,,232.06,,
260,Statement 26,Ministry of Power,63190.56,,554.64,49968.65,,84.27,50311.03,,65.31,59990.52,,
260,Statement 26,131. Damodar Valley Corporation Limited,683.8,,,2342.0,,,2342.0,,,2857.06,,
260,Statement 26,132.   National Hydro Electric Power Corporation Limited,3089.56,,554.64,5401.29,,84.27,5296.0,,65.31,8057.44,,
260,Statement 26,133.   National Thermal Power Corporation Limited,36618.48,,,21000.0,,,21000.0,,,23736.0,,
260,Statement 26,134.   North Eastern Electric Power Corporation Limited,980.49,,,564.36,,,965.0,,,810.02,,
261,Statement 26,135.   Power Grid Corporation of India Limited,15313.0,,,10500.0,,,10500.0,,,7500.0,,
261,Statement 26,136.   Rural Electrification Corporation,3782.0,,,5500.0,,,5500.0,,,9300.0,,
261,Statement 26,137.   Satluj Jal Vidyut Nigam Limited,1250.04,,,2880.0,,,2880.0,,,5000.0,,
261,Statement 26,138.   Tehri Hydro Development Corporation Limited,1473.19,,,1781.0,,,1828.03,,,2730.0,,
261,Statement 26,Ministry of Railways,148007.29,67841.76,,160792.0,70000.0,,240840.0,108398.0,,214858.0,107100.0,
261,Statement 26,139. Bharatiya Rail Bijlee Company Limited,61.34,61.34,,,,,,,,,,
261,Statement 26,140.   Dedicated Freight Corridor Corporation of India Ltd,11956.0,8900.0,,7500.0,,,14700.0,10800.0,,19569.0,16086.0,
261,Statement 26,141.   Equity in State Joint Ventures and Others,540.9,90.9,,350.0,,,7084.0,170.0,,8697.0,800.0,
261,Statement 26,142.   Indian Railway Finance Corporation,68792.53,2500.0,,3000.0,,,113567.0,,,70493.0,5235.0,
261,Statement 26,143.   Indian Railways,52198.14,50934.52,,118145.0,70000.0,,96803.0,92928.0,,77579.0,70079.0,
261,Statement 26,144.   Kolkata Metro Rail Corporation Limited,855.0,855.0,,905.0,,,700.0,700.0,,900.0,900.0,
261,Statement 26,145.   National High Speed Rail Corporation Limited,5500.0,4500.0,,5600.0,,,3800.0,3800.0,,14000.0,14000.0,
261,Statement 26,146.   Public Private Partnership,8103.38,,,25292.0,,,4186.0,,,23620.0,,
261,Statement 26,Ministry of Road Transport and Highways,106679.0,31691.0,,107500.0,42500.0,,114050.0,49050.0,,122350.0,57350.0,
261,Statement 26,147. National Highway Authority of India,106679.0,31691.0,,107500.0,42500.0,,114050.0,49050.0,,122350.0,57350.0,
261,Statement 26,Department of Rural Development,10811.02,,,10000.0,,,20000.0,,,17867.0,,
261,Statement 26,148. National Bank of Agriculture and Rural,10811.02,,,10000.0,,,20000.0,,,17867.0,,
261,Statement 26,Department of Biotechnology,46.26,,,,,,45.0,,,46.0,,
261,Statement 26,149. Biotechnology Industry Research Assistance,46.26,,,,,,45.0,,,46.0,,
261,Statement 26,Department of Scientific and Industrial Research,1.65,1.65,,1.8,1.8,,1.8,1.8,,,,
261,Statement 26,150. Central Electronics Limited,1.65,1.65,,1.8,1.8,,1.8,1.8,,,,
261,Statement 26,Department of Social Justice and Empowerment,205.0,205.0,,420.0,420.0,,70.07,70.07,,250.0,250.0,
261,Statement 26,151. National Backward Classes Finance and,155.4,155.4,,200.0,200.0,,30.07,30.07,,100.0,100.0,
261,Statement 26,152. National Safai Karamcharis Finance and,35.0,35.0,,40.0,40.0,,40.0,40.0,,50.0,50.0,
261,Statement 26,153. National Scheduled Castes Finance and,14.6,14.6,,180.0,180.0,,,,,100.0,100.0,
261,Statement 26,Department of Empowerment of Persons with Disabilities,0.92,0.92,,0.01,0.01,,,,,0.01,0.01,
261,Statement 26,154. National Handicapped Finance and Development,0.92,0.92,,0.01,0.01,,,,,0.01,0.01,
261,Statement 26,Department of Space,10.0,10.0,,,,,,,,700.0,700.0,
262,Statement 26,155.   NewSpace India LImited,10.0,10.0,,,,,,,,700.0,700.0,
262,Statement 26,Ministry of Steel,8131.76,,,7976.62,,,8270.06,,,13302.0,,
262,Statement 26,156. Ferro Scrap Nigam Limited,22.22,,,20.71,,,14.0,,,10.0,,
262,Statement 26,157.   KIOCL Limited,21.93,,,285.0,,,340.0,,,653.6,,
262,Statement 26,158.   Manganese Ore India Limited,243.85,,,379.8,,,219.8,,,293.5,,
262,Statement 26,159.   MECON Limited,4.82,,,15.11,,,7.75,,,12.5,,
262,Statement 26,160.   MSTC Limited,13.08,,,27.0,,,34.0,,,17.4,,
262,Statement 26,161.   NMDC Limited,2295.0,,,1860.0,,,2249.0,,,3720.0,,
262,Statement 26,162.   OMDC,0.02,,,,,,71.01,,,,,
262,Statement 26,163.   Rashtriya Ispat Nigam Limited,1416.21,,,1385.0,,,534.0,,,595.0,,
262,Statement 26,164.   SAIL Refractory Company Limited,0.63,,,4.0,,,0.5,,,,,
262,Statement 26,165.   Steel Authority of India Limited,4114.0,,,4000.0,,,4800.0,,,8000.0,,
262,Statement 26,Ministry of Tribal Affairs,80.0,80.0,,150.0,150.0,,,,,0.01,0.01,
262,Statement 26,166. Support to National and State Scheduled Tribes,80.0,80.0,,150.0,150.0,,,,,0.01,0.01,
262,Statement 26,Grand Total,851667.69,192563.61,17549.87,853749.58,161335.19,19751.01,854641.55,199926.75,9226.42,829039.81,223253.25,22955.43
